# Blender 4.5.4 LTS
# www.blender.org
mtllib fuel stick.mtl
o 3DGeom-2
v -0.059671 -0.000000 -0.006272
v -0.059671 0.000000 0.006272
v -0.060000 0.000000 0.000000
v -0.058689 0.000000 0.012475
v -0.058689 -0.000000 -0.012475
v -0.057063 0.000000 0.018541
v -0.057063 -0.000000 -0.018541
v -0.054813 -0.000000 -0.024404
v -0.054813 0.000000 0.024404
v -0.051962 -0.000000 -0.030000
v -0.051962 0.000000 0.030000
v -0.048541 0.000000 0.035267
v -0.048541 -0.000000 -0.035267
v -0.044589 -0.000000 -0.040148
v -0.044589 0.000000 0.040148
v -0.040148 0.000000 0.044589
v -0.040148 -0.000000 -0.044589
v -0.035267 0.000000 0.048541
v -0.035267 -0.000000 -0.048541
v -0.030000 0.000000 0.051962
v -0.030000 -0.000000 -0.051962
v -0.024404 0.000000 0.054813
v -0.024404 -0.000000 -0.054813
v -0.018541 0.000000 0.057063
v -0.018541 -0.000000 -0.057063
v -0.012475 0.000000 0.058689
v -0.012475 -0.000000 -0.058689
v -0.006272 0.000000 0.059671
v -0.006272 -0.000000 -0.059671
v 0.000000 0.000000 0.060000
v 0.000000 -0.000000 -0.060000
v 0.006272 0.000000 0.059671
v 0.006272 -0.000000 -0.059671
v 0.012475 0.000000 0.058689
v 0.012475 -0.000000 -0.058689
v 0.018541 0.000000 0.057063
v 0.018541 -0.000000 -0.057063
v 0.024404 0.000000 0.054813
v 0.024404 -0.000000 -0.054813
v 0.030000 0.000000 0.051962
v 0.030000 -0.000000 -0.051962
v 0.035267 0.000000 0.048541
v 0.035267 -0.000000 -0.048541
v 0.040148 0.000000 0.044589
v 0.040148 -0.000000 -0.044589
v 0.044589 0.000000 0.040148
v 0.044589 -0.000000 -0.040148
v 0.048541 0.000000 0.035267
v 0.048541 -0.000000 -0.035267
v 0.051962 -0.000000 -0.030000
v 0.051962 0.000000 0.030000
v 0.054813 0.000000 0.024404
v 0.054813 -0.000000 -0.024404
v 0.057063 0.000000 0.018541
v 0.057063 -0.000000 -0.018541
v 0.058689 -0.000000 -0.012475
v 0.058689 0.000000 0.012475
v 0.059671 -0.000000 -0.006272
v 0.059671 0.000000 0.006272
v 0.060000 0.000000 0.000000
v -0.003946 0.044444 -0.037540
v 0.000000 0.037500 -0.047483
v -0.004963 0.037500 -0.047223
v 0.000000 0.044444 -0.037747
v 0.000000 0.044444 -0.037747
v 0.003946 0.044444 -0.037540
v 0.000000 0.044444 -0.037747
v -0.003946 0.044444 -0.037540
v 0.001038 0.050000 -0.009877
v 0.000000 0.048611 -0.025230
v 0.000000 0.050000 -0.009931
v 0.002637 0.048611 -0.025092
v 0.003946 0.044444 -0.037540
v 0.000000 0.037500 -0.047483
v 0.000000 0.044444 -0.037747
v 0.004963 0.037500 -0.047223
v -0.005838 0.050000 -0.008035
v -0.012615 0.048611 -0.021850
v -0.014830 0.048611 -0.020412
v -0.004966 0.050000 -0.008601
v -0.025092 0.048611 0.002637
v -0.009931 0.050000 0.000000
v -0.025230 0.048611 0.000000
v -0.009877 0.050000 0.001038
v -0.036922 0.044444 0.007848
v -0.037540 0.044444 0.003946
v -0.008601 0.050000 -0.004966
v -0.020412 0.048611 -0.014830
v -0.021850 0.048611 -0.012615
v -0.008035 0.050000 -0.005838
v -0.037747 0.044444 0.000000
v -0.047223 0.037500 -0.004963
v -0.047483 0.037500 0.000000
v -0.037540 0.044444 -0.003946
v -0.035900 0.044444 0.011665
v -0.036922 0.044444 0.007848
v -0.023995 0.048611 0.007797
v -0.009714 0.050000 0.002065
v -0.024679 0.048611 0.005246
v -0.009445 0.050000 0.003069
v -0.043378 0.037500 0.019313
v -0.035900 0.044444 0.011665
v -0.045159 0.037500 0.014673
v -0.034484 0.044444 0.015353
v -0.007848 0.044444 -0.036922
v -0.004963 0.037500 -0.047223
v -0.009872 0.037500 -0.046445
v -0.003946 0.044444 -0.037540
v -0.028052 0.044444 -0.025258
v -0.030538 0.044444 -0.022187
v -0.009445 0.050000 -0.003069
v -0.023049 0.048611 -0.010262
v -0.023995 0.048611 -0.007797
v -0.009073 0.050000 -0.004039
v -0.006645 0.050000 -0.007380
v -0.014830 0.048611 -0.020412
v -0.016882 0.048611 -0.018750
v -0.005838 0.050000 -0.008035
v -0.025258 0.044444 -0.028052
v -0.027910 0.037500 -0.038414
v -0.031772 0.037500 -0.035287
v -0.022187 0.044444 -0.030538
v -0.028052 0.044444 -0.025258
v -0.035287 0.037500 -0.031772
v -0.018874 0.044444 -0.032690
v -0.019313 0.037500 -0.043378
v -0.023741 0.037500 -0.041121
v -0.015353 0.044444 -0.034484
v -0.008035 0.050000 -0.005838
v -0.018750 0.048611 -0.016882
v -0.020412 0.048611 -0.014830
v -0.007380 0.050000 -0.006645
v -0.030538 0.044444 -0.022187
v -0.035287 0.037500 -0.031772
v -0.038414 0.037500 -0.027910
v -0.028052 0.044444 -0.025258
v -0.009073 0.050000 -0.004039
v -0.021850 0.048611 -0.012615
v -0.023049 0.048611 -0.010262
v -0.008601 0.050000 -0.004966
v -0.034484 0.044444 -0.015353
v -0.035900 0.044444 -0.011665
v -0.015353 0.044444 -0.034484
v -0.018874 0.044444 -0.032690
v -0.009714 0.050000 -0.002065
v -0.023995 0.048611 -0.007797
v -0.024679 0.048611 -0.005246
v -0.009445 0.050000 -0.003069
v -0.025258 0.044444 -0.028052
v -0.028052 0.044444 -0.025258
v -0.009931 0.050000 0.000000
v -0.025092 0.048611 -0.002637
v -0.025230 0.048611 0.000000
v -0.009877 0.050000 -0.001038
v -0.036922 0.044444 -0.007848
v -0.045159 0.037500 -0.014673
v -0.046445 0.037500 -0.009872
v -0.035900 0.044444 -0.011665
v -0.024679 0.048611 0.005246
v -0.009877 0.050000 0.001038
v -0.025092 0.048611 0.002637
v -0.009714 0.050000 0.002065
v -0.046445 0.037500 0.009872
v -0.037540 0.044444 0.003946
v -0.047223 0.037500 0.004963
v -0.036922 0.044444 0.007848
v -0.007848 0.044444 -0.036922
v -0.011665 0.044444 -0.035900
v -0.003946 0.044444 -0.037540
v -0.007848 0.044444 -0.036922
v -0.003069 0.050000 -0.009445
v -0.005246 0.048611 -0.024679
v -0.007797 0.048611 -0.023995
v -0.002065 0.050000 -0.009714
v -0.030538 0.044444 -0.022187
v -0.032690 0.044444 -0.018874
v -0.032690 0.044444 -0.018874
v -0.038414 0.037500 -0.027910
v -0.041121 0.037500 -0.023741
v -0.030538 0.044444 -0.022187
v -0.045159 0.037500 0.014673
v -0.036922 0.044444 0.007848
v -0.046445 0.037500 0.009872
v -0.035900 0.044444 0.011665
v -0.034484 0.044444 -0.015353
v -0.041121 0.037500 -0.023741
v -0.043378 0.037500 -0.019313
v -0.032690 0.044444 -0.018874
v -0.034484 0.044444 0.015353
v -0.035900 0.044444 0.011665
v -0.001038 0.050000 -0.009877
v 0.000000 0.048611 -0.025230
v -0.002637 0.048611 -0.025092
v 0.000000 0.050000 -0.009931
v -0.009877 0.050000 0.001038
v -0.009877 0.050000 -0.001038
v -0.009931 0.050000 0.000000
v -0.009714 0.050000 0.002065
v -0.009714 0.050000 -0.002065
v -0.009445 0.050000 0.003069
v -0.009445 0.050000 -0.003069
v -0.009073 0.050000 0.004039
v -0.009073 0.050000 -0.004039
v -0.008601 0.050000 0.004966
v -0.008601 0.050000 -0.004966
v -0.008035 0.050000 -0.005838
v -0.008035 0.050000 0.005838
v -0.007380 0.050000 -0.006645
v -0.007380 0.050000 0.006645
v -0.006645 0.050000 0.007380
v -0.006645 0.050000 -0.007380
v -0.005838 0.050000 -0.008035
v -0.005838 0.050000 0.008035
v -0.004966 0.050000 -0.008601
v -0.004966 0.050000 0.008601
v -0.004039 0.050000 0.009073
v -0.004039 0.050000 -0.009073
v -0.003069 0.050000 -0.009445
v -0.003069 0.050000 0.009445
v -0.002065 0.050000 0.009714
v -0.002065 0.050000 -0.009714
v -0.001038 0.050000 -0.009877
v -0.001038 0.050000 0.009877
v 0.000000 0.050000 0.009931
v 0.000000 0.050000 -0.009931
v 0.001038 0.050000 0.009877
v 0.001038 0.050000 -0.009877
v 0.002065 0.050000 0.009714
v 0.002065 0.050000 -0.009714
v 0.003069 0.050000 0.009445
v 0.003069 0.050000 -0.009445
v 0.004039 0.050000 -0.009073
v 0.004039 0.050000 0.009073
v 0.004966 0.050000 0.008601
v 0.004966 0.050000 -0.008601
v 0.005838 0.050000 -0.008035
v 0.005838 0.050000 0.008035
v 0.006645 0.050000 0.007380
v 0.006645 0.050000 -0.007380
v 0.007380 0.050000 0.006645
v 0.007380 0.050000 -0.006645
v 0.008035 0.050000 -0.005838
v 0.008035 0.050000 0.005838
v 0.008601 0.050000 -0.004966
v 0.008601 0.050000 0.004966
v 0.009073 0.050000 0.004039
v 0.009073 0.050000 -0.004039
v 0.009445 0.050000 0.003069
v 0.009445 0.050000 -0.003069
v 0.009714 0.050000 -0.002065
v 0.009714 0.050000 0.002065
v 0.009877 0.050000 0.001038
v 0.009877 0.050000 -0.001038
v 0.009931 0.050000 0.000000
v -0.004966 0.050000 -0.008601
v -0.010262 0.048611 -0.023049
v -0.012615 0.048611 -0.021850
v -0.004039 0.050000 -0.009073
v -0.011665 0.044444 -0.035900
v -0.015353 0.044444 -0.034484
v -0.004039 0.050000 -0.009073
v -0.007797 0.048611 -0.023995
v -0.010262 0.048611 -0.023049
v -0.003069 0.050000 -0.009445
v -0.022187 0.044444 -0.030538
v -0.023741 0.037500 -0.041121
v -0.027910 0.037500 -0.038414
v -0.018874 0.044444 -0.032690
v -0.007380 0.050000 -0.006645
v -0.016882 0.048611 -0.018750
v -0.018750 0.048611 -0.016882
v -0.006645 0.050000 -0.007380
v -0.036922 0.044444 -0.007848
v -0.037540 0.044444 -0.003946
v -0.037540 0.044444 -0.003946
v -0.046445 0.037500 -0.009872
v -0.047223 0.037500 -0.004963
v -0.036922 0.044444 -0.007848
v -0.009877 0.050000 -0.001038
v -0.024679 0.048611 -0.005246
v -0.025092 0.048611 -0.002637
v -0.009714 0.050000 -0.002065
v -0.022187 0.044444 -0.030538
v -0.025258 0.044444 -0.028052
v -0.037540 0.044444 -0.003946
v -0.037747 0.044444 0.000000
v -0.018874 0.044444 -0.032690
v -0.022187 0.044444 -0.030538
v -0.011665 0.044444 -0.035900
v -0.009872 0.037500 -0.046445
v -0.014673 0.037500 -0.045159
v -0.007848 0.044444 -0.036922
v -0.035900 0.044444 -0.011665
v -0.043378 0.037500 -0.019313
v -0.045159 0.037500 -0.014673
v -0.034484 0.044444 -0.015353
v -0.047223 0.037500 0.004963
v -0.037747 0.044444 0.000000
v -0.047483 0.037500 0.000000
v -0.037540 0.044444 0.003946
v -0.002065 0.050000 -0.009714
v -0.002637 0.048611 -0.025092
v -0.005246 0.048611 -0.024679
v -0.001038 0.050000 -0.009877
v -0.035900 0.044444 -0.011665
v -0.036922 0.044444 -0.007848
v -0.015353 0.044444 -0.034484
v -0.014673 0.037500 -0.045159
v -0.019313 0.037500 -0.043378
v -0.011665 0.044444 -0.035900
v -0.032690 0.044444 -0.018874
v -0.034484 0.044444 -0.015353
v -0.037540 0.044444 0.003946
v -0.037747 0.044444 0.000000
v -0.022187 0.044444 0.030538
v -0.025258 0.044444 0.028052
v -0.027910 0.037500 0.038414
v -0.025258 0.044444 0.028052
v -0.031772 0.037500 0.035287
v -0.022187 0.044444 0.030538
v -0.023049 0.048611 0.010262
v -0.009445 0.050000 0.003069
v -0.023995 0.048611 0.007797
v -0.009073 0.050000 0.004039
v 0.014673 0.037500 0.045159
v 0.015353 0.044444 0.034484
v 0.011665 0.044444 0.035900
v 0.019313 0.037500 0.043378
v 0.035287 0.037500 0.031772
v 0.030538 0.044444 0.022187
v 0.028052 0.044444 0.025258
v 0.038414 0.037500 0.027910
v 0.020412 0.048611 0.014830
v 0.008601 0.050000 0.004966
v 0.008035 0.050000 0.005838
v 0.021850 0.048611 0.012615
v -0.020412 0.048611 0.014830
v -0.008601 0.050000 0.004966
v -0.021850 0.048611 0.012615
v -0.008035 0.050000 0.005838
v 0.000000 0.044444 0.037747
v -0.003946 0.044444 0.037541
v 0.000000 0.048611 0.025230
v -0.001038 0.050000 0.009877
v -0.002637 0.048611 0.025092
v 0.000000 0.050000 0.009931
v 0.030538 0.044444 0.022187
v 0.032690 0.044444 0.018874
v 0.038414 0.037500 0.027910
v 0.032690 0.044444 0.018874
v 0.030538 0.044444 0.022187
v 0.041121 0.037500 0.023741
v -0.010262 0.048611 0.023049
v -0.004966 0.050000 0.008601
v -0.012615 0.048611 0.021850
v -0.004039 0.050000 0.009073
v -0.041121 0.037500 0.023741
v -0.034484 0.044444 0.015353
v -0.043378 0.037500 0.019313
v -0.032690 0.044444 0.018874
v -0.015353 0.044444 0.034484
v -0.018874 0.044444 0.032690
v -0.014673 0.037500 0.045159
v -0.015353 0.044444 0.034484
v -0.019313 0.037500 0.043378
v -0.011665 0.044444 0.035900
v -0.028052 0.044444 0.025258
v -0.030538 0.044444 0.022187
v -0.023741 0.037500 0.041121
v -0.022187 0.044444 0.030538
v -0.027910 0.037500 0.038414
v -0.018874 0.044444 0.032690
v -0.007797 0.048611 0.023995
v -0.004039 0.050000 0.009073
v -0.010262 0.048611 0.023049
v -0.003069 0.050000 0.009445
v -0.025258 0.044444 0.028052
v -0.028052 0.044444 0.025258
v -0.007848 0.044444 0.036922
v -0.011665 0.044444 0.035900
v -0.005246 0.048611 0.024679
v -0.003069 0.050000 0.009445
v -0.007797 0.048611 0.023995
v -0.002065 0.050000 0.009714
v -0.003946 0.044444 0.037541
v -0.007848 0.044444 0.036922
v -0.016882 0.048611 0.018750
v -0.007380 0.050000 0.006645
v -0.018750 0.048611 0.016882
v -0.006645 0.050000 0.007380
v -0.035287 0.037500 0.031772
v -0.030538 0.044444 0.022187
v -0.038414 0.037500 0.027910
v -0.028052 0.044444 0.025258
v 0.000000 0.037500 0.047483
v -0.003946 0.044444 0.037541
v -0.004963 0.037500 0.047223
v 0.000000 0.044444 0.037747
v -0.014830 0.048611 0.020412
v -0.006645 0.050000 0.007380
v -0.016882 0.048611 0.018750
v -0.005838 0.050000 0.008035
v -0.011665 0.044444 0.035900
v -0.015353 0.044444 0.034484
v -0.009872 0.037500 0.046445
v -0.011665 0.044444 0.035900
v -0.014673 0.037500 0.045159
v -0.007848 0.044444 0.036922
v 0.002637 0.048611 0.025092
v 0.000000 0.050000 0.009931
v 0.000000 0.048611 0.025230
v 0.001038 0.050000 0.009877
v 0.003946 0.044444 0.037541
v 0.000000 0.044444 0.037747
v -0.030538 0.044444 0.022187
v -0.032690 0.044444 0.018874
v 0.004963 0.037500 0.047223
v 0.000000 0.044444 0.037747
v 0.000000 0.037500 0.047483
v 0.003946 0.044444 0.037541
v 0.004963 0.037500 0.047223
v 0.007848 0.044444 0.036922
v 0.003946 0.044444 0.037541
v 0.009872 0.037500 0.046445
v 0.002637 0.048611 0.025092
v 0.002065 0.050000 0.009714
v 0.001038 0.050000 0.009877
v 0.005246 0.048611 0.024679
v 0.011665 0.044444 0.035900
v 0.015353 0.044444 0.034484
v 0.007797 0.048611 0.023995
v 0.004039 0.050000 0.009073
v 0.003069 0.050000 0.009445
v 0.010262 0.048611 0.023049
v 0.019313 0.037500 0.043378
v 0.018874 0.044444 0.032690
v 0.015353 0.044444 0.034484
v 0.023741 0.037500 0.041121
v 0.015353 0.044444 0.034484
v 0.018874 0.044444 0.032690
v 0.010262 0.048611 0.023049
v 0.004966 0.050000 0.008601
v 0.004039 0.050000 0.009073
v 0.012615 0.048611 0.021850
v 0.007848 0.044444 0.036922
v 0.011665 0.044444 0.035900
v 0.022187 0.044444 0.030538
v 0.025258 0.044444 0.028052
v -0.012615 0.048611 0.021850
v -0.005838 0.050000 0.008035
v -0.014830 0.048611 0.020412
v -0.004966 0.050000 0.008601
v 0.014830 0.048611 0.020412
v 0.006645 0.050000 0.007380
v 0.005838 0.050000 0.008035
v 0.016882 0.048611 0.018750
v 0.018874 0.044444 0.032690
v 0.022187 0.044444 0.030538
v 0.027910 0.037500 0.038414
v 0.025258 0.044444 0.028052
v 0.022187 0.044444 0.030538
v 0.031772 0.037500 0.035287
v -0.019313 0.037500 0.043378
v -0.018874 0.044444 0.032690
v -0.023741 0.037500 0.041121
v -0.015353 0.044444 0.034484
v -0.004963 0.037500 0.047223
v -0.007848 0.044444 0.036922
v -0.009872 0.037500 0.046445
v -0.003946 0.044444 0.037541
v -0.028052 0.044444 0.025258
v -0.035287 0.037500 0.031772
v 0.023741 0.037500 0.041121
v 0.022187 0.044444 0.030538
v 0.018874 0.044444 0.032690
v 0.027910 0.037500 0.038414
v -0.002637 0.048611 0.025092
v -0.002065 0.050000 0.009714
v -0.005246 0.048611 0.024679
v -0.001038 0.050000 0.009877
v 0.009872 0.037500 0.046445
v 0.011665 0.044444 0.035900
v 0.007848 0.044444 0.036922
v 0.014673 0.037500 0.045159
v 0.016882 0.048611 0.018750
v 0.007380 0.050000 0.006645
v 0.006645 0.050000 0.007380
v 0.018750 0.048611 0.016882
v -0.018750 0.048611 0.016882
v -0.008035 0.050000 0.005838
v -0.020412 0.048611 0.014830
v -0.007380 0.050000 0.006645
v 0.012615 0.048611 0.021850
v 0.005838 0.050000 0.008035
v 0.004966 0.050000 0.008601
v 0.014830 0.048611 0.020412
v -0.038414 0.037500 0.027910
v -0.032690 0.044444 0.018874
v -0.041121 0.037500 0.023741
v -0.030538 0.044444 0.022187
v 0.003946 0.044444 0.037541
v 0.007848 0.044444 0.036922
v 0.025258 0.044444 0.028052
v 0.028052 0.044444 0.025258
v -0.032690 0.044444 0.018874
v -0.034484 0.044444 0.015353
v 0.028052 0.044444 0.025258
v 0.035287 0.037500 0.031772
v -0.018874 0.044444 0.032690
v -0.022187 0.044444 0.030538
v 0.005246 0.048611 0.024679
v 0.003069 0.050000 0.009445
v 0.002065 0.050000 0.009714
v 0.007797 0.048611 0.023995
v -0.021850 0.048611 0.012615
v -0.009073 0.050000 0.004039
v -0.023049 0.048611 0.010262
v -0.008601 0.050000 0.004966
v 0.018750 0.048611 0.016882
v 0.008035 0.050000 0.005838
v 0.007380 0.050000 0.006645
v 0.020412 0.048611 0.014830
v 0.028052 0.044444 0.025258
v 0.030538 0.044444 0.022187
v 0.015353 0.044444 -0.034484
v 0.018874 0.044444 -0.032690
v 0.025258 0.044444 -0.028052
v 0.027910 0.037500 -0.038414
v 0.022187 0.044444 -0.030538
v 0.031772 0.037500 -0.035287
v 0.032690 0.044444 -0.018874
v 0.034484 0.044444 -0.015353
v -0.005690 0.027778 -0.054139
v 0.000000 0.015278 -0.058609
v -0.006126 0.015278 -0.058288
v 0.000000 0.027778 -0.054437
v 0.047223 0.037500 0.004963
v 0.037747 0.044444 0.000000
v 0.037541 0.044444 0.003946
v 0.047483 0.037500 0.000000
v 0.004966 0.050000 -0.008601
v 0.010262 0.048611 -0.023049
v 0.004039 0.050000 -0.009073
v 0.012615 0.048611 -0.021850
v 0.009073 0.050000 -0.004039
v 0.021850 0.048611 -0.012615
v 0.008601 0.050000 -0.004966
v 0.023049 0.048611 -0.010262
v 0.028052 0.044444 -0.025258
v 0.035287 0.037500 -0.031772
v 0.045159 0.037500 0.014673
v 0.036922 0.044444 0.007848
v 0.035900 0.044444 0.011665
v 0.046445 0.037500 0.009872
v 0.035900 0.044444 -0.011665
v 0.036922 0.044444 -0.007848
v 0.009445 0.050000 -0.003069
v 0.023049 0.048611 -0.010262
v 0.009073 0.050000 -0.004039
v 0.023995 0.048611 -0.007797
v 0.007848 0.044444 -0.036922
v 0.004963 0.037500 -0.047223
v 0.003946 0.044444 -0.037540
v 0.009872 0.037500 -0.046445
v -0.004963 0.037500 -0.047223
v 0.000000 0.027778 -0.054437
v -0.005690 0.027778 -0.054139
v 0.000000 0.037500 -0.047483
v 0.034484 0.044444 0.015353
v 0.035900 0.044444 0.011665
v 0.000000 0.037500 -0.047483
v 0.005690 0.027778 -0.054139
v 0.000000 0.027778 -0.054437
v 0.004963 0.037500 -0.047223
v 0.022187 0.044444 -0.030538
v 0.025258 0.044444 -0.028052
v -0.009872 0.037500 -0.046445
v -0.005690 0.027778 -0.054139
v -0.011318 0.027778 -0.053247
v -0.004963 0.037500 -0.047223
v 0.041121 0.037500 0.023741
v 0.034484 0.044444 0.015353
v 0.032690 0.044444 0.018874
v 0.043378 0.037500 0.019313
v 0.023049 0.048611 0.010262
v 0.009445 0.050000 0.003069
v 0.009073 0.050000 0.004039
v 0.023995 0.048611 0.007797
v 0.046445 0.037500 0.009872
v 0.037541 0.044444 0.003946
v 0.036922 0.044444 0.007848
v 0.047223 0.037500 0.004963
v 0.034484 0.044444 -0.015353
v 0.041121 0.037500 -0.023741
v 0.032690 0.044444 -0.018874
v 0.043378 0.037500 -0.019313
v 0.030538 0.044444 -0.022187
v 0.032690 0.044444 -0.018874
v 0.009931 0.050000 0.000000
v 0.025092 0.048611 -0.002637
v 0.009877 0.050000 -0.001038
v 0.025230 0.048611 0.000000
v 0.032690 0.044444 -0.018874
v 0.038414 0.037500 -0.027910
v 0.030538 0.044444 -0.022187
v 0.041121 0.037500 -0.023741
v 0.030538 0.044444 -0.022187
v 0.035287 0.037500 -0.031772
v 0.028052 0.044444 -0.025258
v 0.038414 0.037500 -0.027910
v 0.022187 0.044444 -0.030538
v 0.023741 0.037500 -0.041121
v 0.018874 0.044444 -0.032690
v 0.027910 0.037500 -0.038414
v 0.037541 0.044444 -0.003946
v 0.046445 0.037500 -0.009872
v 0.036922 0.044444 -0.007848
v 0.047223 0.037500 -0.004963
v 0.021850 0.048611 0.012615
v 0.009073 0.050000 0.004039
v 0.008601 0.050000 0.004966
v 0.023049 0.048611 0.010262
v 0.011665 0.044444 -0.035900
v 0.015353 0.044444 -0.034484
v 0.037747 0.044444 0.000000
v 0.047223 0.037500 -0.004963
v 0.037541 0.044444 -0.003946
v 0.047483 0.037500 0.000000
v 0.006645 0.050000 -0.007380
v 0.014830 0.048611 -0.020412
v 0.005838 0.050000 -0.008035
v 0.016882 0.048611 -0.018750
v 0.004039 0.050000 -0.009073
v 0.007797 0.048611 -0.023995
v 0.003069 0.050000 -0.009445
v 0.010262 0.048611 -0.023049
v 0.024679 0.048611 0.005246
v 0.009877 0.050000 0.001038
v 0.009714 0.050000 0.002065
v 0.025092 0.048611 0.002637
v 0.036922 0.044444 -0.007848
v 0.037541 0.044444 -0.003946
v 0.023995 0.048611 0.007797
v 0.009714 0.050000 0.002065
v 0.009445 0.050000 0.003069
v 0.024679 0.048611 0.005246
v 0.035900 0.044444 0.011665
v 0.036922 0.044444 0.007848
v 0.007848 0.044444 -0.036922
v 0.011665 0.044444 -0.035900
v 0.018874 0.044444 -0.032690
v 0.022187 0.044444 -0.030538
v 0.003069 0.050000 -0.009445
v 0.005246 0.048611 -0.024679
v 0.002065 0.050000 -0.009714
v 0.007797 0.048611 -0.023995
v 0.003946 0.044444 -0.037540
v 0.007848 0.044444 -0.036922
v 0.002065 0.050000 -0.009714
v 0.002637 0.048611 -0.025092
v 0.001038 0.050000 -0.009877
v 0.005246 0.048611 -0.024679
v 0.025092 0.048611 0.002637
v 0.009931 0.050000 0.000000
v 0.009877 0.050000 0.001038
v 0.025230 0.048611 0.000000
v 0.000000 0.027778 -0.054437
v 0.006126 0.015278 -0.058288
v 0.000000 0.015278 -0.058609
v 0.005690 0.027778 -0.054139
v 0.036922 0.044444 0.007848
v 0.037541 0.044444 0.003946
v 0.043378 0.037500 0.019313
v 0.035900 0.044444 0.011665
v 0.034484 0.044444 0.015353
v 0.045159 0.037500 0.014673
v 0.000000 0.015278 -0.058609
v 0.006272 -0.000000 -0.059671
v 0.000000 -0.000000 -0.060000
v 0.006126 0.015278 -0.058288
v 0.025258 0.044444 -0.028052
v 0.028052 0.044444 -0.025258
v 0.032690 0.044444 0.018874
v 0.034484 0.044444 0.015353
v -0.006126 0.015278 -0.058288
v 0.000000 -0.000000 -0.060000
v -0.006272 -0.000000 -0.059671
v 0.000000 0.015278 -0.058609
v 0.009877 0.050000 -0.001038
v 0.024679 0.048611 -0.005246
v 0.009714 0.050000 -0.002065
v 0.025092 0.048611 -0.002637
v 0.009714 0.050000 -0.002065
v 0.023995 0.048611 -0.007797
v 0.009445 0.050000 -0.003069
v 0.024679 0.048611 -0.005246
v 0.034484 0.044444 -0.015353
v 0.035900 0.044444 -0.011665
v 0.011665 0.044444 -0.035900
v 0.009872 0.037500 -0.046445
v 0.007848 0.044444 -0.036922
v 0.014673 0.037500 -0.045159
v 0.035900 0.044444 -0.011665
v 0.043378 0.037500 -0.019313
v 0.034484 0.044444 -0.015353
v 0.045159 0.037500 -0.014673
v 0.008601 0.050000 -0.004966
v 0.020412 0.048611 -0.014830
v 0.008035 0.050000 -0.005838
v 0.021850 0.048611 -0.012615
v 0.037541 0.044444 0.003946
v 0.037747 0.044444 0.000000
v 0.007380 0.050000 -0.006645
v 0.016882 0.048611 -0.018750
v 0.006645 0.050000 -0.007380
v 0.018750 0.048611 -0.016882
v 0.036922 0.044444 -0.007848
v 0.045159 0.037500 -0.014673
v 0.035900 0.044444 -0.011665
v 0.046445 0.037500 -0.009872
v 0.028052 0.044444 -0.025258
v 0.030538 0.044444 -0.022187
v 0.037541 0.044444 -0.003946
v 0.037747 0.044444 0.000000
v 0.005838 0.050000 -0.008035
v 0.012615 0.048611 -0.021850
v 0.004966 0.050000 -0.008601
v 0.014830 0.048611 -0.020412
v 0.008035 0.050000 -0.005838
v 0.018750 0.048611 -0.016882
v 0.007380 0.050000 -0.006645
v 0.020412 0.048611 -0.014830
v 0.018874 0.044444 -0.032690
v 0.019313 0.037500 -0.043378
v 0.015353 0.044444 -0.034484
v 0.023741 0.037500 -0.041121
v 0.015353 0.044444 -0.034484
v 0.014673 0.037500 -0.045159
v 0.011665 0.044444 -0.035900
v 0.019313 0.037500 -0.043378
v -0.041121 0.037500 0.023741
v -0.049730 0.027778 0.022141
v -0.047144 0.027778 0.027218
v -0.043378 0.037500 0.019313
v -0.044040 0.027778 0.031997
v -0.050757 0.015278 0.029305
v -0.047416 0.015278 0.034450
v -0.047144 0.027778 0.027218
v -0.047416 0.015278 0.034450
v -0.051962 0.000000 0.030000
v -0.048541 0.000000 0.035267
v -0.050757 0.015278 0.029305
v -0.043555 0.015278 0.039217
v -0.048541 0.000000 0.035267
v -0.044589 0.000000 0.040148
v -0.047416 0.015278 0.034450
v -0.044589 0.000000 0.040148
v -0.043555 0.015278 0.039217
v -0.043555 0.015278 0.039217
v -0.040454 0.027778 0.036425
v -0.044589 -0.000000 -0.040148
v -0.043555 0.015278 -0.039217
v -0.043378 0.037500 0.019313
v -0.051772 0.027778 0.016822
v -0.049730 0.027778 0.022141
v -0.045159 0.037500 0.014673
v -0.027910 0.037500 -0.038414
v -0.027218 0.027778 -0.047144
v -0.031997 0.027778 -0.044040
v -0.023741 0.037500 -0.041121
v -0.038414 0.037500 0.027910
v -0.047144 0.027778 0.027218
v -0.044040 0.027778 0.031997
v -0.041121 0.037500 0.023741
v -0.011318 0.027778 -0.053247
v -0.006126 0.015278 -0.058288
v -0.012186 0.015278 -0.057328
v -0.005690 0.027778 -0.054139
v -0.035287 0.037500 -0.031772
v -0.040454 0.027778 -0.036425
v -0.031772 0.037500 -0.035287
v -0.031997 0.027778 -0.044040
v -0.036425 0.027778 -0.040454
v -0.027910 0.037500 -0.038414
v -0.036425 0.027778 -0.040454
v -0.034450 0.015278 -0.047416
v -0.039217 0.015278 -0.043555
v -0.031997 0.027778 -0.044040
v -0.050757 0.015278 -0.029305
v -0.054813 -0.000000 -0.024404
v -0.053542 0.015278 -0.023839
v -0.051962 -0.000000 -0.030000
v -0.022141 0.027778 -0.049731
v -0.018111 0.015278 -0.055741
v -0.023839 0.015278 -0.053542
v -0.016822 0.027778 -0.051772
v -0.045159 0.037500 -0.014673
v -0.053247 0.027778 -0.011318
v -0.046445 0.037500 -0.009872
v -0.051772 0.027778 -0.016822
v -0.035287 0.037500 -0.031772
v -0.044040 0.027778 -0.031997
v -0.038414 0.037500 -0.027910
v -0.040454 0.027778 -0.036425
v -0.058288 0.015278 0.006126
v -0.060000 0.000000 0.000000
v -0.059671 0.000000 0.006272
v -0.058609 0.015278 0.000000
v -0.053542 0.015278 0.023839
v -0.057063 0.000000 0.018541
v -0.054813 0.000000 0.024404
v -0.055741 0.015278 0.018111
v -0.035287 0.037500 0.031772
v -0.044040 0.027778 0.031997
v -0.040454 0.027778 0.036425
v -0.038414 0.037500 0.027910
v -0.040454 0.027778 0.036425
v -0.047416 0.015278 0.034450
v -0.043555 0.015278 0.039217
v -0.044040 0.027778 0.031997
v -0.018111 0.015278 -0.055741
v -0.011318 0.027778 -0.053247
v -0.012186 0.015278 -0.057328
v -0.016822 0.027778 -0.051772
v -0.019313 0.037500 -0.043378
v -0.016822 0.027778 -0.051772
v -0.022141 0.027778 -0.049731
v -0.014673 0.037500 -0.045159
v -0.034450 0.015278 -0.047416
v -0.030000 -0.000000 -0.051962
v -0.035267 -0.000000 -0.048541
v -0.029305 0.015278 -0.050757
v -0.038414 0.037500 -0.027910
v -0.047144 0.027778 -0.027218
v -0.041121 0.037500 -0.023741
v -0.044040 0.027778 -0.031997
v -0.027218 0.027778 -0.047144
v -0.023839 0.015278 -0.053542
v -0.029305 0.015278 -0.050757
v -0.022141 0.027778 -0.049731
v -0.043378 0.037500 -0.019313
v -0.051772 0.027778 -0.016822
v -0.045159 0.037500 -0.014673
v -0.049730 0.027778 -0.022141
v -0.043555 0.015278 -0.039217
v -0.048541 -0.000000 -0.035267
v -0.047416 0.015278 -0.034450
v -0.044589 -0.000000 -0.040148
v -0.023839 0.015278 -0.053542
v -0.018541 -0.000000 -0.057063
v -0.024404 -0.000000 -0.054813
v -0.018111 0.015278 -0.055741
v -0.053542 0.015278 -0.023839
v -0.057063 -0.000000 -0.018541
v -0.055741 0.015278 -0.018111
v -0.054813 -0.000000 -0.024404
v -0.051772 0.027778 -0.016822
v -0.057328 0.015278 -0.012186
v -0.053247 0.027778 -0.011318
v -0.055741 0.015278 -0.018111
v -0.029305 0.015278 -0.050757
v -0.024404 -0.000000 -0.054813
v -0.030000 -0.000000 -0.051962
v -0.023839 0.015278 -0.053542
v -0.055741 0.015278 -0.018111
v -0.058689 -0.000000 -0.012475
v -0.057328 0.015278 -0.012186
v -0.057063 -0.000000 -0.018541
v -0.057328 0.015278 -0.012186
v -0.059671 -0.000000 -0.006272
v -0.058288 0.015278 -0.006126
v -0.058689 -0.000000 -0.012475
v -0.053247 0.027778 0.011318
v -0.058288 0.015278 0.006126
v -0.057328 0.015278 0.012186
v -0.054139 0.027778 0.005690
v -0.046445 0.037500 0.009872
v -0.054139 0.027778 0.005690
v -0.053247 0.027778 0.011318
v -0.047223 0.037500 0.004963
v -0.044040 0.027778 -0.031997
v -0.050757 0.015278 -0.029305
v -0.047144 0.027778 -0.027218
v -0.047416 0.015278 -0.034450
v -0.047416 0.015278 -0.034450
v -0.051962 -0.000000 -0.030000
v -0.050757 0.015278 -0.029305
v -0.048541 -0.000000 -0.035267
v -0.055741 0.015278 0.018111
v -0.058689 0.000000 0.012475
v -0.057063 0.000000 0.018541
v -0.057328 0.015278 0.012186
v -0.040454 0.027778 -0.036425
v -0.047416 0.015278 -0.034450
v -0.044040 0.027778 -0.031997
v -0.043555 0.015278 -0.039217
v -0.016822 0.027778 -0.051772
v -0.009872 0.037500 -0.046445
v -0.011318 0.027778 -0.053247
v -0.014673 0.037500 -0.045159
v -0.043555 0.015278 -0.039217
v -0.040454 0.027778 -0.036425
v -0.041121 0.037500 -0.023741
v -0.049730 0.027778 -0.022141
v -0.043378 0.037500 -0.019313
v -0.047144 0.027778 -0.027218
v -0.053247 0.027778 -0.011318
v -0.058288 0.015278 -0.006126
v -0.054139 0.027778 -0.005690
v -0.057328 0.015278 -0.012186
v -0.039217 0.015278 -0.043555
v -0.035267 -0.000000 -0.048541
v -0.040148 -0.000000 -0.044589
v -0.034450 0.015278 -0.047416
v -0.051772 0.027778 0.016822
v -0.057328 0.015278 0.012186
v -0.055741 0.015278 0.018111
v -0.053247 0.027778 0.011318
v -0.045159 0.037500 0.014673
v -0.053247 0.027778 0.011318
v -0.051772 0.027778 0.016822
v -0.046445 0.037500 0.009872
v -0.049730 0.027778 0.022141
v -0.055741 0.015278 0.018111
v -0.053542 0.015278 0.023839
v -0.051772 0.027778 0.016822
v -0.058288 0.015278 -0.006126
v -0.060000 0.000000 0.000000
v -0.058609 0.015278 0.000000
v -0.059671 -0.000000 -0.006272
v -0.050757 0.015278 0.029305
v -0.054813 0.000000 0.024404
v -0.051962 0.000000 0.030000
v -0.053542 0.015278 0.023839
v -0.054139 0.027778 -0.005690
v -0.058609 0.015278 0.000000
v -0.054437 0.027778 0.000000
v -0.058288 0.015278 -0.006126
v -0.054139 0.027778 0.005690
v -0.058609 0.015278 0.000000
v -0.058288 0.015278 0.006126
v -0.054437 0.027778 0.000000
v -0.047144 0.027778 0.027218
v -0.053542 0.015278 0.023839
v -0.050757 0.015278 0.029305
v -0.049730 0.027778 0.022141
v -0.057328 0.015278 0.012186
v -0.059671 0.000000 0.006272
v -0.058689 0.000000 0.012475
v -0.058288 0.015278 0.006126
v -0.012186 0.015278 -0.057328
v -0.006272 -0.000000 -0.059671
v -0.012475 -0.000000 -0.058689
v -0.006126 0.015278 -0.058288
v -0.047144 0.027778 -0.027218
v -0.053542 0.015278 -0.023839
v -0.049730 0.027778 -0.022141
v -0.050757 0.015278 -0.029305
v -0.023741 0.037500 -0.041121
v -0.022141 0.027778 -0.049731
v -0.027218 0.027778 -0.047144
v -0.019313 0.037500 -0.043378
v -0.047223 0.037500 0.004963
v -0.054437 0.027778 0.000000
v -0.054139 0.027778 0.005690
v -0.047483 0.037500 0.000000
v -0.018111 0.015278 -0.055741
v -0.012475 -0.000000 -0.058689
v -0.018541 -0.000000 -0.057063
v -0.012186 0.015278 -0.057328
v -0.031997 0.027778 -0.044040
v -0.029305 0.015278 -0.050757
v -0.034450 0.015278 -0.047416
v -0.027218 0.027778 -0.047144
v -0.049730 0.027778 -0.022141
v -0.055741 0.015278 -0.018111
v -0.051772 0.027778 -0.016822
v -0.053542 0.015278 -0.023839
v -0.046445 0.037500 -0.009872
v -0.054139 0.027778 -0.005690
v -0.047223 0.037500 -0.004963
v -0.053247 0.027778 -0.011318
v -0.047223 0.037500 -0.004963
v -0.054437 0.027778 0.000000
v -0.047483 0.037500 0.000000
v -0.054139 0.027778 -0.005690
v 0.053247 0.027778 0.011318
v 0.045159 0.037500 0.014673
v 0.051773 0.027778 0.016822
v 0.046445 0.037500 0.009872
v -0.027218 0.027778 0.047144
v -0.034450 0.015278 0.047416
v -0.029305 0.015278 0.050757
v -0.031997 0.027778 0.044040
v 0.000000 0.037500 0.047483
v -0.005690 0.027778 0.054139
v 0.000000 0.027778 0.054437
v -0.004963 0.037500 0.047223
v 0.057328 0.015278 0.012186
v 0.051773 0.027778 0.016822
v 0.055741 0.015278 0.018111
v 0.053247 0.027778 0.011318
v 0.054139 0.027778 0.005690
v 0.046445 0.037500 0.009872
v 0.053247 0.027778 0.011318
v 0.047223 0.037500 0.004963
v 0.005690 0.027778 0.054139
v 0.000000 0.037500 0.047483
v 0.000000 0.027778 0.054437
v 0.004963 0.037500 0.047223
v 0.058288 0.015278 0.006126
v 0.053247 0.027778 0.011318
v 0.057328 0.015278 0.012186
v 0.054139 0.027778 0.005690
v 0.036425 0.027778 0.040454
v 0.034450 0.015278 0.047416
v 0.039217 0.015278 0.043555
v 0.031997 0.027778 0.044040
v 0.059671 0.000000 0.006272
v 0.057328 0.015278 0.012186
v 0.058689 0.000000 0.012475
v 0.058288 0.015278 0.006126
v -0.009872 0.037500 0.046445
v -0.016822 0.027778 0.051772
v -0.011318 0.027778 0.053247
v -0.014673 0.037500 0.045159
v 0.044040 0.027778 0.031997
v 0.035287 0.037500 0.031772
v 0.040454 0.027778 0.036425
v 0.038414 0.037500 0.027910
v 0.047144 0.027778 0.027218
v 0.038414 0.037500 0.027910
v 0.044040 0.027778 0.031997
v 0.041121 0.037500 0.023741
v 0.050757 0.015278 0.029305
v 0.044040 0.027778 0.031997
v 0.047416 0.015278 0.034450
v 0.047144 0.027778 0.027218
v -0.027910 0.037500 0.038414
v -0.036425 0.027778 0.040454
v -0.031997 0.027778 0.044040
v -0.031772 0.037500 0.035287
v 0.018111 0.015278 0.055741
v 0.011318 0.027778 0.053247
v 0.012186 0.015278 0.057328
v 0.016822 0.027778 0.051772
v 0.023741 0.037500 0.041121
v 0.022141 0.027778 0.049731
v 0.027218 0.027778 0.047144
v 0.019313 0.037500 0.043378
v 0.019313 0.037500 0.043378
v 0.016822 0.027778 0.051772
v 0.022141 0.027778 0.049731
v 0.014673 0.037500 0.045159
v 0.034450 0.015278 0.047416
v 0.030000 0.000000 0.051962
v 0.035267 0.000000 0.048541
v 0.029305 0.015278 0.050757
v 0.006126 0.015278 0.058288
v 0.000000 0.000000 0.060000
v 0.006272 0.000000 0.059671
v 0.000000 0.015278 0.058609
v 0.051962 0.000000 0.030000
v 0.047416 0.015278 0.034450
v 0.048541 0.000000 0.035267
v 0.050757 0.015278 0.029305
v -0.023741 0.037500 0.041121
v -0.031997 0.027778 0.044040
v -0.027218 0.027778 0.047144
v -0.027910 0.037500 0.038414
v -0.022141 0.027778 0.049731
v -0.023741 0.037500 0.041121
v -0.027218 0.027778 0.047144
v -0.019313 0.037500 0.043378
v -0.035287 0.037500 0.031772
v -0.040454 0.027778 0.036425
v -0.031997 0.027778 0.044040
v -0.039217 0.015278 0.043555
v -0.034450 0.015278 0.047416
v -0.036425 0.027778 0.040454
v -0.023839 0.015278 0.053542
v -0.030000 0.000000 0.051962
v -0.024404 0.000000 0.054813
v -0.029305 0.015278 0.050757
v -0.016822 0.027778 0.051772
v -0.023839 0.015278 0.053542
v -0.018111 0.015278 0.055741
v -0.022141 0.027778 0.049731
v -0.012186 0.015278 0.057328
v -0.018541 0.000000 0.057063
v -0.012475 0.000000 0.058689
v -0.018111 0.015278 0.055741
v 0.012186 0.015278 0.057328
v 0.006272 0.000000 0.059671
v 0.012475 0.000000 0.058689
v 0.006126 0.015278 0.058288
v 0.000000 0.027778 0.054437
v -0.006126 0.015278 0.058288
v 0.000000 0.015278 0.058609
v -0.005690 0.027778 0.054139
v 0.022141 0.027778 0.049731
v 0.018111 0.015278 0.055741
v 0.023839 0.015278 0.053542
v 0.016822 0.027778 0.051772
v 0.029305 0.015278 0.050757
v 0.024404 0.000000 0.054813
v 0.030000 0.000000 0.051962
v 0.023839 0.015278 0.053542
v 0.031772 0.037500 0.035287
v 0.031997 0.027778 0.044040
v 0.036425 0.027778 0.040454
v 0.027910 0.037500 0.038414
v -0.029305 0.015278 0.050757
v -0.035267 0.000000 0.048541
v -0.030000 0.000000 0.051962
v -0.034450 0.015278 0.047416
v 0.000000 0.015278 0.058609
v -0.006272 0.000000 0.059671
v 0.000000 0.000000 0.060000
v -0.006126 0.015278 0.058288
v 0.006126 0.015278 0.058288
v 0.000000 0.027778 0.054437
v 0.000000 0.015278 0.058609
v 0.005690 0.027778 0.054139
v 0.018111 0.015278 0.055741
v 0.012475 0.000000 0.058689
v 0.018541 0.000000 0.057063
v 0.012186 0.015278 0.057328
v -0.004963 0.037500 0.047223
v -0.011318 0.027778 0.053247
v -0.005690 0.027778 0.054139
v -0.009872 0.037500 0.046445
v -0.005690 0.027778 0.054139
v -0.012186 0.015278 0.057328
v -0.006126 0.015278 0.058288
v -0.011318 0.027778 0.053247
v -0.014673 0.037500 0.045159
v -0.022141 0.027778 0.049731
v -0.016822 0.027778 0.051772
v -0.019313 0.037500 0.043378
v -0.034450 0.015278 0.047416
v -0.040148 0.000000 0.044589
v -0.035267 0.000000 0.048541
v -0.039217 0.015278 0.043555
v 0.023839 0.015278 0.053542
v 0.018541 0.000000 0.057063
v 0.024404 0.000000 0.054813
v 0.018111 0.015278 0.055741
v 0.039217 0.015278 0.043555
v 0.035267 0.000000 0.048541
v 0.040148 0.000000 0.044589
v 0.034450 0.015278 0.047416
v 0.035287 0.037500 0.031772
v 0.040454 0.027778 0.036425
v 0.011318 0.027778 0.053247
v 0.006126 0.015278 0.058288
v 0.012186 0.015278 0.057328
v 0.005690 0.027778 0.054139
v 0.016822 0.027778 0.051772
v 0.009872 0.037500 0.046445
v 0.011318 0.027778 0.053247
v 0.014673 0.037500 0.045159
v 0.034450 0.015278 0.047416
v 0.027218 0.027778 0.047144
v 0.029305 0.015278 0.050757
v 0.031997 0.027778 0.044040
v 0.040454 0.027778 0.036425
v 0.043555 0.015278 0.039217
v 0.043555 0.015278 0.039217
v 0.044589 0.000000 0.040148
v 0.009872 0.037500 0.046445
v 0.005690 0.027778 0.054139
v 0.011318 0.027778 0.053247
v 0.004963 0.037500 0.047223
v -0.011318 0.027778 0.053247
v -0.018111 0.015278 0.055741
v -0.012186 0.015278 0.057328
v -0.016822 0.027778 0.051772
v -0.006126 0.015278 0.058288
v -0.012475 0.000000 0.058689
v -0.006272 0.000000 0.059671
v -0.012186 0.015278 0.057328
v 0.031997 0.027778 0.044040
v 0.023741 0.037500 0.041121
v 0.027218 0.027778 0.047144
v 0.027910 0.037500 0.038414
v 0.027218 0.027778 0.047144
v 0.023839 0.015278 0.053542
v 0.029305 0.015278 0.050757
v 0.022141 0.027778 0.049731
v 0.048541 0.000000 0.035267
v 0.043555 0.015278 0.039217
v 0.044589 0.000000 0.040148
v 0.047416 0.015278 0.034450
v 0.054813 0.000000 0.024404
v 0.050757 0.015278 0.029305
v 0.051962 0.000000 0.030000
v 0.053542 0.015278 0.023839
v 0.047416 0.015278 0.034450
v 0.040454 0.027778 0.036425
v 0.043555 0.015278 0.039217
v 0.044040 0.027778 0.031997
v 0.053542 0.015278 0.023839
v 0.047144 0.027778 0.027218
v 0.050757 0.015278 0.029305
v 0.049731 0.027778 0.022141
v 0.049731 0.027778 0.022141
v 0.041121 0.037500 0.023741
v 0.047144 0.027778 0.027218
v 0.043378 0.037500 0.019313
v 0.051773 0.027778 0.016822
v 0.043378 0.037500 0.019313
v 0.049731 0.027778 0.022141
v 0.045159 0.037500 0.014673
v 0.055741 0.015278 0.018111
v 0.049731 0.027778 0.022141
v 0.053542 0.015278 0.023839
v 0.051773 0.027778 0.016822
v -0.023839 0.015278 0.053542
v -0.027218 0.027778 0.047144
v -0.029305 0.015278 0.050757
v -0.022141 0.027778 0.049731
v -0.018111 0.015278 0.055741
v -0.024404 0.000000 0.054813
v -0.018541 0.000000 0.057063
v -0.023839 0.015278 0.053542
v 0.057063 0.000000 0.018541
v 0.053542 0.015278 0.023839
v 0.054813 0.000000 0.024404
v 0.055741 0.015278 0.018111
v 0.058689 0.000000 0.012475
v 0.055741 0.015278 0.018111
v 0.057063 0.000000 0.018541
v 0.057328 0.015278 0.012186
v 0.016822 0.027778 -0.051772
v 0.023839 0.015278 -0.053542
v 0.018111 0.015278 -0.055741
v 0.022141 0.027778 -0.049731
v 0.051773 0.027778 -0.016822
v 0.043378 0.037500 -0.019313
v 0.045159 0.037500 -0.014673
v 0.049731 0.027778 -0.022141
v 0.022141 0.027778 -0.049731
v 0.029305 0.015278 -0.050757
v 0.023839 0.015278 -0.053542
v 0.027218 0.027778 -0.047144
v 0.043555 0.015278 -0.039217
v 0.040454 0.027778 -0.036425
v 0.012186 0.015278 -0.057328
v 0.018541 -0.000000 -0.057063
v 0.012475 -0.000000 -0.058689
v 0.018111 0.015278 -0.055741
v 0.055741 0.015278 -0.018111
v 0.049731 0.027778 -0.022141
v 0.051773 0.027778 -0.016822
v 0.053542 0.015278 -0.023839
v 0.004963 0.037500 -0.047223
v 0.011318 0.027778 -0.053247
v 0.005690 0.027778 -0.054139
v 0.009872 0.037500 -0.046445
v 0.059671 -0.000000 -0.006272
v 0.058609 0.015278 0.000000
v 0.060000 0.000000 0.000000
v 0.058288 0.015278 -0.006126
v 0.047144 0.027778 -0.027218
v 0.038414 0.037500 -0.027910
v 0.041121 0.037500 -0.023741
v 0.044040 0.027778 -0.031997
v 0.034450 0.015278 -0.047416
v 0.040148 -0.000000 -0.044589
v 0.035267 -0.000000 -0.048541
v 0.039217 0.015278 -0.043555
v 0.049731 0.027778 -0.022141
v 0.041121 0.037500 -0.023741
v 0.043378 0.037500 -0.019313
v 0.047144 0.027778 -0.027218
v 0.029305 0.015278 -0.050757
v 0.035267 -0.000000 -0.048541
v 0.030000 -0.000000 -0.051962
v 0.034450 0.015278 -0.047416
v 0.011318 0.027778 -0.053247
v 0.014673 0.037500 -0.045159
v 0.016822 0.027778 -0.051772
v 0.009872 0.037500 -0.046445
v 0.058609 0.015278 0.000000
v 0.054139 0.027778 0.005690
v 0.058288 0.015278 0.006126
v 0.054437 0.027778 0.000000
v 0.053247 0.027778 -0.011318
v 0.045159 0.037500 -0.014673
v 0.046445 0.037500 -0.009872
v 0.051773 0.027778 -0.016822
v 0.014673 0.037500 -0.045159
v 0.022141 0.027778 -0.049731
v 0.016822 0.027778 -0.051772
v 0.019313 0.037500 -0.043378
v 0.054813 -0.000000 -0.024404
v 0.050757 0.015278 -0.029305
v 0.053542 0.015278 -0.023839
v 0.051962 -0.000000 -0.030000
v 0.059671 -0.000000 -0.006272
v 0.057328 0.015278 -0.012186
v 0.058288 0.015278 -0.006126
v 0.058689 -0.000000 -0.012475
v 0.035287 0.037500 -0.031772
v 0.040454 0.027778 -0.036425
v 0.027910 0.037500 -0.038414
v 0.036425 0.027778 -0.040454
v 0.031997 0.027778 -0.044040
v 0.031772 0.037500 -0.035287
v 0.058609 0.015278 0.000000
v 0.054139 0.027778 -0.005690
v 0.054437 0.027778 0.000000
v 0.058288 0.015278 -0.006126
v 0.054437 0.027778 0.000000
v 0.047223 0.037500 0.004963
v 0.054139 0.027778 0.005690
v 0.047483 0.037500 0.000000
v 0.047416 0.015278 -0.034450
v 0.040454 0.027778 -0.036425
v 0.044040 0.027778 -0.031997
v 0.043555 0.015278 -0.039217
v 0.048541 -0.000000 -0.035267
v 0.043555 0.015278 -0.039217
v 0.047416 0.015278 -0.034450
v 0.044589 -0.000000 -0.040148
v 0.044040 0.027778 -0.031997
v 0.035287 0.037500 -0.031772
v 0.038414 0.037500 -0.027910
v 0.040454 0.027778 -0.036425
v 0.027218 0.027778 -0.047144
v 0.027910 0.037500 -0.038414
v 0.031997 0.027778 -0.044040
v 0.023741 0.037500 -0.041121
v 0.029305 0.015278 -0.050757
v 0.031997 0.027778 -0.044040
v 0.034450 0.015278 -0.047416
v 0.027218 0.027778 -0.047144
v 0.044589 -0.000000 -0.040148
v 0.043555 0.015278 -0.039217
v 0.019313 0.037500 -0.043378
v 0.027218 0.027778 -0.047144
v 0.022141 0.027778 -0.049731
v 0.023741 0.037500 -0.041121
v 0.018111 0.015278 -0.055741
v 0.024404 -0.000000 -0.054813
v 0.018541 -0.000000 -0.057063
v 0.023839 0.015278 -0.053542
v 0.006126 0.015278 -0.058288
v 0.012475 -0.000000 -0.058689
v 0.006272 -0.000000 -0.059671
v 0.012186 0.015278 -0.057328
v 0.005690 0.027778 -0.054139
v 0.012186 0.015278 -0.057328
v 0.006126 0.015278 -0.058288
v 0.011318 0.027778 -0.053247
v 0.023839 0.015278 -0.053542
v 0.030000 -0.000000 -0.051962
v 0.024404 -0.000000 -0.054813
v 0.029305 0.015278 -0.050757
v 0.012186 0.015278 -0.057328
v 0.016822 0.027778 -0.051772
v 0.018111 0.015278 -0.055741
v 0.011318 0.027778 -0.053247
v 0.031997 0.027778 -0.044040
v 0.039217 0.015278 -0.043555
v 0.034450 0.015278 -0.047416
v 0.036425 0.027778 -0.040454
v 0.058288 0.015278 -0.006126
v 0.053247 0.027778 -0.011318
v 0.054139 0.027778 -0.005690
v 0.057328 0.015278 -0.012186
v 0.058689 -0.000000 -0.012475
v 0.055741 0.015278 -0.018111
v 0.057328 0.015278 -0.012186
v 0.057063 -0.000000 -0.018541
v 0.053542 0.015278 -0.023839
v 0.047144 0.027778 -0.027218
v 0.049731 0.027778 -0.022141
v 0.050757 0.015278 -0.029305
v 0.057063 -0.000000 -0.018541
v 0.053542 0.015278 -0.023839
v 0.055741 0.015278 -0.018111
v 0.054813 -0.000000 -0.024404
v 0.051962 -0.000000 -0.030000
v 0.047416 0.015278 -0.034450
v 0.050757 0.015278 -0.029305
v 0.048541 -0.000000 -0.035267
v 0.060000 0.000000 0.000000
v 0.058288 0.015278 0.006126
v 0.059671 0.000000 0.006272
v 0.058609 0.015278 0.000000
v 0.057328 0.015278 -0.012186
v 0.051773 0.027778 -0.016822
v 0.053247 0.027778 -0.011318
v 0.055741 0.015278 -0.018111
v 0.054139 0.027778 -0.005690
v 0.047483 0.037500 0.000000
v 0.054437 0.027778 0.000000
v 0.047223 0.037500 -0.004963
v 0.054139 0.027778 -0.005690
v 0.046445 0.037500 -0.009872
v 0.047223 0.037500 -0.004963
v 0.053247 0.027778 -0.011318
v 0.050757 0.015278 -0.029305
v 0.044040 0.027778 -0.031997
v 0.047144 0.027778 -0.027218
v 0.047416 0.015278 -0.034450
v -0.010453 -0.000000 -0.099452
v -0.006962 -0.000000 -0.085732
v -0.007000 -0.000000 -0.085000
v -0.006847 -0.000000 -0.086455
v -0.006657 -0.000000 -0.087163
v -0.006395 -0.000000 -0.087847
v -0.006062 -0.000000 -0.088500
v 0.000000 -0.000000 -0.100000
v -0.005663 -0.000000 -0.089114
v -0.005202 -0.000000 -0.089684
v -0.004684 -0.000000 -0.090202
v -0.004114 -0.000000 -0.090663
v -0.003500 -0.000000 -0.091062
v -0.002847 -0.000000 -0.091395
v -0.002163 -0.000000 -0.091657
v -0.001455 -0.000000 -0.091847
v -0.000732 -0.000000 -0.091962
v 0.000000 -0.000000 -0.092000
v 0.010453 -0.000000 -0.099452
v 0.000732 -0.000000 -0.091962
v 0.001455 -0.000000 -0.091847
v 0.002163 -0.000000 -0.091657
v 0.002847 -0.000000 -0.091395
v 0.003500 -0.000000 -0.091062
v 0.004115 -0.000000 -0.090663
v 0.004684 -0.000000 -0.090202
v 0.005202 -0.000000 -0.089684
v 0.005663 -0.000000 -0.089114
v 0.006062 -0.000000 -0.088500
v 0.006395 -0.000000 -0.087847
v 0.006657 -0.000000 -0.087163
v 0.006847 -0.000000 -0.086455
v 0.006962 -0.000000 -0.085732
v 0.007000 -0.000000 -0.085000
v -0.010453 0.000000 0.099452
v -0.006062 0.000000 0.088500
v 0.000000 0.000000 0.100000
v -0.006395 0.000000 0.087847
v -0.006657 0.000000 0.087163
v -0.006847 0.000000 0.086455
v -0.006962 0.000000 0.085732
v -0.007000 0.000000 0.085000
v -0.005663 0.000000 0.089115
v -0.005202 0.000000 0.089684
v -0.004684 0.000000 0.090202
v -0.004114 0.000000 0.090663
v -0.003500 0.000000 0.091062
v -0.002847 0.000000 0.091395
v -0.002163 0.000000 0.091657
v -0.001455 0.000000 0.091847
v -0.000732 0.000000 0.091962
v 0.000000 0.000000 0.092000
v 0.000732 0.000000 0.091962
v 0.010453 0.000000 0.099452
v 0.001455 0.000000 0.091847
v 0.002163 0.000000 0.091657
v 0.002847 0.000000 0.091395
v 0.003500 0.000000 0.091062
v 0.004115 0.000000 0.090663
v 0.004684 0.000000 0.090202
v 0.005202 0.000000 0.089684
v 0.005663 0.000000 0.089115
v 0.006062 0.000000 0.088500
v 0.006395 0.000000 0.087847
v 0.006657 0.000000 0.087163
v 0.006847 0.000000 0.086455
v 0.006962 0.000000 0.085732
v 0.007000 0.000000 0.085000
v 0.051962 -0.000000 -0.030000
v 0.053017 -0.000000 -0.059641
v 0.054813 -0.000000 -0.024404
v 0.053017 -0.000000 -0.060374
v 0.053093 -0.000000 -0.058912
v 0.053246 -0.000000 -0.058195
v 0.053472 -0.000000 -0.057499
v 0.053770 -0.000000 -0.056829
v 0.054136 -0.000000 -0.056195
v 0.054567 -0.000000 -0.055602
v 0.055057 -0.000000 -0.055057
v 0.057063 -0.000000 -0.018541
v 0.055602 -0.000000 -0.054567
v 0.056195 -0.000000 -0.054136
v 0.056829 -0.000000 -0.053770
v 0.057499 -0.000000 -0.053472
v 0.058689 -0.000000 -0.012475
v 0.058195 -0.000000 -0.053246
v 0.058912 -0.000000 -0.053093
v 0.059671 -0.000000 -0.006272
v 0.059641 -0.000000 -0.053017
v 0.060374 -0.000000 -0.053017
v 0.060000 0.000000 0.000000
v 0.060374 0.000000 0.053017
v 0.061102 0.000000 0.053093
v 0.061102 -0.000000 -0.053093
v 0.061819 0.000000 0.053246
v 0.061819 -0.000000 -0.053246
v 0.062516 0.000000 0.053472
v 0.062516 -0.000000 -0.053472
v 0.063185 0.000000 0.053770
v 0.063185 -0.000000 -0.053770
v 0.063820 0.000000 0.054136
v 0.063820 -0.000000 -0.054136
v 0.064412 0.000000 0.054567
v 0.064412 -0.000000 -0.054567
v 0.064957 0.000000 0.055057
v 0.064957 -0.000000 -0.055057
v 0.065447 0.000000 0.055602
v 0.065447 -0.000000 -0.055602
v 0.065878 0.000000 0.056195
v 0.065878 -0.000000 -0.056195
v 0.066244 0.000000 0.056829
v 0.066244 -0.000000 -0.056829
v 0.066542 0.000000 0.057499
v 0.066542 -0.000000 -0.057499
v 0.066769 0.000000 0.058195
v 0.066769 -0.000000 -0.058195
v 0.066921 0.000000 0.058912
v 0.066921 -0.000000 -0.058912
v 0.066998 0.000000 0.059641
v 0.066998 -0.000000 -0.059641
v 0.066998 0.000000 0.060374
v -0.091355 -0.000000 -0.040674
v -0.092000 0.000000 0.000000
v -0.095106 -0.000000 -0.030902
v -0.091962 0.000000 -0.000732
v -0.091847 0.000000 -0.001455
v -0.091657 0.000000 -0.002163
v -0.091395 0.000000 -0.002847
v -0.091062 0.000000 -0.003500
v -0.086603 -0.000000 -0.050000
v -0.090663 -0.000000 -0.004114
v -0.090202 -0.000000 -0.004684
v -0.089684 -0.000000 -0.005202
v -0.089114 -0.000000 -0.005663
v -0.088500 -0.000000 -0.006062
v -0.087847 -0.000000 -0.006395
v -0.087163 -0.000000 -0.006657
v -0.086455 -0.000000 -0.006847
v -0.080902 -0.000000 -0.058779
v -0.085732 -0.000000 -0.006962
v -0.085000 -0.000000 -0.007000
v -0.084268 -0.000000 -0.006962
v -0.083545 -0.000000 -0.006847
v -0.082837 -0.000000 -0.006657
v -0.082153 -0.000000 -0.006395
v -0.081500 -0.000000 -0.006062
v -0.080885 -0.000000 -0.005663
v -0.074314 -0.000000 -0.066913
v -0.080316 -0.000000 -0.005202
v -0.079798 -0.000000 -0.004684
v -0.079337 -0.000000 -0.004114
v -0.078938 0.000000 -0.003500
v -0.078605 0.000000 -0.002847
v -0.078343 0.000000 -0.002163
v -0.078153 0.000000 -0.001455
v -0.078038 0.000000 -0.000732
v -0.078000 0.000000 0.000000
v -0.074314 0.000000 0.066913
v -0.070614 0.000000 0.070614
v -0.070614 -0.000000 -0.070614
v -0.066913 -0.000000 -0.074314
v -0.067007 -0.000000 -0.060007
v -0.066969 -0.000000 -0.060739
v -0.066854 -0.000000 -0.061463
v -0.066665 -0.000000 -0.062170
v -0.066402 -0.000000 -0.062854
v -0.058779 -0.000000 -0.080902
v -0.066069 -0.000000 -0.063507
v -0.065670 -0.000000 -0.064122
v -0.065209 -0.000000 -0.064691
v -0.064950 -0.000000 -0.064950
v -0.064691 -0.000000 -0.065209
v -0.064122 -0.000000 -0.065670
v -0.063507 -0.000000 -0.066069
v -0.062854 -0.000000 -0.066402
v -0.062170 -0.000000 -0.066665
v -0.061463 -0.000000 -0.066854
v -0.060739 -0.000000 -0.066969
v -0.060007 -0.000000 -0.067007
v -0.059275 -0.000000 -0.066969
v -0.058552 -0.000000 -0.066854
v -0.050000 -0.000000 -0.086603
v -0.057844 -0.000000 -0.066665
v -0.057160 -0.000000 -0.066402
v -0.056507 -0.000000 -0.066069
v -0.055893 -0.000000 -0.065670
v -0.055323 -0.000000 -0.065209
v -0.054805 -0.000000 -0.064691
v -0.054344 -0.000000 -0.064122
v -0.053945 -0.000000 -0.063507
v -0.053612 -0.000000 -0.062854
v -0.053350 -0.000000 -0.062170
v -0.053160 -0.000000 -0.061463
v -0.053046 -0.000000 -0.060739
v -0.053007 -0.000000 -0.060007
v -0.051962 -0.000000 -0.030000
v -0.048541 -0.000000 -0.035267
v -0.040674 -0.000000 -0.091355
v -0.044589 -0.000000 -0.040148
v -0.040148 -0.000000 -0.044589
v -0.030902 -0.000000 -0.095106
v -0.035267 -0.000000 -0.048541
v -0.030000 -0.000000 -0.051962
v -0.020791 -0.000000 -0.097815
v -0.024404 -0.000000 -0.054813
v -0.018541 -0.000000 -0.057063
v -0.012475 -0.000000 -0.058689
v -0.006272 -0.000000 -0.059671
v -0.006962 -0.000000 -0.084268
v -0.006847 -0.000000 -0.083545
v -0.006657 -0.000000 -0.082837
v -0.006395 -0.000000 -0.082153
v -0.006062 -0.000000 -0.081500
v 0.000000 -0.000000 -0.060000
v -0.005663 -0.000000 -0.080886
v -0.005202 -0.000000 -0.080316
v -0.004684 -0.000000 -0.079798
v -0.004114 -0.000000 -0.079337
v -0.003500 -0.000000 -0.078938
v -0.002847 -0.000000 -0.078605
v -0.002163 -0.000000 -0.078343
v -0.001455 -0.000000 -0.078153
v -0.000732 -0.000000 -0.078038
v 0.000000 -0.000000 -0.078000
v 0.000732 -0.000000 -0.078038
v 0.006272 -0.000000 -0.059671
v 0.001455 -0.000000 -0.078153
v 0.002163 -0.000000 -0.078343
v 0.002847 -0.000000 -0.078605
v 0.003500 -0.000000 -0.078938
v 0.004115 -0.000000 -0.079337
v 0.004684 -0.000000 -0.079798
v 0.005202 -0.000000 -0.080316
v 0.005663 -0.000000 -0.080886
v 0.006062 -0.000000 -0.081500
v 0.006395 -0.000000 -0.082153
v 0.012475 -0.000000 -0.058689
v 0.006657 -0.000000 -0.082837
v 0.006847 -0.000000 -0.083545
v 0.006962 -0.000000 -0.084268
v 0.020791 -0.000000 -0.097815
v 0.018541 -0.000000 -0.057063
v 0.024404 -0.000000 -0.054813
v 0.030902 -0.000000 -0.095106
v 0.030000 -0.000000 -0.051962
v 0.035267 -0.000000 -0.048541
v 0.040674 -0.000000 -0.091355
v 0.040148 -0.000000 -0.044589
v 0.044589 -0.000000 -0.040148
v 0.050000 -0.000000 -0.086603
v 0.048541 -0.000000 -0.035267
v 0.053093 -0.000000 -0.061102
v 0.053246 -0.000000 -0.061819
v 0.058779 -0.000000 -0.080902
v 0.053472 -0.000000 -0.062516
v 0.053770 -0.000000 -0.063185
v 0.054136 -0.000000 -0.063820
v 0.054567 -0.000000 -0.064412
v 0.055057 -0.000000 -0.064957
v 0.055602 -0.000000 -0.065447
v 0.056195 -0.000000 -0.065878
v 0.056829 -0.000000 -0.066244
v 0.057499 -0.000000 -0.066542
v 0.058195 -0.000000 -0.066769
v 0.058912 -0.000000 -0.066921
v 0.066913 -0.000000 -0.074314
v 0.059641 -0.000000 -0.066998
v 0.060374 -0.000000 -0.066998
v 0.061102 -0.000000 -0.066921
v 0.061819 -0.000000 -0.066769
v 0.062516 -0.000000 -0.066542
v 0.063185 -0.000000 -0.066244
v 0.063820 -0.000000 -0.065878
v 0.064412 -0.000000 -0.065447
v 0.064957 -0.000000 -0.064957
v 0.065447 -0.000000 -0.064412
v 0.065878 -0.000000 -0.063820
v 0.066244 -0.000000 -0.063185
v 0.066542 -0.000000 -0.062516
v 0.066769 -0.000000 -0.061819
v 0.066921 -0.000000 -0.061102
v 0.070614 -0.000000 -0.070614
v 0.066998 -0.000000 -0.060374
v 0.070614 0.000000 0.070614
v 0.074314 0.000000 0.066913
v 0.074314 -0.000000 -0.066913
v 0.080902 0.000000 0.058779
v 0.080902 -0.000000 -0.058779
v 0.086603 0.000000 0.050000
v 0.086603 -0.000000 -0.050000
v 0.091355 0.000000 0.040674
v 0.091355 -0.000000 -0.040674
v 0.095106 -0.000000 -0.030902
v 0.095106 0.000000 0.030902
v 0.097815 -0.000000 -0.020791
v 0.097815 0.000000 0.020791
v 0.099452 0.000000 0.010453
v 0.099452 -0.000000 -0.010453
v 0.100000 0.000000 0.000000
v -0.066998 0.000000 0.060374
v -0.066913 0.000000 0.074314
v -0.066998 0.000000 0.059641
v -0.066921 0.000000 0.061102
v -0.066769 0.000000 0.061819
v -0.066542 0.000000 0.062516
v -0.058779 0.000000 0.080902
v -0.066244 0.000000 0.063185
v -0.065878 0.000000 0.063820
v -0.065447 0.000000 0.064412
v -0.064957 0.000000 0.064957
v -0.064412 0.000000 0.065447
v -0.063820 0.000000 0.065878
v -0.063185 0.000000 0.066244
v -0.062516 0.000000 0.066542
v -0.061819 0.000000 0.066769
v -0.061102 0.000000 0.066921
v -0.060374 0.000000 0.066998
v -0.059641 0.000000 0.066998
v -0.058912 0.000000 0.066921
v -0.058195 0.000000 0.066769
v -0.050000 0.000000 0.086603
v -0.057499 0.000000 0.066542
v -0.056829 0.000000 0.066244
v -0.056195 0.000000 0.065878
v -0.055602 0.000000 0.065447
v -0.055057 0.000000 0.064957
v -0.054567 0.000000 0.064412
v -0.054136 0.000000 0.063820
v -0.053770 0.000000 0.063185
v -0.053472 0.000000 0.062516
v -0.053246 0.000000 0.061819
v -0.053093 0.000000 0.061102
v -0.053017 0.000000 0.060374
v -0.051962 0.000000 0.030000
v -0.048541 0.000000 0.035267
v -0.040674 0.000000 0.091355
v -0.044589 0.000000 0.040148
v -0.040148 0.000000 0.044589
v -0.030902 0.000000 0.095106
v -0.035267 0.000000 0.048541
v -0.030000 0.000000 0.051962
v -0.020791 0.000000 0.097815
v -0.024404 0.000000 0.054813
v -0.018541 0.000000 0.057063
v -0.012475 0.000000 0.058689
v -0.006272 0.000000 0.059671
v -0.006962 0.000000 0.084268
v -0.006847 0.000000 0.083545
v -0.006657 0.000000 0.082837
v -0.006395 0.000000 0.082153
v -0.006062 0.000000 0.081500
v 0.000000 0.000000 0.060000
v -0.005663 0.000000 0.080886
v -0.005202 0.000000 0.080316
v -0.004684 0.000000 0.079798
v -0.004114 0.000000 0.079337
v -0.003500 0.000000 0.078938
v -0.002847 0.000000 0.078605
v -0.002163 0.000000 0.078343
v -0.001455 0.000000 0.078153
v -0.000732 0.000000 0.078038
v 0.000000 0.000000 0.078000
v 0.006272 0.000000 0.059671
v 0.000732 0.000000 0.078038
v 0.001455 0.000000 0.078153
v 0.002163 0.000000 0.078343
v 0.002847 0.000000 0.078605
v 0.003500 0.000000 0.078938
v 0.004115 0.000000 0.079337
v 0.004684 0.000000 0.079798
v 0.005202 0.000000 0.080316
v 0.005663 0.000000 0.080886
v 0.006062 0.000000 0.081500
v 0.006395 0.000000 0.082153
v 0.012475 0.000000 0.058689
v 0.006657 0.000000 0.082837
v 0.006847 0.000000 0.083545
v 0.006962 0.000000 0.084268
v 0.020791 0.000000 0.097815
v 0.018541 0.000000 0.057063
v 0.024404 0.000000 0.054813
v 0.030902 0.000000 0.095106
v 0.030000 0.000000 0.051962
v 0.035267 0.000000 0.048541
v 0.040674 0.000000 0.091355
v 0.040148 0.000000 0.044589
v 0.044589 0.000000 0.040148
v 0.050000 0.000000 0.086603
v 0.048541 0.000000 0.035267
v 0.051962 0.000000 0.030000
v 0.053017 0.000000 0.060374
v 0.053093 0.000000 0.061102
v 0.053246 0.000000 0.061819
v 0.058779 0.000000 0.080902
v 0.053017 0.000000 0.059641
v 0.053472 0.000000 0.062516
v 0.053770 0.000000 0.063185
v 0.054136 0.000000 0.063820
v 0.054567 0.000000 0.064412
v 0.055057 0.000000 0.064957
v 0.055602 0.000000 0.065447
v 0.056195 0.000000 0.065878
v 0.056829 0.000000 0.066244
v 0.057499 0.000000 0.066542
v 0.058195 0.000000 0.066769
v 0.058912 0.000000 0.066921
v 0.066913 0.000000 0.074314
v 0.059641 0.000000 0.066998
v 0.060374 0.000000 0.066998
v 0.061102 0.000000 0.066921
v 0.061819 0.000000 0.066769
v 0.062516 0.000000 0.066542
v 0.063185 0.000000 0.066244
v 0.063820 0.000000 0.065878
v 0.064412 0.000000 0.065447
v 0.064957 0.000000 0.064957
v 0.065447 0.000000 0.064412
v 0.065878 0.000000 0.063820
v 0.066244 0.000000 0.063185
v 0.066542 0.000000 0.062516
v 0.066769 0.000000 0.061819
v 0.066921 0.000000 0.061102
v 0.054813 0.000000 0.024404
v 0.053093 0.000000 0.058912
v 0.053246 0.000000 0.058195
v 0.053472 0.000000 0.057499
v 0.053770 0.000000 0.056829
v 0.054136 0.000000 0.056195
v 0.054567 0.000000 0.055602
v 0.055057 0.000000 0.055057
v 0.057063 0.000000 0.018541
v 0.055602 0.000000 0.054567
v 0.056195 0.000000 0.054136
v 0.056829 0.000000 0.053770
v 0.057499 0.000000 0.053472
v 0.058689 0.000000 0.012475
v 0.058195 0.000000 0.053246
v 0.058912 0.000000 0.053093
v 0.059671 0.000000 0.006272
v 0.059641 0.000000 0.053017
v -0.066969 -0.000000 -0.059275
v -0.066921 0.000000 0.058912
v -0.066854 -0.000000 -0.058552
v -0.066769 0.000000 0.058195
v -0.066665 -0.000000 -0.057844
v -0.066542 0.000000 0.057499
v -0.066402 -0.000000 -0.057160
v -0.066244 0.000000 0.056829
v -0.066069 -0.000000 -0.056507
v -0.065878 0.000000 0.056195
v -0.065670 -0.000000 -0.055893
v -0.065447 0.000000 0.055602
v -0.065209 -0.000000 -0.055323
v -0.064957 0.000000 0.055057
v -0.064691 -0.000000 -0.054805
v -0.064412 0.000000 0.054567
v -0.064122 -0.000000 -0.054344
v -0.063820 0.000000 0.054136
v -0.063507 -0.000000 -0.053945
v -0.063185 0.000000 0.053770
v -0.062854 -0.000000 -0.053612
v -0.062516 0.000000 0.053472
v -0.062170 -0.000000 -0.053350
v -0.061819 0.000000 0.053246
v -0.061463 -0.000000 -0.053160
v -0.061102 0.000000 0.053093
v -0.060739 -0.000000 -0.053046
v -0.060374 0.000000 0.053017
v -0.060007 -0.000000 -0.053007
v -0.060000 0.000000 0.000000
v -0.059641 0.000000 0.053017
v -0.059671 0.000000 0.006272
v -0.058689 0.000000 0.012475
v -0.058912 0.000000 0.053093
v -0.058195 0.000000 0.053246
v -0.057063 0.000000 0.018541
v -0.057499 0.000000 0.053472
v -0.056829 0.000000 0.053770
v -0.054813 0.000000 0.024404
v -0.056195 0.000000 0.054136
v -0.055602 0.000000 0.054567
v -0.055057 0.000000 0.055057
v -0.054567 0.000000 0.055602
v -0.054136 0.000000 0.056195
v -0.053770 0.000000 0.056829
v -0.053472 0.000000 0.057499
v -0.053246 0.000000 0.058195
v -0.053093 0.000000 0.058912
v -0.053017 0.000000 0.059641
v -0.059275 -0.000000 -0.053046
v -0.059671 -0.000000 -0.006272
v -0.058689 -0.000000 -0.012475
v -0.058552 -0.000000 -0.053160
v -0.057063 -0.000000 -0.018541
v -0.057844 -0.000000 -0.053350
v -0.057160 -0.000000 -0.053612
v -0.056507 -0.000000 -0.053945
v -0.054813 -0.000000 -0.024404
v -0.055893 -0.000000 -0.054344
v -0.055323 -0.000000 -0.054805
v -0.054805 -0.000000 -0.055323
v -0.054344 -0.000000 -0.055893
v -0.053945 -0.000000 -0.056507
v -0.053612 -0.000000 -0.057160
v -0.053350 -0.000000 -0.057844
v -0.053160 -0.000000 -0.058552
v -0.053046 -0.000000 -0.059275
v -0.099452 -0.000000 -0.010453
v -0.099452 0.000000 0.010453
v -0.100000 0.000000 0.000000
v -0.097815 0.000000 0.020791
v -0.097815 -0.000000 -0.020791
v -0.095106 0.000000 0.030902
v -0.091355 0.000000 0.040674
v -0.091962 0.000000 0.000732
v -0.091847 0.000000 0.001455
v -0.091657 0.000000 0.002163
v -0.091395 0.000000 0.002847
v -0.091062 0.000000 0.003500
v -0.086603 0.000000 0.050000
v -0.090663 0.000000 0.004115
v -0.090202 0.000000 0.004684
v -0.089684 0.000000 0.005202
v -0.089114 0.000000 0.005663
v -0.088500 0.000000 0.006062
v -0.087847 0.000000 0.006395
v -0.087163 0.000000 0.006657
v -0.086455 0.000000 0.006847
v -0.080902 0.000000 0.058779
v -0.085732 0.000000 0.006962
v -0.085000 0.000000 0.007000
v -0.084268 0.000000 0.006962
v -0.083545 0.000000 0.006847
v -0.082837 0.000000 0.006657
v -0.082153 0.000000 0.006395
v -0.081500 0.000000 0.006062
v -0.080885 0.000000 0.005663
v -0.080316 0.000000 0.005202
v -0.079798 0.000000 0.004684
v -0.079337 0.000000 0.004115
v -0.078938 0.000000 0.003500
v -0.078605 0.000000 0.002847
v -0.078343 0.000000 0.002163
v -0.078153 0.000000 0.001455
v -0.078038 0.000000 0.000732
v 0.053017 0.000000 0.060374
v 0.053093 0.003000 0.061102
v 0.053093 0.000000 0.061102
v 0.053017 0.003000 0.060374
v 0.056195 0.003000 0.054136
v 0.055602 0.000000 0.054567
v 0.056195 0.000000 0.054136
v 0.055602 0.003000 0.054567
v 0.058195 0.003000 0.053246
v 0.057499 0.000000 0.053472
v 0.058195 0.000000 0.053246
v 0.057499 0.003000 0.053472
v 0.053017 0.000000 0.059641
v 0.053017 0.003000 0.060374
v 0.053017 0.000000 0.060374
v 0.053017 0.003000 0.059641
v 0.054567 0.000000 0.064412
v 0.055057 0.003000 0.064957
v 0.055057 0.000000 0.064957
v 0.054567 0.003000 0.064412
v 0.054136 0.000000 0.056195
v 0.053770 0.003000 0.056829
v 0.053770 0.000000 0.056829
v 0.054136 0.003000 0.056195
v 0.055057 0.003000 0.064957
v 0.055057 0.000000 0.064957
v 0.060374 0.003000 0.053017
v 0.059641 0.000000 0.053017
v 0.060374 0.000000 0.053017
v 0.059641 0.003000 0.053017
v 0.057499 0.003000 0.053472
v 0.056829 0.000000 0.053770
v 0.057499 0.000000 0.053472
v 0.056829 0.003000 0.053770
v 0.061819 0.003000 0.053246
v 0.061102 0.000000 0.053093
v 0.061819 0.000000 0.053246
v 0.061102 0.003000 0.053093
v 0.053093 0.000000 0.061102
v 0.053246 0.003000 0.061819
v 0.053246 0.000000 0.061819
v 0.053093 0.003000 0.061102
v 0.053472 0.000000 0.062516
v 0.053770 0.003000 0.063185
v 0.053770 0.000000 0.063185
v 0.053472 0.003000 0.062516
v 0.054136 0.000000 0.063820
v 0.054567 0.003000 0.064412
v 0.054567 0.000000 0.064412
v 0.054136 0.003000 0.063820
v 0.053246 0.000000 0.061819
v 0.053472 0.003000 0.062516
v 0.053472 0.000000 0.062516
v 0.053246 0.003000 0.061819
v 0.053093 0.000000 0.058912
v 0.053017 0.003000 0.059641
v 0.053017 0.000000 0.059641
v 0.053093 0.003000 0.058912
v 0.054567 0.000000 0.055602
v 0.054136 0.003000 0.056195
v 0.054136 0.000000 0.056195
v 0.054567 0.003000 0.055602
v 0.061102 0.003000 0.053093
v 0.060374 0.000000 0.053017
v 0.061102 0.000000 0.053093
v 0.060374 0.003000 0.053017
v 0.062516 0.003000 0.053472
v 0.061819 0.000000 0.053246
v 0.062516 0.000000 0.053472
v 0.061819 0.003000 0.053246
v 0.063185 0.003000 0.053770
v 0.062516 0.000000 0.053472
v 0.063185 0.000000 0.053770
v 0.062516 0.003000 0.053472
v 0.063820 0.003000 0.054136
v 0.063185 0.000000 0.053770
v 0.063820 0.000000 0.054136
v 0.063185 0.003000 0.053770
v 0.055602 0.003000 0.065447
v 0.056195 0.000000 0.065878
v 0.055602 0.000000 0.065447
v 0.056195 0.003000 0.065878
v 0.056829 0.003000 0.053770
v 0.056195 0.000000 0.054136
v 0.056829 0.000000 0.053770
v 0.056195 0.003000 0.054136
v 0.053770 0.000000 0.063185
v 0.054136 0.003000 0.063820
v 0.054136 0.000000 0.063820
v 0.053770 0.003000 0.063185
v 0.055057 0.000000 0.055057
v 0.054567 0.003000 0.055602
v 0.054567 0.000000 0.055602
v 0.055057 0.003000 0.055057
v 0.058912 0.003000 0.053093
v 0.058195 0.000000 0.053246
v 0.058912 0.000000 0.053093
v 0.058195 0.003000 0.053246
v 0.053472 0.000000 0.057499
v 0.053246 0.003000 0.058195
v 0.053246 0.000000 0.058195
v 0.053472 0.003000 0.057499
v 0.059641 0.003000 0.053017
v 0.058912 0.000000 0.053093
v 0.059641 0.000000 0.053017
v 0.058912 0.003000 0.053093
v 0.053770 0.000000 0.056829
v 0.053472 0.003000 0.057499
v 0.053472 0.000000 0.057499
v 0.053770 0.003000 0.056829
v 0.055057 0.000000 0.055057
v 0.055057 0.003000 0.055057
v 0.064412 0.003000 0.054567
v 0.063820 0.000000 0.054136
v 0.064412 0.000000 0.054567
v 0.063820 0.003000 0.054136
v 0.056195 0.003000 0.065878
v 0.056829 0.000000 0.066244
v 0.056195 0.000000 0.065878
v 0.056829 0.003000 0.066244
v 0.053246 0.000000 0.058195
v 0.053093 0.003000 0.058912
v 0.053093 0.000000 0.058912
v 0.053246 0.003000 0.058195
v -0.058779 0.003000 0.080902
v -0.066913 0.000000 0.074314
v -0.058779 0.000000 0.080902
v -0.066913 0.003000 0.074314
v -0.099452 0.003000 -0.010453
v -0.100000 0.000000 0.000000
v -0.100000 0.003000 0.000000
v -0.099452 -0.000000 -0.010453
v 0.010453 0.003000 0.099452
v 0.000000 0.000000 0.100000
v 0.010453 0.000000 0.099452
v 0.000000 0.003000 0.100000
v -0.100000 0.003000 0.000000
v -0.099452 0.000000 0.010453
v -0.099452 0.003000 0.010453
v -0.100000 0.000000 0.000000
v -0.095106 0.003000 0.030902
v -0.091355 0.000000 0.040674
v -0.091355 0.003000 0.040674
v -0.095106 0.000000 0.030902
v -0.040674 0.003000 0.091355
v -0.050000 0.000000 0.086603
v -0.040674 0.000000 0.091355
v -0.050000 0.003000 0.086603
v -0.030902 0.003000 0.095106
v -0.040674 0.000000 0.091355
v -0.030902 0.000000 0.095106
v -0.040674 0.003000 0.091355
v -0.020791 0.003000 0.097815
v -0.030902 0.000000 0.095106
v -0.020791 0.000000 0.097815
v -0.030902 0.003000 0.095106
v -0.010453 0.003000 0.099452
v -0.020791 0.000000 0.097815
v -0.010453 0.000000 0.099452
v -0.020791 0.003000 0.097815
v -0.099452 0.003000 0.010453
v -0.097815 0.000000 0.020791
v -0.097815 0.003000 0.020791
v -0.099452 0.000000 0.010453
v -0.074314 0.003000 0.066913
v -0.070614 0.000000 0.070614
v -0.070614 0.003000 0.070614
v -0.074314 0.000000 0.066913
v -0.086603 0.003000 0.050000
v -0.080902 0.000000 0.058779
v -0.080902 0.003000 0.058779
v -0.086603 0.000000 0.050000
v -0.070614 0.003000 0.070614
v -0.070614 0.000000 0.070614
v -0.050000 0.003000 0.086603
v -0.058779 0.000000 0.080902
v -0.050000 0.000000 0.086603
v -0.058779 0.003000 0.080902
v 0.000000 0.003000 0.100000
v -0.010453 0.000000 0.099452
v 0.000000 0.000000 0.100000
v -0.010453 0.003000 0.099452
v -0.099452 0.003000 0.010453
v -0.099452 0.003000 -0.010453
v -0.100000 0.003000 0.000000
v -0.097815 0.003000 0.020791
v -0.097815 0.003000 -0.020791
v -0.095106 0.003000 0.030902
v -0.095106 0.003000 -0.030902
v -0.091355 0.003000 0.040674
v -0.092000 0.003000 0.000000
v -0.091962 0.003000 0.000732
v -0.091847 0.003000 0.001455
v -0.091657 0.003000 0.002163
v -0.091395 0.003000 0.002847
v -0.091062 0.003000 0.003500
v -0.086603 0.003000 0.050000
v -0.090663 0.003000 0.004115
v -0.090202 0.003000 0.004684
v -0.089684 0.003000 0.005202
v -0.089114 0.003000 0.005663
v -0.088500 0.003000 0.006062
v -0.087847 0.003000 0.006395
v -0.087163 0.003000 0.006657
v -0.086455 0.003000 0.006847
v -0.080902 0.003000 0.058779
v -0.085732 0.003000 0.006962
v -0.085000 0.003000 0.007000
v -0.084268 0.003000 0.006962
v -0.083545 0.003000 0.006847
v -0.082837 0.003000 0.006657
v -0.082153 0.003000 0.006395
v -0.081500 0.003000 0.006062
v -0.080885 0.003000 0.005663
v -0.074314 0.003000 0.066913
v -0.080316 0.003000 0.005202
v -0.079798 0.003000 0.004684
v -0.079337 0.003000 0.004115
v -0.078938 0.003000 0.003500
v -0.078605 0.003000 0.002847
v -0.078343 0.003000 0.002163
v -0.078153 0.003000 0.001455
v -0.078038 0.003000 0.000732
v -0.078000 0.003000 0.000000
v -0.010453 0.003000 0.099452
v -0.006962 0.003000 0.085732
v -0.007000 0.003000 0.085000
v -0.006847 0.003000 0.086455
v -0.006657 0.003000 0.087163
v -0.006395 0.003000 0.087847
v -0.006062 0.003000 0.088500
v 0.000000 0.003000 0.100000
v -0.005663 0.003000 0.089115
v -0.005202 0.003000 0.089684
v -0.004684 0.003000 0.090202
v -0.004114 0.003000 0.090663
v -0.003500 0.003000 0.091062
v -0.002847 0.003000 0.091395
v -0.002163 0.003000 0.091657
v -0.001455 0.003000 0.091847
v -0.000732 0.003000 0.091962
v 0.000000 0.003000 0.092000
v 0.010453 0.003000 0.099452
v 0.000732 0.003000 0.091962
v 0.001455 0.003000 0.091847
v 0.002163 0.003000 0.091657
v 0.002847 0.003000 0.091395
v 0.003500 0.003000 0.091062
v 0.004115 0.003000 0.090663
v 0.004684 0.003000 0.090202
v 0.005202 0.003000 0.089684
v 0.005663 0.003000 0.089115
v 0.006062 0.003000 0.088500
v 0.006395 0.003000 0.087847
v 0.006657 0.003000 0.087163
v 0.006847 0.003000 0.086455
v 0.006962 0.003000 0.085732
v 0.007000 0.003000 0.085000
v -0.010453 0.003000 -0.099452
v -0.006062 0.003000 -0.088500
v 0.000000 0.003000 -0.100000
v -0.006395 0.003000 -0.087847
v -0.006657 0.003000 -0.087163
v -0.006847 0.003000 -0.086455
v -0.006962 0.003000 -0.085732
v -0.007000 0.003000 -0.085000
v -0.005663 0.003000 -0.089114
v -0.005202 0.003000 -0.089684
v -0.004684 0.003000 -0.090202
v -0.004114 0.003000 -0.090663
v -0.003500 0.003000 -0.091062
v -0.002847 0.003000 -0.091395
v -0.002163 0.003000 -0.091657
v -0.001455 0.003000 -0.091847
v -0.000732 0.003000 -0.091962
v 0.000000 0.003000 -0.092000
v 0.000732 0.003000 -0.091962
v 0.010453 0.003000 -0.099452
v 0.001455 0.003000 -0.091847
v 0.002163 0.003000 -0.091657
v 0.002847 0.003000 -0.091395
v 0.003500 0.003000 -0.091062
v 0.004115 0.003000 -0.090663
v 0.004684 0.003000 -0.090202
v 0.005202 0.003000 -0.089684
v 0.005663 0.003000 -0.089114
v 0.006062 0.003000 -0.088500
v 0.006395 0.003000 -0.087847
v 0.006657 0.003000 -0.087163
v 0.006847 0.003000 -0.086455
v 0.006962 0.003000 -0.085732
v 0.007000 0.003000 -0.085000
v 0.051962 0.003000 0.030000
v 0.053017 0.003000 0.059641
v 0.054813 0.003000 0.024404
v 0.053017 0.003000 0.060374
v 0.053093 0.003000 0.058912
v 0.053246 0.003000 0.058195
v 0.053472 0.003000 0.057499
v 0.053770 0.003000 0.056829
v 0.054136 0.003000 0.056195
v 0.054567 0.003000 0.055602
v 0.055057 0.003000 0.055057
v 0.057063 0.003000 0.018541
v 0.055602 0.003000 0.054567
v 0.056195 0.003000 0.054136
v 0.056829 0.003000 0.053770
v 0.057499 0.003000 0.053472
v 0.058689 0.003000 0.012475
v 0.058195 0.003000 0.053246
v 0.058912 0.003000 0.053093
v 0.059671 0.003000 0.006272
v 0.059641 0.003000 0.053017
v 0.060374 0.003000 0.053017
v 0.060000 0.003000 0.000000
v -0.070614 0.003000 0.070614
v -0.066998 0.003000 0.060374
v -0.067007 0.003000 -0.060007
v -0.066913 0.003000 0.074314
v -0.066921 0.003000 0.061102
v -0.066769 0.003000 0.061819
v -0.066542 0.003000 0.062516
v -0.058779 0.003000 0.080902
v -0.066244 0.003000 0.063185
v -0.065878 0.003000 0.063820
v -0.065447 0.003000 0.064412
v -0.064957 0.003000 0.064957
v -0.064412 0.003000 0.065447
v -0.063820 0.003000 0.065878
v -0.063185 0.003000 0.066244
v -0.062516 0.003000 0.066542
v -0.061819 0.003000 0.066769
v -0.061102 0.003000 0.066921
v -0.060374 0.003000 0.066998
v -0.059641 0.003000 0.066998
v -0.058912 0.003000 0.066921
v -0.058195 0.003000 0.066769
v -0.050000 0.003000 0.086603
v -0.057499 0.003000 0.066542
v -0.056829 0.003000 0.066244
v -0.056195 0.003000 0.065878
v -0.055602 0.003000 0.065447
v -0.055057 0.003000 0.064957
v -0.054567 0.003000 0.064412
v -0.054136 0.003000 0.063820
v -0.053770 0.003000 0.063185
v -0.053472 0.003000 0.062516
v -0.053246 0.003000 0.061819
v -0.053093 0.003000 0.061102
v -0.053017 0.003000 0.060374
v -0.053017 0.003000 0.059641
v -0.051962 0.003000 0.030000
v -0.048541 0.003000 0.035267
v -0.040674 0.003000 0.091355
v -0.044589 0.003000 0.040148
v -0.040148 0.003000 0.044589
v -0.030902 0.003000 0.095106
v -0.035267 0.003000 0.048541
v -0.030000 0.003000 0.051962
v -0.020791 0.003000 0.097815
v -0.024404 0.003000 0.054813
v -0.018541 0.003000 0.057063
v -0.012475 0.003000 0.058689
v -0.006272 0.003000 0.059671
v -0.006962 0.003000 0.084268
v -0.006847 0.003000 0.083545
v -0.006657 0.003000 0.082837
v -0.006395 0.003000 0.082153
v -0.006062 0.003000 0.081500
v 0.000000 0.003000 0.060000
v -0.005663 0.003000 0.080886
v -0.005202 0.003000 0.080316
v -0.004684 0.003000 0.079798
v -0.004114 0.003000 0.079337
v -0.003500 0.003000 0.078938
v -0.002847 0.003000 0.078605
v -0.002163 0.003000 0.078343
v -0.001455 0.003000 0.078153
v -0.000732 0.003000 0.078038
v 0.000000 0.003000 0.078000
v 0.006272 0.003000 0.059671
v 0.000732 0.003000 0.078038
v 0.001455 0.003000 0.078153
v 0.002163 0.003000 0.078343
v 0.002847 0.003000 0.078605
v 0.003500 0.003000 0.078938
v 0.004115 0.003000 0.079337
v 0.004684 0.003000 0.079798
v 0.005202 0.003000 0.080316
v 0.005663 0.003000 0.080886
v 0.006062 0.003000 0.081500
v 0.006395 0.003000 0.082153
v 0.012475 0.003000 0.058689
v 0.006657 0.003000 0.082837
v 0.006847 0.003000 0.083545
v 0.006962 0.003000 0.084268
v 0.020791 0.003000 0.097815
v 0.018541 0.003000 0.057063
v 0.024404 0.003000 0.054813
v 0.030902 0.003000 0.095106
v 0.030000 0.003000 0.051962
v 0.035267 0.003000 0.048541
v 0.040674 0.003000 0.091355
v 0.040148 0.003000 0.044589
v 0.044589 0.003000 0.040148
v 0.050000 0.003000 0.086603
v 0.048541 0.003000 0.035267
v 0.053093 0.003000 0.061102
v 0.053246 0.003000 0.061819
v 0.058779 0.003000 0.080902
v 0.053472 0.003000 0.062516
v 0.053770 0.003000 0.063185
v 0.054136 0.003000 0.063820
v 0.054567 0.003000 0.064412
v 0.055057 0.003000 0.064957
v 0.055602 0.003000 0.065447
v 0.056195 0.003000 0.065878
v 0.056829 0.003000 0.066244
v 0.057499 0.003000 0.066542
v 0.058195 0.003000 0.066769
v 0.058912 0.003000 0.066921
v 0.066913 0.003000 0.074314
v 0.059641 0.003000 0.066998
v 0.060374 0.003000 0.066998
v 0.061102 0.003000 0.066921
v 0.061819 0.003000 0.066769
v 0.062516 0.003000 0.066542
v 0.063185 0.003000 0.066244
v 0.063820 0.003000 0.065878
v 0.064412 0.003000 0.065447
v 0.064957 0.003000 0.064957
v 0.065447 0.003000 0.064412
v 0.065878 0.003000 0.063820
v 0.066244 0.003000 0.063185
v 0.066542 0.003000 0.062516
v 0.066769 0.003000 0.061819
v 0.066921 0.003000 0.061102
v 0.070614 0.003000 0.070614
v 0.066998 0.003000 0.060374
v 0.066998 0.003000 0.059641
v 0.066998 0.003000 -0.059641
v 0.066998 0.003000 -0.060374
v -0.091355 0.003000 -0.040674
v -0.091962 0.003000 -0.000732
v -0.091847 0.003000 -0.001455
v -0.091657 0.003000 -0.002163
v -0.091395 0.003000 -0.002847
v -0.091062 0.003000 -0.003500
v -0.086603 0.003000 -0.050000
v -0.090663 0.003000 -0.004114
v -0.090202 0.003000 -0.004684
v -0.089684 0.003000 -0.005202
v -0.089114 0.003000 -0.005663
v -0.088500 0.003000 -0.006062
v -0.087847 0.003000 -0.006395
v -0.087163 0.003000 -0.006657
v -0.086455 0.003000 -0.006847
v -0.080902 0.003000 -0.058779
v -0.085732 0.003000 -0.006962
v -0.085000 0.003000 -0.007000
v -0.084268 0.003000 -0.006962
v -0.083545 0.003000 -0.006847
v -0.082837 0.003000 -0.006657
v -0.082153 0.003000 -0.006395
v -0.081500 0.003000 -0.006062
v -0.080885 0.003000 -0.005663
v -0.074314 0.003000 -0.066913
v -0.080316 0.003000 -0.005202
v -0.079798 0.003000 -0.004684
v -0.079337 0.003000 -0.004114
v -0.078938 0.003000 -0.003500
v -0.078605 0.003000 -0.002847
v -0.078343 0.003000 -0.002163
v -0.078153 0.003000 -0.001455
v -0.078038 0.003000 -0.000732
v -0.070614 0.003000 -0.070614
v -0.066913 0.003000 -0.074314
v -0.066969 0.003000 -0.060739
v -0.066854 0.003000 -0.061463
v -0.066665 0.003000 -0.062170
v -0.066402 0.003000 -0.062854
v -0.058779 0.003000 -0.080902
v -0.066069 0.003000 -0.063507
v -0.065670 0.003000 -0.064122
v -0.065209 0.003000 -0.064691
v -0.064950 0.003000 -0.064950
v -0.064691 0.003000 -0.065209
v -0.064122 0.003000 -0.065670
v -0.063507 0.003000 -0.066069
v -0.062854 0.003000 -0.066402
v -0.062170 0.003000 -0.066665
v -0.061463 0.003000 -0.066854
v -0.060739 0.003000 -0.066969
v -0.060007 0.003000 -0.067007
v -0.059275 0.003000 -0.066969
v -0.058552 0.003000 -0.066854
v -0.050000 0.003000 -0.086603
v -0.057844 0.003000 -0.066665
v -0.057160 0.003000 -0.066402
v -0.056507 0.003000 -0.066069
v -0.055893 0.003000 -0.065670
v -0.055323 0.003000 -0.065209
v -0.054805 0.003000 -0.064691
v -0.054344 0.003000 -0.064122
v -0.053945 0.003000 -0.063507
v -0.053612 0.003000 -0.062854
v -0.053350 0.003000 -0.062170
v -0.053160 0.003000 -0.061463
v -0.053046 0.003000 -0.060739
v -0.053007 0.003000 -0.060007
v -0.051962 0.003000 -0.030000
v -0.048541 0.003000 -0.035267
v -0.040674 0.003000 -0.091355
v -0.044589 0.003000 -0.040148
v -0.040148 0.003000 -0.044589
v -0.030902 0.003000 -0.095106
v -0.035267 0.003000 -0.048541
v -0.030000 0.003000 -0.051962
v -0.020791 0.003000 -0.097815
v -0.024404 0.003000 -0.054813
v -0.018541 0.003000 -0.057063
v -0.012475 0.003000 -0.058689
v -0.006272 0.003000 -0.059671
v -0.006962 0.003000 -0.084268
v -0.006847 0.003000 -0.083545
v -0.006657 0.003000 -0.082837
v -0.006395 0.003000 -0.082153
v -0.006062 0.003000 -0.081500
v 0.000000 0.003000 -0.060000
v -0.005663 0.003000 -0.080886
v -0.005202 0.003000 -0.080316
v -0.004684 0.003000 -0.079798
v -0.004114 0.003000 -0.079337
v -0.003500 0.003000 -0.078938
v -0.002847 0.003000 -0.078605
v -0.002163 0.003000 -0.078343
v -0.001455 0.003000 -0.078153
v -0.000732 0.003000 -0.078038
v 0.000000 0.003000 -0.078000
v 0.006272 0.003000 -0.059671
v 0.000732 0.003000 -0.078038
v 0.001455 0.003000 -0.078153
v 0.002163 0.003000 -0.078343
v 0.002847 0.003000 -0.078605
v 0.003500 0.003000 -0.078938
v 0.004115 0.003000 -0.079337
v 0.004684 0.003000 -0.079798
v 0.005202 0.003000 -0.080316
v 0.005663 0.003000 -0.080886
v 0.006062 0.003000 -0.081500
v 0.006395 0.003000 -0.082153
v 0.012475 0.003000 -0.058689
v 0.006657 0.003000 -0.082837
v 0.006847 0.003000 -0.083545
v 0.006962 0.003000 -0.084268
v 0.020791 0.003000 -0.097815
v 0.018541 0.003000 -0.057063
v 0.024404 0.003000 -0.054813
v 0.030902 0.003000 -0.095106
v 0.030000 0.003000 -0.051962
v 0.035267 0.003000 -0.048541
v 0.040674 0.003000 -0.091355
v 0.040148 0.003000 -0.044589
v 0.044589 0.003000 -0.040148
v 0.050000 0.003000 -0.086603
v 0.048541 0.003000 -0.035267
v 0.051962 0.003000 -0.030000
v 0.053017 0.003000 -0.060374
v 0.053093 0.003000 -0.061102
v 0.053246 0.003000 -0.061819
v 0.058779 0.003000 -0.080902
v 0.053017 0.003000 -0.059641
v 0.053472 0.003000 -0.062516
v 0.053770 0.003000 -0.063185
v 0.054136 0.003000 -0.063820
v 0.054567 0.003000 -0.064412
v 0.055057 0.003000 -0.064957
v 0.055602 0.003000 -0.065447
v 0.056195 0.003000 -0.065878
v 0.056829 0.003000 -0.066244
v 0.057499 0.003000 -0.066542
v 0.058195 0.003000 -0.066769
v 0.058912 0.003000 -0.066921
v 0.066913 0.003000 -0.074314
v 0.059641 0.003000 -0.066998
v 0.060374 0.003000 -0.066998
v 0.061102 0.003000 -0.066921
v 0.061819 0.003000 -0.066769
v 0.062516 0.003000 -0.066542
v 0.063185 0.003000 -0.066244
v 0.063820 0.003000 -0.065878
v 0.064412 0.003000 -0.065447
v 0.064957 0.003000 -0.064957
v 0.065447 0.003000 -0.064412
v 0.065878 0.003000 -0.063820
v 0.066244 0.003000 -0.063185
v 0.066542 0.003000 -0.062516
v 0.066769 0.003000 -0.061819
v 0.066921 0.003000 -0.061102
v 0.070614 0.003000 -0.070614
v 0.074314 0.003000 0.066913
v 0.074314 0.003000 -0.066913
v 0.080902 0.003000 0.058779
v 0.080902 0.003000 -0.058779
v 0.086603 0.003000 0.050000
v 0.086603 0.003000 -0.050000
v 0.091355 0.003000 0.040674
v 0.091355 0.003000 -0.040674
v 0.095106 0.003000 0.030902
v 0.095106 0.003000 -0.030902
v 0.097815 0.003000 0.020791
v 0.097815 0.003000 -0.020791
v 0.099452 0.003000 0.010453
v 0.099452 0.003000 -0.010453
v 0.100000 0.003000 0.000000
v 0.054813 0.003000 -0.024404
v 0.053093 0.003000 -0.058912
v 0.053246 0.003000 -0.058195
v 0.053472 0.003000 -0.057499
v 0.053770 0.003000 -0.056829
v 0.054136 0.003000 -0.056195
v 0.054567 0.003000 -0.055602
v 0.055057 0.003000 -0.055057
v 0.057063 0.003000 -0.018541
v 0.055602 0.003000 -0.054567
v 0.056195 0.003000 -0.054136
v 0.056829 0.003000 -0.053770
v 0.057499 0.003000 -0.053472
v 0.058689 0.003000 -0.012475
v 0.058195 0.003000 -0.053246
v 0.058912 0.003000 -0.053093
v 0.059671 0.003000 -0.006272
v 0.059641 0.003000 -0.053017
v 0.060374 0.003000 -0.053017
v 0.061102 0.003000 0.053093
v 0.061102 0.003000 -0.053093
v 0.061819 0.003000 0.053246
v 0.061819 0.003000 -0.053246
v 0.062516 0.003000 0.053472
v 0.062516 0.003000 -0.053472
v 0.063185 0.003000 0.053770
v 0.063185 0.003000 -0.053770
v 0.063820 0.003000 0.054136
v 0.063820 0.003000 -0.054136
v 0.064412 0.003000 0.054567
v 0.064412 0.003000 -0.054567
v 0.064957 0.003000 0.055057
v 0.064957 0.003000 -0.055057
v 0.065447 0.003000 0.055602
v 0.065447 0.003000 -0.055602
v 0.065878 0.003000 0.056195
v 0.065878 0.003000 -0.056195
v 0.066244 0.003000 0.056829
v 0.066244 0.003000 -0.056829
v 0.066542 0.003000 0.057499
v 0.066542 0.003000 -0.057499
v 0.066769 0.003000 0.058195
v 0.066769 0.003000 -0.058195
v 0.066921 0.003000 0.058912
v 0.066921 0.003000 -0.058912
v -0.060000 0.003000 0.000000
v -0.059275 0.003000 -0.053046
v -0.060007 0.003000 -0.053007
v -0.059671 0.003000 -0.006272
v -0.058689 0.003000 -0.012475
v -0.058552 0.003000 -0.053160
v -0.057063 0.003000 -0.018541
v -0.057844 0.003000 -0.053350
v -0.057160 0.003000 -0.053612
v -0.056507 0.003000 -0.053945
v -0.054813 0.003000 -0.024404
v -0.055893 0.003000 -0.054344
v -0.055323 0.003000 -0.054805
v -0.054805 0.003000 -0.055323
v -0.054344 0.003000 -0.055893
v -0.053945 0.003000 -0.056507
v -0.053612 0.003000 -0.057160
v -0.053350 0.003000 -0.057844
v -0.053160 0.003000 -0.058552
v -0.053046 0.003000 -0.059275
v -0.066998 0.003000 0.059641
v -0.066969 0.003000 -0.059275
v -0.066921 0.003000 0.058912
v -0.066854 0.003000 -0.058552
v -0.066769 0.003000 0.058195
v -0.066665 0.003000 -0.057844
v -0.066542 0.003000 0.057499
v -0.066402 0.003000 -0.057160
v -0.066244 0.003000 0.056829
v -0.066069 0.003000 -0.056507
v -0.065878 0.003000 0.056195
v -0.065670 0.003000 -0.055893
v -0.065447 0.003000 0.055602
v -0.065209 0.003000 -0.055323
v -0.064957 0.003000 0.055057
v -0.064691 0.003000 -0.054805
v -0.064412 0.003000 0.054567
v -0.064122 0.003000 -0.054344
v -0.063820 0.003000 0.054136
v -0.063507 0.003000 -0.053945
v -0.063185 0.003000 0.053770
v -0.062854 0.003000 -0.053612
v -0.062516 0.003000 0.053472
v -0.062170 0.003000 -0.053350
v -0.061819 0.003000 0.053246
v -0.061463 0.003000 -0.053160
v -0.061102 0.003000 0.053093
v -0.060739 0.003000 -0.053046
v -0.060374 0.003000 0.053017
v -0.059641 0.003000 0.053017
v -0.059671 0.003000 0.006272
v -0.058689 0.003000 0.012475
v -0.058912 0.003000 0.053093
v -0.058195 0.003000 0.053246
v -0.057063 0.003000 0.018541
v -0.057499 0.003000 0.053472
v -0.056829 0.003000 0.053770
v -0.054813 0.003000 0.024404
v -0.056195 0.003000 0.054136
v -0.055602 0.003000 0.054567
v -0.055057 0.003000 0.055057
v -0.054567 0.003000 0.055602
v -0.054136 0.003000 0.056195
v -0.053770 0.003000 0.056829
v -0.053472 0.003000 0.057499
v -0.053246 0.003000 0.058195
v -0.053093 0.003000 0.058912
v -0.091355 0.003000 0.040674
v -0.086603 0.000000 0.050000
v -0.086603 0.003000 0.050000
v -0.091355 0.000000 0.040674
v -0.080902 0.003000 0.058779
v -0.074314 0.000000 0.066913
v -0.074314 0.003000 0.066913
v -0.080902 0.000000 0.058779
v -0.097815 0.003000 0.020791
v -0.095106 0.000000 0.030902
v -0.095106 0.003000 0.030902
v -0.097815 0.000000 0.020791
v 0.040674 0.003000 0.091355
v 0.030902 0.000000 0.095106
v 0.040674 0.000000 0.091355
v 0.030902 0.003000 0.095106
v 0.095106 0.000000 0.030902
v 0.091355 0.003000 0.040674
v 0.091355 0.000000 0.040674
v 0.095106 0.003000 0.030902
v 0.030902 0.003000 0.095106
v 0.020791 0.000000 0.097815
v 0.030902 0.000000 0.095106
v 0.020791 0.003000 0.097815
v 0.091355 0.000000 0.040674
v 0.086603 0.003000 0.050000
v 0.086603 0.000000 0.050000
v 0.091355 0.003000 0.040674
v 0.058779 0.003000 -0.080902
v 0.066913 -0.000000 -0.074314
v 0.058779 -0.000000 -0.080902
v 0.066913 0.003000 -0.074314
v 0.040674 0.003000 -0.091355
v 0.050000 -0.000000 -0.086603
v 0.040674 -0.000000 -0.091355
v 0.050000 0.003000 -0.086603
v 0.100000 0.000000 0.000000
v 0.099452 0.003000 0.010453
v 0.099452 0.000000 0.010453
v 0.100000 0.003000 0.000000
v 0.086603 -0.000000 -0.050000
v 0.091355 0.003000 -0.040674
v 0.091355 -0.000000 -0.040674
v 0.086603 0.003000 -0.050000
v 0.050000 0.003000 -0.086603
v 0.058779 -0.000000 -0.080902
v 0.050000 -0.000000 -0.086603
v 0.058779 0.003000 -0.080902
v 0.066913 0.003000 0.074314
v 0.058779 0.000000 0.080902
v 0.066913 0.000000 0.074314
v 0.058779 0.003000 0.080902
v 0.091355 -0.000000 -0.040674
v 0.095106 0.003000 -0.030902
v 0.095106 -0.000000 -0.030902
v 0.091355 0.003000 -0.040674
v 0.080902 -0.000000 -0.058779
v 0.086603 0.003000 -0.050000
v 0.086603 -0.000000 -0.050000
v 0.080902 0.003000 -0.058779
v 0.030902 0.003000 -0.095106
v 0.040674 -0.000000 -0.091355
v 0.030902 -0.000000 -0.095106
v 0.040674 0.003000 -0.091355
v 0.099452 -0.000000 -0.010453
v 0.100000 0.003000 0.000000
v 0.100000 0.000000 0.000000
v 0.099452 0.003000 -0.010453
v 0.010453 0.003000 -0.099452
v 0.020791 -0.000000 -0.097815
v 0.010453 -0.000000 -0.099452
v 0.020791 0.003000 -0.097815
v 0.070614 0.003000 -0.070614
v 0.070614 -0.000000 -0.070614
v 0.000000 0.003000 -0.100000
v 0.010453 -0.000000 -0.099452
v 0.000000 -0.000000 -0.100000
v 0.010453 0.003000 -0.099452
v 0.020791 0.003000 0.097815
v 0.010453 0.000000 0.099452
v 0.020791 0.000000 0.097815
v 0.010453 0.003000 0.099452
v 0.074314 0.000000 0.066913
v 0.070614 0.003000 0.070614
v 0.070614 0.000000 0.070614
v 0.074314 0.003000 0.066913
v 0.080902 0.000000 0.058779
v 0.074314 0.003000 0.066913
v 0.074314 0.000000 0.066913
v 0.080902 0.003000 0.058779
v 0.086603 0.000000 0.050000
v 0.080902 0.003000 0.058779
v 0.080902 0.000000 0.058779
v 0.086603 0.003000 0.050000
v 0.099452 0.000000 0.010453
v 0.097815 0.003000 0.020791
v 0.097815 0.000000 0.020791
v 0.099452 0.003000 0.010453
v 0.095106 -0.000000 -0.030902
v 0.097815 0.003000 -0.020791
v 0.097815 -0.000000 -0.020791
v 0.095106 0.003000 -0.030902
v 0.074314 -0.000000 -0.066913
v 0.080902 0.003000 -0.058779
v 0.080902 -0.000000 -0.058779
v 0.074314 0.003000 -0.066913
v 0.070614 0.000000 0.070614
v 0.070614 0.003000 0.070614
v 0.020791 0.003000 -0.097815
v 0.030902 -0.000000 -0.095106
v 0.020791 -0.000000 -0.097815
v 0.030902 0.003000 -0.095106
v -0.010453 0.003000 -0.099452
v 0.000000 -0.000000 -0.100000
v -0.010453 -0.000000 -0.099452
v 0.000000 0.003000 -0.100000
v 0.097815 -0.000000 -0.020791
v 0.099452 0.003000 -0.010453
v 0.099452 -0.000000 -0.010453
v 0.097815 0.003000 -0.020791
v 0.050000 0.003000 0.086603
v 0.040674 0.000000 0.091355
v 0.050000 0.000000 0.086603
v 0.040674 0.003000 0.091355
v 0.097815 0.000000 0.020791
v 0.095106 0.003000 0.030902
v 0.095106 0.000000 0.030902
v 0.097815 0.003000 0.020791
v 0.070614 -0.000000 -0.070614
v 0.074314 0.003000 -0.066913
v 0.074314 -0.000000 -0.066913
v 0.070614 0.003000 -0.070614
v 0.058779 0.003000 0.080902
v 0.050000 0.000000 0.086603
v 0.058779 0.000000 0.080902
v 0.050000 0.003000 0.086603
v 0.044589 0.003000 -0.040148
v 0.048541 -0.000000 -0.035267
v 0.048541 0.003000 -0.035267
v 0.044589 -0.000000 -0.040148
v -0.012475 0.003000 -0.058689
v -0.018541 -0.000000 -0.057063
v -0.012475 -0.000000 -0.058689
v -0.018541 0.003000 -0.057063
v -0.086603 0.003000 -0.050000
v -0.091355 -0.000000 -0.040674
v -0.091355 0.003000 -0.040674
v -0.086603 -0.000000 -0.050000
v 0.006272 0.003000 -0.059671
v 0.000000 -0.000000 -0.060000
v 0.006272 -0.000000 -0.059671
v 0.000000 0.003000 -0.060000
v 0.048541 0.003000 -0.035267
v 0.051962 -0.000000 -0.030000
v 0.051962 0.003000 -0.030000
v 0.048541 -0.000000 -0.035267
v 0.051962 0.003000 -0.030000
v 0.054813 -0.000000 -0.024404
v 0.054813 0.003000 -0.024404
v 0.051962 -0.000000 -0.030000
v 0.024404 0.003000 -0.054813
v 0.018541 -0.000000 -0.057063
v 0.024404 -0.000000 -0.054813
v 0.018541 0.003000 -0.057063
v -0.074314 0.003000 -0.066913
v -0.080902 -0.000000 -0.058779
v -0.080902 0.003000 -0.058779
v -0.074314 -0.000000 -0.066913
v 0.012475 0.003000 -0.058689
v 0.006272 -0.000000 -0.059671
v 0.012475 -0.000000 -0.058689
v 0.006272 0.003000 -0.059671
v 0.054813 0.003000 -0.024404
v 0.057063 -0.000000 -0.018541
v 0.057063 0.003000 -0.018541
v 0.054813 -0.000000 -0.024404
v -0.020791 0.003000 -0.097815
v -0.010453 -0.000000 -0.099452
v -0.020791 -0.000000 -0.097815
v -0.010453 0.003000 -0.099452
v 0.057063 0.003000 -0.018541
v 0.058689 -0.000000 -0.012475
v 0.058689 0.003000 -0.012475
v 0.057063 -0.000000 -0.018541
v -0.018541 0.003000 -0.057063
v -0.024404 -0.000000 -0.054813
v -0.018541 -0.000000 -0.057063
v -0.024404 0.003000 -0.054813
v -0.006272 0.003000 -0.059671
v -0.012475 -0.000000 -0.058689
v -0.006272 -0.000000 -0.059671
v -0.012475 0.003000 -0.058689
v -0.066913 0.003000 -0.074314
v -0.058779 -0.000000 -0.080902
v -0.066913 -0.000000 -0.074314
v -0.058779 0.003000 -0.080902
v -0.091355 0.003000 -0.040674
v -0.095106 -0.000000 -0.030902
v -0.095106 0.003000 -0.030902
v -0.091355 -0.000000 -0.040674
v -0.024404 0.003000 -0.054813
v -0.030000 -0.000000 -0.051962
v -0.024404 -0.000000 -0.054813
v -0.030000 0.003000 -0.051962
v -0.080902 0.003000 -0.058779
v -0.086603 -0.000000 -0.050000
v -0.086603 0.003000 -0.050000
v -0.080902 -0.000000 -0.058779
v -0.058779 0.003000 -0.080902
v -0.050000 -0.000000 -0.086603
v -0.058779 -0.000000 -0.080902
v -0.050000 0.003000 -0.086603
v -0.030902 0.003000 -0.095106
v -0.020791 -0.000000 -0.097815
v -0.030902 -0.000000 -0.095106
v -0.020791 0.003000 -0.097815
v -0.040674 0.003000 -0.091355
v -0.030902 -0.000000 -0.095106
v -0.040674 -0.000000 -0.091355
v -0.030902 0.003000 -0.095106
v -0.050000 0.003000 -0.086603
v -0.040674 -0.000000 -0.091355
v -0.050000 -0.000000 -0.086603
v -0.040674 0.003000 -0.091355
v -0.095106 0.003000 -0.030902
v -0.097815 -0.000000 -0.020791
v -0.097815 0.003000 -0.020791
v -0.095106 -0.000000 -0.030902
v -0.097815 0.003000 -0.020791
v -0.099452 -0.000000 -0.010453
v -0.099452 0.003000 -0.010453
v -0.097815 -0.000000 -0.020791
v 0.000000 0.003000 -0.060000
v -0.006272 -0.000000 -0.059671
v 0.000000 -0.000000 -0.060000
v -0.006272 0.003000 -0.059671
v 0.035267 0.003000 -0.048541
v 0.030000 -0.000000 -0.051962
v 0.035267 -0.000000 -0.048541
v 0.030000 0.003000 -0.051962
v 0.040148 0.003000 -0.044589
v 0.035267 -0.000000 -0.048541
v 0.040148 -0.000000 -0.044589
v 0.035267 0.003000 -0.048541
v -0.070614 0.003000 -0.070614
v -0.070614 -0.000000 -0.070614
v 0.018541 0.003000 -0.057063
v 0.012475 -0.000000 -0.058689
v 0.018541 -0.000000 -0.057063
v 0.012475 0.003000 -0.058689
v 0.030000 0.003000 -0.051962
v 0.024404 -0.000000 -0.054813
v 0.030000 -0.000000 -0.051962
v 0.024404 0.003000 -0.054813
v 0.040148 0.003000 -0.044589
v 0.044589 -0.000000 -0.040148
v 0.044589 0.003000 -0.040148
v 0.040148 -0.000000 -0.044589
v -0.070614 0.003000 -0.070614
v -0.074314 -0.000000 -0.066913
v -0.074314 0.003000 -0.066913
v -0.070614 -0.000000 -0.070614
v -0.040148 0.003000 0.044589
v -0.035267 0.000000 0.048541
v -0.040148 0.000000 0.044589
v -0.035267 0.003000 0.048541
v 0.024404 0.003000 0.054813
v 0.030000 0.000000 0.051962
v 0.024404 0.000000 0.054813
v 0.030000 0.003000 0.051962
v -0.054813 0.000000 0.024404
v -0.051962 0.003000 0.030000
v -0.051962 0.000000 0.030000
v -0.054813 0.003000 0.024404
v 0.060000 0.003000 0.000000
v 0.059671 0.000000 0.006272
v 0.059671 0.003000 0.006272
v 0.060000 0.000000 0.000000
v 0.012475 0.003000 0.058689
v 0.018541 0.000000 0.057063
v 0.012475 0.000000 0.058689
v 0.018541 0.003000 0.057063
v -0.059671 0.000000 0.006272
v -0.058689 0.003000 0.012475
v -0.058689 0.000000 0.012475
v -0.059671 0.003000 0.006272
v -0.035267 0.003000 0.048541
v -0.030000 0.000000 0.051962
v -0.035267 0.000000 0.048541
v -0.030000 0.003000 0.051962
v 0.058689 0.003000 -0.012475
v 0.059671 -0.000000 -0.006272
v 0.059671 0.003000 -0.006272
v 0.058689 -0.000000 -0.012475
v 0.059671 0.003000 -0.006272
v 0.060000 0.000000 0.000000
v 0.060000 0.003000 0.000000
v 0.059671 -0.000000 -0.006272
v 0.018541 0.003000 0.057063
v 0.024404 0.000000 0.054813
v 0.018541 0.000000 0.057063
v 0.024404 0.003000 0.054813
v -0.048541 0.000000 0.035267
v -0.044589 0.003000 0.040148
v -0.044589 0.000000 0.040148
v -0.048541 0.003000 0.035267
v -0.058689 0.000000 0.012475
v -0.057063 0.003000 0.018541
v -0.057063 0.000000 0.018541
v -0.058689 0.003000 0.012475
v -0.006272 0.003000 0.059671
v 0.000000 0.000000 0.060000
v -0.006272 0.000000 0.059671
v 0.000000 0.003000 0.060000
v 0.051962 0.003000 0.030000
v 0.048541 0.000000 0.035267
v 0.048541 0.003000 0.035267
v 0.051962 0.000000 0.030000
v 0.030000 0.003000 0.051962
v 0.035267 0.000000 0.048541
v 0.030000 0.000000 0.051962
v 0.035267 0.003000 0.048541
v -0.060000 0.000000 0.000000
v -0.059671 0.003000 0.006272
v -0.059671 0.000000 0.006272
v -0.060000 0.003000 0.000000
v 0.000000 0.003000 0.060000
v 0.006272 0.000000 0.059671
v 0.000000 0.000000 0.060000
v 0.006272 0.003000 0.059671
v 0.059671 0.003000 0.006272
v 0.058689 0.000000 0.012475
v 0.058689 0.003000 0.012475
v 0.059671 0.000000 0.006272
v 0.054813 0.003000 0.024404
v 0.051962 0.000000 0.030000
v 0.051962 0.003000 0.030000
v 0.054813 0.000000 0.024404
v 0.057063 0.003000 0.018541
v 0.054813 0.000000 0.024404
v 0.054813 0.003000 0.024404
v 0.057063 0.000000 0.018541
v 0.040148 0.003000 0.044589
v 0.044589 0.000000 0.040148
v 0.040148 0.000000 0.044589
v 0.044589 0.003000 0.040148
v -0.012475 0.003000 0.058689
v -0.006272 0.000000 0.059671
v -0.012475 0.000000 0.058689
v -0.006272 0.003000 0.059671
v 0.058689 0.003000 0.012475
v 0.057063 0.000000 0.018541
v 0.057063 0.003000 0.018541
v 0.058689 0.000000 0.012475
v 0.048541 0.003000 0.035267
v 0.044589 0.000000 0.040148
v 0.044589 0.003000 0.040148
v 0.048541 0.000000 0.035267
v -0.044589 0.000000 0.040148
v -0.040148 0.003000 0.044589
v -0.040148 0.000000 0.044589
v -0.044589 0.003000 0.040148
v -0.024404 0.003000 0.054813
v -0.018541 0.000000 0.057063
v -0.024404 0.000000 0.054813
v -0.018541 0.003000 0.057063
v 0.035267 0.003000 0.048541
v 0.040148 0.000000 0.044589
v 0.035267 0.000000 0.048541
v 0.040148 0.003000 0.044589
v -0.018541 0.003000 0.057063
v -0.012475 0.000000 0.058689
v -0.018541 0.000000 0.057063
v -0.012475 0.003000 0.058689
v 0.006272 0.003000 0.059671
v 0.012475 0.000000 0.058689
v 0.006272 0.000000 0.059671
v 0.012475 0.003000 0.058689
v -0.030000 0.003000 0.051962
v -0.024404 0.000000 0.054813
v -0.030000 0.000000 0.051962
v -0.024404 0.003000 0.054813
v -0.051962 0.000000 0.030000
v -0.048541 0.003000 0.035267
v -0.048541 0.000000 0.035267
v -0.051962 0.003000 0.030000
v -0.057063 0.000000 0.018541
v -0.054813 0.003000 0.024404
v -0.054813 0.000000 0.024404
v -0.057063 0.003000 0.018541
v -0.060007 0.003000 -0.067007
v -0.060739 -0.000000 -0.066969
v -0.060007 -0.000000 -0.067007
v -0.060739 0.003000 -0.066969
v -0.053945 0.003000 -0.063507
v -0.053612 -0.000000 -0.062854
v -0.053612 0.003000 -0.062854
v -0.053945 -0.000000 -0.063507
v -0.053350 0.003000 -0.062170
v -0.053160 -0.000000 -0.061463
v -0.053160 0.003000 -0.061463
v -0.053350 -0.000000 -0.062170
v -0.064122 0.003000 -0.065670
v -0.064691 -0.000000 -0.065209
v -0.064122 -0.000000 -0.065670
v -0.064691 0.003000 -0.065209
v -0.059671 -0.000000 -0.006272
v -0.060000 0.003000 0.000000
v -0.060000 0.000000 0.000000
v -0.059671 0.003000 -0.006272
v -0.055323 0.003000 -0.065209
v -0.055893 -0.000000 -0.065670
v -0.055323 -0.000000 -0.065209
v -0.055893 0.003000 -0.065670
v -0.064950 -0.000000 -0.064950
v -0.065209 0.003000 -0.064691
v -0.065209 -0.000000 -0.064691
v -0.064950 0.003000 -0.064950
v -0.053612 0.003000 -0.062854
v -0.053350 -0.000000 -0.062170
v -0.053350 0.003000 -0.062170
v -0.053612 -0.000000 -0.062854
v -0.054813 -0.000000 -0.024404
v -0.057063 0.003000 -0.018541
v -0.057063 -0.000000 -0.018541
v -0.054813 0.003000 -0.024404
v -0.058689 -0.000000 -0.012475
v -0.059671 0.003000 -0.006272
v -0.059671 -0.000000 -0.006272
v -0.058689 0.003000 -0.012475
v -0.057063 -0.000000 -0.018541
v -0.058689 0.003000 -0.012475
v -0.058689 -0.000000 -0.012475
v -0.057063 0.003000 -0.018541
v -0.064950 0.003000 -0.064950
v -0.064950 -0.000000 -0.064950
v -0.059275 0.003000 -0.066969
v -0.060007 -0.000000 -0.067007
v -0.059275 -0.000000 -0.066969
v -0.060007 0.003000 -0.067007
v -0.030000 0.003000 -0.051962
v -0.035267 -0.000000 -0.048541
v -0.030000 -0.000000 -0.051962
v -0.035267 0.003000 -0.048541
v -0.058552 0.003000 -0.066854
v -0.059275 -0.000000 -0.066969
v -0.058552 -0.000000 -0.066854
v -0.059275 0.003000 -0.066969
v -0.048541 -0.000000 -0.035267
v -0.051962 0.003000 -0.030000
v -0.051962 -0.000000 -0.030000
v -0.048541 0.003000 -0.035267
v -0.044589 -0.000000 -0.040148
v -0.048541 0.003000 -0.035267
v -0.048541 -0.000000 -0.035267
v -0.044589 0.003000 -0.040148
v -0.055893 0.003000 -0.065670
v -0.056507 -0.000000 -0.066069
v -0.055893 -0.000000 -0.065670
v -0.056507 0.003000 -0.066069
v -0.035267 0.003000 -0.048541
v -0.040148 -0.000000 -0.044589
v -0.035267 -0.000000 -0.048541
v -0.040148 0.003000 -0.044589
v -0.057844 0.003000 -0.066665
v -0.058552 -0.000000 -0.066854
v -0.057844 -0.000000 -0.066665
v -0.058552 0.003000 -0.066854
v -0.054805 0.003000 -0.064691
v -0.054344 -0.000000 -0.064122
v -0.054344 0.003000 -0.064122
v -0.054805 -0.000000 -0.064691
v -0.062854 0.003000 -0.066402
v -0.063507 -0.000000 -0.066069
v -0.062854 -0.000000 -0.066402
v -0.063507 0.003000 -0.066069
v -0.040148 -0.000000 -0.044589
v -0.044589 0.003000 -0.040148
v -0.044589 -0.000000 -0.040148
v -0.040148 0.003000 -0.044589
v -0.056507 0.003000 -0.066069
v -0.057160 -0.000000 -0.066402
v -0.056507 -0.000000 -0.066069
v -0.057160 0.003000 -0.066402
v -0.063507 0.003000 -0.066069
v -0.064122 -0.000000 -0.065670
v -0.063507 -0.000000 -0.066069
v -0.064122 0.003000 -0.065670
v -0.062170 0.003000 -0.066665
v -0.062854 -0.000000 -0.066402
v -0.062170 -0.000000 -0.066665
v -0.062854 0.003000 -0.066402
v -0.061463 0.003000 -0.066854
v -0.062170 -0.000000 -0.066665
v -0.061463 -0.000000 -0.066854
v -0.062170 0.003000 -0.066665
v -0.054805 -0.000000 -0.064691
v -0.054805 0.003000 -0.064691
v -0.054344 0.003000 -0.064122
v -0.053945 -0.000000 -0.063507
v -0.053945 0.003000 -0.063507
v -0.054344 -0.000000 -0.064122
v -0.060739 0.003000 -0.066969
v -0.061463 -0.000000 -0.066854
v -0.060739 -0.000000 -0.066969
v -0.061463 0.003000 -0.066854
v -0.057160 0.003000 -0.066402
v -0.057844 -0.000000 -0.066665
v -0.057160 -0.000000 -0.066402
v -0.057844 0.003000 -0.066665
v -0.051962 -0.000000 -0.030000
v -0.054813 0.003000 -0.024404
v -0.054813 -0.000000 -0.024404
v -0.051962 0.003000 -0.030000
v -0.053160 0.003000 -0.058552
v -0.053350 -0.000000 -0.057844
v -0.053350 0.003000 -0.057844
v -0.053160 -0.000000 -0.058552
v -0.054805 0.003000 -0.055323
v -0.054805 -0.000000 -0.055323
v -0.053046 0.003000 -0.059275
v -0.053160 -0.000000 -0.058552
v -0.053160 0.003000 -0.058552
v -0.053046 -0.000000 -0.059275
v -0.065670 -0.000000 -0.055893
v -0.065209 0.003000 -0.055323
v -0.065209 -0.000000 -0.055323
v -0.065670 0.003000 -0.055893
v -0.066402 -0.000000 -0.057160
v -0.066069 0.003000 -0.056507
v -0.066069 -0.000000 -0.056507
v -0.066402 0.003000 -0.057160
v -0.059275 0.003000 -0.053046
v -0.058552 -0.000000 -0.053160
v -0.059275 -0.000000 -0.053046
v -0.058552 0.003000 -0.053160
v -0.066069 -0.000000 -0.056507
v -0.065670 0.003000 -0.055893
v -0.065670 -0.000000 -0.055893
v -0.066069 0.003000 -0.056507
v -0.066665 -0.000000 -0.057844
v -0.066402 0.003000 -0.057160
v -0.066402 -0.000000 -0.057160
v -0.066665 0.003000 -0.057844
v -0.063507 0.003000 -0.053945
v -0.062854 -0.000000 -0.053612
v -0.063507 -0.000000 -0.053945
v -0.062854 0.003000 -0.053612
v -0.060739 0.003000 -0.053046
v -0.060007 -0.000000 -0.053007
v -0.060739 -0.000000 -0.053046
v -0.060007 0.003000 -0.053007
v -0.066854 -0.000000 -0.058552
v -0.066665 0.003000 -0.057844
v -0.066665 -0.000000 -0.057844
v -0.066854 0.003000 -0.058552
v -0.055893 0.003000 -0.054344
v -0.055323 -0.000000 -0.054805
v -0.055893 -0.000000 -0.054344
v -0.055323 0.003000 -0.054805
v -0.061463 0.003000 -0.053160
v -0.060739 -0.000000 -0.053046
v -0.061463 -0.000000 -0.053160
v -0.060739 0.003000 -0.053046
v -0.066969 -0.000000 -0.059275
v -0.066854 0.003000 -0.058552
v -0.066854 -0.000000 -0.058552
v -0.066969 0.003000 -0.059275
v -0.067007 -0.000000 -0.060007
v -0.066969 0.003000 -0.059275
v -0.066969 -0.000000 -0.059275
v -0.067007 0.003000 -0.060007
v -0.053945 0.003000 -0.056507
v -0.054344 -0.000000 -0.055893
v -0.054344 0.003000 -0.055893
v -0.053945 -0.000000 -0.056507
v -0.056507 0.003000 -0.053945
v -0.055893 -0.000000 -0.054344
v -0.056507 -0.000000 -0.053945
v -0.055893 0.003000 -0.054344
v -0.053612 0.003000 -0.057160
v -0.053945 -0.000000 -0.056507
v -0.053945 0.003000 -0.056507
v -0.053612 -0.000000 -0.057160
v -0.057844 0.003000 -0.053350
v -0.057160 -0.000000 -0.053612
v -0.057844 -0.000000 -0.053350
v -0.057160 0.003000 -0.053612
v -0.058552 0.003000 -0.053160
v -0.057844 -0.000000 -0.053350
v -0.058552 -0.000000 -0.053160
v -0.057844 0.003000 -0.053350
v -0.053160 0.003000 -0.061463
v -0.053046 -0.000000 -0.060739
v -0.053046 0.003000 -0.060739
v -0.053160 -0.000000 -0.061463
v -0.053046 0.003000 -0.060739
v -0.053007 -0.000000 -0.060007
v -0.053007 0.003000 -0.060007
v -0.053046 -0.000000 -0.060739
v -0.053007 0.003000 -0.060007
v -0.053046 -0.000000 -0.059275
v -0.053046 0.003000 -0.059275
v -0.053007 -0.000000 -0.060007
v -0.057160 0.003000 -0.053612
v -0.056507 -0.000000 -0.053945
v -0.057160 -0.000000 -0.053612
v -0.056507 0.003000 -0.053945
v -0.060007 0.003000 -0.053007
v -0.059275 -0.000000 -0.053046
v -0.060007 -0.000000 -0.053007
v -0.059275 0.003000 -0.053046
v -0.062170 0.003000 -0.053350
v -0.061463 -0.000000 -0.053160
v -0.062170 -0.000000 -0.053350
v -0.061463 0.003000 -0.053160
v -0.053350 0.003000 -0.057844
v -0.053612 -0.000000 -0.057160
v -0.053612 0.003000 -0.057160
v -0.053350 -0.000000 -0.057844
v -0.064691 0.003000 -0.054805
v -0.064122 -0.000000 -0.054344
v -0.064691 -0.000000 -0.054805
v -0.064122 0.003000 -0.054344
v -0.054344 0.003000 -0.055893
v -0.054805 -0.000000 -0.055323
v -0.054805 0.003000 -0.055323
v -0.054344 -0.000000 -0.055893
v -0.064122 0.003000 -0.054344
v -0.063507 -0.000000 -0.053945
v -0.064122 -0.000000 -0.054344
v -0.063507 0.003000 -0.053945
v -0.065209 0.003000 -0.055323
v -0.065209 -0.000000 -0.055323
v -0.062854 0.003000 -0.053612
v -0.062170 -0.000000 -0.053350
v -0.062854 -0.000000 -0.053612
v -0.062170 0.003000 -0.053350
v 0.063820 0.003000 0.065878
v 0.064412 0.000000 0.065447
v 0.063820 0.000000 0.065878
v 0.064412 0.003000 0.065447
v -0.066069 -0.000000 -0.063507
v -0.066402 0.003000 -0.062854
v -0.066402 -0.000000 -0.062854
v -0.066069 0.003000 -0.063507
v -0.066969 -0.000000 -0.060739
v -0.067007 0.003000 -0.060007
v -0.067007 -0.000000 -0.060007
v -0.066969 0.003000 -0.060739
v -0.065670 -0.000000 -0.064122
v -0.066069 0.003000 -0.063507
v -0.066069 -0.000000 -0.063507
v -0.065670 0.003000 -0.064122
v 0.063185 0.003000 0.066244
v 0.063820 0.000000 0.065878
v 0.063185 0.000000 0.066244
v 0.063820 0.003000 0.065878
v 0.062516 0.003000 0.066542
v 0.063185 0.000000 0.066244
v 0.062516 0.000000 0.066542
v 0.063185 0.003000 0.066244
v 0.064957 0.000000 0.064957
v 0.064957 0.003000 0.064957
v 0.065447 0.003000 0.064412
v 0.064957 0.000000 0.064957
v 0.064957 0.003000 0.064957
v 0.065447 0.000000 0.064412
v 0.061819 0.003000 0.066769
v 0.062516 0.000000 0.066542
v 0.061819 0.000000 0.066769
v 0.062516 0.003000 0.066542
v 0.058912 0.003000 0.066921
v 0.059641 0.000000 0.066998
v 0.058912 0.000000 0.066921
v 0.059641 0.003000 0.066998
v 0.060374 0.003000 0.066998
v 0.061102 0.000000 0.066921
v 0.060374 0.000000 0.066998
v 0.061102 0.003000 0.066921
v 0.061102 0.003000 0.066921
v 0.061819 0.000000 0.066769
v 0.061102 0.000000 0.066921
v 0.061819 0.003000 0.066769
v 0.058195 0.003000 0.066769
v 0.058912 0.000000 0.066921
v 0.058195 0.000000 0.066769
v 0.058912 0.003000 0.066921
v -0.066854 -0.000000 -0.061463
v -0.066969 0.003000 -0.060739
v -0.066969 -0.000000 -0.060739
v -0.066854 0.003000 -0.061463
v -0.065209 -0.000000 -0.064691
v -0.065670 0.003000 -0.064122
v -0.065670 -0.000000 -0.064122
v -0.065209 0.003000 -0.064691
v 0.059641 0.003000 0.066998
v 0.060374 0.000000 0.066998
v 0.059641 0.000000 0.066998
v 0.060374 0.003000 0.066998
v 0.057499 0.003000 0.066542
v 0.058195 0.000000 0.066769
v 0.057499 0.000000 0.066542
v 0.058195 0.003000 0.066769
v -0.066665 -0.000000 -0.062170
v -0.066854 0.003000 -0.061463
v -0.066854 -0.000000 -0.061463
v -0.066665 0.003000 -0.062170
v 0.056829 0.003000 0.066244
v 0.057499 0.000000 0.066542
v 0.056829 0.000000 0.066244
v 0.057499 0.003000 0.066542
v -0.066402 -0.000000 -0.062854
v -0.066665 0.003000 -0.062170
v -0.066665 -0.000000 -0.062170
v -0.066402 0.003000 -0.062854
v 0.066998 0.003000 -0.060374
v 0.066998 -0.000000 -0.059641
v 0.066998 0.003000 -0.059641
v 0.066998 -0.000000 -0.060374
v 0.066542 0.003000 -0.057499
v 0.066244 -0.000000 -0.056829
v 0.066244 0.003000 -0.056829
v 0.066542 -0.000000 -0.057499
v 0.066244 0.003000 -0.056829
v 0.065878 -0.000000 -0.056195
v 0.065878 0.003000 -0.056195
v 0.066244 -0.000000 -0.056829
v 0.066998 0.003000 0.059641
v 0.066998 0.000000 0.060374
v 0.066998 0.003000 0.060374
v 0.066998 0.000000 0.059641
v 0.066244 0.003000 -0.063185
v 0.066542 -0.000000 -0.062516
v 0.066542 0.003000 -0.062516
v 0.066244 -0.000000 -0.063185
v 0.065878 0.003000 0.056195
v 0.066244 0.000000 0.056829
v 0.066244 0.003000 0.056829
v 0.065878 0.000000 0.056195
v 0.065878 0.003000 -0.056195
v 0.065447 -0.000000 -0.055602
v 0.065447 0.003000 -0.055602
v 0.065878 -0.000000 -0.056195
v 0.065447 0.003000 0.055602
v 0.065878 0.000000 0.056195
v 0.065878 0.003000 0.056195
v 0.065447 0.000000 0.055602
v 0.066921 0.003000 -0.061102
v 0.066998 -0.000000 -0.060374
v 0.066998 0.003000 -0.060374
v 0.066921 -0.000000 -0.061102
v 0.066769 0.003000 -0.058195
v 0.066542 -0.000000 -0.057499
v 0.066542 0.003000 -0.057499
v 0.066769 -0.000000 -0.058195
v 0.066542 0.003000 0.057499
v 0.066769 0.000000 0.058195
v 0.066769 0.003000 0.058195
v 0.066542 0.000000 0.057499
v 0.066769 0.003000 0.058195
v 0.066921 0.000000 0.058912
v 0.066921 0.003000 0.058912
v 0.066769 0.000000 0.058195
v 0.066769 0.003000 0.061819
v 0.066542 0.000000 0.062516
v 0.066542 0.003000 0.062516
v 0.066769 0.000000 0.061819
v 0.064957 0.003000 0.055057
v 0.064957 0.000000 0.055057
v 0.065878 0.003000 0.063820
v 0.065447 0.000000 0.064412
v 0.065447 0.003000 0.064412
v 0.065878 0.000000 0.063820
v 0.065447 0.003000 -0.055602
v 0.064957 -0.000000 -0.055057
v 0.064957 0.003000 -0.055057
v 0.065447 -0.000000 -0.055602
v 0.066921 0.003000 0.058912
v 0.066998 0.000000 0.059641
v 0.066998 0.003000 0.059641
v 0.066921 0.000000 0.058912
v 0.065878 0.003000 -0.063820
v 0.066244 -0.000000 -0.063185
v 0.066244 0.003000 -0.063185
v 0.065878 -0.000000 -0.063820
v 0.066542 0.003000 0.062516
v 0.066244 0.000000 0.063185
v 0.066244 0.003000 0.063185
v 0.066542 0.000000 0.062516
v 0.066244 0.003000 0.063185
v 0.065878 0.000000 0.063820
v 0.065878 0.003000 0.063820
v 0.066244 0.000000 0.063185
v 0.064957 0.003000 -0.064957
v 0.065447 -0.000000 -0.064412
v 0.065447 0.003000 -0.064412
v 0.064957 -0.000000 -0.064957
v 0.064957 -0.000000 -0.055057
v 0.064957 0.003000 -0.055057
v 0.066244 0.003000 0.056829
v 0.066542 0.000000 0.057499
v 0.066542 0.003000 0.057499
v 0.066244 0.000000 0.056829
v 0.066998 0.003000 -0.059641
v 0.066921 -0.000000 -0.058912
v 0.066921 0.003000 -0.058912
v 0.066998 -0.000000 -0.059641
v 0.066921 0.003000 -0.058912
v 0.066769 -0.000000 -0.058195
v 0.066769 0.003000 -0.058195
v 0.066921 -0.000000 -0.058912
v 0.064957 0.003000 0.055057
v 0.065447 0.000000 0.055602
v 0.065447 0.003000 0.055602
v 0.064957 0.000000 0.055057
v 0.066998 0.003000 0.060374
v 0.066921 0.000000 0.061102
v 0.066921 0.003000 0.061102
v 0.066998 0.000000 0.060374
v 0.066921 0.003000 0.061102
v 0.066769 0.000000 0.061819
v 0.066769 0.003000 0.061819
v 0.066921 0.000000 0.061102
v 0.064957 0.003000 -0.064957
v 0.064957 -0.000000 -0.064957
v 0.066542 0.003000 -0.062516
v 0.066769 -0.000000 -0.061819
v 0.066769 0.003000 -0.061819
v 0.066542 -0.000000 -0.062516
v 0.065447 0.003000 -0.064412
v 0.065878 -0.000000 -0.063820
v 0.065878 0.003000 -0.063820
v 0.065447 -0.000000 -0.064412
v 0.066769 0.003000 -0.061819
v 0.066921 -0.000000 -0.061102
v 0.066921 0.003000 -0.061102
v 0.066769 -0.000000 -0.061819
v 0.055057 0.003000 -0.055057
v 0.055057 -0.000000 -0.055057
v 0.053246 -0.000000 -0.058195
v 0.053472 0.003000 -0.057499
v 0.053472 -0.000000 -0.057499
v 0.053246 0.003000 -0.058195
v 0.055057 -0.000000 -0.064957
v 0.054567 0.003000 -0.064412
v 0.054567 -0.000000 -0.064412
v 0.055057 0.003000 -0.064957
v 0.054567 -0.000000 -0.055602
v 0.055057 0.003000 -0.055057
v 0.055057 -0.000000 -0.055057
v 0.054567 0.003000 -0.055602
v 0.059641 0.003000 -0.053017
v 0.060374 -0.000000 -0.053017
v 0.059641 -0.000000 -0.053017
v 0.060374 0.003000 -0.053017
v 0.054136 -0.000000 -0.056195
v 0.054567 0.003000 -0.055602
v 0.054567 -0.000000 -0.055602
v 0.054136 0.003000 -0.056195
v 0.054567 -0.000000 -0.064412
v 0.054136 0.003000 -0.063820
v 0.054136 -0.000000 -0.063820
v 0.054567 0.003000 -0.064412
v 0.053246 -0.000000 -0.061819
v 0.053093 0.003000 -0.061102
v 0.053093 -0.000000 -0.061102
v 0.053246 0.003000 -0.061819
v 0.053093 -0.000000 -0.058912
v 0.053246 0.003000 -0.058195
v 0.053246 -0.000000 -0.058195
v 0.053093 0.003000 -0.058912
v 0.056195 0.003000 -0.054136
v 0.056829 -0.000000 -0.053770
v 0.056195 -0.000000 -0.054136
v 0.056829 0.003000 -0.053770
v 0.054136 -0.000000 -0.063820
v 0.053770 0.003000 -0.063185
v 0.053770 -0.000000 -0.063185
v 0.054136 0.003000 -0.063820
v 0.055057 -0.000000 -0.064957
v 0.055057 0.003000 -0.064957
v 0.056195 0.003000 -0.065878
v 0.055602 -0.000000 -0.065447
v 0.056195 -0.000000 -0.065878
v 0.055602 0.003000 -0.065447
v 0.056829 0.003000 -0.066244
v 0.056195 -0.000000 -0.065878
v 0.056829 -0.000000 -0.066244
v 0.056195 0.003000 -0.065878
v 0.061102 0.003000 -0.053093
v 0.061819 -0.000000 -0.053246
v 0.061102 -0.000000 -0.053093
v 0.061819 0.003000 -0.053246
v 0.053017 -0.000000 -0.060374
v 0.053017 0.003000 -0.059641
v 0.053017 -0.000000 -0.059641
v 0.053017 0.003000 -0.060374
v 0.053472 -0.000000 -0.057499
v 0.053770 0.003000 -0.056829
v 0.053770 -0.000000 -0.056829
v 0.053472 0.003000 -0.057499
v 0.053093 -0.000000 -0.061102
v 0.053017 0.003000 -0.060374
v 0.053017 -0.000000 -0.060374
v 0.053093 0.003000 -0.061102
v 0.063820 0.003000 -0.054136
v 0.064412 -0.000000 -0.054567
v 0.063820 -0.000000 -0.054136
v 0.064412 0.003000 -0.054567
v 0.063185 0.003000 -0.053770
v 0.063820 -0.000000 -0.054136
v 0.063185 -0.000000 -0.053770
v 0.063820 0.003000 -0.054136
v 0.062516 0.003000 -0.053472
v 0.063185 -0.000000 -0.053770
v 0.062516 -0.000000 -0.053472
v 0.063185 0.003000 -0.053770
v 0.061819 0.003000 -0.053246
v 0.062516 -0.000000 -0.053472
v 0.061819 -0.000000 -0.053246
v 0.062516 0.003000 -0.053472
v 0.058912 0.003000 -0.053093
v 0.059641 -0.000000 -0.053017
v 0.058912 -0.000000 -0.053093
v 0.059641 0.003000 -0.053017
v 0.058195 0.003000 -0.053246
v 0.058912 -0.000000 -0.053093
v 0.058195 -0.000000 -0.053246
v 0.058912 0.003000 -0.053093
v 0.053770 -0.000000 -0.056829
v 0.054136 0.003000 -0.056195
v 0.054136 -0.000000 -0.056195
v 0.053770 0.003000 -0.056829
v 0.057499 0.003000 -0.053472
v 0.058195 -0.000000 -0.053246
v 0.057499 -0.000000 -0.053472
v 0.058195 0.003000 -0.053246
v 0.053770 -0.000000 -0.063185
v 0.053472 0.003000 -0.062516
v 0.053472 -0.000000 -0.062516
v 0.053770 0.003000 -0.063185
v 0.055602 0.003000 -0.054567
v 0.056195 -0.000000 -0.054136
v 0.055602 -0.000000 -0.054567
v 0.056195 0.003000 -0.054136
v 0.053472 -0.000000 -0.062516
v 0.053246 0.003000 -0.061819
v 0.053246 -0.000000 -0.061819
v 0.053472 0.003000 -0.062516
v 0.053017 -0.000000 -0.059641
v 0.053093 0.003000 -0.058912
v 0.053093 -0.000000 -0.058912
v 0.053017 0.003000 -0.059641
v 0.060374 0.003000 -0.053017
v 0.061102 -0.000000 -0.053093
v 0.060374 -0.000000 -0.053017
v 0.061102 0.003000 -0.053093
v 0.056829 0.003000 -0.053770
v 0.057499 -0.000000 -0.053472
v 0.056829 -0.000000 -0.053770
v 0.057499 0.003000 -0.053472
v 0.063820 0.003000 -0.065878
v 0.063185 -0.000000 -0.066244
v 0.063820 -0.000000 -0.065878
v 0.063185 0.003000 -0.066244
v -0.005663 0.000000 0.089115
v -0.005202 0.003000 0.089684
v -0.005202 0.000000 0.089684
v -0.005663 0.003000 0.089115
v -0.006847 0.000000 0.083545
v -0.006962 0.003000 0.084268
v -0.006962 0.000000 0.084268
v -0.006847 0.003000 0.083545
v -0.002163 0.003000 0.091657
v -0.001455 0.000000 0.091847
v -0.002163 0.000000 0.091657
v -0.001455 0.003000 0.091847
v -0.006657 0.000000 0.082837
v -0.006847 0.003000 0.083545
v -0.006847 0.000000 0.083545
v -0.006657 0.003000 0.082837
v -0.006962 0.000000 0.085732
v -0.006847 0.003000 0.086455
v -0.006847 0.000000 0.086455
v -0.006962 0.003000 0.085732
v -0.006395 0.000000 0.082153
v -0.006657 0.003000 0.082837
v -0.006657 0.000000 0.082837
v -0.006395 0.003000 0.082153
v -0.006062 0.000000 0.081500
v -0.006395 0.003000 0.082153
v -0.006395 0.000000 0.082153
v -0.006062 0.003000 0.081500
v 0.059641 0.003000 -0.066998
v 0.058912 -0.000000 -0.066921
v 0.059641 -0.000000 -0.066998
v 0.058912 0.003000 -0.066921
v -0.005202 0.000000 0.089684
v -0.005202 0.003000 0.089684
v -0.006847 0.000000 0.086455
v -0.006657 0.003000 0.087163
v -0.006657 0.000000 0.087163
v -0.006847 0.003000 0.086455
v -0.006962 0.000000 0.084268
v -0.007000 0.003000 0.085000
v -0.007000 0.000000 0.085000
v -0.006962 0.003000 0.084268
v -0.004114 0.003000 0.090663
v -0.003500 0.000000 0.091062
v -0.004114 0.000000 0.090663
v -0.003500 0.003000 0.091062
v 0.058195 0.003000 -0.066769
v 0.057499 -0.000000 -0.066542
v 0.058195 -0.000000 -0.066769
v 0.057499 0.003000 -0.066542
v 0.061102 0.003000 -0.066921
v 0.060374 -0.000000 -0.066998
v 0.061102 -0.000000 -0.066921
v 0.060374 0.003000 -0.066998
v 0.061819 0.003000 -0.066769
v 0.061102 -0.000000 -0.066921
v 0.061819 -0.000000 -0.066769
v 0.061102 0.003000 -0.066921
v 0.000000 0.003000 0.092000
v 0.000732 0.000000 0.091962
v 0.000000 0.000000 0.092000
v 0.000732 0.003000 0.091962
v -0.003500 0.003000 0.091062
v -0.002847 0.000000 0.091395
v -0.003500 0.000000 0.091062
v -0.002847 0.003000 0.091395
v -0.004684 0.003000 0.090202
v -0.004114 0.000000 0.090663
v -0.004684 0.000000 0.090202
v -0.004114 0.003000 0.090663
v -0.000732 0.003000 0.091962
v 0.000000 0.000000 0.092000
v -0.000732 0.000000 0.091962
v 0.000000 0.003000 0.092000
v -0.006395 0.000000 0.087847
v -0.006062 0.003000 0.088500
v -0.006062 0.000000 0.088500
v -0.006395 0.003000 0.087847
v -0.006657 0.000000 0.087163
v -0.006395 0.003000 0.087847
v -0.006395 0.000000 0.087847
v -0.006657 0.003000 0.087163
v 0.063185 0.003000 -0.066244
v 0.062516 -0.000000 -0.066542
v 0.063185 -0.000000 -0.066244
v 0.062516 0.003000 -0.066542
v -0.001455 0.003000 0.091847
v -0.000732 0.000000 0.091962
v -0.001455 0.000000 0.091847
v -0.000732 0.003000 0.091962
v -0.007000 0.000000 0.085000
v -0.006962 0.003000 0.085732
v -0.006962 0.000000 0.085732
v -0.007000 0.003000 0.085000
v 0.057499 0.003000 -0.066542
v 0.056829 -0.000000 -0.066244
v 0.057499 -0.000000 -0.066542
v 0.056829 0.003000 -0.066244
v 0.064412 0.003000 -0.065447
v 0.063820 -0.000000 -0.065878
v 0.064412 -0.000000 -0.065447
v 0.063820 0.003000 -0.065878
v 0.060374 0.003000 -0.066998
v 0.059641 -0.000000 -0.066998
v 0.060374 -0.000000 -0.066998
v 0.059641 0.003000 -0.066998
v -0.006062 0.000000 0.088500
v -0.005663 0.003000 0.089115
v -0.005663 0.000000 0.089115
v -0.006062 0.003000 0.088500
v 0.062516 0.003000 -0.066542
v 0.061819 -0.000000 -0.066769
v 0.062516 -0.000000 -0.066542
v 0.061819 0.003000 -0.066769
v -0.002847 0.003000 0.091395
v -0.002163 0.000000 0.091657
v -0.002847 0.000000 0.091395
v -0.002163 0.003000 0.091657
v 0.058912 0.003000 -0.066921
v 0.058195 -0.000000 -0.066769
v 0.058912 -0.000000 -0.066921
v 0.058195 0.003000 -0.066769
v 0.007000 0.003000 0.085000
v 0.006962 0.000000 0.085732
v 0.006962 0.003000 0.085732
v 0.007000 0.000000 0.085000
v -0.005202 0.000000 0.080316
v -0.005663 0.003000 0.080886
v -0.005663 0.000000 0.080886
v -0.005202 0.003000 0.080316
v 0.004115 0.003000 0.079337
v 0.003500 0.000000 0.078938
v 0.004115 0.000000 0.079337
v 0.003500 0.003000 0.078938
v 0.006657 0.003000 0.082837
v 0.006847 0.000000 0.083545
v 0.006847 0.003000 0.083545
v 0.006657 0.000000 0.082837
v 0.005663 0.003000 0.089115
v 0.005202 0.000000 0.089684
v 0.005202 0.003000 0.089684
v 0.005663 0.000000 0.089115
v 0.000000 0.003000 0.078000
v -0.000732 0.000000 0.078038
v 0.000000 0.000000 0.078000
v -0.000732 0.003000 0.078038
v -0.001455 0.003000 0.078153
v -0.002163 0.000000 0.078343
v -0.001455 0.000000 0.078153
v -0.002163 0.003000 0.078343
v 0.002163 0.003000 0.078343
v 0.001455 0.000000 0.078153
v 0.002163 0.000000 0.078343
v 0.001455 0.003000 0.078153
v -0.004114 0.003000 0.079337
v -0.004684 0.000000 0.079798
v -0.004114 0.000000 0.079337
v -0.004684 0.003000 0.079798
v 0.006962 0.003000 0.085732
v 0.006847 0.000000 0.086455
v 0.006847 0.003000 0.086455
v 0.006962 0.000000 0.085732
v -0.002847 0.003000 0.078605
v -0.003500 0.000000 0.078938
v -0.002847 0.000000 0.078605
v -0.003500 0.003000 0.078938
v 0.002847 0.003000 0.078605
v 0.002163 0.000000 0.078343
v 0.002847 0.000000 0.078605
v 0.002163 0.003000 0.078343
v -0.000732 0.003000 0.078038
v -0.001455 0.000000 0.078153
v -0.000732 0.000000 0.078038
v -0.001455 0.003000 0.078153
v -0.005202 0.003000 0.080316
v -0.005202 0.000000 0.080316
v 0.004684 0.003000 0.079798
v 0.004115 0.000000 0.079337
v 0.004684 0.000000 0.079798
v 0.004115 0.003000 0.079337
v -0.005663 0.000000 0.080886
v -0.006062 0.003000 0.081500
v -0.006062 0.000000 0.081500
v -0.005663 0.003000 0.080886
v 0.005202 0.003000 0.080316
v 0.005663 0.000000 0.080886
v 0.005663 0.003000 0.080886
v 0.005202 0.000000 0.080316
v 0.005663 0.003000 0.080886
v 0.006062 0.000000 0.081500
v 0.006062 0.003000 0.081500
v 0.005663 0.000000 0.080886
v 0.006062 0.003000 0.081500
v 0.006395 0.000000 0.082153
v 0.006395 0.003000 0.082153
v 0.006062 0.000000 0.081500
v 0.006847 0.003000 0.083545
v 0.006962 0.000000 0.084268
v 0.006962 0.003000 0.084268
v 0.006847 0.000000 0.083545
v 0.006395 0.003000 0.082153
v 0.006657 0.000000 0.082837
v 0.006657 0.003000 0.082837
v 0.006395 0.000000 0.082153
v 0.006847 0.003000 0.086455
v 0.006657 0.000000 0.087163
v 0.006657 0.003000 0.087163
v 0.006847 0.000000 0.086455
v 0.006657 0.003000 0.087163
v 0.006395 0.000000 0.087847
v 0.006395 0.003000 0.087847
v 0.006657 0.000000 0.087163
v 0.006395 0.003000 0.087847
v 0.006062 0.000000 0.088500
v 0.006062 0.003000 0.088500
v 0.006395 0.000000 0.087847
v 0.006062 0.003000 0.088500
v 0.005663 0.000000 0.089115
v 0.005663 0.003000 0.089115
v 0.006062 0.000000 0.088500
v 0.000732 0.003000 0.078038
v 0.000000 0.000000 0.078000
v 0.000732 0.000000 0.078038
v 0.000000 0.003000 0.078000
v 0.001455 0.003000 0.078153
v 0.000732 0.000000 0.078038
v 0.001455 0.000000 0.078153
v 0.000732 0.003000 0.078038
v 0.003500 0.003000 0.078938
v 0.002847 0.000000 0.078605
v 0.003500 0.000000 0.078938
v 0.002847 0.003000 0.078605
v -0.002163 0.003000 0.078343
v -0.002847 0.000000 0.078605
v -0.002163 0.000000 0.078343
v -0.002847 0.003000 0.078605
v 0.005202 0.003000 0.080316
v 0.005202 0.000000 0.080316
v 0.006962 0.003000 0.084268
v 0.007000 0.000000 0.085000
v 0.007000 0.003000 0.085000
v 0.006962 0.000000 0.084268
v -0.003500 0.003000 0.078938
v -0.004114 0.000000 0.079337
v -0.003500 0.000000 0.078938
v -0.004114 0.003000 0.079337
v -0.065878 0.000000 0.056195
v -0.066244 0.003000 0.056829
v -0.066244 0.000000 0.056829
v -0.065878 0.003000 0.056195
v -0.065447 0.000000 0.055602
v -0.065878 0.003000 0.056195
v -0.065878 0.000000 0.056195
v -0.065447 0.003000 0.055602
v 0.004115 0.003000 0.090663
v 0.004684 0.000000 0.090202
v 0.004115 0.000000 0.090663
v 0.004684 0.003000 0.090202
v -0.065447 0.000000 0.064412
v -0.064957 0.003000 0.064957
v -0.064957 0.000000 0.064957
v -0.065447 0.003000 0.064412
v -0.063820 0.003000 0.054136
v -0.064412 0.000000 0.054567
v -0.063820 0.000000 0.054136
v -0.064412 0.003000 0.054567
v -0.062516 0.003000 0.053472
v -0.063185 0.000000 0.053770
v -0.062516 0.000000 0.053472
v -0.063185 0.003000 0.053770
v -0.066542 0.000000 0.057499
v -0.066769 0.003000 0.058195
v -0.066769 0.000000 0.058195
v -0.066542 0.003000 0.057499
v 0.002847 0.003000 0.091395
v 0.003500 0.000000 0.091062
v 0.002847 0.000000 0.091395
v 0.003500 0.003000 0.091062
v -0.066998 0.000000 0.060374
v -0.066921 0.003000 0.061102
v -0.066921 0.000000 0.061102
v -0.066998 0.003000 0.060374
v -0.064957 0.000000 0.055057
v -0.065447 0.003000 0.055602
v -0.065447 0.000000 0.055602
v -0.064957 0.003000 0.055057
v 0.003500 0.003000 0.091062
v 0.004115 0.000000 0.090663
v 0.003500 0.000000 0.091062
v 0.004115 0.003000 0.090663
v -0.064957 0.000000 0.055057
v -0.064957 0.003000 0.055057
v -0.063185 0.003000 0.053770
v -0.063820 0.000000 0.054136
v -0.063185 0.000000 0.053770
v -0.063820 0.003000 0.054136
v -0.064957 0.003000 0.064957
v -0.064957 0.000000 0.064957
v 0.005202 0.003000 0.089684
v 0.005202 0.000000 0.089684
v 0.001455 0.003000 0.091847
v 0.002163 0.000000 0.091657
v 0.001455 0.000000 0.091847
v 0.002163 0.003000 0.091657
v -0.061102 0.003000 0.053093
v -0.061819 0.000000 0.053246
v -0.061102 0.000000 0.053093
v -0.061819 0.003000 0.053246
v -0.060374 0.003000 0.053017
v -0.061102 0.000000 0.053093
v -0.060374 0.000000 0.053017
v -0.061102 0.003000 0.053093
v 0.002163 0.003000 0.091657
v 0.002847 0.000000 0.091395
v 0.002163 0.000000 0.091657
v 0.002847 0.003000 0.091395
v -0.066921 0.000000 0.058912
v -0.066998 0.003000 0.059641
v -0.066998 0.000000 0.059641
v -0.066921 0.003000 0.058912
v -0.059641 0.003000 0.053017
v -0.060374 0.000000 0.053017
v -0.059641 0.000000 0.053017
v -0.060374 0.003000 0.053017
v -0.058912 0.003000 0.053093
v -0.059641 0.000000 0.053017
v -0.058912 0.000000 0.053093
v -0.059641 0.003000 0.053017
v -0.065878 0.000000 0.063820
v -0.065447 0.003000 0.064412
v -0.065447 0.000000 0.064412
v -0.065878 0.003000 0.063820
v -0.066244 0.000000 0.063185
v -0.065878 0.003000 0.063820
v -0.065878 0.000000 0.063820
v -0.066244 0.003000 0.063185
v -0.066769 0.000000 0.061819
v -0.066542 0.003000 0.062516
v -0.066542 0.000000 0.062516
v -0.066769 0.003000 0.061819
v -0.061819 0.003000 0.053246
v -0.062516 0.000000 0.053472
v -0.061819 0.000000 0.053246
v -0.062516 0.003000 0.053472
v 0.000732 0.003000 0.091962
v 0.001455 0.000000 0.091847
v 0.000732 0.000000 0.091962
v 0.001455 0.003000 0.091847
v -0.066542 0.000000 0.062516
v -0.066244 0.003000 0.063185
v -0.066244 0.000000 0.063185
v -0.066542 0.003000 0.062516
v -0.066998 0.000000 0.059641
v -0.066998 0.003000 0.060374
v -0.066998 0.000000 0.060374
v -0.066998 0.003000 0.059641
v -0.066769 0.000000 0.058195
v -0.066921 0.003000 0.058912
v -0.066921 0.000000 0.058912
v -0.066769 0.003000 0.058195
v -0.066244 0.000000 0.056829
v -0.066542 0.003000 0.057499
v -0.066542 0.000000 0.057499
v -0.066244 0.003000 0.056829
v -0.066921 0.000000 0.061102
v -0.066769 0.003000 0.061819
v -0.066769 0.000000 0.061819
v -0.066921 0.003000 0.061102
v -0.058195 0.003000 0.053246
v -0.058912 0.000000 0.053093
v -0.058195 0.000000 0.053246
v -0.058912 0.003000 0.053093
v -0.053017 0.003000 0.059641
v -0.053017 0.000000 0.060374
v -0.053017 0.003000 0.060374
v -0.053017 0.000000 0.059641
v -0.056195 0.003000 0.065878
v -0.055602 0.000000 0.065447
v -0.056195 0.000000 0.065878
v -0.055602 0.003000 0.065447
v -0.056829 0.003000 0.066244
v -0.056195 0.000000 0.065878
v -0.056829 0.000000 0.066244
v -0.056195 0.003000 0.065878
v -0.058912 0.003000 0.066921
v -0.058195 0.000000 0.066769
v -0.058912 0.000000 0.066921
v -0.058195 0.003000 0.066769
v -0.053246 0.003000 0.061819
v -0.053472 0.000000 0.062516
v -0.053472 0.003000 0.062516
v -0.053246 0.000000 0.061819
v -0.055057 0.003000 0.055057
v -0.054567 0.000000 0.055602
v -0.054567 0.003000 0.055602
v -0.055057 0.000000 0.055057
v -0.053472 0.003000 0.062516
v -0.053770 0.000000 0.063185
v -0.053770 0.003000 0.063185
v -0.053472 0.000000 0.062516
v -0.054136 0.003000 0.056195
v -0.053770 0.000000 0.056829
v -0.053770 0.003000 0.056829
v -0.054136 0.000000 0.056195
v -0.055057 0.003000 0.055057
v -0.055057 0.000000 0.055057
v -0.053246 0.003000 0.058195
v -0.053093 0.000000 0.058912
v -0.053093 0.003000 0.058912
v -0.053246 0.000000 0.058195
v -0.053017 0.003000 0.060374
v -0.053093 0.000000 0.061102
v -0.053093 0.003000 0.061102
v -0.053017 0.000000 0.060374
v -0.053472 0.003000 0.057499
v -0.053246 0.000000 0.058195
v -0.053246 0.003000 0.058195
v -0.053472 0.000000 0.057499
v -0.056195 0.003000 0.054136
v -0.056829 0.000000 0.053770
v -0.056195 0.000000 0.054136
v -0.056829 0.003000 0.053770
v -0.060374 0.003000 0.066998
v -0.059641 0.000000 0.066998
v -0.060374 0.000000 0.066998
v -0.059641 0.003000 0.066998
v -0.058195 0.003000 0.066769
v -0.057499 0.000000 0.066542
v -0.058195 0.000000 0.066769
v -0.057499 0.003000 0.066542
v -0.056829 0.003000 0.053770
v -0.057499 0.000000 0.053472
v -0.056829 0.000000 0.053770
v -0.057499 0.003000 0.053472
v -0.053093 0.003000 0.058912
v -0.053017 0.000000 0.059641
v -0.053017 0.003000 0.059641
v -0.053093 0.000000 0.058912
v -0.057499 0.003000 0.053472
v -0.058195 0.000000 0.053246
v -0.057499 0.000000 0.053472
v -0.058195 0.003000 0.053246
v -0.054136 0.003000 0.063820
v -0.054567 0.000000 0.064412
v -0.054567 0.003000 0.064412
v -0.054136 0.000000 0.063820
v -0.055057 0.000000 0.064957
v -0.055057 0.003000 0.064957
v -0.061102 0.003000 0.066921
v -0.060374 0.000000 0.066998
v -0.061102 0.000000 0.066921
v -0.060374 0.003000 0.066998
v -0.055602 0.003000 0.054567
v -0.056195 0.000000 0.054136
v -0.055602 0.000000 0.054567
v -0.056195 0.003000 0.054136
v -0.054567 0.003000 0.055602
v -0.054136 0.000000 0.056195
v -0.054136 0.003000 0.056195
v -0.054567 0.000000 0.055602
v -0.053770 0.003000 0.063185
v -0.054136 0.000000 0.063820
v -0.054136 0.003000 0.063820
v -0.053770 0.000000 0.063185
v -0.059641 0.003000 0.066998
v -0.058912 0.000000 0.066921
v -0.059641 0.000000 0.066998
v -0.058912 0.003000 0.066921
v -0.061819 0.003000 0.066769
v -0.061102 0.000000 0.066921
v -0.061819 0.000000 0.066769
v -0.061102 0.003000 0.066921
v -0.053093 0.003000 0.061102
v -0.053246 0.000000 0.061819
v -0.053246 0.003000 0.061819
v -0.053093 0.000000 0.061102
v -0.062516 0.003000 0.066542
v -0.061819 0.000000 0.066769
v -0.062516 0.000000 0.066542
v -0.061819 0.003000 0.066769
v -0.054567 0.003000 0.064412
v -0.055057 0.000000 0.064957
v -0.055057 0.003000 0.064957
v -0.054567 0.000000 0.064412
v -0.057499 0.003000 0.066542
v -0.056829 0.000000 0.066244
v -0.057499 0.000000 0.066542
v -0.056829 0.003000 0.066244
v -0.053770 0.003000 0.056829
v -0.053472 0.000000 0.057499
v -0.053472 0.003000 0.057499
v -0.053770 0.000000 0.056829
v 0.006962 0.003000 -0.084268
v 0.006847 -0.000000 -0.083545
v 0.006847 0.003000 -0.083545
v 0.006962 -0.000000 -0.084268
v 0.006847 0.003000 -0.086455
v 0.006962 -0.000000 -0.085732
v 0.006962 0.003000 -0.085732
v 0.006847 -0.000000 -0.086455
v 0.006657 0.003000 -0.082837
v 0.006395 -0.000000 -0.082153
v 0.006395 0.003000 -0.082153
v 0.006657 -0.000000 -0.082837
v 0.005663 0.003000 -0.080886
v 0.005202 -0.000000 -0.080316
v 0.005202 0.003000 -0.080316
v 0.005663 -0.000000 -0.080886
v 0.004115 0.003000 -0.079337
v 0.004684 -0.000000 -0.079798
v 0.004115 -0.000000 -0.079337
v 0.004684 0.003000 -0.079798
v 0.001455 0.003000 -0.078153
v 0.002163 -0.000000 -0.078343
v 0.001455 -0.000000 -0.078153
v 0.002163 0.003000 -0.078343
v 0.000732 0.003000 -0.091962
v 0.000000 -0.000000 -0.092000
v 0.000732 -0.000000 -0.091962
v 0.000000 0.003000 -0.092000
v 0.006395 0.003000 -0.087847
v 0.006657 -0.000000 -0.087163
v 0.006657 0.003000 -0.087163
v 0.006395 -0.000000 -0.087847
v 0.006395 0.003000 -0.082153
v 0.006062 -0.000000 -0.081500
v 0.006062 0.003000 -0.081500
v 0.006395 -0.000000 -0.082153
v 0.006062 0.003000 -0.081500
v 0.005663 -0.000000 -0.080886
v 0.005663 0.003000 -0.080886
v 0.006062 -0.000000 -0.081500
v 0.005202 0.003000 -0.080316
v 0.005202 -0.000000 -0.080316
v 0.006657 0.003000 -0.087163
v 0.006847 -0.000000 -0.086455
v 0.006847 0.003000 -0.086455
v 0.006657 -0.000000 -0.087163
v 0.007000 0.003000 -0.085000
v 0.006962 -0.000000 -0.084268
v 0.006962 0.003000 -0.084268
v 0.007000 -0.000000 -0.085000
v 0.001455 0.003000 -0.091847
v 0.000732 -0.000000 -0.091962
v 0.001455 -0.000000 -0.091847
v 0.000732 0.003000 -0.091962
v 0.005202 0.003000 -0.089684
v 0.005663 -0.000000 -0.089114
v 0.005663 0.003000 -0.089114
v 0.005202 -0.000000 -0.089684
v 0.003500 0.003000 -0.091062
v 0.002847 -0.000000 -0.091395
v 0.003500 -0.000000 -0.091062
v 0.002847 0.003000 -0.091395
v 0.004115 0.003000 -0.090663
v 0.003500 -0.000000 -0.091062
v 0.004115 -0.000000 -0.090663
v 0.003500 0.003000 -0.091062
v 0.005202 -0.000000 -0.089684
v 0.005202 0.003000 -0.089684
v 0.006962 0.003000 -0.085732
v 0.007000 -0.000000 -0.085000
v 0.007000 0.003000 -0.085000
v 0.006962 -0.000000 -0.085732
v 0.004684 0.003000 -0.090202
v 0.004115 -0.000000 -0.090663
v 0.004684 -0.000000 -0.090202
v 0.004115 0.003000 -0.090663
v 0.002163 0.003000 -0.091657
v 0.001455 -0.000000 -0.091847
v 0.002163 -0.000000 -0.091657
v 0.001455 0.003000 -0.091847
v 0.006847 0.003000 -0.083545
v 0.006657 -0.000000 -0.082837
v 0.006657 0.003000 -0.082837
v 0.006847 -0.000000 -0.083545
v 0.002847 0.003000 -0.091395
v 0.002163 -0.000000 -0.091657
v 0.002847 -0.000000 -0.091395
v 0.002163 0.003000 -0.091657
v 0.005663 0.003000 -0.089114
v 0.006062 -0.000000 -0.088500
v 0.006062 0.003000 -0.088500
v 0.005663 -0.000000 -0.089114
v 0.003500 0.003000 -0.078938
v 0.004115 -0.000000 -0.079337
v 0.003500 -0.000000 -0.078938
v 0.004115 0.003000 -0.079337
v 0.002847 0.003000 -0.078605
v 0.003500 -0.000000 -0.078938
v 0.002847 -0.000000 -0.078605
v 0.003500 0.003000 -0.078938
v 0.002163 0.003000 -0.078343
v 0.002847 -0.000000 -0.078605
v 0.002163 -0.000000 -0.078343
v 0.002847 0.003000 -0.078605
v -0.063185 0.003000 0.066244
v -0.062516 0.000000 0.066542
v -0.063185 0.000000 0.066244
v -0.062516 0.003000 0.066542
v 0.006062 0.003000 -0.088500
v 0.006395 -0.000000 -0.087847
v 0.006395 0.003000 -0.087847
v 0.006062 -0.000000 -0.088500
v 0.000000 0.003000 -0.092000
v -0.000732 -0.000000 -0.091962
v 0.000000 -0.000000 -0.092000
v -0.000732 0.003000 -0.091962
v -0.064412 0.003000 0.065447
v -0.063820 0.000000 0.065878
v -0.064412 0.000000 0.065447
v -0.063820 0.003000 0.065878
v -0.063820 0.003000 0.065878
v -0.063185 0.000000 0.066244
v -0.063820 0.000000 0.065878
v -0.063185 0.003000 0.066244
v -0.002163 0.003000 -0.091657
v -0.002847 -0.000000 -0.091395
v -0.002163 -0.000000 -0.091657
v -0.002847 0.003000 -0.091395
v -0.006962 -0.000000 -0.085732
v -0.007000 0.003000 -0.085000
v -0.007000 -0.000000 -0.085000
v -0.006962 0.003000 -0.085732
v -0.006657 -0.000000 -0.087163
v -0.006847 0.003000 -0.086455
v -0.006847 -0.000000 -0.086455
v -0.006657 0.003000 -0.087163
v -0.002163 0.003000 -0.078343
v -0.001455 -0.000000 -0.078153
v -0.002163 -0.000000 -0.078343
v -0.001455 0.003000 -0.078153
v -0.006962 -0.000000 -0.084268
v -0.006847 0.003000 -0.083545
v -0.006847 -0.000000 -0.083545
v -0.006962 0.003000 -0.084268
v -0.006847 -0.000000 -0.086455
v -0.006962 0.003000 -0.085732
v -0.006962 -0.000000 -0.085732
v -0.006847 0.003000 -0.086455
v -0.006062 -0.000000 -0.081500
v -0.005663 0.003000 -0.080886
v -0.005663 -0.000000 -0.080886
v -0.006062 0.003000 -0.081500
v -0.006657 -0.000000 -0.082837
v -0.006395 0.003000 -0.082153
v -0.006395 -0.000000 -0.082153
v -0.006657 0.003000 -0.082837
v -0.002847 0.003000 -0.091395
v -0.003500 -0.000000 -0.091062
v -0.002847 -0.000000 -0.091395
v -0.003500 0.003000 -0.091062
v -0.004114 0.003000 -0.079337
v -0.003500 -0.000000 -0.078938
v -0.004114 -0.000000 -0.079337
v -0.003500 0.003000 -0.078938
v -0.000732 0.003000 -0.091962
v -0.001455 -0.000000 -0.091847
v -0.000732 -0.000000 -0.091962
v -0.001455 0.003000 -0.091847
v -0.006395 -0.000000 -0.082153
v -0.006062 0.003000 -0.081500
v -0.006062 -0.000000 -0.081500
v -0.006395 0.003000 -0.082153
v -0.004114 0.003000 -0.090663
v -0.004684 -0.000000 -0.090202
v -0.004114 -0.000000 -0.090663
v -0.004684 0.003000 -0.090202
v -0.003500 0.003000 -0.091062
v -0.004114 -0.000000 -0.090663
v -0.003500 -0.000000 -0.091062
v -0.004114 0.003000 -0.090663
v -0.005202 -0.000000 -0.089684
v -0.005663 0.003000 -0.089114
v -0.005663 -0.000000 -0.089114
v -0.005202 0.003000 -0.089684
v -0.000732 0.003000 -0.078038
v 0.000000 -0.000000 -0.078000
v -0.000732 -0.000000 -0.078038
v 0.000000 0.003000 -0.078000
v 0.000000 0.003000 -0.078000
v 0.000732 -0.000000 -0.078038
v 0.000000 -0.000000 -0.078000
v 0.000732 0.003000 -0.078038
v -0.001455 0.003000 -0.078153
v -0.000732 -0.000000 -0.078038
v -0.001455 -0.000000 -0.078153
v -0.000732 0.003000 -0.078038
v -0.004684 0.003000 -0.079798
v -0.004114 -0.000000 -0.079337
v -0.004684 -0.000000 -0.079798
v -0.004114 0.003000 -0.079337
v -0.006847 -0.000000 -0.083545
v -0.006657 0.003000 -0.082837
v -0.006657 -0.000000 -0.082837
v -0.006847 0.003000 -0.083545
v -0.005663 -0.000000 -0.080886
v -0.005202 0.003000 -0.080316
v -0.005202 -0.000000 -0.080316
v -0.005663 0.003000 -0.080886
v -0.006062 -0.000000 -0.088500
v -0.006395 0.003000 -0.087847
v -0.006395 -0.000000 -0.087847
v -0.006062 0.003000 -0.088500
v -0.001455 0.003000 -0.091847
v -0.002163 -0.000000 -0.091657
v -0.001455 -0.000000 -0.091847
v -0.002163 0.003000 -0.091657
v -0.006395 -0.000000 -0.087847
v -0.006657 0.003000 -0.087163
v -0.006657 -0.000000 -0.087163
v -0.006395 0.003000 -0.087847
v 0.000732 0.003000 -0.078038
v 0.001455 -0.000000 -0.078153
v 0.000732 -0.000000 -0.078038
v 0.001455 0.003000 -0.078153
v -0.092000 0.000000 0.000000
v -0.091962 0.003000 0.000732
v -0.091962 0.000000 0.000732
v -0.092000 0.003000 0.000000
v -0.002847 0.003000 -0.078605
v -0.002163 -0.000000 -0.078343
v -0.002847 -0.000000 -0.078605
v -0.002163 0.003000 -0.078343
v -0.003500 0.003000 -0.078938
v -0.002847 -0.000000 -0.078605
v -0.003500 -0.000000 -0.078938
v -0.002847 0.003000 -0.078605
v -0.005202 0.003000 -0.080316
v -0.005202 -0.000000 -0.080316
v -0.007000 -0.000000 -0.085000
v -0.006962 0.003000 -0.084268
v -0.006962 -0.000000 -0.084268
v -0.007000 0.003000 -0.085000
v -0.005663 -0.000000 -0.089114
v -0.006062 0.003000 -0.088500
v -0.006062 -0.000000 -0.088500
v -0.005663 0.003000 -0.089114
v -0.005202 0.003000 -0.089684
v -0.005202 -0.000000 -0.089684
v -0.082153 0.003000 -0.006395
v -0.082837 -0.000000 -0.006657
v -0.082153 -0.000000 -0.006395
v -0.082837 0.003000 -0.006657
v -0.080885 0.003000 -0.005663
v -0.081500 -0.000000 -0.006062
v -0.080885 -0.000000 -0.005663
v -0.081500 0.003000 -0.006062
v -0.078938 0.003000 -0.003500
v -0.078605 0.000000 -0.002847
v -0.078605 0.003000 -0.002847
v -0.078938 0.000000 -0.003500
v -0.084268 0.003000 -0.006962
v -0.085000 -0.000000 -0.007000
v -0.084268 -0.000000 -0.006962
v -0.085000 0.003000 -0.007000
v -0.088500 0.003000 -0.006062
v -0.089114 -0.000000 -0.005663
v -0.088500 -0.000000 -0.006062
v -0.089114 0.003000 -0.005663
v -0.091962 0.000000 -0.000732
v -0.092000 0.003000 0.000000
v -0.092000 0.000000 0.000000
v -0.091962 0.003000 -0.000732
v -0.079798 -0.000000 -0.004684
v -0.079798 0.003000 -0.004684
v -0.078605 0.003000 -0.002847
v -0.078343 0.000000 -0.002163
v -0.078343 0.003000 -0.002163
v -0.078605 0.000000 -0.002847
v -0.078038 0.003000 0.000732
v -0.078153 0.000000 0.001455
v -0.078153 0.003000 0.001455
v -0.078038 0.000000 0.000732
v -0.090663 -0.000000 -0.004114
v -0.091062 0.003000 -0.003500
v -0.091062 0.000000 -0.003500
v -0.090663 0.003000 -0.004114
v -0.091847 0.000000 -0.001455
v -0.091962 0.003000 -0.000732
v -0.091962 0.000000 -0.000732
v -0.091847 0.003000 -0.001455
v -0.080316 0.003000 -0.005202
v -0.080885 -0.000000 -0.005663
v -0.080316 -0.000000 -0.005202
v -0.080885 0.003000 -0.005663
v -0.091395 0.000000 -0.002847
v -0.091657 0.003000 -0.002163
v -0.091657 0.000000 -0.002163
v -0.091395 0.003000 -0.002847
v -0.090202 -0.000000 -0.004684
v -0.090202 0.003000 -0.004684
v -0.090202 -0.000000 -0.004684
v -0.090663 0.003000 -0.004114
v -0.090663 -0.000000 -0.004114
v -0.090202 0.003000 -0.004684
v -0.079337 0.003000 -0.004114
v -0.078938 0.000000 -0.003500
v -0.078938 0.003000 -0.003500
v -0.079337 -0.000000 -0.004114
v -0.087847 0.003000 -0.006395
v -0.088500 -0.000000 -0.006062
v -0.087847 -0.000000 -0.006395
v -0.088500 0.003000 -0.006062
v -0.087163 0.003000 -0.006657
v -0.087847 -0.000000 -0.006395
v -0.087163 -0.000000 -0.006657
v -0.087847 0.003000 -0.006395
v -0.079798 0.003000 -0.004684
v -0.079337 -0.000000 -0.004114
v -0.079337 0.003000 -0.004114
v -0.079798 -0.000000 -0.004684
v -0.078153 0.003000 -0.001455
v -0.078038 0.000000 -0.000732
v -0.078038 0.003000 -0.000732
v -0.078153 0.000000 -0.001455
v -0.078038 0.003000 -0.000732
v -0.078000 0.000000 0.000000
v -0.078000 0.003000 0.000000
v -0.078038 0.000000 -0.000732
v -0.086455 0.003000 -0.006847
v -0.087163 -0.000000 -0.006657
v -0.086455 -0.000000 -0.006847
v -0.087163 0.003000 -0.006657
v -0.081500 0.003000 -0.006062
v -0.082153 -0.000000 -0.006395
v -0.081500 -0.000000 -0.006062
v -0.082153 0.003000 -0.006395
v -0.082837 0.003000 -0.006657
v -0.083545 -0.000000 -0.006847
v -0.082837 -0.000000 -0.006657
v -0.083545 0.003000 -0.006847
v -0.083545 0.003000 -0.006847
v -0.084268 -0.000000 -0.006962
v -0.083545 -0.000000 -0.006847
v -0.084268 0.003000 -0.006962
v -0.078343 0.003000 -0.002163
v -0.078153 0.000000 -0.001455
v -0.078153 0.003000 -0.001455
v -0.078343 0.000000 -0.002163
v -0.085000 0.003000 -0.007000
v -0.085732 -0.000000 -0.006962
v -0.085000 -0.000000 -0.007000
v -0.085732 0.003000 -0.006962
v -0.078000 0.003000 0.000000
v -0.078038 0.000000 0.000732
v -0.078038 0.003000 0.000732
v -0.078000 0.000000 0.000000
v -0.091062 0.000000 -0.003500
v -0.091395 0.003000 -0.002847
v -0.091395 0.000000 -0.002847
v -0.091062 0.003000 -0.003500
v -0.089114 0.003000 -0.005663
v -0.089684 -0.000000 -0.005202
v -0.089114 -0.000000 -0.005663
v -0.089684 0.003000 -0.005202
v -0.085732 0.003000 -0.006962
v -0.086455 -0.000000 -0.006847
v -0.085732 -0.000000 -0.006962
v -0.086455 0.003000 -0.006847
v -0.091657 0.000000 -0.002163
v -0.091847 0.003000 -0.001455
v -0.091847 0.000000 -0.001455
v -0.091657 0.003000 -0.002163
v -0.082153 0.003000 0.006395
v -0.081500 0.000000 0.006062
v -0.082153 0.000000 0.006395
v -0.081500 0.003000 0.006062
v -0.091657 0.000000 0.002163
v -0.091395 0.003000 0.002847
v -0.091395 0.000000 0.002847
v -0.091657 0.003000 0.002163
v -0.086455 0.003000 0.006847
v -0.085732 0.000000 0.006962
v -0.086455 0.000000 0.006847
v -0.085732 0.003000 0.006962
v -0.087163 0.003000 0.006657
v -0.086455 0.000000 0.006847
v -0.087163 0.000000 0.006657
v -0.086455 0.003000 0.006847
v -0.080885 0.003000 0.005663
v -0.080316 0.000000 0.005202
v -0.080885 0.000000 0.005663
v -0.080316 0.003000 0.005202
v -0.078153 0.003000 0.001455
v -0.078343 0.000000 0.002163
v -0.078343 0.003000 0.002163
v -0.078153 0.000000 0.001455
v -0.083545 0.003000 0.006847
v -0.082837 0.000000 0.006657
v -0.083545 0.000000 0.006847
v -0.082837 0.003000 0.006657
v -0.084268 0.003000 0.006962
v -0.083545 0.000000 0.006847
v -0.084268 0.000000 0.006962
v -0.083545 0.003000 0.006847
v -0.085732 0.003000 0.006962
v -0.085000 0.000000 0.007000
v -0.085732 0.000000 0.006962
v -0.085000 0.003000 0.007000
v -0.079337 0.003000 0.004115
v -0.079798 0.000000 0.004684
v -0.079798 0.003000 0.004684
v -0.079337 0.000000 0.004115
v -0.091962 0.000000 0.000732
v -0.091847 0.003000 0.001455
v -0.091847 0.000000 0.001455
v -0.091962 0.003000 0.000732
v -0.090663 0.000000 0.004115
v -0.090202 0.003000 0.004684
v -0.090202 0.000000 0.004684
v -0.090663 0.003000 0.004115
v -0.078343 0.003000 0.002163
v -0.078605 0.000000 0.002847
v -0.078605 0.003000 0.002847
v -0.078343 0.000000 0.002163
v -0.078938 0.003000 0.003500
v -0.079337 0.000000 0.004115
v -0.079337 0.003000 0.004115
v -0.078938 0.000000 0.003500
v -0.089114 0.003000 0.005663
v -0.088500 0.000000 0.006062
v -0.089114 0.000000 0.005663
v -0.088500 0.003000 0.006062
v -0.081500 0.003000 0.006062
v -0.080885 0.000000 0.005663
v -0.081500 0.000000 0.006062
v -0.080885 0.003000 0.005663
v -0.087847 0.003000 0.006395
v -0.087163 0.000000 0.006657
v -0.087847 0.000000 0.006395
v -0.087163 0.003000 0.006657
v -0.088500 0.003000 0.006062
v -0.087847 0.000000 0.006395
v -0.088500 0.000000 0.006062
v -0.087847 0.003000 0.006395
v -0.090202 0.003000 0.004684
v -0.090202 0.000000 0.004684
v -0.091062 0.000000 0.003500
v -0.090663 0.003000 0.004115
v -0.090663 0.000000 0.004115
v -0.091062 0.003000 0.003500
v -0.091395 0.000000 0.002847
v -0.091062 0.003000 0.003500
v -0.091062 0.000000 0.003500
v -0.091395 0.003000 0.002847
v -0.089684 0.003000 0.005202
v -0.089114 0.000000 0.005663
v -0.089684 0.000000 0.005202
v -0.089114 0.003000 0.005663
v -0.091847 0.000000 0.001455
v -0.091657 0.003000 0.002163
v -0.091657 0.000000 0.002163
v -0.091847 0.003000 0.001455
v -0.085000 0.003000 0.007000
v -0.084268 0.000000 0.006962
v -0.085000 0.000000 0.007000
v -0.084268 0.003000 0.006962
v -0.078605 0.003000 0.002847
v -0.078938 0.000000 0.003500
v -0.078938 0.003000 0.003500
v -0.078605 0.000000 0.002847
v -0.082837 0.003000 0.006657
v -0.082153 0.000000 0.006395
v -0.082837 0.000000 0.006657
v -0.082153 0.003000 0.006395
v -0.079798 0.003000 0.004684
v -0.079798 0.000000 0.004684
v 0.002637 0.048611 -0.025092
v 0.000000 0.048611 -0.025230
v 0.002637 0.048611 -0.025092
v -0.002637 0.048611 -0.025092
v -0.002637 0.048611 -0.025092
v 0.000000 0.048611 -0.025230
v -0.025092 0.048611 0.002637
v -0.025092 0.048611 0.002637
v -0.024679 0.048611 0.005246
v -0.024679 0.048611 0.005246
v -0.024679 0.048611 0.005246
v -0.023995 0.048611 0.007797
v -0.020412 0.048611 -0.014830
v -0.020412 0.048611 -0.014830
v -0.018750 0.048611 -0.016882
v -0.031772 0.037500 -0.035287
v -0.031772 0.037500 -0.035287
v -0.025258 0.044444 -0.028052
v -0.023995 0.048611 -0.007797
v -0.023995 0.048611 -0.007797
v -0.023049 0.048611 -0.010262
v -0.012615 0.048611 -0.021850
v -0.012615 0.048611 -0.021850
v -0.010262 0.048611 -0.023049
v -0.018750 0.048611 -0.016882
v -0.025258 0.044444 -0.028052
v -0.018750 0.048611 -0.016882
v -0.016882 0.048611 -0.018750
v -0.007797 0.048611 -0.023995
v -0.007797 0.048611 -0.023995
v -0.005246 0.048611 -0.024679
v -0.005246 0.048611 -0.024679
v -0.005246 0.048611 -0.024679
v -0.002637 0.048611 -0.025092
v -0.021850 0.048611 -0.012615
v -0.021850 0.048611 -0.012615
v -0.020412 0.048611 -0.014830
v -0.023995 0.048611 0.007797
v -0.023995 0.048611 0.007797
v -0.023049 0.048611 0.010262
v -0.010262 0.048611 -0.023049
v -0.010262 0.048611 -0.023049
v -0.007797 0.048611 -0.023995
v -0.025092 0.048611 -0.002637
v -0.025092 0.048611 -0.002637
v -0.024679 0.048611 -0.005246
v -0.016882 0.048611 -0.018750
v -0.016882 0.048611 -0.018750
v -0.014830 0.048611 -0.020412
v -0.025230 0.048611 0.000000
v -0.025230 0.048611 0.000000
v -0.025092 0.048611 -0.002637
v -0.014830 0.048611 -0.020412
v -0.014830 0.048611 -0.020412
v -0.012615 0.048611 -0.021850
v -0.024679 0.048611 -0.005246
v -0.024679 0.048611 -0.005246
v -0.023995 0.048611 -0.007797
v -0.023049 0.048611 -0.010262
v -0.023049 0.048611 -0.010262
v -0.021850 0.048611 -0.012615
v -0.025230 0.048611 0.000000
v -0.025230 0.048611 0.000000
v -0.025092 0.048611 0.002637
v -0.016882 0.048611 0.018750
v -0.016882 0.048611 0.018750
v -0.014830 0.048611 0.020412
v -0.002637 0.048611 0.025092
v -0.002637 0.048611 0.025092
v 0.000000 0.048611 0.025230
v 0.021850 0.048611 0.012615
v 0.020412 0.048611 0.014830
v 0.021850 0.048611 0.012615
v -0.012615 0.048611 0.021850
v -0.012615 0.048611 0.021850
v -0.010262 0.048611 0.023049
v -0.020412 0.048611 0.014830
v -0.020412 0.048611 0.014830
v -0.018750 0.048611 0.016882
v -0.025258 0.044444 0.028052
v -0.018750 0.048611 0.016882
v -0.018750 0.048611 0.016882
v -0.016882 0.048611 0.018750
v -0.007797 0.048611 0.023995
v -0.007797 0.048611 0.023995
v -0.005246 0.048611 0.024679
v -0.005246 0.048611 0.024679
v -0.005246 0.048611 0.024679
v -0.002637 0.048611 0.025092
v -0.010262 0.048611 0.023049
v -0.010262 0.048611 0.023049
v -0.007797 0.048611 0.023995
v 0.000000 0.048611 0.025230
v 0.000000 0.048611 0.025230
v 0.002637 0.048611 0.025092
v -0.021850 0.048611 0.012615
v -0.021850 0.048611 0.012615
v -0.020412 0.048611 0.014830
v 0.010262 0.048611 0.023049
v 0.007797 0.048611 0.023995
v 0.010262 0.048611 0.023049
v 0.012615 0.048611 0.021850
v 0.010262 0.048611 0.023049
v 0.012615 0.048611 0.021850
v 0.007797 0.048611 0.023995
v 0.005246 0.048611 0.024679
v 0.007797 0.048611 0.023995
v 0.016882 0.048611 0.018750
v 0.014830 0.048611 0.020412
v 0.016882 0.048611 0.018750
v 0.014830 0.048611 0.020412
v 0.012615 0.048611 0.021850
v 0.014830 0.048611 0.020412
v -0.031772 0.037500 0.035287
v -0.031772 0.037500 0.035287
v -0.025258 0.044444 0.028052
v 0.005246 0.048611 0.024679
v 0.002637 0.048611 0.025092
v 0.005246 0.048611 0.024679
v 0.018750 0.048611 0.016882
v 0.016882 0.048611 0.018750
v 0.018750 0.048611 0.016882
v 0.025258 0.044444 0.028052
v -0.023049 0.048611 0.010262
v -0.023049 0.048611 0.010262
v -0.021850 0.048611 0.012615
v 0.031772 0.037500 0.035287
v 0.025258 0.044444 0.028052
v 0.031772 0.037500 0.035287
v -0.014830 0.048611 0.020412
v -0.014830 0.048611 0.020412
v -0.012615 0.048611 0.021850
v 0.020412 0.048611 0.014830
v 0.018750 0.048611 0.016882
v 0.020412 0.048611 0.014830
v 0.012615 0.048611 -0.021850
v 0.010262 0.048611 -0.023049
v 0.012615 0.048611 -0.021850
v 0.023049 0.048611 -0.010262
v 0.021850 0.048611 -0.012615
v 0.023049 0.048611 -0.010262
v 0.031772 0.037500 -0.035287
v 0.025258 0.044444 -0.028052
v 0.031772 0.037500 -0.035287
v 0.024679 0.048611 -0.005246
v 0.023995 0.048611 -0.007797
v 0.024679 0.048611 -0.005246
v 0.023995 0.048611 0.007797
v 0.023049 0.048611 0.010262
v 0.023995 0.048611 0.007797
v 0.016882 0.048611 -0.018750
v 0.014830 0.048611 -0.020412
v 0.016882 0.048611 -0.018750
v 0.021850 0.048611 -0.012615
v 0.020412 0.048611 -0.014830
v 0.021850 0.048611 -0.012615
v 0.010262 0.048611 -0.023049
v 0.007797 0.048611 -0.023995
v 0.010262 0.048611 -0.023049
v 0.025092 0.048611 -0.002637
v 0.024679 0.048611 -0.005246
v 0.025092 0.048611 -0.002637
v 0.024679 0.048611 0.005246
v 0.023995 0.048611 0.007797
v 0.024679 0.048611 0.005246
v 0.007797 0.048611 -0.023995
v 0.005246 0.048611 -0.024679
v 0.007797 0.048611 -0.023995
v 0.014830 0.048611 -0.020412
v 0.012615 0.048611 -0.021850
v 0.014830 0.048611 -0.020412
v 0.005246 0.048611 -0.024679
v 0.002637 0.048611 -0.025092
v 0.005246 0.048611 -0.024679
v 0.025092 0.048611 0.002637
v 0.024679 0.048611 0.005246
v 0.025092 0.048611 0.002637
v 0.018750 0.048611 -0.016882
v 0.016882 0.048611 -0.018750
v 0.025258 0.044444 -0.028052
v 0.018750 0.048611 -0.016882
v 0.023049 0.048611 0.010262
v 0.021850 0.048611 0.012615
v 0.023049 0.048611 0.010262
v 0.023995 0.048611 -0.007797
v 0.023049 0.048611 -0.010262
v 0.023995 0.048611 -0.007797
v 0.025230 0.048611 0.000000
v 0.025092 0.048611 0.002637
v 0.025230 0.048611 0.000000
v 0.020412 0.048611 -0.014830
v 0.018750 0.048611 -0.016882
v 0.020412 0.048611 -0.014830
v 0.025230 0.048611 0.000000
v 0.025092 0.048611 -0.002637
v 0.025230 0.048611 0.000000
v -0.039217 0.015278 0.043555
v -0.040148 0.000000 0.044589
v -0.039217 0.015278 0.043555
v -0.036425 0.027778 0.040454
v -0.039217 0.015278 0.043555
v -0.036425 0.027778 0.040454
v -0.039217 0.015278 -0.043555
v -0.039217 0.015278 -0.043555
v -0.040148 -0.000000 -0.044589
v -0.036425 0.027778 -0.040454
v -0.036425 0.027778 -0.040454
v -0.031772 0.037500 -0.035287
v -0.036425 0.027778 -0.040454
v -0.036425 0.027778 -0.040454
v -0.039217 0.015278 -0.043555
v -0.036425 0.027778 0.040454
v -0.036425 0.027778 0.040454
v -0.031772 0.037500 0.035287
v 0.036425 0.027778 0.040454
v 0.031772 0.037500 0.035287
v 0.036425 0.027778 0.040454
v 0.039217 0.015278 0.043555
v 0.039217 0.015278 0.043555
v 0.036425 0.027778 0.040454
v 0.040148 0.000000 0.044589
v 0.040148 0.000000 0.044589
v 0.039217 0.015278 0.043555
v 0.036425 0.027778 -0.040454
v 0.036425 0.027778 -0.040454
v 0.039217 0.015278 -0.043555
v 0.036425 0.027778 -0.040454
v 0.031772 0.037500 -0.035287
v 0.036425 0.027778 -0.040454
v 0.039217 0.015278 -0.043555
v 0.039217 0.015278 -0.043555
v 0.040148 -0.000000 -0.044589
v 0.055602 0.000000 0.065447
v 0.055602 0.000000 0.065447
v 0.055602 0.003000 0.065447
v 0.055602 0.003000 0.054567
v 0.055602 0.000000 0.054567
v 0.055602 0.003000 0.054567
v -0.066913 0.000000 0.074314
v -0.066913 0.003000 0.074314
v -0.066913 0.000000 0.074314
v 0.066913 -0.000000 -0.074314
v 0.066913 -0.000000 -0.074314
v 0.066913 0.003000 -0.074314
v 0.066913 0.003000 0.074314
v 0.066913 0.000000 0.074314
v 0.066913 0.003000 0.074314
v -0.066913 -0.000000 -0.074314
v -0.066913 -0.000000 -0.074314
v -0.066913 0.003000 -0.074314
v -0.064691 -0.000000 -0.065209
v -0.064691 -0.000000 -0.065209
v -0.064691 0.003000 -0.065209
v -0.055323 0.003000 -0.065209
v -0.055323 0.003000 -0.065209
v -0.055323 -0.000000 -0.065209
v -0.055323 -0.000000 -0.054805
v -0.055323 0.003000 -0.054805
v -0.055323 -0.000000 -0.054805
v -0.064691 -0.000000 -0.054805
v -0.064691 -0.000000 -0.054805
v -0.064691 0.003000 -0.054805
v 0.064412 0.003000 0.065447
v 0.064412 0.000000 0.065447
v 0.064412 0.003000 0.065447
v 0.064412 0.000000 0.054567
v 0.064412 0.000000 0.054567
v 0.064412 0.003000 0.054567
v 0.064412 0.003000 -0.054567
v 0.064412 -0.000000 -0.054567
v 0.064412 0.003000 -0.054567
v 0.064412 -0.000000 -0.065447
v 0.064412 -0.000000 -0.065447
v 0.064412 0.003000 -0.065447
v 0.055602 -0.000000 -0.054567
v 0.055602 -0.000000 -0.054567
v 0.055602 0.003000 -0.054567
v 0.055602 0.003000 -0.065447
v 0.055602 -0.000000 -0.065447
v 0.055602 0.003000 -0.065447
v -0.004684 0.003000 0.090202
v -0.004684 0.000000 0.090202
v -0.004684 0.003000 0.090202
v -0.004684 0.000000 0.079798
v -0.004684 0.000000 0.079798
v -0.004684 0.003000 0.079798
v 0.004684 0.000000 0.079798
v 0.004684 0.000000 0.079798
v 0.004684 0.003000 0.079798
v -0.064412 0.003000 0.054567
v -0.064412 0.000000 0.054567
v -0.064412 0.003000 0.054567
v -0.064412 0.000000 0.065447
v -0.064412 0.000000 0.065447
v -0.064412 0.003000 0.065447
v 0.004684 0.000000 0.090202
v 0.004684 0.003000 0.090202
v 0.004684 0.000000 0.090202
v -0.055602 0.000000 0.054567
v -0.055602 0.000000 0.054567
v -0.055602 0.003000 0.054567
v -0.055602 0.003000 0.065447
v -0.055602 0.000000 0.065447
v -0.055602 0.003000 0.065447
v 0.004684 -0.000000 -0.079798
v 0.004684 0.003000 -0.079798
v 0.004684 -0.000000 -0.079798
v 0.004684 0.003000 -0.090202
v 0.004684 0.003000 -0.090202
v 0.004684 -0.000000 -0.090202
v -0.004684 -0.000000 -0.079798
v -0.004684 -0.000000 -0.079798
v -0.004684 0.003000 -0.079798
v -0.004684 -0.000000 -0.090202
v -0.004684 -0.000000 -0.090202
v -0.004684 0.003000 -0.090202
v -0.080316 0.003000 -0.005202
v -0.080316 0.003000 -0.005202
v -0.080316 -0.000000 -0.005202
v -0.089684 0.003000 -0.005202
v -0.089684 -0.000000 -0.005202
v -0.089684 0.003000 -0.005202
v -0.089684 0.000000 0.005202
v -0.089684 0.000000 0.005202
v -0.089684 0.003000 0.005202
v -0.080316 0.000000 0.005202
v -0.080316 0.003000 0.005202
v -0.080316 0.000000 0.005202
v 0.048950 0.026181 0.010103
v 0.090000 0.026181 0.010103
v 0.090000 0.026181 0.010103
v 0.048950 0.025080 0.010903
v 0.090000 0.025080 0.010903
v 0.048950 0.026181 0.010103
v 0.090000 0.015966 0.012840
v 0.090000 0.018680 0.012982
v 0.090000 0.017320 0.012982
v 0.090000 0.020034 0.012840
v 0.090000 0.014635 0.012557
v 0.090000 0.021365 0.012557
v 0.090000 0.022659 0.012137
v 0.090000 0.013341 0.012137
v 0.090000 0.012098 0.011583
v 0.090000 0.023902 0.011583
v 0.090000 0.010920 0.010903
v 0.090000 0.017424 0.010985
v 0.090000 0.016279 0.010865
v 0.090000 0.009819 0.010103
v 0.090000 0.015153 0.010625
v 0.090000 0.014058 0.010269
v 0.090000 0.013006 0.009801
v 0.090000 0.008808 0.009192
v 0.090000 0.012009 0.009225
v 0.090000 0.011077 0.008549
v 0.090000 0.007897 0.008181
v 0.090000 0.010222 0.007778
v 0.090000 0.007097 0.007080
v 0.090000 0.009451 0.006923
v 0.090000 0.006417 0.005902
v 0.090000 0.008775 0.005991
v 0.090000 0.008199 0.004994
v 0.090000 0.005863 0.004659
v 0.090000 0.007731 0.003942
v 0.090000 0.005443 0.003365
v 0.090000 0.007375 0.002847
v 0.090000 0.005160 0.002034
v 0.090000 0.007135 0.001721
v 0.090000 0.005018 0.000680
v 0.090000 0.007015 0.000576
v 0.090000 0.005018 -0.000680
v 0.090000 0.007015 -0.000576
v 0.090000 0.007135 -0.001721
v 0.090000 0.005160 -0.002034
v 0.090000 0.007375 -0.002847
v 0.090000 0.005443 -0.003365
v 0.090000 0.007731 -0.003942
v 0.090000 0.005863 -0.004659
v 0.090000 0.008199 -0.004994
v 0.090000 0.006417 -0.005902
v 0.090000 0.008775 -0.005991
v 0.090000 0.007097 -0.007080
v 0.090000 0.009451 -0.006923
v 0.090000 0.010222 -0.007778
v 0.090000 0.007897 -0.008181
v 0.090000 0.011077 -0.008549
v 0.090000 0.008808 -0.009192
v 0.090000 0.012009 -0.009225
v 0.090000 0.009819 -0.010103
v 0.090000 0.013006 -0.009801
v 0.090000 0.014058 -0.010269
v 0.090000 0.010920 -0.010903
v 0.090000 0.015153 -0.010625
v 0.090000 0.016279 -0.010865
v 0.090000 0.017424 -0.010985
v 0.090000 0.012098 -0.011583
v 0.090000 0.018576 -0.010985
v 0.090000 0.023902 -0.011583
v 0.090000 0.022659 -0.012137
v 0.090000 0.013341 -0.012137
v 0.090000 0.014635 -0.012557
v 0.090000 0.021365 -0.012557
v 0.090000 0.015966 -0.012840
v 0.090000 0.020034 -0.012840
v 0.090000 0.017320 -0.012982
v 0.090000 0.018680 -0.012982
v 0.090000 0.018576 0.010985
v 0.090000 0.025080 0.010903
v 0.090000 0.019721 0.010865
v 0.090000 0.026181 0.010103
v 0.090000 0.020847 0.010625
v 0.090000 0.021942 0.010269
v 0.090000 0.022994 0.009801
v 0.090000 0.027192 0.009192
v 0.090000 0.023991 0.009225
v 0.090000 0.024923 0.008549
v 0.090000 0.028103 0.008181
v 0.090000 0.025778 0.007778
v 0.090000 0.028903 0.007080
v 0.090000 0.026549 0.006923
v 0.090000 0.029583 0.005902
v 0.090000 0.027225 0.005991
v 0.090000 0.027801 0.004994
v 0.090000 0.030137 0.004659
v 0.090000 0.028269 0.003942
v 0.090000 0.030557 0.003365
v 0.090000 0.028625 0.002847
v 0.090000 0.030840 0.002034
v 0.090000 0.028865 0.001721
v 0.090000 0.030982 0.000680
v 0.090000 0.028985 0.000576
v 0.090000 0.030982 -0.000680
v 0.090000 0.028985 -0.000576
v 0.090000 0.028865 -0.001721
v 0.090000 0.030840 -0.002034
v 0.090000 0.028625 -0.002847
v 0.090000 0.030557 -0.003365
v 0.090000 0.028269 -0.003942
v 0.090000 0.030137 -0.004659
v 0.090000 0.027801 -0.004994
v 0.090000 0.029583 -0.005902
v 0.090000 0.027225 -0.005991
v 0.090000 0.028903 -0.007080
v 0.090000 0.026549 -0.006923
v 0.090000 0.025778 -0.007778
v 0.090000 0.028103 -0.008181
v 0.090000 0.024923 -0.008549
v 0.090000 0.027192 -0.009192
v 0.090000 0.023991 -0.009225
v 0.090000 0.026181 -0.010103
v 0.090000 0.022994 -0.009801
v 0.090000 0.021942 -0.010269
v 0.090000 0.025080 -0.010903
v 0.090000 0.020847 -0.010625
v 0.090000 0.019721 -0.010865
v 0.090000 0.027192 0.009192
v 0.048950 0.028103 0.008181
v 0.048950 0.027192 0.009192
v 0.090000 0.028103 0.008181
v 0.090000 0.030982 -0.000680
v 0.048950 0.030840 -0.002034
v 0.048950 0.030982 -0.000680
v 0.090000 0.030840 -0.002034
v 0.090000 0.030557 0.003365
v 0.048950 0.030840 0.002034
v 0.048950 0.030557 0.003365
v 0.090000 0.030840 0.002034
v 0.090000 0.030840 0.002034
v 0.048950 0.030982 0.000680
v 0.048950 0.030840 0.002034
v 0.090000 0.030982 0.000680
v 0.090000 0.028903 0.007080
v 0.048950 0.029583 0.005902
v 0.048950 0.028903 0.007080
v 0.090000 0.029583 0.005902
v 0.090000 0.015153 -0.010625
v 0.048950 0.014058 -0.010269
v 0.090000 0.014058 -0.010269
v 0.048950 0.015153 -0.010625
v 0.048950 0.015966 -0.012840
v 0.090000 0.014635 -0.012557
v 0.048950 0.014635 -0.012557
v 0.090000 0.015966 -0.012840
v 0.090000 0.013341 0.012137
v 0.048950 0.012098 0.011583
v 0.090000 0.012098 0.011583
v 0.048950 0.013341 0.012137
v 0.048950 0.017320 -0.012982
v 0.090000 0.015966 -0.012840
v 0.048950 0.015966 -0.012840
v 0.090000 0.017320 -0.012982
v 0.090000 0.005863 -0.004659
v 0.048950 0.005443 -0.003365
v 0.048950 0.005863 -0.004659
v 0.090000 0.005443 -0.003365
v 0.090000 0.006417 0.005902
v 0.048950 0.007097 0.007080
v 0.048950 0.006417 0.005902
v 0.090000 0.007097 0.007080
v 0.090000 0.005018 -0.000680
v 0.048950 0.005018 0.000680
v 0.048950 0.005018 -0.000680
v 0.090000 0.005018 0.000680
v 0.090000 0.025080 0.010903
v 0.048950 0.023902 0.011583
v 0.090000 0.023902 0.011583
v 0.048950 0.025080 0.010903
v 0.048950 0.022659 -0.012137
v 0.090000 0.021365 -0.012557
v 0.048950 0.021365 -0.012557
v 0.090000 0.022659 -0.012137
v 0.090000 0.006417 -0.005902
v 0.048950 0.005863 -0.004659
v 0.048950 0.006417 -0.005902
v 0.090000 0.005863 -0.004659
v 0.090000 0.007897 -0.008181
v 0.048950 0.007097 -0.007080
v 0.048950 0.007897 -0.008181
v 0.090000 0.007097 -0.007080
v 0.090000 0.005443 -0.003365
v 0.048950 0.005160 -0.002034
v 0.048950 0.005443 -0.003365
v 0.090000 0.005160 -0.002034
v 0.048950 0.020034 -0.012840
v 0.090000 0.018680 -0.012982
v 0.048950 0.018680 -0.012982
v 0.090000 0.020034 -0.012840
v 0.048950 0.025080 -0.010903
v 0.090000 0.023902 -0.011583
v 0.048950 0.023902 -0.011583
v 0.090000 0.025080 -0.010903
v 0.048950 0.026181 -0.010103
v 0.090000 0.025080 -0.010903
v 0.048950 0.025080 -0.010903
v 0.090000 0.026181 -0.010103
v 0.090000 0.029583 -0.005902
v 0.048950 0.028903 -0.007080
v 0.048950 0.029583 -0.005902
v 0.090000 0.028903 -0.007080
v 0.090000 0.030137 0.004659
v 0.048950 0.030557 0.003365
v 0.048950 0.030137 0.004659
v 0.090000 0.030557 0.003365
v 0.090000 0.017320 0.012982
v 0.048950 0.015966 0.012840
v 0.090000 0.015966 0.012840
v 0.048950 0.017320 0.012982
v 0.090000 0.015966 0.012840
v 0.048950 0.014635 0.012557
v 0.090000 0.014635 0.012557
v 0.048950 0.015966 0.012840
v 0.090000 0.005018 0.000680
v 0.048950 0.005160 0.002034
v 0.048950 0.005018 0.000680
v 0.090000 0.005160 0.002034
v 0.090000 0.005443 0.003365
v 0.048950 0.005863 0.004659
v 0.048950 0.005443 0.003365
v 0.090000 0.005863 0.004659
v 0.048950 0.009819 -0.010103
v 0.090000 0.009819 -0.010103
v 0.048950 0.012098 -0.011583
v 0.090000 0.010920 -0.010903
v 0.048950 0.010920 -0.010903
v 0.090000 0.012098 -0.011583
v 0.090000 0.029583 0.005902
v 0.048950 0.030137 0.004659
v 0.048950 0.029583 0.005902
v 0.090000 0.030137 0.004659
v 0.090000 0.028103 0.008181
v 0.048950 0.028903 0.007080
v 0.048950 0.028103 0.008181
v 0.090000 0.028903 0.007080
v 0.048950 0.020034 0.012840
v 0.048950 0.017320 0.012982
v 0.048950 0.018680 0.012982
v 0.048950 0.015966 0.012840
v 0.048950 0.021365 0.012557
v 0.048950 0.014635 0.012557
v 0.048950 0.022659 0.012137
v 0.048950 0.013341 0.012137
v 0.048950 0.023902 0.011583
v 0.048950 0.012098 0.011583
v 0.048950 0.025080 0.010903
v 0.048950 0.018576 0.010985
v 0.048950 0.019721 0.010865
v 0.048950 0.026181 0.010103
v 0.048950 0.020847 0.010625
v 0.048950 0.021942 0.010269
v 0.048950 0.022994 0.009801
v 0.048950 0.027192 0.009192
v 0.048950 0.023991 0.009225
v 0.048950 0.024923 0.008549
v 0.048950 0.028103 0.008181
v 0.048950 0.025778 0.007778
v 0.048950 0.028903 0.007080
v 0.048950 0.026549 0.006923
v 0.048950 0.029583 0.005902
v 0.048950 0.027225 0.005991
v 0.048950 0.027801 0.004994
v 0.048950 0.030137 0.004659
v 0.048950 0.028269 0.003942
v 0.048950 0.030557 0.003365
v 0.048950 0.028625 0.002847
v 0.048950 0.030840 0.002034
v 0.048950 0.028865 0.001721
v 0.048950 0.030982 0.000680
v 0.048950 0.028985 0.000576
v 0.048950 0.030982 -0.000680
v 0.048950 0.028985 -0.000576
v 0.048950 0.028865 -0.001721
v 0.048950 0.030840 -0.002034
v 0.048950 0.028625 -0.002847
v 0.048950 0.030557 -0.003365
v 0.048950 0.028269 -0.003942
v 0.048950 0.030137 -0.004659
v 0.048950 0.027801 -0.004994
v 0.048950 0.029583 -0.005902
v 0.048950 0.027225 -0.005991
v 0.048950 0.028903 -0.007080
v 0.048950 0.026549 -0.006923
v 0.048950 0.025778 -0.007778
v 0.048950 0.028103 -0.008181
v 0.048950 0.024923 -0.008549
v 0.048950 0.027192 -0.009192
v 0.048950 0.023991 -0.009225
v 0.048950 0.026181 -0.010103
v 0.048950 0.022994 -0.009801
v 0.048950 0.021942 -0.010269
v 0.048950 0.025080 -0.010903
v 0.048950 0.020847 -0.010625
v 0.048950 0.019721 -0.010865
v 0.048950 0.018576 -0.010985
v 0.048950 0.023902 -0.011583
v 0.048950 0.017424 -0.010985
v 0.048950 0.017424 0.010985
v 0.048950 0.010920 0.010903
v 0.048950 0.016279 0.010865
v 0.048950 0.009819 0.010103
v 0.048950 0.015153 0.010625
v 0.048950 0.014058 0.010269
v 0.048950 0.013006 0.009801
v 0.048950 0.008808 0.009192
v 0.048950 0.012009 0.009225
v 0.048950 0.011077 0.008549
v 0.048950 0.007897 0.008181
v 0.048950 0.010222 0.007778
v 0.048950 0.007097 0.007080
v 0.048950 0.009451 0.006923
v 0.048950 0.006417 0.005902
v 0.048950 0.008775 0.005991
v 0.048950 0.008199 0.004994
v 0.048950 0.005863 0.004659
v 0.048950 0.007731 0.003942
v 0.048950 0.005443 0.003365
v 0.048950 0.007375 0.002847
v 0.048950 0.005160 0.002034
v 0.048950 0.007135 0.001721
v 0.048950 0.005018 0.000680
v 0.048950 0.007015 0.000576
v 0.048950 0.005018 -0.000680
v 0.048950 0.007015 -0.000576
v 0.048950 0.007135 -0.001721
v 0.048950 0.005160 -0.002034
v 0.048950 0.007375 -0.002847
v 0.048950 0.005443 -0.003365
v 0.048950 0.007731 -0.003942
v 0.048950 0.005863 -0.004659
v 0.048950 0.008199 -0.004994
v 0.048950 0.006417 -0.005902
v 0.048950 0.008775 -0.005991
v 0.048950 0.007097 -0.007080
v 0.048950 0.009451 -0.006923
v 0.048950 0.010222 -0.007778
v 0.048950 0.007897 -0.008181
v 0.048950 0.011077 -0.008549
v 0.048950 0.008808 -0.009192
v 0.048950 0.012009 -0.009225
v 0.048950 0.009819 -0.010103
v 0.048950 0.013006 -0.009801
v 0.048950 0.014058 -0.010269
v 0.048950 0.010920 -0.010903
v 0.048950 0.015153 -0.010625
v 0.048950 0.016279 -0.010865
v 0.048950 0.012098 -0.011583
v 0.048950 0.022659 -0.012137
v 0.048950 0.013341 -0.012137
v 0.048950 0.021365 -0.012557
v 0.048950 0.014635 -0.012557
v 0.048950 0.020034 -0.012840
v 0.048950 0.015966 -0.012840
v 0.048950 0.018680 -0.012982
v 0.048950 0.017320 -0.012982
v 0.090000 0.014058 -0.010269
v 0.048950 0.013006 -0.009801
v 0.090000 0.013006 -0.009801
v 0.048950 0.014058 -0.010269
v 0.090000 0.013006 -0.009801
v 0.048950 0.012009 -0.009225
v 0.090000 0.012009 -0.009225
v 0.048950 0.013006 -0.009801
v 0.090000 0.030137 -0.004659
v 0.048950 0.029583 -0.005902
v 0.048950 0.030137 -0.004659
v 0.090000 0.029583 -0.005902
v 0.090000 0.023902 0.011583
v 0.048950 0.022659 0.012137
v 0.090000 0.022659 0.012137
v 0.048950 0.023902 0.011583
v 0.090000 0.028903 -0.007080
v 0.048950 0.028103 -0.008181
v 0.048950 0.028903 -0.007080
v 0.090000 0.028103 -0.008181
v 0.090000 0.012009 -0.009225
v 0.048950 0.011077 -0.008549
v 0.090000 0.011077 -0.008549
v 0.048950 0.012009 -0.009225
v 0.048950 0.014635 -0.012557
v 0.090000 0.013341 -0.012137
v 0.048950 0.013341 -0.012137
v 0.090000 0.014635 -0.012557
v 0.048950 0.013341 -0.012137
v 0.090000 0.012098 -0.011583
v 0.048950 0.012098 -0.011583
v 0.090000 0.013341 -0.012137
v 0.048950 0.021365 -0.012557
v 0.090000 0.020034 -0.012840
v 0.048950 0.020034 -0.012840
v 0.090000 0.021365 -0.012557
v 0.090000 0.011077 -0.008549
v 0.048950 0.011077 -0.008549
v 0.048950 0.010920 -0.010903
v 0.090000 0.009819 -0.010103
v 0.048950 0.009819 -0.010103
v 0.090000 0.010920 -0.010903
v 0.090000 0.009451 -0.006923
v 0.048950 0.010222 -0.007778
v 0.048950 0.009451 -0.006923
v 0.090000 0.010222 -0.007778
v 0.090000 0.020034 0.012840
v 0.048950 0.018680 0.012982
v 0.090000 0.018680 0.012982
v 0.048950 0.020034 0.012840
v 0.090000 0.012098 0.011583
v 0.048950 0.010920 0.010903
v 0.090000 0.010920 0.010903
v 0.048950 0.012098 0.011583
v 0.090000 0.009819 0.010103
v 0.048950 0.009819 0.010103
v 0.090000 0.007097 0.007080
v 0.048950 0.007897 0.008181
v 0.048950 0.007097 0.007080
v 0.090000 0.007897 0.008181
v 0.090000 0.008808 -0.009192
v 0.048950 0.007897 -0.008181
v 0.048950 0.008808 -0.009192
v 0.090000 0.007897 -0.008181
v 0.090000 0.022659 0.012137
v 0.048950 0.021365 0.012557
v 0.090000 0.021365 0.012557
v 0.048950 0.022659 0.012137
v 0.090000 0.014635 0.012557
v 0.048950 0.013341 0.012137
v 0.090000 0.013341 0.012137
v 0.048950 0.014635 0.012557
v 0.048950 0.023902 -0.011583
v 0.090000 0.022659 -0.012137
v 0.048950 0.022659 -0.012137
v 0.090000 0.023902 -0.011583
v 0.090000 0.005863 0.004659
v 0.048950 0.006417 0.005902
v 0.048950 0.005863 0.004659
v 0.090000 0.006417 0.005902
v 0.090000 0.028103 -0.008181
v 0.048950 0.027192 -0.009192
v 0.048950 0.028103 -0.008181
v 0.090000 0.027192 -0.009192
v 0.090000 0.026181 -0.010103
v 0.048950 0.026181 -0.010103
v 0.090000 0.030557 -0.003365
v 0.048950 0.030137 -0.004659
v 0.048950 0.030557 -0.003365
v 0.090000 0.030137 -0.004659
v 0.090000 0.030982 0.000680
v 0.048950 0.030982 -0.000680
v 0.048950 0.030982 0.000680
v 0.090000 0.030982 -0.000680
v 0.090000 0.007897 0.008181
v 0.048950 0.008808 0.009192
v 0.048950 0.007897 0.008181
v 0.090000 0.008808 0.009192
v 0.090000 0.018680 0.012982
v 0.048950 0.017320 0.012982
v 0.090000 0.017320 0.012982
v 0.048950 0.018680 0.012982
v 0.090000 0.010920 0.010903
v 0.048950 0.009819 0.010103
v 0.090000 0.009819 0.010103
v 0.048950 0.010920 0.010903
v 0.090000 0.021365 0.012557
v 0.048950 0.020034 0.012840
v 0.090000 0.020034 0.012840
v 0.048950 0.021365 0.012557
v 0.090000 0.005160 -0.002034
v 0.048950 0.005018 -0.000680
v 0.048950 0.005160 -0.002034
v 0.090000 0.005018 -0.000680
v 0.090000 0.007097 -0.007080
v 0.048950 0.006417 -0.005902
v 0.048950 0.007097 -0.007080
v 0.090000 0.006417 -0.005902
v 0.048950 0.018680 -0.012982
v 0.090000 0.017320 -0.012982
v 0.048950 0.017320 -0.012982
v 0.090000 0.018680 -0.012982
v 0.090000 0.005160 0.002034
v 0.048950 0.005443 0.003365
v 0.048950 0.005160 0.002034
v 0.090000 0.005443 0.003365
v 0.090000 0.030840 -0.002034
v 0.048950 0.030557 -0.003365
v 0.048950 0.030840 -0.002034
v 0.090000 0.030557 -0.003365
v 0.048950 0.020847 0.010625
v 0.090000 0.019721 0.010865
v 0.048950 0.019721 0.010865
v 0.090000 0.020847 0.010625
v 0.048950 0.015153 0.010625
v 0.090000 0.014058 0.010269
v 0.048950 0.014058 0.010269
v 0.090000 0.015153 0.010625
v 0.048950 0.023991 0.009225
v 0.090000 0.022994 0.009801
v 0.048950 0.022994 0.009801
v 0.090000 0.023991 0.009225
v 0.048950 0.024923 0.008549
v 0.090000 0.023991 0.009225
v 0.048950 0.023991 0.009225
v 0.090000 0.024923 0.008549
v 0.090000 0.026549 0.006923
v 0.048950 0.025778 0.007778
v 0.048950 0.026549 0.006923
v 0.090000 0.025778 0.007778
v 0.090000 0.028865 0.001721
v 0.048950 0.028625 0.002847
v 0.048950 0.028865 0.001721
v 0.090000 0.028625 0.002847
v 0.090000 0.028865 -0.001721
v 0.048950 0.028985 -0.000576
v 0.048950 0.028865 -0.001721
v 0.090000 0.028985 -0.000576
v 0.090000 0.025778 -0.007778
v 0.048950 0.026549 -0.006923
v 0.048950 0.025778 -0.007778
v 0.090000 0.026549 -0.006923
v 0.048950 0.024923 -0.008549
v 0.090000 0.024923 -0.008549
v 0.090000 0.019721 -0.010865
v 0.048950 0.018576 -0.010985
v 0.090000 0.018576 -0.010985
v 0.048950 0.019721 -0.010865
v 0.090000 0.009451 0.006923
v 0.048950 0.008775 0.005991
v 0.048950 0.009451 0.006923
v 0.090000 0.008775 0.005991
v 0.090000 0.027225 0.005991
v 0.048950 0.026549 0.006923
v 0.048950 0.027225 0.005991
v 0.090000 0.026549 0.006923
v 0.090000 0.007731 -0.003942
v 0.048950 0.008199 -0.004994
v 0.048950 0.007731 -0.003942
v 0.090000 0.008199 -0.004994
v 0.090000 0.028985 0.000576
v 0.048950 0.028865 0.001721
v 0.048950 0.028985 0.000576
v 0.090000 0.028865 0.001721
v 0.090000 0.018576 -0.010985
v 0.048950 0.017424 -0.010985
v 0.090000 0.017424 -0.010985
v 0.048950 0.018576 -0.010985
v 0.090000 0.008775 -0.005991
v 0.048950 0.009451 -0.006923
v 0.048950 0.008775 -0.005991
v 0.090000 0.009451 -0.006923
v 0.090000 0.007135 0.001721
v 0.048950 0.007015 0.000576
v 0.048950 0.007135 0.001721
v 0.090000 0.007015 0.000576
v 0.090000 0.007015 0.000576
v 0.048950 0.007015 -0.000576
v 0.048950 0.007015 0.000576
v 0.090000 0.007015 -0.000576
v 0.048950 0.021942 0.010269
v 0.090000 0.020847 0.010625
v 0.048950 0.020847 0.010625
v 0.090000 0.021942 0.010269
v 0.048950 0.022994 0.009801
v 0.090000 0.021942 0.010269
v 0.048950 0.021942 0.010269
v 0.090000 0.022994 0.009801
v 0.090000 0.010222 0.007778
v 0.048950 0.009451 0.006923
v 0.048950 0.010222 0.007778
v 0.090000 0.009451 0.006923
v 0.048950 0.012009 0.009225
v 0.090000 0.011077 0.008549
v 0.048950 0.011077 0.008549
v 0.090000 0.012009 0.009225
v 0.090000 0.027801 0.004994
v 0.048950 0.027225 0.005991
v 0.048950 0.027801 0.004994
v 0.090000 0.027225 0.005991
v 0.090000 0.028625 0.002847
v 0.048950 0.028269 0.003942
v 0.048950 0.028625 0.002847
v 0.090000 0.028269 0.003942
v 0.090000 0.027801 -0.004994
v 0.048950 0.028269 -0.003942
v 0.048950 0.027801 -0.004994
v 0.090000 0.028269 -0.003942
v 0.048950 0.017424 0.010985
v 0.090000 0.016279 0.010865
v 0.048950 0.016279 0.010865
v 0.090000 0.017424 0.010985
v 0.090000 0.021942 -0.010269
v 0.048950 0.020847 -0.010625
v 0.090000 0.020847 -0.010625
v 0.048950 0.021942 -0.010269
v 0.090000 0.007135 -0.001721
v 0.048950 0.007375 -0.002847
v 0.048950 0.007135 -0.001721
v 0.090000 0.007375 -0.002847
v 0.090000 0.022994 -0.009801
v 0.048950 0.021942 -0.010269
v 0.090000 0.021942 -0.010269
v 0.048950 0.022994 -0.009801
v 0.090000 0.008199 0.004994
v 0.048950 0.007731 0.003942
v 0.048950 0.008199 0.004994
v 0.090000 0.007731 0.003942
v 0.048950 0.018576 0.010985
v 0.090000 0.017424 0.010985
v 0.048950 0.017424 0.010985
v 0.090000 0.018576 0.010985
v 0.090000 0.024923 0.008549
v 0.048950 0.024923 0.008549
v 0.090000 0.024923 -0.008549
v 0.048950 0.023991 -0.009225
v 0.090000 0.023991 -0.009225
v 0.048950 0.024923 -0.008549
v 0.090000 0.026549 -0.006923
v 0.048950 0.027225 -0.005991
v 0.048950 0.026549 -0.006923
v 0.090000 0.027225 -0.005991
v 0.090000 0.027225 -0.005991
v 0.048950 0.027801 -0.004994
v 0.048950 0.027225 -0.005991
v 0.090000 0.027801 -0.004994
v 0.048950 0.014058 0.010269
v 0.090000 0.013006 0.009801
v 0.048950 0.013006 0.009801
v 0.090000 0.014058 0.010269
v 0.090000 0.028269 -0.003942
v 0.048950 0.028625 -0.002847
v 0.048950 0.028269 -0.003942
v 0.090000 0.028625 -0.002847
v 0.090000 0.007375 -0.002847
v 0.048950 0.007731 -0.003942
v 0.048950 0.007375 -0.002847
v 0.090000 0.007731 -0.003942
v 0.090000 0.028625 -0.002847
v 0.048950 0.028865 -0.001721
v 0.048950 0.028625 -0.002847
v 0.090000 0.028865 -0.001721
v 0.090000 0.028985 -0.000576
v 0.048950 0.028985 0.000576
v 0.048950 0.028985 -0.000576
v 0.090000 0.028985 0.000576
v 0.090000 0.007015 -0.000576
v 0.048950 0.007135 -0.001721
v 0.048950 0.007015 -0.000576
v 0.090000 0.007135 -0.001721
v 0.048950 0.011077 0.008549
v 0.090000 0.011077 0.008549
v 0.090000 0.028269 0.003942
v 0.048950 0.027801 0.004994
v 0.048950 0.028269 0.003942
v 0.090000 0.027801 0.004994
v 0.090000 0.020847 -0.010625
v 0.048950 0.019721 -0.010865
v 0.090000 0.019721 -0.010865
v 0.048950 0.020847 -0.010625
v 0.090000 0.016279 -0.010865
v 0.048950 0.015153 -0.010625
v 0.090000 0.015153 -0.010625
v 0.048950 0.016279 -0.010865
v 0.090000 0.017424 -0.010985
v 0.048950 0.016279 -0.010865
v 0.090000 0.016279 -0.010865
v 0.048950 0.017424 -0.010985
v 0.048950 0.016279 0.010865
v 0.090000 0.015153 0.010625
v 0.048950 0.015153 0.010625
v 0.090000 0.016279 0.010865
v 0.090000 0.008199 -0.004994
v 0.048950 0.008775 -0.005991
v 0.048950 0.008199 -0.004994
v 0.090000 0.008775 -0.005991
v 0.090000 0.023991 -0.009225
v 0.048950 0.022994 -0.009801
v 0.090000 0.022994 -0.009801
v 0.048950 0.023991 -0.009225
v 0.090000 0.008775 0.005991
v 0.048950 0.008199 0.004994
v 0.048950 0.008775 0.005991
v 0.090000 0.008199 0.004994
v 0.090000 0.007731 0.003942
v 0.048950 0.007375 0.002847
v 0.048950 0.007731 0.003942
v 0.090000 0.007375 0.002847
v 0.048950 0.013006 0.009801
v 0.090000 0.012009 0.009225
v 0.048950 0.012009 0.009225
v 0.090000 0.013006 0.009801
v 0.048950 0.019721 0.010865
v 0.090000 0.018576 0.010985
v 0.048950 0.018576 0.010985
v 0.090000 0.019721 0.010865
v 0.090000 0.007375 0.002847
v 0.048950 0.007135 0.001721
v 0.048950 0.007375 0.002847
v 0.090000 0.007135 0.001721
v 0.090000 0.027192 0.009192
v 0.090000 0.027192 0.009192
v 0.048950 0.027192 0.009192
v 0.090000 0.008808 -0.009192
v 0.048950 0.008808 -0.009192
v 0.090000 0.008808 -0.009192
v 0.048950 0.010222 -0.007778
v 0.090000 0.010222 -0.007778
v 0.048950 0.010222 -0.007778
v 0.048950 0.008808 0.009192
v 0.090000 0.008808 0.009192
v 0.048950 0.008808 0.009192
v 0.048950 0.027192 -0.009192
v 0.048950 0.027192 -0.009192
v 0.090000 0.027192 -0.009192
v 0.090000 0.025778 -0.007778
v 0.090000 0.025778 -0.007778
v 0.048950 0.025778 -0.007778
v 0.048950 0.025778 0.007778
v 0.048950 0.025778 0.007778
v 0.090000 0.025778 0.007778
v 0.090000 0.010222 0.007778
v 0.048950 0.010222 0.007778
v 0.090000 0.010222 0.007778
vn -0.0000 -1.0000 -0.0000
vn -0.0478 0.8893 -0.4547
vn -0.0000 0.7049 -0.7094
vn -0.0741 0.7049 -0.7055
vn -0.0000 0.8893 -0.4572
vn 0.0218 0.9781 -0.2070
vn -0.0000 0.8894 -0.4572
vn -0.0000 0.9781 -0.2082
vn 0.0478 0.8894 -0.4547
vn -0.0218 0.9781 -0.2070
vn -0.0478 0.8894 -0.4547
vn -0.0217 0.9781 -0.2070
vn 0.0049 0.9989 -0.0465
vn -0.0000 0.9781 -0.2081
vn -0.0000 0.9989 -0.0468
vn 0.0217 0.9781 -0.2070
vn 0.0478 0.8893 -0.4547
vn 0.0741 0.7049 -0.7055
vn -0.0275 0.9989 -0.0378
vn -0.1041 0.9781 -0.1802
vn -0.1223 0.9781 -0.1684
vn -0.0234 0.9989 -0.0405
vn -0.2070 0.9781 0.0218
vn -0.0468 0.9989 -0.0000
vn -0.2081 0.9781 -0.0000
vn -0.0465 0.9989 0.0049
vn -0.4472 0.8894 0.0950
vn -0.4547 0.8894 0.0478
vn -0.2036 0.9781 0.0433
vn -0.0405 0.9989 -0.0234
vn -0.1684 0.9781 -0.1223
vn -0.1802 0.9781 -0.1041
vn -0.0378 0.9989 -0.0275
vn -0.4573 0.8893 -0.0000
vn -0.7055 0.7049 -0.0741
vn -0.7094 0.7049 -0.0000
vn -0.4547 0.8893 -0.0478
vn -0.4348 0.8894 0.1413
vn -0.4472 0.8894 0.0951
vn -0.1980 0.9781 0.0643
vn -0.1979 0.9781 0.0643
vn -0.0457 0.9989 0.0097
vn -0.0445 0.9989 0.0145
vn -0.6480 0.7049 0.2885
vn -0.4349 0.8893 0.1413
vn -0.6746 0.7049 0.2192
vn -0.4177 0.8893 0.1860
vn -0.0950 0.8893 -0.4473
vn -0.0742 0.7049 -0.7055
vn -0.1475 0.7049 -0.6938
vn -0.1684 0.9781 -0.1224
vn -0.3397 0.8894 -0.3059
vn -0.3699 0.8894 -0.2687
vn -0.3398 0.8894 -0.3059
vn -0.1547 0.9781 -0.1393
vn -0.0445 0.9989 -0.0145
vn -0.1901 0.9781 -0.0846
vn -0.1979 0.9781 -0.0643
vn -0.0427 0.9989 -0.0190
vn -0.0313 0.9989 -0.0348
vn -0.1393 0.9781 -0.1547
vn -0.3059 0.8893 -0.3398
vn -0.4170 0.7049 -0.5739
vn -0.4747 0.7049 -0.5271
vn -0.2688 0.8893 -0.3699
vn -0.3398 0.8893 -0.3060
vn -0.5271 0.7049 -0.4747
vn -0.3060 0.8893 -0.3398
vn -0.2286 0.8893 -0.3960
vn -0.2885 0.7049 -0.6480
vn -0.3547 0.7049 -0.6143
vn -0.1860 0.8893 -0.4177
vn -0.0348 0.9989 -0.0313
vn -0.3699 0.8893 -0.2688
vn -0.5272 0.7049 -0.4746
vn -0.5739 0.7049 -0.4170
vn -0.1803 0.9781 -0.1041
vn -0.1901 0.9781 -0.0847
vn -0.1980 0.9781 -0.0643
vn -0.4177 0.8894 -0.1859
vn -0.4348 0.8894 -0.1413
vn -0.1902 0.9781 -0.0847
vn -0.1041 0.9781 -0.1803
vn -0.1860 0.8894 -0.4177
vn -0.2286 0.8894 -0.3959
vn -0.0847 0.9781 -0.1902
vn -0.0457 0.9989 -0.0097
vn -0.2036 0.9781 -0.0433
vn -0.3059 0.8894 -0.3397
vn -0.2070 0.9781 -0.0217
vn -0.0465 0.9989 -0.0049
vn -0.4473 0.8893 -0.0951
vn -0.6746 0.7049 -0.2192
vn -0.6938 0.7049 -0.1475
vn -0.4349 0.8893 -0.1413
vn -0.6939 0.7049 0.1475
vn -0.4547 0.8893 0.0478
vn -0.7055 0.7049 0.0742
vn -0.4473 0.8893 0.0950
vn -0.0643 0.9781 -0.1980
vn -0.0951 0.8894 -0.4472
vn -0.1413 0.8894 -0.4348
vn -0.0433 0.9781 -0.2036
vn -0.0950 0.8894 -0.4472
vn -0.0144 0.9989 -0.0445
vn -0.0643 0.9781 -0.1979
vn -0.0097 0.9989 -0.0457
vn -0.3959 0.8894 -0.2286
vn -0.3960 0.8893 -0.2286
vn -0.5739 0.7049 -0.4169
vn -0.6143 0.7049 -0.3547
vn -0.4473 0.8893 0.0951
vn -0.6938 0.7049 0.1475
vn -0.4177 0.8893 -0.1860
vn -0.6480 0.7049 -0.2885
vn -0.4177 0.8894 0.1859
vn -0.1902 0.9781 0.0847
vn -0.0049 0.9989 -0.0465
vn -0.0467 0.9989 -0.0000
vn -0.0444 0.9989 0.0144
vn -0.0444 0.9989 -0.0144
vn -0.0427 0.9989 0.0190
vn -0.0405 0.9989 0.0234
vn -0.0378 0.9989 0.0275
vn -0.0347 0.9989 -0.0313
vn -0.0347 0.9989 0.0313
vn -0.0313 0.9989 0.0347
vn -0.0313 0.9989 -0.0347
vn -0.0275 0.9989 0.0378
vn -0.0234 0.9989 0.0405
vn -0.0190 0.9989 0.0427
vn -0.0190 0.9989 -0.0427
vn -0.0144 0.9989 -0.0444
vn -0.0144 0.9989 0.0444
vn -0.0097 0.9989 0.0457
vn -0.0049 0.9989 0.0465
vn -0.0000 0.9989 0.0467
vn -0.0000 0.9989 -0.0467
vn 0.0049 0.9989 0.0465
vn 0.0097 0.9989 0.0457
vn 0.0097 0.9989 -0.0457
vn 0.0144 0.9989 0.0444
vn 0.0144 0.9989 -0.0444
vn 0.0190 0.9989 -0.0427
vn 0.0190 0.9989 0.0427
vn 0.0234 0.9989 0.0405
vn 0.0234 0.9989 -0.0405
vn 0.0275 0.9989 -0.0378
vn 0.0275 0.9989 0.0378
vn 0.0313 0.9989 0.0347
vn 0.0313 0.9989 -0.0347
vn 0.0347 0.9989 0.0313
vn 0.0347 0.9989 -0.0313
vn 0.0378 0.9989 -0.0275
vn 0.0378 0.9989 0.0275
vn 0.0405 0.9989 -0.0234
vn 0.0405 0.9989 0.0234
vn 0.0427 0.9989 0.0190
vn 0.0427 0.9989 -0.0190
vn 0.0444 0.9989 0.0144
vn 0.0444 0.9989 -0.0144
vn 0.0457 0.9989 -0.0097
vn 0.0457 0.9989 0.0097
vn 0.0465 0.9989 0.0049
vn 0.0465 0.9989 -0.0049
vn 0.0467 0.9989 -0.0000
vn -0.0847 0.9781 -0.1901
vn -0.1859 0.8894 -0.4177
vn -0.0846 0.9781 -0.1901
vn -0.0145 0.9989 -0.0445
vn -0.2687 0.8893 -0.3699
vn -0.4169 0.7049 -0.5739
vn -0.2070 0.9781 -0.0218
vn -0.4472 0.8894 -0.0951
vn -0.4547 0.8894 -0.0478
vn -0.6939 0.7049 -0.1475
vn -0.7055 0.7049 -0.0742
vn -0.2687 0.8894 -0.3699
vn -0.3059 0.8894 -0.3398
vn -0.1224 0.9781 -0.1684
vn -0.2082 0.9781 -0.0000
vn -0.4572 0.8894 -0.0000
vn -0.1413 0.8893 -0.4349
vn -0.2192 0.7049 -0.6746
vn -0.0951 0.8893 -0.4473
vn -0.7055 0.7049 0.0741
vn -0.4572 0.8893 -0.0000
vn -0.4176 0.8894 -0.1860
vn -0.2687 0.8894 0.3699
vn -0.1393 0.9781 0.1547
vn -0.3059 0.8894 0.3398
vn -0.1224 0.9781 0.1684
vn -0.4170 0.7049 0.5739
vn -0.3060 0.8893 0.3398
vn -0.4746 0.7049 0.5272
vn -0.2688 0.8893 0.3699
vn -0.1901 0.9781 0.0846
vn 0.2192 0.7049 0.6746
vn 0.1860 0.8893 0.4177
vn 0.1413 0.8893 0.4349
vn 0.2885 0.7049 0.6480
vn 0.5272 0.7049 0.4746
vn 0.3699 0.8893 0.2688
vn 0.3398 0.8893 0.3060
vn 0.5739 0.7049 0.4170
vn 0.1684 0.9781 0.1223
vn 0.1802 0.9781 0.1041
vn -0.1684 0.9781 0.1223
vn -0.1802 0.9781 0.1041
vn -0.0000 0.8894 0.4572
vn -0.0218 0.9781 0.2070
vn -0.0478 0.8894 0.4547
vn -0.0000 0.9781 0.2082
vn -0.0000 0.9781 0.2081
vn -0.0217 0.9781 0.2070
vn -0.0000 0.9989 0.0468
vn 0.3699 0.8894 0.2687
vn 0.1803 0.9781 0.1041
vn 0.3959 0.8894 0.2286
vn 0.5739 0.7049 0.4169
vn 0.3960 0.8893 0.2286
vn 0.6143 0.7049 0.3547
vn -0.0847 0.9781 0.1901
vn -0.1041 0.9781 0.1803
vn -0.6143 0.7049 0.3547
vn -0.3960 0.8893 0.2286
vn -0.1860 0.8894 0.4177
vn -0.2286 0.8894 0.3959
vn -0.1860 0.8894 0.4176
vn -0.0847 0.9781 0.1902
vn -0.2192 0.7049 0.6746
vn -0.1860 0.8893 0.4177
vn -0.2885 0.7049 0.6480
vn -0.1413 0.8893 0.4349
vn -0.3398 0.8894 0.3059
vn -0.1684 0.9781 0.1224
vn -0.3699 0.8894 0.2687
vn -0.1547 0.9781 0.1393
vn -0.3547 0.7049 0.6143
vn -0.4169 0.7049 0.5739
vn -0.2286 0.8893 0.3960
vn -0.0643 0.9781 0.1979
vn -0.0846 0.9781 0.1901
vn -0.0145 0.9989 0.0445
vn -0.3059 0.8894 0.3397
vn -0.3397 0.8894 0.3059
vn -0.0951 0.8894 0.4472
vn -0.0643 0.9781 0.1980
vn -0.1413 0.8894 0.4348
vn -0.0433 0.9781 0.2036
vn -0.0950 0.8894 0.4472
vn -0.0348 0.9989 0.0313
vn -0.0313 0.9989 0.0348
vn -0.5272 0.7049 0.4746
vn -0.3699 0.8893 0.2688
vn -0.5739 0.7049 0.4170
vn -0.3398 0.8893 0.3060
vn -0.0000 0.7049 0.7094
vn -0.0478 0.8893 0.4547
vn -0.0741 0.7049 0.7055
vn -0.0000 0.8893 0.4572
vn -0.1223 0.9781 0.1684
vn -0.1859 0.8894 0.4177
vn -0.1475 0.7049 0.6938
vn -0.0951 0.8893 0.4473
vn 0.0218 0.9781 0.2070
vn 0.0478 0.8894 0.4547
vn -0.1803 0.9781 0.1041
vn -0.3959 0.8894 0.2286
vn 0.0741 0.7049 0.7055
vn 0.0478 0.8893 0.4547
vn 0.0742 0.7049 0.7055
vn 0.0951 0.8893 0.4473
vn 0.1475 0.7049 0.6939
vn 0.0433 0.9781 0.2036
vn 0.1413 0.8894 0.4348
vn 0.0847 0.9781 0.1902
vn 0.0643 0.9781 0.1980
vn 0.1859 0.8894 0.4177
vn 0.0643 0.9781 0.1979
vn 0.0145 0.9989 0.0445
vn 0.0846 0.9781 0.1901
vn 0.2286 0.8893 0.3960
vn 0.3547 0.7049 0.6143
vn 0.1860 0.8894 0.4177
vn 0.1041 0.9781 0.1803
vn 0.2286 0.8894 0.3959
vn 0.0847 0.9781 0.1901
vn 0.0951 0.8894 0.4472
vn 0.2687 0.8894 0.3699
vn 0.1393 0.9781 0.1547
vn 0.1224 0.9781 0.1684
vn 0.3059 0.8894 0.3398
vn -0.1041 0.9781 0.1802
vn 0.1223 0.9781 0.1684
vn 0.0313 0.9989 0.0348
vn 0.4170 0.7049 0.5739
vn 0.3059 0.8893 0.3398
vn 0.2688 0.8893 0.3699
vn 0.4746 0.7049 0.5272
vn -0.0742 0.7049 0.7055
vn -0.1475 0.7049 0.6939
vn -0.5271 0.7049 0.4747
vn -0.4747 0.7049 0.5271
vn 0.2687 0.8893 0.3699
vn 0.4169 0.7049 0.5739
vn 0.1475 0.7049 0.6938
vn 0.0348 0.9989 0.0313
vn 0.1547 0.9781 0.1393
vn 0.1041 0.9781 0.1802
vn -0.5739 0.7049 0.4169
vn 0.0950 0.8894 0.4472
vn 0.3059 0.8894 0.3397
vn 0.3397 0.8894 0.3059
vn -0.4176 0.8894 0.1860
vn 0.4747 0.7049 0.5271
vn 0.3060 0.8893 0.3398
vn 0.5271 0.7049 0.4747
vn 0.0144 0.9989 0.0445
vn -0.1901 0.9781 0.0847
vn 0.1684 0.9781 0.1224
vn 0.1041 0.9781 -0.1803
vn 0.1860 0.8894 -0.4176
vn 0.0847 0.9781 -0.1902
vn 0.1860 0.8894 -0.4177
vn 0.2286 0.8894 -0.3959
vn 0.3060 0.8893 -0.3398
vn 0.4170 0.7049 -0.5739
vn 0.2688 0.8893 -0.3699
vn 0.4746 0.7049 -0.5272
vn 0.1902 0.9781 -0.0847
vn 0.3959 0.8894 -0.2286
vn 0.1803 0.9781 -0.1041
vn 0.4176 0.8894 -0.1860
vn -0.0932 0.4522 -0.8870
vn -0.0000 0.2043 -0.9789
vn -0.1023 0.2043 -0.9736
vn -0.0000 0.4522 -0.8919
vn 0.7055 0.7049 0.0741
vn 0.4572 0.8893 -0.0000
vn 0.4547 0.8893 0.0478
vn 0.7094 0.7049 -0.0000
vn 0.0847 0.9781 -0.1901
vn 0.1901 0.9781 -0.0847
vn 0.3398 0.8893 -0.3060
vn 0.4747 0.7049 -0.5271
vn 0.5271 0.7049 -0.4747
vn 0.6746 0.7049 0.2192
vn 0.4473 0.8893 0.0951
vn 0.4349 0.8893 0.1413
vn 0.6938 0.7049 0.1475
vn 0.2036 0.9781 -0.0433
vn 0.4348 0.8894 -0.1413
vn 0.1980 0.9781 -0.0643
vn 0.4472 0.8894 -0.0951
vn 0.0445 0.9989 -0.0145
vn 0.1901 0.9781 -0.0846
vn 0.1979 0.9781 -0.0643
vn 0.0950 0.8893 -0.4473
vn 0.0742 0.7049 -0.7055
vn 0.1475 0.7049 -0.6939
vn -0.0741 0.7048 -0.7055
vn -0.0000 0.4523 -0.8919
vn -0.0932 0.4523 -0.8870
vn -0.0000 0.7048 -0.7094
vn 0.4177 0.8894 0.1859
vn 0.1980 0.9781 0.0643
vn 0.1902 0.9781 0.0847
vn 0.4348 0.8894 0.1413
vn 0.0932 0.4523 -0.8870
vn 0.0741 0.7048 -0.7055
vn 0.1393 0.9781 -0.1547
vn 0.2687 0.8894 -0.3699
vn 0.1224 0.9781 -0.1684
vn 0.3059 0.8894 -0.3398
vn -0.1475 0.7048 -0.6939
vn -0.1854 0.4523 -0.8724
vn -0.0742 0.7048 -0.7055
vn 0.4177 0.8893 0.1860
vn 0.6480 0.7049 0.2885
vn 0.1901 0.9781 0.0846
vn 0.0445 0.9989 0.0145
vn 0.1979 0.9781 0.0643
vn 0.6939 0.7049 0.1475
vn 0.7055 0.7049 0.0742
vn 0.4177 0.8893 -0.1860
vn 0.6143 0.7049 -0.3547
vn 0.3960 0.8893 -0.2286
vn 0.6480 0.7049 -0.2885
vn 0.3699 0.8894 -0.2687
vn 0.1684 0.9781 -0.1224
vn 0.0468 0.9989 -0.0000
vn 0.2070 0.9781 -0.0218
vn 0.2081 0.9781 -0.0000
vn 0.5739 0.7049 -0.4169
vn 0.3699 0.8893 -0.2687
vn 0.3699 0.8893 -0.2688
vn 0.5272 0.7049 -0.4746
vn 0.3398 0.8893 -0.3059
vn 0.5739 0.7049 -0.4170
vn 0.3547 0.7049 -0.6143
vn 0.2286 0.8893 -0.3960
vn 0.4169 0.7049 -0.5739
vn 0.4547 0.8893 -0.0478
vn 0.6939 0.7049 -0.1475
vn 0.4473 0.8893 -0.0950
vn 0.7055 0.7049 -0.0742
vn 0.1901 0.9781 0.0847
vn 0.1413 0.8894 -0.4348
vn 0.0643 0.9781 -0.1980
vn 0.1859 0.8894 -0.4177
vn 0.4573 0.8893 -0.0000
vn 0.7055 0.7049 -0.0741
vn 0.0313 0.9989 -0.0348
vn 0.1223 0.9781 -0.1684
vn 0.0643 0.9781 -0.1979
vn 0.0145 0.9989 -0.0445
vn 0.0846 0.9781 -0.1901
vn 0.2036 0.9781 0.0433
vn 0.2070 0.9781 0.0218
vn 0.4472 0.8894 -0.0950
vn 0.4547 0.8894 -0.0478
vn 0.4472 0.8894 0.0951
vn 0.0951 0.8894 -0.4472
vn 0.0433 0.9781 -0.2036
vn 0.0950 0.8894 -0.4472
vn 0.2070 0.9781 0.0217
vn 0.1023 0.2043 -0.9736
vn 0.0932 0.4522 -0.8870
vn 0.4547 0.8894 0.0478
vn -0.0000 0.2042 -0.9789
vn 0.1041 0.0907 -0.9904
vn -0.0000 0.0907 -0.9959
vn 0.1023 0.2042 -0.9736
vn 0.1547 0.9781 -0.1393
vn 0.3059 0.8894 -0.3397
vn 0.3397 0.8894 -0.3059
vn 0.4176 0.8894 0.1860
vn -0.1023 0.2042 -0.9736
vn -0.1041 0.0907 -0.9904
vn 0.4177 0.8894 -0.1859
vn 0.1413 0.8893 -0.4349
vn 0.1475 0.7049 -0.6938
vn 0.0951 0.8893 -0.4473
vn 0.2192 0.7049 -0.6746
vn 0.4349 0.8893 -0.1413
vn 0.6746 0.7049 -0.2192
vn 0.1684 0.9781 -0.1223
vn 0.1802 0.9781 -0.1041
vn 0.2082 0.9781 -0.0000
vn 0.4572 0.8894 -0.0000
vn 0.0348 0.9989 -0.0313
vn 0.4473 0.8893 -0.0951
vn 0.6938 0.7049 -0.1475
vn 0.3398 0.8894 -0.3059
vn 0.1041 0.9781 -0.1802
vn 0.2885 0.7049 -0.6480
vn 0.1860 0.8893 -0.4177
vn -0.6144 0.7048 0.3547
vn -0.8148 0.4523 0.3628
vn -0.7724 0.4523 0.4459
vn -0.6481 0.7048 0.2886
vn -0.7216 0.4522 0.5242
vn -0.8478 0.2043 0.4895
vn -0.7920 0.2043 0.5754
vn -0.7724 0.4522 0.4460
vn -0.7920 0.2042 0.5754
vn -0.8624 0.0907 0.4980
vn -0.8057 0.0907 0.5853
vn -0.8478 0.2042 0.4895
vn -0.7275 0.2042 0.6550
vn -0.8057 0.0907 0.5854
vn -0.7401 0.0907 0.6663
vn -0.6550 0.2042 0.7275
vn -0.7401 0.0907 0.6664
vn -0.6664 0.0907 0.7401
vn -0.5968 0.4522 0.6628
vn -0.7275 0.2043 0.6550
vn -0.6550 0.2043 0.7275
vn -0.6628 0.4522 0.5968
vn -0.6550 0.2042 -0.7275
vn -0.7401 0.0907 -0.6664
vn -0.7275 0.2042 -0.6550
vn -0.6664 0.0907 -0.7401
vn -0.6481 0.7048 0.2885
vn -0.8482 0.4523 0.2756
vn -0.8148 0.4523 0.3627
vn -0.6747 0.7048 0.2192
vn -0.4170 0.7048 -0.5739
vn -0.4459 0.4523 -0.7724
vn -0.5242 0.4523 -0.7216
vn -0.3547 0.7048 -0.6144
vn -0.5739 0.7048 0.4170
vn -0.7216 0.4523 0.5242
vn -0.1854 0.4522 -0.8724
vn -0.2035 0.2043 -0.9575
vn -0.5272 0.7048 -0.4747
vn -0.5968 0.4523 -0.6628
vn -0.6628 0.4523 -0.5968
vn -0.4747 0.7048 -0.5272
vn -0.5242 0.4523 -0.7215
vn -0.5968 0.4522 -0.6628
vn -0.5754 0.2043 -0.7920
vn -0.6550 0.2043 -0.7275
vn -0.5243 0.4522 -0.7216
vn -0.8478 0.2042 -0.4895
vn -0.9098 0.0907 -0.4051
vn -0.8943 0.2042 -0.3982
vn -0.8625 0.0907 -0.4979
vn -0.3628 0.4522 -0.8148
vn -0.3025 0.2043 -0.9310
vn -0.3981 0.2043 -0.8943
vn -0.2756 0.4522 -0.8483
vn -0.6747 0.7048 -0.2192
vn -0.8724 0.4523 -0.1855
vn -0.6939 0.7048 -0.1475
vn -0.8482 0.4523 -0.2756
vn -0.7215 0.4523 -0.5242
vn -0.5739 0.7048 -0.4170
vn -0.9736 0.2042 0.1023
vn -0.9959 0.0907 -0.0000
vn -0.9904 0.0907 0.1041
vn -0.9789 0.2042 -0.0000
vn -0.8943 0.2042 0.3982
vn -0.9471 0.0907 0.3078
vn -0.9098 0.0907 0.4050
vn -0.9310 0.2042 0.3025
vn -0.5272 0.7048 0.4747
vn -0.7215 0.4523 0.5242
vn -0.6628 0.4523 0.5968
vn -0.7216 0.4522 0.5243
vn -0.1855 0.4522 -0.8724
vn -0.2885 0.7048 -0.6481
vn -0.2756 0.4523 -0.8482
vn -0.3627 0.4523 -0.8148
vn -0.2192 0.7048 -0.6747
vn -0.5754 0.2042 -0.7920
vn -0.4980 0.0907 -0.8624
vn -0.5853 0.0907 -0.8057
vn -0.4895 0.2042 -0.8478
vn -0.7724 0.4523 -0.4460
vn -0.6144 0.7048 -0.3547
vn -0.4459 0.4522 -0.7724
vn -0.3982 0.2043 -0.8943
vn -0.4894 0.2043 -0.8478
vn -0.6481 0.7048 -0.2885
vn -0.8148 0.4523 -0.3627
vn -0.8057 0.0907 -0.5854
vn -0.7920 0.2042 -0.5754
vn -0.7401 0.0907 -0.6663
vn -0.3982 0.2042 -0.8943
vn -0.3078 0.0907 -0.9471
vn -0.4051 0.0907 -0.9098
vn -0.3025 0.2042 -0.9310
vn -0.9471 0.0907 -0.3078
vn -0.9310 0.2042 -0.3025
vn -0.9098 0.0907 -0.4050
vn -0.8483 0.4522 -0.2756
vn -0.9575 0.2043 -0.2035
vn -0.8724 0.4522 -0.1855
vn -0.9310 0.2043 -0.3025
vn -0.4979 0.0907 -0.8625
vn -0.9741 0.0907 -0.2071
vn -0.9575 0.2042 -0.2035
vn -0.9472 0.0907 -0.3077
vn -0.9904 0.0907 -0.1041
vn -0.9736 0.2042 -0.1023
vn -0.9741 0.0907 -0.2070
vn -0.8724 0.4522 0.1854
vn -0.9736 0.2043 0.1023
vn -0.9575 0.2043 0.2035
vn -0.8870 0.4522 0.0932
vn -0.6939 0.7048 0.1475
vn -0.8870 0.4523 0.0932
vn -0.8724 0.4523 0.1854
vn -0.7055 0.7048 0.0742
vn -0.7216 0.4522 -0.5242
vn -0.8478 0.2043 -0.4895
vn -0.7724 0.4522 -0.4460
vn -0.7920 0.2043 -0.5754
vn -0.8624 0.0907 -0.4980
vn -0.9741 0.0907 0.2071
vn -0.9472 0.0907 0.3077
vn -0.9575 0.2042 0.2035
vn -0.6628 0.4522 -0.5968
vn -0.7216 0.4522 -0.5243
vn -0.7275 0.2043 -0.6550
vn -0.8148 0.4523 -0.3628
vn -0.7724 0.4523 -0.4459
vn -0.8724 0.4522 -0.1854
vn -0.9736 0.2043 -0.1023
vn -0.8870 0.4522 -0.0932
vn -0.5854 0.0907 -0.8057
vn -0.6663 0.0907 -0.7401
vn -0.8483 0.4522 0.2756
vn -0.9310 0.2043 0.3025
vn -0.8724 0.4522 0.1855
vn -0.8148 0.4522 0.3628
vn -0.8943 0.2043 0.3981
vn -0.9098 0.0907 0.4051
vn -0.8625 0.0907 0.4979
vn -0.9789 0.2043 -0.0000
vn -0.8919 0.4522 -0.0000
vn -0.7724 0.4522 0.4459
vn -0.8943 0.2043 0.3982
vn -0.8478 0.2043 0.4894
vn -0.9741 0.0907 0.2070
vn -0.2035 0.2042 -0.9575
vn -0.2070 0.0907 -0.9741
vn -0.7724 0.4522 -0.4459
vn -0.8943 0.2043 -0.3982
vn -0.8148 0.4522 -0.3628
vn -0.3628 0.4523 -0.8148
vn -0.2886 0.7048 -0.6481
vn -0.7055 0.7048 0.0741
vn -0.8919 0.4523 -0.0000
vn -0.7094 0.7048 -0.0000
vn -0.2071 0.0907 -0.9741
vn -0.3077 0.0907 -0.9472
vn -0.5242 0.4522 -0.7216
vn -0.4895 0.2043 -0.8478
vn -0.4460 0.4522 -0.7724
vn -0.8870 0.4523 -0.0933
vn -0.7055 0.7048 -0.0742
vn -0.8724 0.4523 -0.1854
vn -0.7055 0.7048 -0.0741
vn -0.8870 0.4523 -0.0932
vn 0.8724 0.4523 0.1855
vn 0.6747 0.7048 0.2192
vn 0.8482 0.4523 0.2756
vn 0.6939 0.7048 0.1475
vn -0.4460 0.4522 0.7724
vn -0.5754 0.2043 0.7920
vn -0.4895 0.2043 0.8478
vn -0.5242 0.4522 0.7216
vn -0.0000 0.7048 0.7094
vn -0.0932 0.4523 0.8870
vn -0.0000 0.4523 0.8919
vn -0.0741 0.7048 0.7055
vn 0.9575 0.2043 0.2035
vn 0.8483 0.4522 0.2756
vn 0.9310 0.2043 0.3025
vn 0.8724 0.4522 0.1855
vn 0.8870 0.4523 0.0933
vn 0.8724 0.4523 0.1854
vn 0.7055 0.7048 0.0742
vn 0.0932 0.4523 0.8870
vn 0.0741 0.7048 0.7055
vn 0.9736 0.2043 0.1023
vn 0.8724 0.4522 0.1854
vn 0.8870 0.4522 0.0932
vn 0.5968 0.4522 0.6628
vn 0.5754 0.2043 0.7920
vn 0.6550 0.2043 0.7275
vn 0.5243 0.4522 0.7216
vn 0.9904 0.0907 0.1041
vn 0.9575 0.2042 0.2035
vn 0.9741 0.0907 0.2070
vn 0.9736 0.2042 0.1023
vn -0.1475 0.7048 0.6939
vn -0.2756 0.4523 0.8482
vn -0.1855 0.4523 0.8724
vn -0.2192 0.7048 0.6747
vn 0.7215 0.4523 0.5242
vn 0.5272 0.7048 0.4747
vn 0.6628 0.4523 0.5968
vn 0.5739 0.7048 0.4170
vn 0.7724 0.4523 0.4460
vn 0.6144 0.7048 0.3547
vn 0.8478 0.2043 0.4895
vn 0.7216 0.4522 0.5242
vn 0.7920 0.2043 0.5754
vn 0.7724 0.4522 0.4460
vn -0.4170 0.7048 0.5739
vn -0.5968 0.4523 0.6628
vn -0.5242 0.4523 0.7215
vn -0.4747 0.7048 0.5272
vn 0.3025 0.2043 0.9310
vn 0.1855 0.4522 0.8724
vn 0.2035 0.2043 0.9575
vn 0.2756 0.4522 0.8483
vn 0.3547 0.7048 0.6144
vn 0.3628 0.4523 0.8148
vn 0.4459 0.4523 0.7724
vn 0.2886 0.7048 0.6481
vn 0.2885 0.7048 0.6481
vn 0.2756 0.4523 0.8482
vn 0.3627 0.4523 0.8148
vn 0.2192 0.7048 0.6747
vn 0.5754 0.2042 0.7920
vn 0.4980 0.0907 0.8624
vn 0.5853 0.0907 0.8057
vn 0.4895 0.2042 0.8478
vn 0.1023 0.2042 0.9736
vn -0.0000 0.0907 0.9959
vn 0.1041 0.0907 0.9904
vn -0.0000 0.2042 0.9789
vn 0.8624 0.0907 0.4980
vn 0.7920 0.2042 0.5754
vn 0.8057 0.0907 0.5853
vn 0.8478 0.2042 0.4895
vn -0.3547 0.7048 0.6144
vn -0.4460 0.4523 0.7724
vn -0.3628 0.4523 0.8148
vn -0.4459 0.4523 0.7724
vn -0.2885 0.7048 0.6481
vn -0.5243 0.4522 0.7216
vn -0.3982 0.2042 0.8943
vn -0.4979 0.0907 0.8625
vn -0.4051 0.0907 0.9098
vn -0.4895 0.2042 0.8478
vn -0.2756 0.4522 0.8483
vn -0.3982 0.2043 0.8943
vn -0.3025 0.2043 0.9310
vn -0.3628 0.4522 0.8148
vn -0.2035 0.2042 0.9575
vn -0.3077 0.0907 0.9472
vn -0.2071 0.0907 0.9741
vn -0.3025 0.2042 0.9310
vn 0.2035 0.2042 0.9575
vn 0.2070 0.0907 0.9741
vn -0.0000 0.4522 0.8919
vn -0.1023 0.2043 0.9736
vn -0.0000 0.2043 0.9789
vn -0.0932 0.4522 0.8870
vn 0.3628 0.4522 0.8148
vn 0.3981 0.2043 0.8943
vn 0.4051 0.0907 0.9098
vn 0.4979 0.0907 0.8625
vn 0.3982 0.2042 0.8943
vn 0.4747 0.7048 0.5272
vn 0.5242 0.4523 0.7215
vn 0.5968 0.4523 0.6628
vn 0.4170 0.7048 0.5739
vn -0.5853 0.0907 0.8057
vn -0.4980 0.0907 0.8624
vn -0.5754 0.2042 0.7920
vn -0.1041 0.0907 0.9904
vn -0.1023 0.2042 0.9736
vn 0.1023 0.2043 0.9736
vn 0.0932 0.4522 0.8870
vn 0.3025 0.2042 0.9310
vn 0.2071 0.0907 0.9741
vn 0.3077 0.0907 0.9472
vn -0.0742 0.7048 0.7055
vn -0.1854 0.4523 0.8724
vn -0.0933 0.4523 0.8870
vn -0.2035 0.2043 0.9575
vn -0.1854 0.4522 0.8724
vn -0.3627 0.4523 0.8148
vn -0.6663 0.0907 0.7401
vn -0.5854 0.0907 0.8057
vn 0.3078 0.0907 0.9471
vn 0.4050 0.0907 0.9098
vn 0.6550 0.2042 0.7275
vn 0.5854 0.0907 0.8057
vn 0.6663 0.0907 0.7401
vn 0.1854 0.4522 0.8724
vn 0.1475 0.7048 0.6939
vn 0.1854 0.4523 0.8724
vn 0.4460 0.4522 0.7724
vn 0.4895 0.2043 0.8478
vn 0.5242 0.4522 0.7216
vn 0.6628 0.4522 0.5968
vn 0.7275 0.2043 0.6550
vn 0.7275 0.2042 0.6550
vn 0.6664 0.0907 0.7401
vn 0.7401 0.0907 0.6664
vn 0.0742 0.7048 0.7055
vn -0.1855 0.4522 0.8724
vn -0.2070 0.0907 0.9741
vn 0.5242 0.4523 0.7216
vn 0.4459 0.4522 0.7724
vn 0.3982 0.2043 0.8943
vn 0.4894 0.2043 0.8478
vn 0.8057 0.0907 0.5854
vn 0.7401 0.0907 0.6663
vn 0.9098 0.0907 0.4051
vn 0.8625 0.0907 0.4979
vn 0.8943 0.2042 0.3982
vn 0.7216 0.4522 0.5243
vn 0.8943 0.2043 0.3982
vn 0.7724 0.4522 0.4459
vn 0.8148 0.4522 0.3628
vn 0.8148 0.4523 0.3628
vn 0.7724 0.4523 0.4459
vn 0.6481 0.7048 0.2885
vn 0.8148 0.4523 0.3627
vn -0.4459 0.4522 0.7724
vn -0.4050 0.0907 0.9098
vn -0.3078 0.0907 0.9471
vn 0.9471 0.0907 0.3078
vn 0.9098 0.0907 0.4050
vn 0.9310 0.2042 0.3025
vn 0.9741 0.0907 0.2071
vn 0.9472 0.0907 0.3077
vn 0.2756 0.4522 -0.8483
vn 0.3982 0.2043 -0.8943
vn 0.3025 0.2043 -0.9310
vn 0.3628 0.4522 -0.8148
vn 0.8482 0.4523 -0.2756
vn 0.6481 0.7048 -0.2885
vn 0.6747 0.7048 -0.2192
vn 0.8148 0.4523 -0.3627
vn 0.4895 0.2043 -0.8478
vn 0.4459 0.4522 -0.7724
vn 0.7275 0.2043 -0.6550
vn 0.5968 0.4522 -0.6628
vn 0.6628 0.4522 -0.5968
vn 0.6550 0.2043 -0.7275
vn 0.2035 0.2042 -0.9575
vn 0.3077 0.0907 -0.9472
vn 0.2071 0.0907 -0.9741
vn 0.3025 0.2042 -0.9310
vn 0.9310 0.2043 -0.3025
vn 0.8148 0.4522 -0.3628
vn 0.8483 0.4522 -0.2756
vn 0.8943 0.2043 -0.3981
vn 0.0742 0.7048 -0.7055
vn 0.1854 0.4523 -0.8724
vn 0.0933 0.4523 -0.8870
vn 0.1475 0.7048 -0.6939
vn 0.9904 0.0907 -0.1041
vn 0.9789 0.2042 -0.0000
vn 0.9959 0.0907 -0.0000
vn 0.9736 0.2042 -0.1023
vn 0.7724 0.4523 -0.4459
vn 0.5739 0.7048 -0.4170
vn 0.6144 0.7048 -0.3547
vn 0.7216 0.4523 -0.5242
vn 0.5754 0.2042 -0.7920
vn 0.6663 0.0907 -0.7401
vn 0.5854 0.0907 -0.8057
vn 0.6550 0.2042 -0.7275
vn 0.8148 0.4523 -0.3628
vn 0.6481 0.7048 -0.2886
vn 0.4895 0.2042 -0.8478
vn 0.5853 0.0907 -0.8057
vn 0.4980 0.0907 -0.8624
vn 0.1855 0.4523 -0.8724
vn 0.2192 0.7048 -0.6747
vn 0.2756 0.4523 -0.8482
vn 0.9789 0.2043 -0.0000
vn 0.8919 0.4522 -0.0000
vn 0.8724 0.4523 -0.1854
vn 0.6939 0.7048 -0.1475
vn 0.3627 0.4523 -0.8148
vn 0.2885 0.7048 -0.6481
vn 0.9098 0.0907 -0.4051
vn 0.8478 0.2042 -0.4895
vn 0.8943 0.2042 -0.3982
vn 0.8625 0.0907 -0.4979
vn 0.9575 0.2042 -0.2035
vn 0.9741 0.0907 -0.2071
vn 0.5272 0.7048 -0.4747
vn 0.5968 0.4523 -0.6628
vn 0.4747 0.7048 -0.5272
vn 0.6628 0.4523 -0.5968
vn 0.4170 0.7048 -0.5739
vn 0.5242 0.4523 -0.7215
vn 0.8870 0.4522 -0.0932
vn 0.9736 0.2043 -0.1023
vn 0.8919 0.4523 -0.0000
vn 0.7055 0.7048 0.0741
vn 0.8870 0.4523 0.0932
vn 0.7094 0.7048 -0.0000
vn 0.7920 0.2043 -0.5754
vn 0.7216 0.4522 -0.5243
vn 0.8057 0.0907 -0.5854
vn 0.7275 0.2042 -0.6550
vn 0.7920 0.2042 -0.5754
vn 0.7401 0.0907 -0.6663
vn 0.7215 0.4523 -0.5242
vn 0.4460 0.4523 -0.7724
vn 0.3547 0.7048 -0.6144
vn 0.5242 0.4522 -0.7216
vn 0.5754 0.2043 -0.7920
vn 0.4460 0.4522 -0.7724
vn 0.7401 0.0907 -0.6664
vn 0.6664 0.0907 -0.7401
vn 0.4459 0.4523 -0.7724
vn 0.3628 0.4523 -0.8148
vn 0.4050 0.0907 -0.9098
vn 0.3078 0.0907 -0.9471
vn 0.3982 0.2042 -0.8943
vn 0.2070 0.0907 -0.9741
vn 0.2035 0.2043 -0.9575
vn 0.1854 0.4522 -0.8724
vn 0.4979 0.0907 -0.8625
vn 0.4051 0.0907 -0.9098
vn 0.1855 0.4522 -0.8724
vn 0.5243 0.4522 -0.7216
vn 0.8724 0.4522 -0.1854
vn 0.9575 0.2043 -0.2035
vn 0.9741 0.0907 -0.2070
vn 0.9310 0.2042 -0.3025
vn 0.9472 0.0907 -0.3077
vn 0.8943 0.2043 -0.3982
vn 0.7724 0.4522 -0.4459
vn 0.8478 0.2043 -0.4894
vn 0.9471 0.0907 -0.3078
vn 0.9098 0.0907 -0.4050
vn 0.8624 0.0907 -0.4980
vn 0.8057 0.0907 -0.5853
vn 0.8724 0.4522 -0.1855
vn 0.8870 0.4523 -0.0932
vn 0.7055 0.7048 -0.0741
vn 0.7055 0.7048 -0.0742
vn 0.8478 0.2043 -0.4895
vn 0.7216 0.4522 -0.5242
vn 0.7724 0.4522 -0.4460
vn -0.0000 -0.0000 -0.0000
vn 0.9986 -0.0000 -0.0524
vn 0.9877 -0.0000 -0.1564
vn 0.5447 -0.0000 0.8387
vn 0.6293 -0.0000 0.7771
vn 0.2588 -0.0000 0.9659
vn 0.3584 -0.0000 0.9336
vn 0.9986 -0.0000 0.0523
vn 0.9986 -0.0000 -0.0523
vn 0.7771 -0.0000 -0.6293
vn 0.7071 -0.0000 -0.7071
vn 0.8387 -0.0000 0.5446
vn 0.8910 -0.0000 0.4540
vn 0.6293 -0.0000 -0.7771
vn -0.0523 -0.0000 0.9986
vn 0.0523 -0.0000 0.9986
vn 0.4540 -0.0000 0.8910
vn -0.2588 -0.0000 0.9659
vn -0.1564 -0.0000 0.9877
vn -0.1565 -0.0000 0.9877
vn 0.9659 -0.0000 -0.2588
vn 0.9336 -0.0000 -0.3584
vn 0.8910 -0.0000 -0.4540
vn 0.8387 -0.0000 -0.5447
vn 0.9877 -0.0000 0.1564
vn 0.9986 -0.0000 0.0524
vn 0.7772 -0.0000 0.6293
vn 0.8387 -0.0000 0.5447
vn 0.7771 -0.0000 0.6293
vn -0.0524 -0.0000 0.9986
vn -0.3584 -0.0000 0.9336
vn -0.4540 -0.0000 0.8910
vn -0.5446 -0.0000 0.8387
vn 0.6293 -0.0000 -0.7772
vn 0.5446 -0.0000 -0.8387
vn 0.5447 -0.0000 -0.8387
vn 0.5446 -0.0000 0.8387
vn 0.8387 -0.0000 -0.5446
vn 0.7071 -0.0000 0.7071
vn 0.1564 -0.0000 0.9877
vn 0.1565 -0.0000 0.9877
vn 0.9336 -0.0000 0.3584
vn 0.9659 -0.0000 0.2588
vn 0.0524 -0.0000 0.9986
vn -0.6293 -0.0000 0.7771
vn -0.5447 -0.0000 0.8387
vn 0.4540 -0.0000 -0.8910
vn -0.5878 -0.0000 0.8090
vn -0.6691 -0.0000 0.7432
vn -0.9945 -0.0000 -0.1045
vn -1.0000 -0.0000 -0.0000
vn 0.1045 -0.0000 0.9945
vn -0.0000 -0.0000 1.0000
vn -0.9945 -0.0000 0.1045
vn -0.9511 -0.0000 0.3090
vn -0.9136 -0.0000 0.4067
vn -0.4067 -0.0000 0.9135
vn -0.5000 -0.0000 0.8660
vn -0.3090 -0.0000 0.9511
vn -0.4067 -0.0000 0.9136
vn -0.2079 -0.0000 0.9781
vn -0.1045 -0.0000 0.9945
vn -0.9781 -0.0000 0.2079
vn -0.7431 -0.0000 0.6691
vn -0.7071 -0.0000 0.7071
vn -0.8660 -0.0000 0.5000
vn -0.8090 -0.0000 0.5878
vn -0.6691 -0.0000 0.7431
vn -0.0000 1.0000 -0.0000
vn -0.9135 -0.0000 0.4067
vn -0.7432 -0.0000 0.6691
vn 0.4067 -0.0000 0.9136
vn 0.3090 -0.0000 0.9511
vn 0.9511 -0.0000 0.3090
vn 0.9136 -0.0000 0.4067
vn 0.2079 -0.0000 0.9781
vn 0.9135 -0.0000 0.4067
vn 0.8660 -0.0000 0.5000
vn 0.5878 -0.0000 -0.8090
vn 0.6691 -0.0000 -0.7432
vn 0.4067 -0.0000 -0.9135
vn 0.5000 -0.0000 -0.8660
vn 1.0000 -0.0000 -0.0000
vn 0.9945 -0.0000 0.1045
vn 0.8660 -0.0000 -0.5000
vn 0.9135 -0.0000 -0.4067
vn 0.6691 -0.0000 0.7432
vn 0.5878 -0.0000 0.8090
vn 0.9136 -0.0000 -0.4067
vn 0.9511 -0.0000 -0.3090
vn 0.8090 -0.0000 -0.5878
vn 0.3090 -0.0000 -0.9511
vn 0.4067 -0.0000 -0.9136
vn 0.9945 -0.0000 -0.1045
vn 0.1045 -0.0000 -0.9945
vn 0.2079 -0.0000 -0.9781
vn 0.6691 -0.0000 -0.7431
vn -0.0000 -0.0000 -1.0000
vn 0.7431 -0.0000 0.6691
vn 0.8090 -0.0000 0.5878
vn 0.7432 -0.0000 0.6691
vn 0.9781 -0.0000 0.2079
vn 0.9781 -0.0000 -0.2079
vn 0.7432 -0.0000 -0.6691
vn 0.6691 -0.0000 0.7431
vn -0.1045 -0.0000 -0.9945
vn 0.5000 -0.0000 0.8660
vn 0.4067 -0.0000 0.9135
vn 0.7431 -0.0000 -0.6691
vn -0.7771 -0.0000 0.6293
vn -0.8660 -0.0000 -0.5000
vn -0.9135 -0.0000 -0.4067
vn -0.8387 -0.0000 0.5446
vn -0.8910 -0.0000 0.4540
vn -0.7432 -0.0000 -0.6691
vn -0.8090 -0.0000 -0.5878
vn -0.9336 -0.0000 0.3584
vn -0.2079 -0.0000 -0.9781
vn -0.9659 -0.0000 0.2588
vn -0.6691 -0.0000 -0.7432
vn -0.5878 -0.0000 -0.8090
vn -0.9136 -0.0000 -0.4067
vn -0.9511 -0.0000 -0.3090
vn -0.5000 -0.0000 -0.8660
vn -0.3090 -0.0000 -0.9511
vn -0.4067 -0.0000 -0.9136
vn -0.4067 -0.0000 -0.9135
vn -0.9781 -0.0000 -0.2079
vn -0.7071 -0.0000 -0.7071
vn -0.6691 -0.0000 -0.7431
vn -0.7431 -0.0000 -0.6691
vn -0.4540 -0.0000 -0.8910
vn -0.9986 -0.0000 -0.0523
vn -0.2588 -0.0000 -0.9659
vn -0.9877 -0.0000 0.1564
vn -0.9986 -0.0000 0.0523
vn -0.3584 -0.0000 -0.9336
vn 0.0523 -0.0000 -0.9986
vn -0.8387 -0.0000 -0.5446
vn -0.5446 -0.0000 -0.8387
vn -0.0523 -0.0000 -0.9986
vn -0.9877 -0.0000 -0.1564
vn -0.8910 -0.0000 -0.4540
vn -0.9336 -0.0000 -0.3584
vn 0.1564 -0.0000 -0.9877
vn -0.9659 -0.0000 -0.2588
vn -0.7771 -0.0000 -0.6293
vn 0.3584 -0.0000 -0.9336
vn -0.6293 -0.0000 -0.7771
vn 0.2588 -0.0000 -0.9659
vn -0.1564 -0.0000 -0.9877
vn 0.6692 -0.0000 0.7431
vn -0.6692 -0.0000 0.7431
vn 0.7431 -0.0000 0.6692
vn -0.2079 -0.0000 0.9782
vn -0.1046 -0.0000 0.9945
vn 0.4068 -0.0000 0.9135
vn -0.4068 -0.0000 0.9135
vn 0.2079 -0.0000 0.9782
vn 0.1046 -0.0000 0.9945
vn -0.9782 -0.0000 -0.2079
vn 0.9135 -0.0000 -0.4068
vn -0.2079 -0.0000 -0.9782
vn 0.0001 -0.0000 -1.0000
vn 0.2079 -0.0000 -0.9782
vn 0.9782 -0.0000 -0.2079
vn -0.5877 -0.0000 -0.8090
vn -0.9782 -0.0000 0.2079
vn -0.0001 -0.0000 -1.0000
vn 0.5877 -0.0000 -0.8090
vn -0.6293 -0.0000 -0.7772
vn -0.5447 -0.0000 -0.8387
vn 0.9135 -0.0000 0.4068
vn -0.3583 -0.0000 -0.9336
vn 0.0524 -0.0000 -0.9986
vn -0.0524 -0.0000 -0.9986
vn -0.1565 -0.0000 -0.9877
vn 0.1565 -0.0000 -0.9877
vn 0.9782 -0.0000 0.2079
vn 0.3583 -0.0000 -0.9336
vn -0.7772 -0.0000 -0.6293
vn -0.7772 -0.0000 0.6293
vn -0.6294 -0.0000 -0.7771
vn -0.9877 -0.0000 -0.1565
vn 0.6294 -0.0000 -0.7771
vn 0.9659 -0.0000 -0.2589
vn 0.6293 -0.0000 0.7772
vn 0.9336 -0.0000 0.3583
vn 0.3583 -0.0000 0.9336
vn -0.6293 -0.0000 0.7772
vn -0.3583 -0.0000 0.9336
vn 0.9877 -0.0000 -0.1565
vn -0.8387 -0.0000 -0.5447
vn -0.8387 -0.0000 0.5447
vn -0.6692 -0.0000 -0.7431
vn -0.7431 -0.0000 0.6692
vn 0.1046 -0.0000 -0.9945
vn -0.1046 -0.0000 -0.9945
vn -0.0000 0.7071 0.7071
vn -0.0000 0.6293 0.7771
vn -0.0000 0.6293 0.7772
vn -0.0000 0.5447 0.8387
vn -0.0000 0.5446 0.8387
vn -0.0000 0.7771 0.6293
vn -0.0000 0.9986 -0.0523
vn -0.0000 0.9877 -0.1564
vn -0.0000 0.9659 0.2588
vn -0.0000 0.9877 0.1564
vn -0.0000 0.9986 0.0523
vn -0.0000 0.8387 0.5446
vn -0.0000 0.8910 0.4540
vn -0.0000 0.2588 0.9659
vn -0.0000 0.3584 0.9336
vn -0.0000 -0.1564 -0.9877
vn -0.0000 -0.2588 -0.9659
vn -0.0000 -0.3584 0.9336
vn -0.0000 -0.4540 0.8910
vn -0.0000 -0.0523 -0.9986
vn -0.0000 -0.9336 -0.3584
vn -0.0000 -0.9659 -0.2588
vn -0.0000 -0.8910 0.4540
vn -0.0000 -0.8387 0.5446
vn -0.0000 -0.9986 -0.0523
vn -0.0000 -0.9986 0.0523
vn -0.0000 0.4540 0.8910
vn -0.0000 0.3584 -0.9336
vn -0.0000 0.2588 -0.9659
vn -0.0000 -0.8910 -0.4540
vn -0.0000 -0.7772 -0.6293
vn -0.0000 -0.8387 -0.5446
vn -0.0000 -0.9877 -0.1564
vn -0.0000 0.1564 -0.9877
vn -0.0000 0.0523 -0.9986
vn -0.0000 0.5446 -0.8387
vn -0.0000 0.4540 -0.8910
vn -0.0000 0.6293 -0.7772
vn -0.0000 0.8910 -0.4540
vn -0.0000 0.8387 -0.5446
vn -0.0000 0.9336 0.3584
vn -0.0000 -0.0523 0.9986
vn -0.0000 -0.1564 0.9877
vn -0.0000 -0.2588 0.9659
vn -0.0000 -0.9877 0.1564
vn -0.0000 -0.9659 0.2588
vn -0.0000 -0.9336 0.3584
vn -0.0000 -0.6293 -0.7771
vn -0.0000 -0.7071 -0.7071
vn -0.0000 -0.4540 -0.8910
vn -0.0000 -0.5446 -0.8387
vn -0.0000 0.7772 0.6293
vn -0.0000 0.9336 -0.3584
vn -0.0000 0.8387 -0.5447
vn -0.0000 0.7772 -0.6293
vn -0.0000 -0.3584 -0.9336
vn -0.0000 -0.6293 -0.7772
vn -0.0000 0.1564 0.9877
vn -0.0000 0.0523 0.9986
vn -0.0000 -0.5446 0.8387
vn -0.0000 -0.6293 0.7771
vn -0.0000 -0.7071 0.7071
vn -0.0000 -0.7772 0.6293
vn -0.0000 -0.7771 -0.6293
vn -0.0000 0.7771 -0.6293
vn -0.0000 0.7071 -0.7071
vn -0.0000 0.6293 -0.7771
vn -0.0000 0.9659 -0.2588
vn -0.0000 -0.7771 0.6293
vn -0.0000 -0.5447 0.8387
vn -0.0000 -0.6293 0.7772
vn -0.0000 0.8387 0.5447
vn -0.0000 -0.8387 0.5447
s 0
usemtl [0020_Red]
f 1//1 2//1 3//1
f 2//1 1//1 4//1
f 4//1 1//1 5//1
f 4//1 5//1 6//1
f 6//1 5//1 7//1
f 6//1 7//1 8//1
f 6//1 8//1 9//1
f 9//1 8//1 10//1
f 9//1 10//1 11//1
f 11//1 10//1 12//1
f 12//1 10//1 13//1
f 12//1 13//1 14//1
f 12//1 14//1 15//1
f 15//1 14//1 16//1
f 16//1 14//1 17//1
f 16//1 17//1 18//1
f 18//1 17//1 19//1
f 18//1 19//1 20//1
f 20//1 19//1 21//1
f 20//1 21//1 22//1
f 22//1 21//1 23//1
f 22//1 23//1 24//1
f 24//1 23//1 25//1
f 24//1 25//1 26//1
f 26//1 25//1 27//1
f 26//1 27//1 28//1
f 28//1 27//1 29//1
f 28//1 29//1 30//1
f 30//1 29//1 31//1
f 30//1 31//1 32//1
f 32//1 31//1 33//1
f 32//1 33//1 34//1
f 34//1 33//1 35//1
f 34//1 35//1 36//1
f 36//1 35//1 37//1
f 36//1 37//1 38//1
f 38//1 37//1 39//1
f 38//1 39//1 40//1
f 40//1 39//1 41//1
f 40//1 41//1 42//1
f 42//1 41//1 43//1
f 42//1 43//1 44//1
f 44//1 43//1 45//1
f 44//1 45//1 46//1
f 46//1 45//1 47//1
f 46//1 47//1 48//1
f 48//1 47//1 49//1
f 48//1 49//1 50//1
f 48//1 50//1 51//1
f 51//1 50//1 52//1
f 52//1 50//1 53//1
f 52//1 53//1 54//1
f 54//1 53//1 55//1
f 54//1 55//1 56//1
f 54//1 56//1 57//1
f 57//1 56//1 58//1
f 57//1 58//1 59//1
f 59//1 58//1 60//1
s 1
f 61//2 62//3 63//4
f 62//3 61//2 64//5
f 4615//6 65//7 4616//8
f 65//7 4617//6 66//9
f 4618//10 67//7 68//11
f 67//7 4619//12 4620//8
f 69//13 70//14 71//15
f 70//14 69//13 72//16
f 73//17 74//3 75//5
f 74//3 73//17 76//18
f 77//19 78//20 79//21
f 78//20 77//19 80//22
f 81//23 82//24 83//25
f 82//24 81//23 84//26
f 85//27 4621//23 86//28
f 4622//23 85//27 4623//29
f 87//30 88//31 89//32
f 88//31 87//30 90//33
f 91//34 92//35 93//36
f 92//35 91//34 94//37
f 95//38 4624//29 96//39
f 4625//29 95//38 4626//40
f 97//41 98//42 99//29
f 98//42 97//41 100//43
f 101//44 102//45 103//46
f 102//45 101//44 104//47
f 105//48 106//49 107//50
f 106//49 105//48 108//2
f 4627//51 109//52 110//53
f 109//54 4628//51 4629//55
f 111//56 112//57 113//58
f 112//57 111//56 114//59
f 115//60 116//21 117//61
f 116//21 115//60 118//19
f 119//62 120//63 121//64
f 120//63 119//62 122//65
f 123//66 4630//64 124//67
f 4631//64 123//66 4632//68
f 125//69 126//70 127//71
f 126//70 125//69 128//72
f 129//33 130//55 131//31
f 130//55 129//33 132//73
f 133//74 134//75 135//76
f 134//75 133//74 136//66
f 137//59 138//77 139//78
f 138//77 137//59 140//30
f 4633//79 141//80 142//81
f 141//80 4634//79 4635//82
f 4636//83 143//84 144//85
f 143//84 4637//83 4638//86
f 145//87 146//58 147//88
f 146//58 145//87 148//56
f 4639//55 4640//89 150//52
f 149//89 4641//55 4642//61
f 151//24 152//90 153//25
f 152//90 151//24 154//91
f 155//92 156//93 157//94
f 156//93 155//92 158//95
f 159//29 160//26 161//23
f 160//26 159//29 162//42
f 163//96 164//97 165//98
f 164//97 163//96 166//99
f 4643//100 167//101 168//102
f 167//101 4644//100 4645//103
f 4646//103 169//11 170//104
f 169//11 4647//103 4648//10
f 171//105 172//103 173//106
f 172//103 171//105 174//107
f 4649//77 175//53 176//108
f 175//53 4650//77 4651//51
f 177//109 178//110 179//111
f 178//110 177//109 180//74
f 181//46 182//112 183//113
f 182//112 181//46 184//45
f 185//114 186//111 187//115
f 186//111 185//114 188//109
f 189//116 4652//40 190//38
f 4653//40 189//116 4654//117
f 191//118 192//14 193//12
f 192//14 191//118 194//15
f 195//26 196//91 197//119
f 196//91 195//26 198//42
f 196//91 198//42 199//87
f 199//87 198//42 200//120
f 199//87 200//120 201//121
f 201//121 200//120 202//122
f 201//121 202//122 203//59
f 203//59 202//122 204//123
f 203//59 204//123 205//30
f 205//30 204//123 206//33
f 206//33 204//123 207//124
f 206//33 207//124 208//125
f 208//125 207//124 209//126
f 208//125 209//126 210//127
f 208//125 210//127 211//128
f 211//128 210//127 212//19
f 212//19 210//127 213//129
f 212//19 213//129 214//22
f 214//22 213//129 215//130
f 214//22 215//130 216//131
f 214//22 216//131 217//132
f 217//132 216//131 218//133
f 218//133 216//131 219//134
f 218//133 219//134 220//135
f 218//133 220//135 221//107
f 221//107 220//135 222//118
f 222//118 220//135 223//136
f 222//118 223//136 224//137
f 222//118 224//137 225//138
f 225//138 224//137 226//139
f 225//138 226//139 227//13
f 227//13 226//139 228//140
f 227//13 228//140 229//141
f 229//141 228//140 230//142
f 229//141 230//142 231//143
f 231//143 230//142 232//144
f 232//144 230//142 233//145
f 232//144 233//145 234//146
f 232//144 234//146 235//147
f 235//147 234//146 236//148
f 236//148 234//146 237//149
f 236//148 237//149 238//150
f 236//148 238//150 239//151
f 239//151 238//150 240//152
f 239//151 240//152 241//153
f 241//153 240//152 242//154
f 242//154 240//152 243//155
f 242//154 243//155 244//156
f 244//156 243//155 245//157
f 244//156 245//157 246//158
f 244//156 246//158 247//159
f 247//159 246//158 248//160
f 247//159 248//160 249//161
f 249//161 248//160 250//162
f 250//162 248//160 251//163
f 250//162 251//163 252//164
f 250//162 252//164 253//165
f 253//165 252//164 254//166
f 255//22 256//167 257//83
f 256//167 255//22 258//132
f 4655//86 259//102 260//168
f 259//102 4656//86 4657//100
f 261//132 262//106 263//169
f 262//106 261//132 264//170
f 265//171 266//71 267//172
f 266//71 265//171 268//69
f 269//73 270//61 271//55
f 270//61 269//73 272//60
f 4658//173 273//174 274//175
f 273//174 4659//173 4660//88
f 275//37 276//176 277//177
f 276//176 275//37 278//92
f 279//91 280//88 281//173
f 280//88 279//91 282//87
f 4661//61 283//178 284//179
f 283//178 4662//61 4663//180
f 4664//181 285//175 286//182
f 285//175 4665//181 4666//90
f 4667//180 287//85 288//178
f 287//85 4668//21 4669//83
f 289//183 290//50 291//184
f 290//50 289//183 292//185
f 293//95 294//115 295//93
f 294//115 293//95 296//114
f 297//186 298//187 299//36
f 298//187 297//186 300//97
f 301//107 302//10 303//103
f 302//10 301//107 304//118
f 4670//88 305//81 306//174
f 305//81 4671//88 4672//79
f 307//72 308//184 309//70
f 308//184 307//72 310//183
f 4673//82 311//108 312//188
f 311//108 4674//82 4675//77
f 313//28 4676//181 314//182
f 4677//181 313//28 4678//23
f 315//189 4679//190 316//191
f 4680//190 315//189 4681//192
f 317//193 318//194 319//195
f 318//194 317//193 320//196
f 321//197 322//43 323//41
f 322//43 321//197 324//122
f 325//198 326//199 327//200
f 326//199 325//198 328//201
f 329//202 330//203 331//204
f 330//203 329//202 332//205
f 333//206 334//157 335//155
f 334//157 333//206 336//207
f 337//208 338//123 339//209
f 338//123 337//208 340//124
f 341//210 4682//211 342//212
f 4683//211 341//210 4684//213
f 343//214 344//136 345//215
f 344//136 343//214 346//216
f 347//217 4685//218 4686//206
f 4687//218 347//217 348//219
f 349//220 350//221 351//203
f 350//221 349//220 352//222
f 353//223 354//130 355//224
f 354//130 353//223 356//131
f 357//225 358//47 359//44
f 358//47 357//225 360//226
f 361//227 4688//224 362//228
f 4689//224 361//229 4690//230
f 363//231 364//232 365//233
f 364//232 363//231 366//234
f 367//235 4691//236 368//237
f 4692//236 367//235 4693//238
f 369//239 370//196 371//240
f 370//196 369//239 372//241
f 373//242 374//131 375//243
f 374//131 373//242 376//244
f 4694//245 4695//238 378//246
f 4696//238 377//245 4697//190
f 379//247 4698//248 380//249
f 4699//248 379//247 4700//250
f 381//250 382//244 383//242
f 382//244 381//250 384//135
f 385//212 4701//250 386//251
f 4702//250 385//212 4703//211
f 387//190 388//252 389//238
f 388//252 387//190 390//253
f 391//254 392//255 393//256
f 392//255 391//254 394//257
f 395//258 396//259 397//260
f 396//259 395//258 398//261
f 399//262 400//253 401//190
f 400//253 399//262 402//129
f 403//249 4704//230 404//263
f 4705//230 403//249 4706//248
f 405//264 406//234 407//231
f 406//234 405//264 408//265
f 409//266 410//216 411//214
f 410//216 409//266 412//139
f 413//267 4707//213 414//210
f 4708//213 413//267 4709//266
f 415//237 4710//268 416//269
f 4711//268 415//237 4712//236
f 417//270 418//261 419//258
f 418//261 417//270 420//271
f 421//272 422//273 423//271
f 422//273 421//272 424//274
f 425//266 426//140 427//139
f 426//140 425//266 428//275
f 429//276 4713//277 4714//278
f 4715//277 429//276 430//279
f 431//280 432//145 433//281
f 432//145 431//280 434//282
f 435//201 436//283 437//199
f 436//283 435//201 438//284
f 439//285 4716//286 4717//277
f 4718//286 439//285 440//287
f 441//288 442//146 443//145
f 442//146 441//288 444//286
f 445//289 4719//278 4720//275
f 4721//278 445//289 446//276
f 447//290 4722//291 4723//292
f 4724//291 447//290 448//293
f 449//294 450//129 451//262
f 450//129 449//294 452//130
f 453//295 454//296 455//149
f 454//296 453//295 456//291
f 457//287 4725//292 4726//286
f 4727//292 457//287 458//290
f 459//297 460//298 461//299
f 460//298 459//297 462//300
f 463//233 464//241 465//239
f 464//241 463//233 466//232
f 467//301 468//265 469//302
f 468//265 467//301 470//259
f 4728//195 471//257 472//303
f 471//257 4729//304 4730//194
f 473//284 474//305 475//283
f 474//305 473//284 476//306
f 477//211 478//135 479//250
f 478//135 477//211 480//136
f 481//307 482//200 483//273
f 482//200 481//307 484//198
f 485//291 486//308 487//296
f 486//308 485//291 488//309
f 489//238 490//124 491//208
f 490//124 489//238 492//252
f 493//310 494//149 495//146
f 494//149 493//310 496//295
f 497//311 498//226 499//225
f 498//226 497//311 500//255
f 501//267 4731//275 4732//266
f 4733//275 501//267 502//312
f 503//313 4734//309 4735//291
f 4736//309 4737//313 504//314
f 505//269 4738//117 506//315
f 4739//117 505//269 4740//268
f 4741//316 507//204 4742//317
f 507//204 4743//316 508//318
f 509//228 4744//192 510//189
f 4745//192 509//228 4746//224
f 511//275 512//319 513//140
f 512//319 511//275 514//280
f 515//268 516//122 517//320
f 516//122 515//268 518//123
f 519//309 520//155 521//308
f 520//155 519//309 522//206
f 523//314 4747//321 4748//309
f 4749//321 523//314 524//217
f 4750//322 525//323 4751//324
f 525//325 4752//322 526//326
f 527//327 528//328 529//329
f 528//328 527//327 530//330
f 4753//331 531//332 4754//333
f 531//332 4755//331 532//334
f 533//335 534//336 535//337
f 534//336 533//335 536//338
f 537//339 538//340 539//341
f 538//340 537//339 540//342
f 541//147 542//343 543//144
f 542//343 541//147 544//322
f 545//159 546//333 547//156
f 546//333 545//159 548//344
f 549//345 4756//346 4757//327
f 4758//330 549//345 550//347
f 551//348 552//349 553//350
f 552//349 551//348 554//351
f 4759//352 555//353 4760//354
f 555//353 4761//352 556//355
f 557//356 558//357 559//159
f 558//357 557//356 560//358
f 561//359 562//360 563//17
f 562//360 561//359 564//361
f 565//362 566//363 567//364
f 566//363 565//362 568//365
f 569//366 4762//367 4763//368
f 4764//367 569//366 570//369
f 571//365 572//370 573//363
f 572//370 571//365 574//371
f 4765//372 575//373 4766//374
f 575//373 4767//372 576//375
f 577//376 578//364 579//377
f 578//364 577//376 580//378
f 581//222 582//379 583//221
f 582//379 581//222 584//380
f 585//381 586//382 587//158
f 586//382 585//381 588//383
f 589//384 590//341 591//349
f 590//341 589//384 592//385
f 593//386 594//387 595//388
f 594//387 593//386 596//389
f 4768//333 597//390 4769//391
f 597//390 4770//333 598//332
f 599//392 600//393 601//165
f 600//393 599//392 602//394
f 603//388 604//395 605//396
f 604//395 603//388 606//387
f 607//397 608//398 609//399
f 608//398 607//397 610//400
f 611//329 612//401 613//402
f 612//401 611//329 614//403
f 615//404 616//405 617//406
f 616//405 615//404 618//407
f 619//218 620//158 621//157
f 620//158 619//218 622//408
f 4771//324 623//409 4772//410
f 623//409 4773//324 624//411
f 625//412 626//413 627//404
f 626//413 625//412 628//342
f 629//414 630//415 631//148
f 630//415 629//414 632//372
f 633//144 634//416 635//417
f 634//416 633//144 636//418
f 637//419 638//164 639//163
f 638//164 637//419 640//420
f 4774//393 641//421 4775//352
f 641//355 4776//393 642//422
f 643//383 644//163 645//382
f 644//163 643//383 646//419
f 647//369 4777//419 4778//367
f 4779//419 647//369 648//423
f 4780//410 649//424 4781//425
f 649//424 4782//410 650//409
f 4783//374 651//326 4784//322
f 651//326 4785//374 652//373
f 653//417 654//425 655//141
f 654//425 653//417 656//416
f 4786//425 657//9 4787//6
f 657//9 4788//425 658//426
f 659//141 660//6 661//13
f 660//6 659//141 662//425
f 663//427 664//392 665//164
f 664//392 663//427 666//394
f 667//338 668//428 669//336
f 668//428 667//338 670//429
f 671//423 4789//420 4790//419
f 4791//420 671//423 672//430
f 673//380 674//350 675//379
f 674//350 673//380 676//348
f 677//431 678//432 679//433
f 678//432 677//431 680//434
f 4792//435 681//436 4793//372
f 4794//436 4795//435 682//437
f 683//219 4796//368 4797//218
f 4798//368 683//219 684//438
f 685//439 686//433 687//440
f 686//433 685//439 688//431
f 689//165 690//352 691//162
f 690//352 689//165 692//393
f 693//162 694//358 695//356
f 694//358 693//162 696//352
f 4799//354 697//441 4800//331
f 697//441 4801//354 698//353
f 699//442 700//443 701//444
f 700//443 699//442 702//445
f 703//446 704//389 705//386
f 704//389 703//446 706//447
f 707//156 708//448 709//154
f 708//448 707//156 710//449
f 711//430 4802//450 4803//420
f 4804//450 711//430 712//451
f 713//452 714//372 715//414
f 714//372 713//452 716//435
f 717//453 718//447 719//446
f 718//447 717//453 720//454
f 4805//391 721//455 4806//435
f 721//455 4807//391 722//390
f 4808//450 723//422 4809//393
f 723//422 4810//450 724//451
f 725//148 726//456 727//147
f 726//456 725//148 728//415
f 729//154 730//435 731//452
f 730//435 729//154 732//448
f 733//402 734//457 735//458
f 734//457 733//402 736//401
f 737//458 738//445 739//442
f 738//445 737//458 740//457
f 741//459 742//460 743//461
f 742//460 741//459 744//462
f 745//463 746//464 747//465
f 746//464 745//463 748//466
f 749//467 750//468 751//469
f 750//468 749//467 752//470
f 753//471 754//472 755//473
f 754//472 753//471 756//467
f 4811//474 757//475 4812//476
f 757//475 4813//474 758//471
f 4814//477 759//478 4815//479
f 759//478 4816//477 760//480
f 4817//481 761//482 762//483
f 761//482 4818//481 4819//484
f 763//485 764//486 765//487
f 764//486 763//485 766//488
f 767//489 768//490 769//491
f 768//490 767//489 770//492
f 771//493 772//461 773//494
f 772//461 771//493 774//459
f 775//495 776//337 777//496
f 776//337 775//495 778//335
f 779//497 4820//498 780//499
f 4821//498 779//497 4822//500
f 781//500 782//501 783//498
f 782//501 781//500 784//489
f 785//502 786//503 787//504
f 786//503 785//502 788//505
f 789//506 790//507 791//508
f 790//507 789//506 792//509
f 793//510 794//511 795//512
f 794//511 793//510 796//513
f 797//514 798//515 799//516
f 798//515 797//514 800//517
f 801//497 802//518 803//519
f 802//518 801//497 804//499
f 805//520 806//521 807//522
f 806//521 805//520 808//523
f 809//524 810//525 811//526
f 810//525 809//524 812//527
f 813//528 814//529 815//530
f 814//529 813//528 816//493
f 817//480 818//465 819//478
f 818//465 817//480 820//531
f 821//511 822//532 823//496
f 822//532 821//511 824//513
f 825//533 826//534 827//535
f 826//534 825//533 828//536
f 829//537 830//538 831//539
f 830//538 829//537 832//540
f 833//519 834//541 835//542
f 834//541 833//519 836//518
f 837//543 838//544 839//545
f 838//544 837//543 840//510
f 841//546 842//517 843//514
f 842//517 841//546 844//547
f 845//483 846//548 847//549
f 846//548 845//483 848//550
f 849//551 850//552 851//553
f 850//552 849//551 852//554
f 853//508 854//555 855//556
f 854//555 853//508 856//557
f 857//558 858//559 859//560
f 858//559 857//558 860//561
f 861//540 862//553 863//562
f 862//553 861//540 864//551
f 865//556 866//563 867//564
f 866//563 865//556 868//565
f 869//564 870//566 871//567
f 870//566 869//564 872//568
f 873//569 874//570 875//571
f 874//570 873//569 876//572
f 877//573 878//574 879//575
f 878//574 877//573 880//576
f 881//577 882//578 883//579
f 882//578 881//577 884//580
f 885//549 886//581 887//506
f 886//581 885//549 888//548
f 889//527 890//582 891//583
f 890//582 889//527 892//584
f 893//585 894//580 895//586
f 894//580 893//585 896//587
f 897//534 898//376 899//377
f 898//376 897//534 900//536
f 4823//502 901//587 902//585
f 901//587 4824//502 4825//504
f 903//542 904//588 905//546
f 904//588 903//542 906//589
f 907//590 908//591 909//592
f 908//591 907//590 910//559
f 911//481 912//593 913//594
f 912//593 911//481 914//537
f 915//595 916//571 917//596
f 916//571 915//595 918//597
f 919//488 920//575 921//486
f 920//575 919//488 922//573
f 923//598 924//596 925//599
f 924//596 923//598 926//595
f 927//567 928//521 929//523
f 928//521 927//567 930//566
f 931//470 932//600 933//601
f 932//600 931//470 934//524
f 935//592 936//602 937//603
f 936//602 935//592 938//591
f 939//572 940//602 941//570
f 940//602 939//572 942//603
f 943//604 944//605 945//606
f 944//605 943//604 946//598
f 947//584 948//522 949//607
f 948//522 947//584 950//520
f 951//608 952//440 953//609
f 952//440 951//608 954//439
f 955//610 956//611 957//612
f 956//611 955//610 958//578
f 959//492 960//613 961//490
f 960//613 959//492 962//614
f 963//615 964//616 965//574
f 964//616 963//615 966//617
f 967//554 968//618 969//619
f 968//618 967//554 970//608
f 971//620 972//621 973//503
f 972//621 971//620 974//622
f 975//612 976//561 977//558
f 976//561 975//612 978//611
f 979//516 980//623 981//624
f 980//623 979//516 982//625
f 983//626 984//616 985//617
f 984//616 983//626 986//627
f 987//628 988//629 989//630
f 988//629 987//628 990//631
f 991//632 992//633 993//634
f 992//633 991//632 994//635
f 995//636 996//637 997//638
f 996//637 995//636 998//639
f 999//640 1000//641 1001//642
f 1000//641 999//640 1002//643
f 1003//644 1004//631 1005//645
f 1004//631 1003//644 1006//646
f 1007//647 1008//636 1009//638
f 1008//636 1007//647 1010//648
f 1011//649 1012//650 1013//640
f 1012//650 1011//649 1014//651
f 1015//652 1016//653 1017//654
f 1016//653 1015//652 1018//655
f 1019//656 1020//657 1021//658
f 1020//657 1019//656 1022//659
f 1023//660 1024//661 1025//662
f 1024//661 1023//660 1026//663
f 1027//664 1028//665 1029//666
f 1028//665 1027//664 1030//667
f 1031//668 1032//667 1033//664
f 1032//667 1031//668 1034//669
f 1035//670 1036//671 1037//672
f 1036//671 1035//670 1038//673
f 1039//674 1040//675 1041//676
f 1040//675 1039//674 1042//677
f 1043//678 1044//679 1045//680
f 1044//679 1043//678 1046//681
f 1047//682 1048//683 1049//684
f 1048//683 1047//682 1050//685
f 1051//686 1052//687 1053//688
f 1052//687 1051//686 1054//689
f 1055//690 1056//691 1057//692
f 1056//691 1055//690 1058//693
f 1059//694 1060//695 1061//696
f 1060//695 1059//694 1062//697
f 1063//698 1064//699 1065//700
f 1064//699 1063//698 1066//701
f 1067//702 1068//676 1069//703
f 1068//676 1067//702 1070//674
f 1071//704 1072//702 1073//705
f 1072//702 1071//704 1074//706
f 4826//675 1075//528 1076//530
f 1075//528 4827//675 4828//677
f 1077//707 1078//479 1079//633
f 1078//479 1077//707 1080//477
f 1081//708 1082//709 1083//710
f 1082//709 1081//708 1084//711
f 1085//712 1086//713 1087//714
f 1086//713 1085//712 1088//715
f 1089//716 1090//717 1091//718
f 1090//717 1089//716 1092//719
f 1093//720 1094//696 1095//721
f 1094//696 1093//720 1096//694
f 1097//722 1098//723 1099//724
f 1098//723 1097//722 1100//725
f 1101//726 1102//678 1103//727
f 1102//678 1101//726 1104//681
f 1105//693 1106//728 1107//729
f 1106//728 1105//693 1108//730
f 1109//731 1110//732 1111//733
f 1110//732 1109//731 1112//734
f 1113//711 1114//735 1115//736
f 1114//735 1113//711 1116//737
f 1117//697 1118//738 1119//695
f 1118//738 1117//697 1120//739
f 1121//740 1122//722 1123//724
f 1122//722 1121//740 1124//741
f 1125//742 1126//743 1127//744
f 1126//743 1125//742 1128//720
f 1129//745 1130//746 1131//747
f 1130//746 1129//745 1132//660
f 1133//725 1134//748 1135//723
f 1134//748 1133//725 1136//749
f 1137//663 1138//750 1139//661
f 1138//750 1137//663 1140//706
f 1141//737 1142//751 1143//752
f 1142//751 1141//737 1144//474
f 1145//730 1146//753 1147//754
f 1146//753 1145//730 1148//742
f 1149//755 1150//756 1151//757
f 1150//756 1149//755 1152//690
f 4829//733 1153//665 4830//731
f 1153//665 4831//733 1154//666
f 1155//758 1156//740 1157//680
f 1156//740 1155//758 1158//741
f 1159//687 1160//759 1161//760
f 1160//759 1159//687 1162//689
f 1163//653 1164//761 1165//762
f 1164//761 1163//653 1166//763
f 1167//764 4832//654 1168//765
f 4833//654 1167//764 4834//652
f 1169//766 4835//767 1170//768
f 4836//767 1169//766 4837//755
f 1171//759 1172//647 1173//760
f 1172//647 1171//759 1174//769
f 1175//770 1176//714 1177//748
f 1176//714 1175//770 1178//712
f 1179//739 1180//771 1181//738
f 1180//771 1179//739 1182//716
f 1183//772 1184//682 1185//684
f 1184//682 1183//772 1186//734
f 1187//773 1188//774 1189//775
f 1188//774 1187//773 1190//726
f 1191//776 1192//766 1193//777
f 1192//766 1191//776 1194//699
f 1195//778 1196//701 1197//779
f 1196//701 1195//778 1198//780
f 1199//672 1200//764 1201//765
f 1200//764 1199//672 1202//781
f 1203//782 1204//783 1205//670
f 1204//783 1203//782 1206//784
f 1207//785 1208//669 1209//786
f 1208//669 1207//785 1210//787
f 1211//630 1212//787 1213//788
f 1212//787 1211//630 1214//629
f 1215//642 1216//784 1217//782
f 1216//784 1215//642 1218//641
f 1219//713 1220//789 1221//634
f 1220//789 1219//713 1222//715
f 1223//719 1224//790 1225//791
f 1224//790 1223//719 1226//708
f 1227//792 1228//780 1229//793
f 1228//780 1227//792 1230//794
f 1231//795 1232//794 1233//796
f 1232//794 1231//795 1234//657
f 1235//797 1236//798 1237//799
f 1236//798 1235//797 1238//800
f 1239//801 1240//802 1241//803
f 1240//802 1239//801 1242//804
f 1243//800 1244//805 1245//798
f 1244//805 1243//800 1246//806
f 1247//807 4838//808 1248//809
f 4839//808 1247//807 4840//810
f 1249//811 1250//812 1251//813
f 1250//812 1249//811 1252//814
f 1253//815 1254//816 1255//817
f 1254//816 1253//815 1256//818
f 1257//819 1258//820 1259//821
f 1258//820 1257//819 1260//822
f 1261//823 1262//824 1263//825
f 1262//824 1261//823 1264//826
f 1265//827 1266//828 1267//829
f 1266//828 1265//827 1268//830
f 1269//831 1270//832 1271//833
f 1270//832 1269//831 1272//834
f 1273//835 1274//829 1275//836
f 1274//829 1273//835 1276//827
f 1277//837 1278//838 1279//839
f 1278//838 1277//837 1280//831
f 1281//840 1282//841 1283//842
f 1282//841 1281//840 1284//822
f 1285//843 1286//651 1287//649
f 1286//651 1285//843 1288//844
f 1289//845 1290//803 1291//846
f 1290//803 1289//845 1292//801
f 1293//841 1294//847 1295//842
f 1294//847 1293//841 1296//848
f 1297//849 1298//850 1299//851
f 1298//850 1297//849 1300//852
f 1301//823 1302//853 1303//826
f 1302//853 1301//823 1304//854
f 1305//855 4841//856 4842//857
f 4843//856 1305//855 1306//858
f 1307//859 1308//856 1309//860
f 1308//856 1307//859 1310//857
f 1311//843 1312//861 1313//844
f 1312//861 1311//843 1314//862
f 1315//863 1316//864 1317//865
f 1316//864 1315//863 1318//866
f 1319//867 1320//809 1321//868
f 1320//809 1319//867 1322//807
f 1323//869 1324//870 1325//871
f 1324//870 1323//869 1326//872
f 1327//873 1328//855 1329//828
f 1328//855 1327//873 1330//858
f 1331//874 1332//859 1333//860
f 1332//859 1331//874 1334//875
f 1335//805 1336//876 1337//877
f 1336//876 1335//805 1338//878
f 1339//879 4844//834 1340//870
f 4845//834 1339//879 4846//880
f 1341//848 1342//881 1343//882
f 1342//881 1341//848 1344//875
f 1345//814 1346//883 1347//884
f 1346//883 1345//814 1348//885
f 1349//434 1350//886 1351//432
f 1350//886 1349//434 1352//811
f 1353//429 1354//887 1355//428
f 1354//887 1353//429 1356//888
f 1357//885 1358//889 1359//890
f 1358//889 1357//885 1360//837
f 1361//887 1362//797 1363//799
f 1362//797 1361//887 1364//891
f 1365//892 1366//810 1367//877
f 1366//810 1365//892 1368//808
f 1369//862 1370//893 1371//861
f 1370//893 1369//862 1372//894
f 1373//895 1374//896 1375//853
f 1374//896 1373//895 1376//897
f 1377//898 1378//899 1379//816
f 1378//899 1377//898 1380//900
f 1381//901 1382//851 1383//896
f 1382//851 1381//901 1384//902
f 1385//903 1386//871 1387//850
f 1386//871 1385//903 1388//904
f 1389//825 1390//659 1391//656
f 1390//659 1389//825 1392//824
f 1393//894 1394//817 1395//905
f 1394//817 1393//894 1396//815
f 1397//906 1398//866 1399//863
f 1398//866 1397//906 1400//907
f 1401//906 1402//846 1403//908
f 1402//846 1401//906 1404//845
f 1405//909 1406//910 1407//911
f 1406//910 1405//909 1408//867
s 0
f 1409//1 1410//1 1411//1
f 1410//1 1409//1 1412//1
f 1412//1 1409//1 1413//1
f 1413//1 1409//1 1414//1
f 1414//1 1409//1 1415//1
f 1415//1 1409//1 1416//1
f 1415//1 1416//1 1417//1
f 1417//1 1416//1 1418//1
f 1418//1 1416//1 1419//1
f 1419//1 1416//1 1420//1
f 1420//1 1416//1 1421//1
f 1421//1 1416//1 1422//1
f 1422//1 1416//1 1423//1
f 1423//1 1416//1 1424//1
f 1424//1 1416//1 1425//1
f 1425//1 1416//1 1426//1
f 1426//1 1416//1 1427//1
f 1426//1 1427//1 1428//1
f 1428//1 1427//1 1429//1
f 1429//1 1427//1 1430//1
f 1430//1 1427//1 1431//1
f 1431//1 1427//1 1432//1
f 1432//1 1427//1 1433//1
f 1433//1 1427//1 1434//1
f 1434//1 1427//1 1435//1
f 1435//1 1427//1 1436//1
f 1436//1 1427//1 1437//1
f 1437//1 1427//1 1438//1
f 1438//1 1427//1 1439//1
f 1439//1 1427//1 1440//1
f 1440//1 1427//1 1441//1
f 1441//1 1427//1 1442//1
f 1443//1 1444//1 1445//1
f 1444//1 1443//1 1446//1
f 1446//1 1443//1 1447//1
f 1447//1 1443//1 1448//1
f 1448//1 1443//1 1449//1
f 1449//1 1443//1 1450//1
f 1445//1 1444//1 1451//1
f 1445//1 1451//1 1452//1
f 1445//1 1452//1 1453//1
f 1445//1 1453//1 1454//1
f 1445//1 1454//1 1455//1
f 1445//1 1455//1 1456//1
f 1445//1 1456//1 1457//1
f 1445//1 1457//1 1458//1
f 1445//1 1458//1 1459//1
f 1445//1 1459//1 1460//1
f 1445//1 1460//1 1461//1
f 1445//1 1461//1 1462//1
f 1462//1 1461//1 1463//1
f 1462//1 1463//1 1464//1
f 1462//1 1464//1 1465//1
f 1462//1 1465//1 1466//1
f 1462//1 1466//1 1467//1
f 1462//1 1467//1 1468//1
f 1462//1 1468//1 1469//1
f 1462//1 1469//1 1470//1
f 1462//1 1470//1 1471//1
f 1462//1 1471//1 1472//1
f 1462//1 1472//1 1473//1
f 1462//1 1473//1 1474//1
f 1462//1 1474//1 1475//1
f 1462//1 1475//1 1476//1
f 1477//1 1478//1 1479//1
f 1478//1 1477//1 1480//1
f 1479//1 1478//1 1481//1
f 1479//1 1481//1 1482//1
f 1479//1 1482//1 1483//1
f 1479//1 1483//1 1484//1
f 1479//1 1484//1 1485//1
f 1479//1 1485//1 1486//1
f 1479//1 1486//1 1487//1
f 1479//1 1487//1 1488//1
f 1488//1 1487//1 1489//1
f 1488//1 1489//1 1490//1
f 1488//1 1490//1 1491//1
f 1488//1 1491//1 1492//1
f 1488//1 1492//1 1493//1
f 1493//1 1492//1 1494//1
f 1493//1 1494//1 1495//1
f 1493//1 1495//1 1496//1
f 1496//1 1495//1 1497//1
f 1496//1 1497//1 1498//1
f 1496//1 1498//1 1499//1
f 1499//1 1498//1 1500//1
f 1500//1 1498//1 1501//1
f 1501//1 1498//1 1502//1
f 1501//1 1502//1 1503//1
f 1503//1 1502//1 1504//1
f 1503//1 1504//1 1505//1
f 1505//1 1504//1 1506//1
f 1505//1 1506//1 1507//1
f 1507//1 1506//1 1508//1
f 1507//1 1508//1 1509//1
f 1509//1 1508//1 1510//1
f 1509//1 1510//1 1511//1
f 1511//1 1510//1 1512//1
f 1511//1 1512//1 1513//1
f 1513//1 1512//1 1514//1
f 1513//1 1514//1 1515//1
f 1515//1 1514//1 1516//1
f 1515//1 1516//1 1517//1
f 1517//1 1516//1 1518//1
f 1517//1 1518//1 1519//1
f 1519//1 1518//1 1520//1
f 1519//1 1520//1 1521//1
f 1521//1 1520//1 1522//1
f 1521//1 1522//1 1523//1
f 1523//1 1522//1 1524//1
f 1523//1 1524//1 1525//1
f 1525//1 1524//1 1526//1
f 1525//1 1526//1 1527//1
f 1527//1 1526//1 1528//1
s 1
f 1527//912 1528//912 1529//912
s 0
f 1530//1 1531//1 1532//1
f 1531//1 1530//1 1533//1
f 1533//1 1530//1 1534//1
f 1534//1 1530//1 1535//1
f 1535//1 1530//1 1536//1
f 1536//1 1530//1 1537//1
f 1537//1 1530//1 1538//1
f 1537//1 1538//1 1539//1
f 1539//1 1538//1 1540//1
f 1540//1 1538//1 1541//1
f 1541//1 1538//1 1542//1
f 1542//1 1538//1 1543//1
f 1543//1 1538//1 1544//1
f 1544//1 1538//1 1545//1
f 1545//1 1538//1 1546//1
f 1546//1 1538//1 1547//1
f 1546//1 1547//1 1548//1
f 1548//1 1547//1 1549//1
f 1549//1 1547//1 1550//1
f 1550//1 1547//1 1551//1
f 1551//1 1547//1 1552//1
f 1552//1 1547//1 1553//1
f 1553//1 1547//1 1554//1
f 1554//1 1547//1 1555//1
f 1555//1 1547//1 1556//1
f 1555//1 1556//1 1557//1
f 1557//1 1556//1 1558//1
f 1558//1 1556//1 1559//1
f 1559//1 1556//1 1560//1
f 1560//1 1556//1 1561//1
f 1561//1 1556//1 1562//1
f 1562//1 1556//1 1563//1
f 1563//1 1556//1 1564//1
f 1564//1 1556//1 1565//1
f 1565//1 1556//1 1566//1
f 1566//1 1556//1 1567//1
f 1567//1 1556//1 1568//1
f 1567//1 1568//1 1569//1
f 1567//1 1569//1 1570//1
f 1570//1 1569//1 1571//1
f 1571//1 1569//1 1572//1
f 1572//1 1569//1 1573//1
f 1573//1 1569//1 1574//1
f 1574//1 1569//1 1575//1
f 1574//1 1575//1 1576//1
f 1576//1 1575//1 1577//1
f 1577//1 1575//1 1578//1
f 1578//1 1575//1 1579//1
f 1579//1 1575//1 1580//1
f 1580//1 1575//1 1581//1
f 1581//1 1575//1 1582//1
f 1582//1 1575//1 1583//1
f 1583//1 1575//1 1584//1
f 1584//1 1575//1 1585//1
f 1585//1 1575//1 1586//1
f 1586//1 1575//1 1587//1
f 1587//1 1575//1 1588//1
f 1588//1 1575//1 1589//1
f 1589//1 1575//1 1590//1
f 1589//1 1590//1 1591//1
f 1591//1 1590//1 1592//1
f 1592//1 1590//1 1593//1
f 1593//1 1590//1 1594//1
f 1594//1 1590//1 1595//1
f 1595//1 1590//1 1596//1
f 1596//1 1590//1 1597//1
f 1597//1 1590//1 1598//1
f 1598//1 1590//1 1599//1
f 1599//1 1590//1 1600//1
f 1600//1 1590//1 1601//1
f 1601//1 1590//1 1602//1
f 1602//1 1590//1 1603//1
f 1603//1 1590//1 1604//1
f 1604//1 1590//1 1605//1
f 1605//1 1590//1 1606//1
f 1605//1 1606//1 1607//1
f 1607//1 1606//1 1608//1
f 1608//1 1606//1 1609//1
f 1608//1 1609//1 1610//1
f 1610//1 1609//1 1611//1
f 1611//1 1609//1 1612//1
f 1611//1 1612//1 1613//1
f 1613//1 1612//1 1614//1
f 1614//1 1612//1 1409//1
f 1614//1 1409//1 1615//1
f 1615//1 1409//1 1616//1
f 1616//1 1409//1 1411//1
f 1616//1 1411//1 1617//1
f 1616//1 1617//1 1618//1
f 1616//1 1618//1 1619//1
f 1616//1 1619//1 1620//1
f 1616//1 1620//1 1621//1
f 1616//1 1621//1 1622//1
f 1622//1 1621//1 1623//1
f 1622//1 1623//1 1624//1
f 1622//1 1624//1 1625//1
f 1622//1 1625//1 1626//1
f 1622//1 1626//1 1627//1
f 1622//1 1627//1 1628//1
f 1622//1 1628//1 1629//1
f 1622//1 1629//1 1630//1
f 1622//1 1630//1 1631//1
f 1622//1 1631//1 1632//1
f 1622//1 1632//1 1633//1
f 1622//1 1633//1 1634//1
f 1634//1 1633//1 1635//1
f 1634//1 1635//1 1636//1
f 1634//1 1636//1 1637//1
f 1634//1 1637//1 1638//1
f 1634//1 1638//1 1639//1
f 1634//1 1639//1 1640//1
f 1634//1 1640//1 1641//1
f 1634//1 1641//1 1642//1
f 1634//1 1642//1 1643//1
f 1634//1 1643//1 1644//1
f 1634//1 1644//1 1645//1
f 1645//1 1644//1 1646//1
f 1645//1 1646//1 1647//1
f 1645//1 1647//1 1648//1
f 1645//1 1648//1 1442//1
f 1645//1 1442//1 1427//1
f 1645//1 1427//1 1649//1
f 1645//1 1649//1 1650//1
f 1650//1 1649//1 1651//1
f 1651//1 1649//1 1652//1
f 1651//1 1652//1 1653//1
f 1653//1 1652//1 1654//1
f 1654//1 1652//1 1655//1
f 1654//1 1655//1 1656//1
f 1656//1 1655//1 1657//1
f 1657//1 1655//1 1658//1
f 1657//1 1658//1 1659//1
f 1659//1 1658//1 1477//1
f 1477//1 1658//1 1480//1
f 1480//1 1658//1 1660//1
f 1660//1 1658//1 1661//1
f 1661//1 1658//1 1662//1
f 1661//1 1662//1 1663//1
f 1663//1 1662//1 1664//1
f 1664//1 1662//1 1665//1
f 1665//1 1662//1 1666//1
f 1666//1 1662//1 1667//1
f 1667//1 1662//1 1668//1
f 1668//1 1662//1 1669//1
f 1669//1 1662//1 1670//1
f 1670//1 1662//1 1671//1
f 1671//1 1662//1 1672//1
f 1672//1 1662//1 1673//1
f 1673//1 1662//1 1674//1
f 1673//1 1674//1 1675//1
f 1675//1 1674//1 1676//1
f 1676//1 1674//1 1677//1
f 1677//1 1674//1 1678//1
f 1678//1 1674//1 1679//1
f 1679//1 1674//1 1680//1
f 1680//1 1674//1 1681//1
f 1681//1 1674//1 1682//1
f 1682//1 1674//1 1683//1
f 1683//1 1674//1 1684//1
f 1684//1 1674//1 1685//1
f 1685//1 1674//1 1686//1
f 1686//1 1674//1 1687//1
f 1687//1 1674//1 1688//1
f 1688//1 1674//1 1689//1
f 1689//1 1674//1 1690//1
f 1689//1 1690//1 1691//1
f 1691//1 1690//1 1528//1
f 1528//1 1690//1 1692//1
f 1692//1 1690//1 1693//1
f 1693//1 1690//1 1694//1
f 1693//1 1694//1 1695//1
f 1695//1 1694//1 1696//1
f 1695//1 1696//1 1697//1
f 1697//1 1696//1 1698//1
f 1697//1 1698//1 1699//1
f 1699//1 1698//1 1700//1
f 1699//1 1700//1 1701//1
f 1699//1 1701//1 1702//1
f 1702//1 1701//1 1703//1
f 1702//1 1703//1 1704//1
f 1704//1 1703//1 1705//1
f 1705//1 1703//1 1706//1
f 1705//1 1706//1 1707//1
f 1567//1 1708//1 1709//1
f 1708//1 1567//1 1570//1
f 1708//1 1570//1 1710//1
f 1709//1 1708//1 1711//1
f 1709//1 1711//1 1712//1
f 1709//1 1712//1 1713//1
f 1709//1 1713//1 1714//1
f 1714//1 1713//1 1715//1
f 1714//1 1715//1 1716//1
f 1714//1 1716//1 1717//1
f 1714//1 1717//1 1718//1
f 1714//1 1718//1 1719//1
f 1714//1 1719//1 1720//1
f 1714//1 1720//1 1721//1
f 1714//1 1721//1 1722//1
f 1714//1 1722//1 1723//1
f 1714//1 1723//1 1724//1
f 1714//1 1724//1 1725//1
f 1714//1 1725//1 1726//1
f 1714//1 1726//1 1727//1
f 1714//1 1727//1 1728//1
f 1714//1 1728//1 1729//1
f 1729//1 1728//1 1730//1
f 1729//1 1730//1 1731//1
f 1729//1 1731//1 1732//1
f 1729//1 1732//1 1733//1
f 1729//1 1733//1 1734//1
f 1729//1 1734//1 1735//1
f 1729//1 1735//1 1736//1
f 1729//1 1736//1 1737//1
f 1729//1 1737//1 1738//1
f 1729//1 1738//1 1739//1
f 1729//1 1739//1 1740//1
f 1729//1 1740//1 1741//1
f 1729//1 1741//1 1742//1
f 1729//1 1742//1 1743//1
f 1729//1 1743//1 1744//1
f 1744//1 1743//1 1745//1
f 1744//1 1745//1 1746//1
f 1744//1 1746//1 1747//1
f 1747//1 1746//1 1748//1
f 1747//1 1748//1 1749//1
f 1747//1 1749//1 1750//1
f 1750//1 1749//1 1751//1
f 1750//1 1751//1 1752//1
f 1750//1 1752//1 1443//1
f 1443//1 1752//1 1753//1
f 1443//1 1753//1 1754//1
f 1443//1 1754//1 1450//1
f 1450//1 1754//1 1755//1
f 1755//1 1754//1 1756//1
f 1756//1 1754//1 1757//1
f 1757//1 1754//1 1758//1
f 1758//1 1754//1 1759//1
f 1759//1 1754//1 1760//1
f 1759//1 1760//1 1761//1
f 1761//1 1760//1 1762//1
f 1762//1 1760//1 1763//1
f 1763//1 1760//1 1764//1
f 1764//1 1760//1 1765//1
f 1765//1 1760//1 1766//1
f 1766//1 1760//1 1767//1
f 1767//1 1760//1 1768//1
f 1768//1 1760//1 1769//1
f 1769//1 1760//1 1770//1
f 1770//1 1760//1 1771//1
f 1770//1 1771//1 1772//1
f 1772//1 1771//1 1773//1
f 1773//1 1771//1 1774//1
f 1774//1 1771//1 1775//1
f 1775//1 1771//1 1776//1
f 1776//1 1771//1 1777//1
f 1777//1 1771//1 1778//1
f 1778//1 1771//1 1779//1
f 1779//1 1771//1 1780//1
f 1780//1 1771//1 1781//1
f 1781//1 1771//1 1782//1
f 1782//1 1771//1 1783//1
f 1782//1 1783//1 1784//1
f 1784//1 1783//1 1785//1
f 1785//1 1783//1 1786//1
f 1786//1 1783//1 1476//1
f 1476//1 1783//1 1462//1
f 1462//1 1783//1 1787//1
f 1787//1 1783//1 1788//1
f 1787//1 1788//1 1789//1
f 1787//1 1789//1 1790//1
f 1790//1 1789//1 1791//1
f 1790//1 1791//1 1792//1
f 1790//1 1792//1 1793//1
f 1793//1 1792//1 1794//1
f 1793//1 1794//1 1795//1
f 1793//1 1795//1 1796//1
f 1796//1 1795//1 1797//1
f 1796//1 1797//1 1798//1
f 1796//1 1798//1 1799//1
f 1796//1 1799//1 1800//1
f 1796//1 1800//1 1801//1
f 1796//1 1801//1 1802//1
f 1799//1 1798//1 1803//1
f 1802//1 1801//1 1804//1
f 1802//1 1804//1 1805//1
f 1802//1 1805//1 1806//1
f 1802//1 1806//1 1807//1
f 1802//1 1807//1 1808//1
f 1802//1 1808//1 1809//1
f 1802//1 1809//1 1810//1
f 1802//1 1810//1 1811//1
f 1802//1 1811//1 1812//1
f 1802//1 1812//1 1813//1
f 1802//1 1813//1 1814//1
f 1802//1 1814//1 1815//1
f 1815//1 1814//1 1816//1
f 1815//1 1816//1 1817//1
f 1815//1 1817//1 1818//1
f 1815//1 1818//1 1819//1
f 1815//1 1819//1 1820//1
f 1815//1 1820//1 1821//1
f 1815//1 1821//1 1822//1
f 1815//1 1822//1 1823//1
f 1815//1 1823//1 1824//1
f 1815//1 1824//1 1825//1
f 1815//1 1825//1 1826//1
f 1815//1 1826//1 1827//1
f 1815//1 1827//1 1828//1
f 1815//1 1828//1 1829//1
f 1815//1 1829//1 1830//1
f 1815//1 1830//1 1692//1
f 1692//1 1830//1 1529//1
f 1692//1 1529//1 1528//1
f 1831//1 1803//1 1798//1
f 1803//1 1831//1 1832//1
f 1832//1 1831//1 1833//1
f 1833//1 1831//1 1834//1
f 1834//1 1831//1 1835//1
f 1835//1 1831//1 1836//1
f 1836//1 1831//1 1837//1
f 1837//1 1831//1 1838//1
f 1838//1 1831//1 1839//1
f 1838//1 1839//1 1840//1
f 1840//1 1839//1 1841//1
f 1841//1 1839//1 1842//1
f 1842//1 1839//1 1843//1
f 1843//1 1839//1 1844//1
f 1843//1 1844//1 1845//1
f 1845//1 1844//1 1846//1
f 1846//1 1844//1 1847//1
f 1846//1 1847//1 1848//1
f 1848//1 1847//1 1500//1
f 1500//1 1847//1 1499//1
f 1849//1 1710//1 1570//1
f 1710//1 1849//1 1850//1
f 1850//1 1849//1 1851//1
f 1850//1 1851//1 1852//1
f 1852//1 1851//1 1853//1
f 1852//1 1853//1 1854//1
f 1854//1 1853//1 1855//1
f 1854//1 1855//1 1856//1
f 1856//1 1855//1 1857//1
f 1856//1 1857//1 1858//1
f 1858//1 1857//1 1859//1
f 1858//1 1859//1 1860//1
f 1860//1 1859//1 1861//1
f 1860//1 1861//1 1862//1
f 1862//1 1861//1 1863//1
f 1862//1 1863//1 1864//1
f 1864//1 1863//1 1865//1
f 1864//1 1865//1 1866//1
f 1866//1 1865//1 1867//1
f 1866//1 1867//1 1868//1
f 1868//1 1867//1 1869//1
f 1868//1 1869//1 1870//1
f 1870//1 1869//1 1871//1
f 1870//1 1871//1 1872//1
f 1872//1 1871//1 1873//1
f 1872//1 1873//1 1874//1
f 1874//1 1873//1 1875//1
f 1874//1 1875//1 1876//1
f 1876//1 1875//1 1877//1
f 1876//1 1877//1 1878//1
f 1876//1 1878//1 1879//1
f 1879//1 1878//1 1880//1
f 1879//1 1880//1 1881//1
f 1879//1 1881//1 1882//1
f 1882//1 1881//1 1883//1
f 1883//1 1881//1 1884//1
f 1883//1 1884//1 1885//1
f 1885//1 1884//1 1886//1
f 1886//1 1884//1 1887//1
f 1886//1 1887//1 1888//1
f 1888//1 1887//1 1889//1
f 1889//1 1887//1 1890//1
f 1890//1 1887//1 1891//1
f 1891//1 1887//1 1742//1
f 1891//1 1742//1 1892//1
f 1892//1 1742//1 1893//1
f 1893//1 1742//1 1894//1
f 1894//1 1742//1 1895//1
f 1895//1 1742//1 1896//1
f 1896//1 1742//1 1897//1
f 1897//1 1742//1 1741//1
f 1898//1 1878//1 1877//1
f 1878//1 1898//1 1899//1
f 1899//1 1898//1 1900//1
f 1900//1 1898//1 1901//1
f 1900//1 1901//1 1902//1
f 1902//1 1901//1 1903//1
f 1902//1 1903//1 1904//1
f 1902//1 1904//1 1905//1
f 1902//1 1905//1 1906//1
f 1906//1 1905//1 1907//1
f 1906//1 1907//1 1908//1
f 1906//1 1908//1 1909//1
f 1906//1 1909//1 1604//1
f 1604//1 1909//1 1910//1
f 1604//1 1910//1 1911//1
f 1604//1 1911//1 1912//1
f 1604//1 1912//1 1913//1
f 1604//1 1913//1 1914//1
f 1604//1 1914//1 1915//1
f 1604//1 1915//1 1603//1
f 1916//1 1917//1 1918//1
f 1917//1 1916//1 1919//1
f 1919//1 1916//1 1920//1
f 1919//1 1920//1 1921//1
f 1921//1 1920//1 1532//1
f 1921//1 1532//1 1922//1
f 1922//1 1532//1 1531//1
f 1922//1 1531//1 1923//1
f 1922//1 1923//1 1924//1
f 1922//1 1924//1 1925//1
f 1922//1 1925//1 1926//1
f 1922//1 1926//1 1927//1
f 1922//1 1927//1 1928//1
f 1928//1 1927//1 1929//1
f 1928//1 1929//1 1930//1
f 1928//1 1930//1 1931//1
f 1928//1 1931//1 1932//1
f 1928//1 1932//1 1933//1
f 1928//1 1933//1 1934//1
f 1928//1 1934//1 1935//1
f 1928//1 1935//1 1936//1
f 1928//1 1936//1 1937//1
f 1937//1 1936//1 1938//1
f 1937//1 1938//1 1939//1
f 1937//1 1939//1 1940//1
f 1937//1 1940//1 1941//1
f 1937//1 1941//1 1942//1
f 1937//1 1942//1 1943//1
f 1937//1 1943//1 1944//1
f 1937//1 1944//1 1945//1
f 1937//1 1945//1 1566//1
f 1566//1 1945//1 1946//1
f 1566//1 1946//1 1947//1
f 1566//1 1947//1 1948//1
f 1566//1 1948//1 1949//1
f 1566//1 1949//1 1950//1
f 1566//1 1950//1 1951//1
f 1566//1 1951//1 1952//1
f 1566//1 1952//1 1953//1
f 1566//1 1953//1 1565//1
s 1
f 1954//913 1955//914 1956//914
f 1955//914 1954//913 1957//913
f 1958//915 1959//916 1960//915
f 1959//916 1958//915 1961//916
f 1962//917 1963//918 1964//917
f 1963//918 1962//917 1965//918
f 1966//919 1967//920 1968//920
f 1967//920 1966//919 1969//919
f 1970//921 1971//922 1972//922
f 1971//922 1970//921 1973//921
f 1974//923 1975//924 1976//924
f 1975//924 1974//923 1977//923
f 1978//922 4847//925 1979//922
f 4848//925 1978//922 4849//925
f 1980//926 1981//927 1982//926
f 1981//927 1980//926 1983//927
f 1984//918 1985//928 1986//918
f 1985//928 1984//918 1987//928
f 1988//929 1989//930 1990//929
f 1989//930 1988//929 1991//931
f 1992//914 1993//932 1994//932
f 1993//932 1992//914 1995//914
f 1996//933 1997//934 1998//934
f 1997//934 1996//933 1999//933
f 2000//935 2001//921 2002//921
f 2001//921 2000//935 2003//935
f 2004//932 2005//933 2006//933
f 2005//933 2004//932 2007//932
f 2008//936 2009//937 2010//937
f 2009//937 2008//936 2011//936
f 2012//938 2013//939 2014//923
f 2013//939 2012//938 2015//940
f 2016//930 2017//941 2018//930
f 2017//941 2016//930 2019//926
f 2020//942 2021//929 2022//942
f 2021//929 2020//942 2023//929
f 2024//943 2025//942 2026//943
f 2025//942 2024//943 2027//942
f 2028//944 2029//943 2030//944
f 2029//943 2028//944 2031//943
f 2032//945 2033//946 2034//945
f 2033//946 2032//945 2035//947
f 2036//928 2037//948 2038//928
f 2037//948 2036//928 2039//948
f 2040//934 2041//949 2042//949
f 2041//949 2040//934 2043//934
f 2044//950 2045//940 2046//940
f 2045//940 2044//950 2047//950
f 2048//951 2049//917 2050//952
f 2049//917 2048//951 2051//917
f 2052//953 2053//954 2054//954
f 2053//954 2052//953 2055//953
f 2056//955 2057//951 2058//927
f 2057//951 2056//955 2059//951
f 2060//924 2061//953 2062//953
f 2061//953 2060//924 2063//924
f 4850//916 2064//950 4851//916
f 2064//950 4852//916 2065//950
f 2066//956 2067//957 2068//956
f 2067//957 2066//956 2069//957
f 2070//946 2071//958 2072//946
f 2071//958 2070//946 2073//958
f 2074//954 2075//936 2076//936
f 2075//936 2074//954 2077//954
f 2078//959 2079//960 2080//959
f 2079//960 2078//959 2081//960
f 2082//961 2083//962 2084//962
f 2083//962 2082//961 2085//961
f 2086//963 2087//964 2088//963
f 2087//964 2086//963 2089//964
f 2090//962 2091//965 2092//965
f 2091//965 2090//962 2093//962
f 2094//966 2095//967 2096//967
f 2095//967 2094//966 2097//966
f 2098//968 2099//969 2100//968
f 2099//969 2098//968 2101//969
f 2102//970 2103//971 2104//970
f 2103//971 2102//970 2105//971
f 2106//972 2107//970 2108//972
f 2107//970 2106//972 2109//970
f 2110//973 2111//972 2112//973
f 2111//972 2110//973 2113//972
f 2114//965 2115//974 2116//974
f 2115//974 2114//965 2117//965
f 2118//975 2119//976 2120//976
f 2119//976 2118//975 2121//975
f 2122//977 2123//978 2124//978
f 2123//978 2122//977 2125//977
f 2126//976 4853//979 4854//979
f 4855//979 2126//976 2127//976
f 2128//969 2129//959 2130//969
f 2129//959 2128//969 2131//959
f 2132//964 2133//973 2134//964
f 2133//973 2132//964 2135//973
s 0
f 2136//980 2137//980 2138//980
f 2137//980 2136//980 2139//980
f 2137//980 2139//980 2140//980
f 2140//980 2139//980 2141//980
f 2140//980 2141//980 2142//980
f 2142//980 2141//980 2143//980
f 2142//980 2143//980 2144//980
f 2144//980 2143//980 2145//980
f 2145//980 2143//980 2146//980
f 2146//980 2143//980 2147//980
f 2147//980 2143//980 2148//980
f 2148//980 2143//980 2149//980
f 2149//980 2143//980 2150//980
f 2149//980 2150//980 2151//980
f 2151//980 2150//980 2152//980
f 2152//980 2150//980 2153//980
f 2153//980 2150//980 2154//980
f 2154//980 2150//980 2155//980
f 2155//980 2150//980 2156//980
f 2156//980 2150//980 2157//980
f 2157//980 2150//980 2158//980
f 2158//980 2150//980 2159//980
f 2158//980 2159//980 2160//980
f 2160//980 2159//980 2161//980
f 2161//980 2159//980 2162//980
f 2162//980 2159//980 2163//980
f 2163//980 2159//980 2164//980
f 2164//980 2159//980 2165//980
f 2165//980 2159//980 2166//980
f 2166//980 2159//980 2167//980
f 2167//980 2159//980 2168//980
f 2167//980 2168//980 2169//980
f 2169//980 2168//980 2170//980
f 2170//980 2168//980 2171//980
f 2171//980 2168//980 2172//980
f 2172//980 2168//980 2173//980
f 2173//980 2168//980 2174//980
f 2174//980 2168//980 2175//980
f 2175//980 2168//980 2176//980
f 2176//980 2168//980 2177//980
f 2178//980 2179//980 2180//980
f 2179//980 2178//980 2181//980
f 2181//980 2178//980 2182//980
f 2182//980 2178//980 2183//980
f 2183//980 2178//980 2184//980
f 2184//980 2178//980 2185//980
f 2184//980 2185//980 2186//980
f 2186//980 2185//980 2187//980
f 2187//980 2185//980 2188//980
f 2188//980 2185//980 2189//980
f 2189//980 2185//980 2190//980
f 2190//980 2185//980 2191//980
f 2191//980 2185//980 2192//980
f 2192//980 2185//980 2193//980
f 2193//980 2185//980 2194//980
f 2194//980 2185//980 2195//980
f 2195//980 2185//980 2196//980
f 2195//980 2196//980 2197//980
f 2197//980 2196//980 2198//980
f 2198//980 2196//980 2199//980
f 2199//980 2196//980 2200//980
f 2200//980 2196//980 2201//980
f 2201//980 2196//980 2202//980
f 2202//980 2196//980 2203//980
f 2203//980 2196//980 2204//980
f 2204//980 2196//980 2205//980
f 2205//980 2196//980 2206//980
f 2206//980 2196//980 2207//980
f 2207//980 2196//980 2208//980
f 2208//980 2196//980 2209//980
f 2209//980 2196//980 2210//980
f 2210//980 2196//980 2211//980
f 2212//980 2213//980 2214//980
f 2213//980 2212//980 2215//980
f 2215//980 2212//980 2216//980
f 2216//980 2212//980 2217//980
f 2217//980 2212//980 2218//980
f 2218//980 2212//980 2219//980
f 2214//980 2213//980 2220//980
f 2214//980 2220//980 2221//980
f 2214//980 2221//980 2222//980
f 2214//980 2222//980 2223//980
f 2214//980 2223//980 2224//980
f 2214//980 2224//980 2225//980
f 2214//980 2225//980 2226//980
f 2214//980 2226//980 2227//980
f 2214//980 2227//980 2228//980
f 2214//980 2228//980 2229//980
f 2214//980 2229//980 2230//980
f 2214//980 2230//980 2231//980
f 2231//980 2230//980 2232//980
f 2231//980 2232//980 2233//980
f 2231//980 2233//980 2234//980
f 2231//980 2234//980 2235//980
f 2231//980 2235//980 2236//980
f 2231//980 2236//980 2237//980
f 2231//980 2237//980 2238//980
f 2231//980 2238//980 2239//980
f 2231//980 2239//980 2240//980
f 2231//980 2240//980 2241//980
f 2231//980 2241//980 2242//980
f 2231//980 2242//980 2243//980
f 2231//980 2243//980 2244//980
f 2231//980 2244//980 2245//980
f 2246//980 2247//980 2248//980
f 2247//980 2246//980 2249//980
f 2248//980 2247//980 2250//980
f 2248//980 2250//980 2251//980
f 2248//980 2251//980 2252//980
f 2248//980 2252//980 2253//980
f 2248//980 2253//980 2254//980
f 2248//980 2254//980 2255//980
f 2248//980 2255//980 2256//980
f 2248//980 2256//980 2257//980
f 2257//980 2256//980 2258//980
f 2257//980 2258//980 2259//980
f 2257//980 2259//980 2260//980
f 2257//980 2260//980 2261//980
f 2257//980 2261//980 2262//980
f 2262//980 2261//980 2263//980
f 2262//980 2263//980 2264//980
f 2262//980 2264//980 2265//980
f 2265//980 2264//980 2266//980
f 2265//980 2266//980 2267//980
f 2265//980 2267//980 2268//980
f 2269//980 2270//980 2271//980
f 2270//980 2269//980 2272//980
f 2270//980 2272//980 2273//980
f 2273//980 2272//980 2274//980
f 2274//980 2272//980 2275//980
f 2275//980 2272//980 2276//980
f 2275//980 2276//980 2277//980
f 2277//980 2276//980 2278//980
f 2278//980 2276//980 2279//980
f 2279//980 2276//980 2280//980
f 2280//980 2276//980 2281//980
f 2281//980 2276//980 2282//980
f 2282//980 2276//980 2283//980
f 2283//980 2276//980 2284//980
f 2284//980 2276//980 2285//980
f 2285//980 2276//980 2286//980
f 2286//980 2276//980 2287//980
f 2287//980 2276//980 2288//980
f 2288//980 2276//980 2289//980
f 2289//980 2276//980 2290//980
f 2290//980 2276//980 2291//980
f 2290//980 2291//980 2292//980
f 2292//980 2291//980 2293//980
f 2293//980 2291//980 2294//980
f 2294//980 2291//980 2295//980
f 2295//980 2291//980 2296//980
f 2296//980 2291//980 2297//980
f 2297//980 2291//980 2298//980
f 2298//980 2291//980 2299//980
f 2299//980 2291//980 2300//980
f 2300//980 2291//980 2301//980
f 2301//980 2291//980 2302//980
f 2302//980 2291//980 2303//980
f 2303//980 2291//980 2304//980
f 2304//980 2291//980 2305//980
f 2305//980 2291//980 2306//980
f 2306//980 2291//980 2307//980
f 2306//980 2307//980 2308//980
f 2308//980 2307//980 2309//980
f 2309//980 2307//980 2310//980
f 2309//980 2310//980 2311//980
f 2311//980 2310//980 2312//980
f 2312//980 2310//980 2313//980
f 2312//980 2313//980 2314//980
f 2314//980 2313//980 2315//980
f 2315//980 2313//980 2178//980
f 2315//980 2178//980 2316//980
f 2316//980 2178//980 2317//980
f 2317//980 2178//980 2180//980
f 2317//980 2180//980 2318//980
f 2317//980 2318//980 2319//980
f 2317//980 2319//980 2320//980
f 2317//980 2320//980 2321//980
f 2317//980 2321//980 2322//980
f 2317//980 2322//980 2323//980
f 2323//980 2322//980 2324//980
f 2323//980 2324//980 2325//980
f 2323//980 2325//980 2326//980
f 2323//980 2326//980 2327//980
f 2323//980 2327//980 2328//980
f 2323//980 2328//980 2329//980
f 2323//980 2329//980 2330//980
f 2323//980 2330//980 2331//980
f 2323//980 2331//980 2332//980
f 2323//980 2332//980 2333//980
f 2323//980 2333//980 2334//980
f 2334//980 2333//980 2335//980
f 2334//980 2335//980 2336//980
f 2334//980 2336//980 2337//980
f 2334//980 2337//980 2338//980
f 2334//980 2338//980 2339//980
f 2334//980 2339//980 2340//980
f 2334//980 2340//980 2341//980
f 2334//980 2341//980 2342//980
f 2334//980 2342//980 2343//980
f 2334//980 2343//980 2344//980
f 2334//980 2344//980 2345//980
f 2334//980 2345//980 2346//980
f 2346//980 2345//980 2347//980
f 2346//980 2347//980 2348//980
f 2346//980 2348//980 2349//980
f 2346//980 2349//980 2211//980
f 2346//980 2211//980 2196//980
f 2346//980 2196//980 2350//980
f 2346//980 2350//980 2351//980
f 2351//980 2350//980 2352//980
f 2352//980 2350//980 2353//980
f 2352//980 2353//980 2354//980
f 2354//980 2353//980 2355//980
f 2355//980 2353//980 2356//980
f 2355//980 2356//980 2357//980
f 2357//980 2356//980 2358//980
f 2358//980 2356//980 2359//980
f 2358//980 2359//980 2360//980
f 2360//980 2359//980 2246//980
f 2246//980 2359//980 2249//980
f 2249//980 2359//980 2361//980
f 2361//980 2359//980 2362//980
f 2362//980 2359//980 2363//980
f 2362//980 2363//980 2364//980
f 2364//980 2363//980 2365//980
f 2365//980 2363//980 2366//980
f 2366//980 2363//980 2367//980
f 2367//980 2363//980 2368//980
f 2368//980 2363//980 2369//980
f 2369//980 2363//980 2370//980
f 2370//980 2363//980 2371//980
f 2371//980 2363//980 2372//980
f 2372//980 2363//980 2373//980
f 2373//980 2363//980 2374//980
f 2374//980 2363//980 2375//980
f 2374//980 2375//980 2376//980
f 2376//980 2375//980 2377//980
f 2377//980 2375//980 2378//980
f 2378//980 2375//980 2379//980
f 2379//980 2375//980 2380//980
f 2380//980 2375//980 2381//980
f 2381//980 2375//980 2382//980
f 2382//980 2375//980 2383//980
f 2383//980 2375//980 2384//980
f 2384//980 2375//980 2385//980
f 2385//980 2375//980 2386//980
f 2386//980 2375//980 2387//980
f 2387//980 2375//980 2388//980
f 2388//980 2375//980 2389//980
f 2389//980 2375//980 2390//980
f 2390//980 2375//980 2391//980
f 2390//980 2391//980 2392//980
f 2392//980 2391//980 2393//980
f 2393//980 2391//980 2394//980
f 2394//980 2391//980 2395//980
f 2144//980 2396//980 2142//980
f 2396//980 2144//980 2397//980
f 2396//980 2397//980 2398//980
f 2396//980 2398//980 2399//980
f 2396//980 2399//980 2400//980
f 2396//980 2400//980 2401//980
f 2396//980 2401//980 2402//980
f 2402//980 2401//980 2403//980
f 2402//980 2403//980 2404//980
f 2402//980 2404//980 2405//980
f 2402//980 2405//980 2406//980
f 2402//980 2406//980 2407//980
f 2402//980 2407//980 2408//980
f 2402//980 2408//980 2409//980
f 2402//980 2409//980 2410//980
f 2402//980 2410//980 2411//980
f 2411//980 2410//980 2412//980
f 2411//980 2412//980 2413//980
f 2411//980 2413//980 2414//980
f 2411//980 2414//980 2415//980
f 2411//980 2415//980 2416//980
f 2411//980 2416//980 2417//980
f 2411//980 2417//980 2418//980
f 2411//980 2418//980 2419//980
f 2411//980 2419//980 2420//980
f 2420//980 2419//980 2421//980
f 2420//980 2421//980 2422//980
f 2420//980 2422//980 2423//980
f 2420//980 2423//980 2424//980
f 2420//980 2424//980 2425//980
f 2420//980 2425//980 2426//980
f 2420//980 2426//980 2427//980
f 2420//980 2427//980 2428//980
f 2420//980 2428//980 2177//980
f 2420//980 2177//980 2168//980
f 2420//980 2168//980 2269//980
f 2420//980 2269//980 2429//980
f 2429//980 2269//980 2430//980
f 2430//980 2269//980 2271//980
f 2430//980 2271//980 2431//980
f 2430//980 2431//980 2432//980
f 2430//980 2432//980 2433//980
f 2430//980 2433//980 2434//980
f 2430//980 2434//980 2435//980
f 2435//980 2434//980 2436//980
f 2435//980 2436//980 2437//980
f 2435//980 2437//980 2438//980
f 2435//980 2438//980 2439//980
f 2435//980 2439//980 2440//980
f 2435//980 2440//980 2441//980
f 2435//980 2441//980 2442//980
f 2435//980 2442//980 2443//980
f 2435//980 2443//980 2444//980
f 2435//980 2444//980 2445//980
f 2435//980 2445//980 2446//980
f 2435//980 2446//980 2447//980
f 2435//980 2447//980 2448//980
f 2435//980 2448//980 2449//980
f 2435//980 2449//980 2450//980
f 2450//980 2449//980 2451//980
f 2450//980 2451//980 2452//980
f 2450//980 2452//980 2453//980
f 2450//980 2453//980 2454//980
f 2450//980 2454//980 2455//980
f 2450//980 2455//980 2456//980
f 2450//980 2456//980 2457//980
f 2450//980 2457//980 2458//980
f 2450//980 2458//980 2459//980
f 2450//980 2459//980 2460//980
f 2450//980 2460//980 2461//980
f 2450//980 2461//980 2462//980
f 2450//980 2462//980 2463//980
f 2450//980 2463//980 2464//980
f 2450//980 2464//980 2465//980
f 2450//980 2465//980 2466//980
f 2466//980 2465//980 2467//980
f 2466//980 2467//980 2468//980
f 2466//980 2468//980 2469//980
f 2469//980 2468//980 2470//980
f 2469//980 2470//980 2471//980
f 2469//980 2471//980 2472//980
f 2472//980 2471//980 2473//980
f 2472//980 2473//980 2474//980
f 2472//980 2474//980 2212//980
f 2212//980 2474//980 2475//980
f 2212//980 2475//980 2476//980
f 2212//980 2476//980 2219//980
f 2219//980 2476//980 2477//980
f 2477//980 2476//980 2478//980
f 2478//980 2476//980 2479//980
f 2479//980 2476//980 2480//980
f 2480//980 2476//980 2481//980
f 2481//980 2476//980 2482//980
f 2481//980 2482//980 2483//980
f 2483//980 2482//980 2484//980
f 2484//980 2482//980 2485//980
f 2485//980 2482//980 2486//980
f 2486//980 2482//980 2487//980
f 2487//980 2482//980 2488//980
f 2488//980 2482//980 2489//980
f 2489//980 2482//980 2490//980
f 2490//980 2482//980 2491//980
f 2491//980 2482//980 2492//980
f 2492//980 2482//980 2493//980
f 2492//980 2493//980 2494//980
f 2494//980 2493//980 2495//980
f 2495//980 2493//980 2496//980
f 2496//980 2493//980 2497//980
f 2497//980 2493//980 2498//980
f 2498//980 2493//980 2499//980
f 2499//980 2493//980 2500//980
f 2500//980 2493//980 2501//980
f 2501//980 2493//980 2502//980
f 2502//980 2493//980 2503//980
f 2503//980 2493//980 2504//980
f 2504//980 2493//980 2505//980
f 2504//980 2505//980 2506//980
f 2506//980 2505//980 2507//980
f 2507//980 2505//980 2508//980
f 2508//980 2505//980 2245//980
f 2245//980 2505//980 2231//980
f 2231//980 2505//980 2509//980
f 2509//980 2505//980 2510//980
f 2509//980 2510//980 2511//980
f 2509//980 2511//980 2512//980
f 2512//980 2511//980 2513//980
f 2512//980 2513//980 2514//980
f 2512//980 2514//980 2515//980
f 2515//980 2514//980 2516//980
f 2515//980 2516//980 2517//980
f 2515//980 2517//980 2518//980
f 2518//980 2517//980 2519//980
f 2518//980 2519//980 2520//980
f 2518//980 2520//980 2521//980
f 2518//980 2521//980 2522//980
f 2518//980 2522//980 2523//980
f 2518//980 2523//980 2524//980
f 2521//980 2520//980 2525//980
f 2524//980 2523//980 2526//980
f 2524//980 2526//980 2527//980
f 2524//980 2527//980 2528//980
f 2524//980 2528//980 2529//980
f 2524//980 2529//980 2530//980
f 2524//980 2530//980 2531//980
f 2524//980 2531//980 2532//980
f 2524//980 2532//980 2533//980
f 2524//980 2533//980 2534//980
f 2524//980 2534//980 2535//980
f 2524//980 2535//980 2536//980
f 2524//980 2536//980 2537//980
f 2537//980 2536//980 2538//980
f 2537//980 2538//980 2539//980
f 2537//980 2539//980 2540//980
f 2537//980 2540//980 2541//980
f 2537//980 2541//980 2542//980
f 2537//980 2542//980 2543//980
f 2537//980 2543//980 2544//980
f 2537//980 2544//980 2545//980
f 2537//980 2545//980 2546//980
f 2537//980 2546//980 2547//980
f 2537//980 2547//980 2548//980
f 2537//980 2548//980 2549//980
f 2537//980 2549//980 2550//980
f 2537//980 2550//980 2551//980
f 2537//980 2551//980 2552//980
f 2537//980 2552//980 2553//980
f 2553//980 2552//980 2395//980
f 2553//980 2395//980 2391//980
f 2553//980 2391//980 2554//980
f 2553//980 2554//980 2555//980
f 2555//980 2554//980 2556//980
f 2555//980 2556//980 2557//980
f 2557//980 2556//980 2558//980
f 2557//980 2558//980 2559//980
f 2559//980 2558//980 2560//980
f 2559//980 2560//980 2561//980
f 2561//980 2560//980 2562//980
f 2561//980 2562//980 2563//980
f 2563//980 2562//980 2564//980
f 2563//980 2564//980 2565//980
f 2565//980 2564//980 2566//980
f 2565//980 2566//980 2567//980
f 2567//980 2566//980 2568//980
f 2569//980 2525//980 2520//980
f 2525//980 2569//980 2570//980
f 2570//980 2569//980 2571//980
f 2571//980 2569//980 2572//980
f 2572//980 2569//980 2573//980
f 2573//980 2569//980 2574//980
f 2574//980 2569//980 2575//980
f 2575//980 2569//980 2576//980
f 2576//980 2569//980 2577//980
f 2576//980 2577//980 2578//980
f 2578//980 2577//980 2579//980
f 2579//980 2577//980 2580//980
f 2580//980 2577//980 2581//980
f 2581//980 2577//980 2582//980
f 2581//980 2582//980 2583//980
f 2583//980 2582//980 2584//980
f 2584//980 2582//980 2585//980
f 2584//980 2585//980 2586//980
f 2586//980 2585//980 2587//980
f 2587//980 2585//980 2268//980
f 2587//980 2268//980 2267//980
f 2587//980 2267//980 2588//980
f 2587//980 2588//980 2589//980
f 2589//980 2588//980 2590//980
f 2589//980 2590//980 2591//980
f 2591//980 2590//980 2592//980
f 2591//980 2592//980 2593//980
f 2593//980 2592//980 2594//980
f 2593//980 2594//980 2595//980
f 2595//980 2594//980 2596//980
f 2595//980 2596//980 2597//980
f 2597//980 2596//980 2598//980
f 2597//980 2598//980 2599//980
f 2599//980 2598//980 2600//980
f 2599//980 2600//980 2601//980
f 2601//980 2600//980 2602//980
f 2601//980 2602//980 2603//980
f 2603//980 2602//980 2604//980
f 2603//980 2604//980 2605//980
f 2605//980 2604//980 2606//980
f 2605//980 2606//980 2607//980
f 2607//980 2606//980 2608//980
f 2607//980 2608//980 2609//980
f 2609//980 2608//980 2610//980
f 2609//980 2610//980 2611//980
f 2611//980 2610//980 2612//980
f 2611//980 2612//980 2613//980
f 2613//980 2612//980 2393//980
f 2613//980 2393//980 2394//980
f 2614//980 2615//980 2616//980
f 2615//980 2614//980 2617//980
f 2615//980 2617//980 2618//980
f 2615//980 2618//980 2619//980
f 2619//980 2618//980 2620//980
f 2619//980 2620//980 2621//980
f 2621//980 2620//980 2622//980
f 2622//980 2620//980 2623//980
f 2623//980 2620//980 2624//980
f 2623//980 2624//980 2625//980
f 2625//980 2624//980 2626//980
f 2626//980 2624//980 2627//980
f 2627//980 2624//980 2464//980
f 2627//980 2464//980 2628//980
f 2628//980 2464//980 2629//980
f 2629//980 2464//980 2630//980
f 2630//980 2464//980 2631//980
f 2631//980 2464//980 2632//980
f 2632//980 2464//980 2633//980
f 2633//980 2464//980 2463//980
f 2271//980 2634//980 2635//980
f 2634//980 2271//980 2270//980
f 2635//980 2634//980 2636//980
f 2635//980 2636//980 2637//980
f 2637//980 2636//980 2638//980
f 2637//980 2638//980 2639//980
f 2639//980 2638//980 2640//980
f 2639//980 2640//980 2641//980
f 2641//980 2640//980 2642//980
f 2641//980 2642//980 2643//980
f 2643//980 2642//980 2644//980
f 2643//980 2644//980 2645//980
f 2645//980 2644//980 2646//980
f 2645//980 2646//980 2647//980
f 2647//980 2646//980 2648//980
f 2647//980 2648//980 2649//980
f 2649//980 2648//980 2650//980
f 2649//980 2650//980 2651//980
f 2651//980 2650//980 2652//980
f 2651//980 2652//980 2653//980
f 2653//980 2652//980 2654//980
f 2653//980 2654//980 2655//980
f 2655//980 2654//980 2656//980
f 2655//980 2656//980 2657//980
f 2657//980 2656//980 2658//980
f 2657//980 2658//980 2659//980
f 2659//980 2658//980 2660//980
f 2659//980 2660//980 2661//980
f 2661//980 2660//980 2662//980
f 2661//980 2662//980 2616//980
f 2616//980 2662//980 2614//980
f 2614//980 2662//980 2663//980
f 2614//980 2663//980 2664//980
f 2664//980 2663//980 2665//980
f 2665//980 2663//980 2666//980
f 2665//980 2666//980 2667//980
f 2665//980 2667//980 2668//980
f 2668//980 2667//980 2669//980
f 2668//980 2669//980 2670//980
f 2668//980 2670//980 2671//980
f 2671//980 2670//980 2672//980
f 2671//980 2672//980 2673//980
f 2671//980 2673//980 2674//980
f 2671//980 2674//980 2675//980
f 2671//980 2675//980 2305//980
f 2305//980 2675//980 2676//980
f 2305//980 2676//980 2677//980
f 2305//980 2677//980 2678//980
f 2305//980 2678//980 2679//980
f 2305//980 2679//980 2680//980
f 2305//980 2680//980 2304//980
s 1
f 2681//981 2682//977 2683//977
f 2682//977 2681//981 2684//981
f 2685//978 2686//982 2687//982
f 2686//982 2685//978 2688//978
f 2689//974 2690//966 2691//966
f 2690//966 2689//974 2692//974
f 2693//983 2694//984 2695//983
f 2694//984 2693//983 2696//984
f 2697//985 2698//986 2699//986
f 2698//986 2697//985 2700//985
f 2701//984 2702//987 2703//984
f 2702//987 2701//984 2704//987
f 2705//988 2706//989 2707//989
f 2706//989 2705//988 2708//988
f 2709//990 2710//991 2711//990
f 2710//991 2709//990 2712//991
f 2713//992 2714//993 2715//992
f 2714//993 2713//992 2716//993
f 2717//994 2718//995 2719//995
f 2718//995 2717//994 2720//994
f 2721//996 2722//997 2723//997
f 2722//997 2721//996 2724//996
f 2725//993 2726//990 2727//993
f 2726//990 2725//993 2728//990
f 2729//998 2730//999 2731//998
f 2730//999 2729//998 2732//999
f 2733//1000 2734//1001 2735//1001
f 2734//1001 2733//1000 2736//1000
f 2737//1002 2738//996 2739//996
f 2738//996 2737//1002 2740//1002
f 2741//1003 2742//1004 2743//1003
f 2742//1004 2741//1003 2744//1004
f 2745//1005 2746//994 2747//994
f 2746//994 2745//1005 2748//1005
f 2749//1006 2750//1007 2751//1006
f 2750//1007 2749//1006 2752//1007
f 4856//1008 2753//922 2754//922
f 2753//922 4857//1008 4858//1008
f 2755//1009 2756//1006 2757//1009
f 2756//1006 2755//1009 2758//1006
f 2759//987 2760//963 2761//987
f 2760//963 2759//987 2762//963
f 2763//1010 2764//950 2765//950
f 2764//950 2763//1010 2766//1010
f 2767//1011 2768//1012 2769//1012
f 2768//1012 2767//1011 2770//1011
f 2771//989 2772//1011 2773//1011
f 2772//1011 2771//989 2774//989
f 2775//995 2776//1013 2777//1013
f 2776//1013 2775//995 2778//995
f 2779//1001 2780//1014 2781//1014
f 2780//1014 2779//1001 2782//1001
f 2783//1015 2784//1002 2785//1002
f 2784//1002 2783//1015 2786//1015
f 2787//950 4859//1016 4860//1016
f 4861//1016 2787//950 2788//950
f 2789//1007 2790//1003 2791//1007
f 2790//1003 2789//1007 2792//1003
f 2793//1017 2794//1009 2795//1017
f 2794//1009 2793//1017 2796//1009
f 2797//1014 2798//1005 2799//1005
f 2798//1005 2797//1014 2800//1014
f 2801//1018 2802//1019 2803//1018
f 2802//1019 2801//1018 2804//1019
f 2805//1013 2806//985 2807//985
f 2806//985 2805//1013 2808//1013
f 2809//922 2810//1020 2811//1020
f 2810//1020 2809//922 2812//922
f 2813//999 2814//1018 2815//999
f 2814//1018 2813//999 2816//1018
s 0
f 2817//1021 2818//1021 2819//1021
f 2818//1021 2817//1021 2820//1021
s 1
f 2821//917 2822//917 2823//917
s 0
f 2822//917 2821//917 2824//917
s 1
f 2825//1022 2826//1023 2827//1023
f 2826//1023 2825//1022 2828//1022
s 0
f 2829//926 2830//926 2831//926
f 2830//926 2829//926 2832//926
f 2833//1024 2834//1024 2835//1024
f 2834//1024 2833//1024 2836//1024
f 2837//1025 2838//1025 2839//1025
f 2838//1025 2837//1025 2840//1025
f 2841//942 2842//942 2843//942
f 2842//942 2841//942 2844//942
s 1
f 2845//1026 2846//1027 2847//1027
f 2846//1027 2845//1026 2848//1026
s 0
f 2849//930 2850//930 2851//930
f 2850//930 2849//930 2852//930
f 2853//1028 2854//1028 2855//1028
f 2854//1028 2853//1028 2856//1028
s 1
f 2857//1029 2858//1017 2859//1029
f 2858//1017 2857//1029 2860//1017
f 2861//1030 2862//1030 2863//1030
s 0
f 2862//1030 2861//1030 2864//1030
f 2865//918 2866//918 2867//918
f 2866//918 2865//918 2868//918
s 1
f 2869//951 2870//951 2871//951
f 2870//951 2869//951 2872//951
f 2873//1031 2874//1032 2875//1031
f 2874//1032 2873//1031 2876//1032
f 2877//1033 2878//1034 2879//1034
f 2878//1034 2877//1033 2880//1033
s 0
f 2881//928 2882//928 2883//928
f 2882//928 2881//928 2884//928
s 1
f 2885//1027 2886//1022 2887//1022
f 2886//1022 2885//1027 2888//1027
f 2889//1032 2890//1035 2891//1032
f 2890//1035 2889//1032 2892//1035
f 2893//1036 2894//1029 2895//1036
f 2894//1029 2893//1036 2896//1029
f 2897//1037 2898//1036 2899//1037
f 2898//1036 2897//1037 2900//1036
f 2901//1035 2902//1038 2903//1035
f 2902//1038 2901//1035 2904//1038
f 2905//1034 2906//1039 2907//1039
f 2906//1039 2905//1034 2908//1034
f 2909//1039 2910//961 2911//961
f 2910//961 2909//1039 2912//1039
s 0
f 2913//927 2914//927 2915//927
f 2914//927 2913//927 2916//927
f 2917//944 2918//944 2919//944
s 1
f 2918//944 2917//944 2920//944
s 0
f 2921//956 2922//956 2923//956
f 2922//956 2921//956 2924//956
s 1
f 2925//1040 4862//1041 2926//1040
f 4863//1041 2925//1040 4864//1041
s 0
f 2927//929 2928//929 2929//929
f 2928//929 2927//929 2930//929
f 2931//943 2932//943 2933//943
f 2932//943 2931//943 2934//943
f 2935//976 2936//976 2937//976
f 2936//976 2935//976 2938//976
s 1
f 2939//1040 2940//1042 2941//1042
f 2940//1042 2939//1040 2942//1040
s 0
f 2943//925 2944//925 2945//925
f 2944//925 2943//925 2946//925
f 2947//1043 2948//1043 2949//1043
f 2948//1043 2947//1043 2950//1043
f 2951//934 2952//934 2953//934
f 2952//934 2951//934 2954//934
f 2955//1044 2956//1044 2957//1044
f 2956//1044 2955//1044 2958//1044
f 2959//1045 2960//1045 2961//1045
f 2960//1045 2959//1045 2962//1045
f 2963//914 2964//914 2965//914
f 2964//914 2963//914 2966//914
f 2967//946 2968//946 2969//946
f 2968//946 2967//946 2970//946
f 2971//1046 2972//1046 2973//1046
f 2972//1046 2971//1046 2974//1046
f 2975//1047 2976//1047 2977//1047
f 2976//1047 2975//1047 2978//1047
f 2979//1048 2980//1048 2981//1048
f 2980//1048 2979//1048 2982//1048
s 1
f 2983//921 2984//921 2985//921
f 2984//921 2983//921 2986//921
s 0
f 2987//932 2988//932 2989//932
f 2988//932 2987//932 2990//932
f 2991//1049 2992//1049 2993//1049
f 2992//1049 2991//1049 2994//1049
f 2995//1050 2996//1050 2997//1050
f 2996//1050 2995//1050 2998//1050
f 2999//1051 3000//1051 3001//1051
f 3000//1051 2999//1051 3002//1051
f 3003//920 3004//920 3005//920
f 3004//920 3003//920 3006//920
f 3007//1052 3008//1052 3009//1052
f 3008//1052 3007//1052 3010//1052
f 3011//1053 3012//1053 3013//1053
f 3012//1053 3011//1053 3014//1053
f 3015//1054 3016//1054 3017//1054
f 3016//1054 3015//1054 3018//1054
f 3019//1055 3020//1055 3021//1055
f 3020//1055 3019//1055 3022//1055
f 3023//1040 3024//1040 3025//1040
f 3024//1040 3023//1040 3026//1040
f 3027//1056 3028//1056 3029//1056
s 1
f 3028//1056 3027//1056 3030//1056
s 0
f 3031//1057 3032//1057 3033//1057
f 3032//1057 3031//1057 3034//1057
f 3035//1058 3036//1058 3037//1058
f 3036//1058 3035//1058 3038//1058
f 3039//922 3040//922 3041//922
f 3040//922 3039//922 3042//922
f 3043//1059 3044//1059 3045//1059
f 3044//1059 3043//1059 3046//1059
f 3047//1060 3048//1060 3049//1060
f 3048//1060 3047//1060 3050//1060
f 3051//1061 3052//1061 3053//1061
f 3052//1061 3051//1061 3054//1061
f 3055//1062 3056//1062 3057//1062
f 3056//1062 3055//1062 3058//1062
f 3059//958 3060//958 3061//958
f 3060//958 3059//958 3062//958
f 3063//949 3064//949 3065//949
f 3064//949 3063//949 3066//949
f 3067//933 3068//933 3069//933
f 3068//933 3067//933 3070//933
s 1
f 3071//964 3072//963 3073//964
f 3072//963 3071//964 3074//963
f 3075//977 3076//981 3077//981
f 3076//981 3075//977 3078//977
f 3079//966 3080//974 3081//974
f 3080//974 3079//966 3082//966
f 3083//999 3084//998 3085//999
f 3084//998 3083//999 3086//1063
s 0
f 3087//919 3088//919 3089//919
f 3088//919 3087//919 3090//919
s 1
f 3091//960 3092//959 3093//1064
f 3092//959 3091//960 3094//959
f 3095//950 3096//1065 3097//1010
f 3096//1065 3095//950 3098//950
f 3099//967 3100//966 3101//966
f 3100//966 3099//967 3102//967
s 0
f 3103//953 3104//953 3105//953
f 3104//953 3103//953 3106//953
f 3107//936 3108//936 3109//936
f 3108//936 3107//936 3110//936
f 3111//954 3112//954 3113//954
f 3112//954 3111//954 3114//954
s 1
f 4865//1063 3115//950 3116//950
f 3115//950 4866//998 4867//998
f 3117//973 3118//964 3119//973
f 3118//964 3117//973 3120//964
f 3121//948 3122//948 3123//948
s 0
f 3122//948 3121//948 3124//948
s 1
f 3125//1066 3126//973 3127//1066
f 3126//973 3125//1066 3128//1067
s 0
f 3129//923 3130//923 3131//923
f 3130//923 3129//923 3132//923
s 1
f 3133//940 3134//940 3135//940
s 0
f 3134//940 3133//940 3136//940
s 1
f 3137//959 3138//969 3139//959
f 3138//969 3137//959 3140//969
s 0
f 3141//916 3142//916 3143//916
f 3142//916 3141//916 3144//916
s 1
f 3145//970 3146//972 3147//970
f 3146//972 3145//970 3148//972
f 3149//982 3150//978 3151//978
f 3150//978 3149//982 3152//975
f 3153//1068 3154//1018 3155//1068
f 3154//1018 3153//1068 3156//1018
s 0
f 3157//950 3158//950 3159//950
f 3158//950 3157//950 3160//950
s 1
f 3161//969 3162//1069 3163//969
f 3162//1069 3161//969 3164//1069
f 3165//1018 3166//999 3167//1018
f 3166//999 3165//1018 3168//999
f 3169//984 3170//983 3171//984
f 3170//983 3169//984 3172//983
f 3173//987 3174//984 3175//987
f 3174//984 3173//987 3176//984
f 4868//979 3177//975 3178//975
f 3177//975 4869//979 4870//979
f 3179//978 3180//977 3181//977
f 3180//977 3179//978 3182//978
f 3183//963 3184//1070 3185//1071
f 3184//1070 3183//963 3186//1070
f 3187//971 3188//970 3189//971
f 3188//970 3187//971 3190//970
s 0
f 3191//924 3192//924 3193//924
f 3192//924 3191//924 3194//924
s 1
f 3195//1039 3196//1034 3197//1034
f 3196//1034 3195//1039 3198//1039
f 3199//1042 4871//1041 4872//1041
f 4873//1041 3199//1042 3200//1042
f 3201//961 3202//1072 3203//1072
f 3202//1072 3201//961 3204//961
f 3205//1002 3206//1015 3207//1015
f 3206//1015 3205//1002 3208//1002
f 3209//1073 3210//996 3211//996
f 3210//996 3209//1073 3212//1073
f 3213//1017 3214//1074 3215//1017
f 3214//1074 3213//1017 3216//1029
f 3217//996 3218//1002 3219//1002
f 3218//1002 3217//996 3220//996
f 3221//1001 3222//1000 3223//997
f 3222//1000 3221//1001 3224//1001
f 3225//993 3226//992 3227//993
f 3226//992 3225//993 3228//992
f 3229//1006 3230//1075 3231//1006
f 3230//1075 3229//1006 3232//1009
f 3233//1014 3234//1001 3235//1001
f 3234//1001 3233//1014 3236//1014
f 3237//1032 3238//1031 3239//1032
f 3238//1031 3237//1032 3240//1031
f 3241//1076 3242//1006 3243//1007
f 3242//1006 3241//1076 3244//1006
f 3245//1005 3246//1077 3247//1077
f 3246//1077 3245//1005 3248//1005
f 3249//994 3250//1005 3251//1005
f 3250//1005 3249//994 3252//994
f 3253//1022 3254//1027 3255//1027
f 3254//1027 3253//1022 3256//1022
f 3257//1035 3258//1032 3259//1035
f 3258//1032 3257//1035 3260//1078
f 3261//1023 3262//1022 3263//1022
f 3262//1022 3261//1023 3264//1023
f 3265//1036 3266//1038 3267//1036
f 3266//1038 3265//1036 3268//1038
f 3269//1029 3270//1036 3271//1029
f 3270//1036 3269//1029 3272//1036
f 3273//1079 3274//965 3275//965
f 3274//965 3273//1079 3276//974
f 3277//965 3278//962 3279//962
f 3278//962 3277//965 3280//965
f 3281//962 3282//961 3283//961
f 3282//961 3281//962 3284//962
f 3285//1038 3286//1035 3287//1038
f 3286//1035 3285//1038 3288//1035
f 3289//1080 3290//1017 3291//1009
f 3290//1017 3289//1080 3292//1017
f 3293//1003 3294//1007 3295//1003
f 3294//1007 3293//1003 3296//1007
f 3297//1034 3298//1033 3299//1023
f 3298//1033 3297//1034 3300//1034
f 3301//991 3302//990 3303//991
f 3302//990 3301//991 3304//990
f 3305//1027 3306//1042 3307//1026
f 3306//1042 3305//1027 3308//1027
f 3309//990 3310//993 3311//1081
f 3310//993 3309//990 3312//993
f 3313//1020 4874//1008 3314//1020
f 4875//1008 3313//1020 4876//1008
f 3315//992 3316//1003 3317//992
f 3316//1003 3315//992 3318//1003
f 3319//1051 3320//1082 3321//1083
f 3320//1082 3319//1051 3322//1082
f 3323//989 3324//1084 3325//1084
f 3324//1084 3323//989 3326//989
f 3327//995 3328//994 3329//994
f 3328//994 3327//995 3330//995
f 3331//1011 3332//989 3333//989
f 3332//989 3331//1011 3334//1011
f 3335//1043 3336//1051 3337//1043
f 3336//1051 3335//1043 3338//1051
f 3339//1048 3340//1043 3341//1048
f 3340//1043 3339//1048 3342//1043
f 4877//1060 3343//1040 4878//1060
f 3343//1040 4879//1060 3344//1040
f 3345//1058 3346//1040 3347//1040
f 3346//1040 3345//1058 3348//1058
f 3349//1045 3350//1048 3351//1045
f 3350//1048 3349//1045 3352//1085
f 3353//1056 3354//1086 3355//1056
f 3354//1086 3353//1056 3356//1049
f 3357//1087 3358//1062 3359//1052
f 3358//1062 3357//1087 3360//1062
f 3361//1088 3362//1045 3363//1062
f 3362//1045 3361//1088 3364//1045
f 3365//1061 3366//1089 3367//1061
f 3366//1089 3365//1061 3368//1056
f 3369//1090 3370//995 3371//995
f 3370//995 3369//1090 3372//1013
f 3373//1012 3374//1011 3375//1011
f 3374//1011 3373//1012 3376//1010
f 3377//1049 3378//1052 3379//1049
f 3378//1052 3377//1049 3380//1052
f 3381//1059 3382//1061 3383//1091
f 3382//1061 3381//1059 3384//1061
f 3385//985 3386//1013 3387//1013
f 3386//1013 3385//985 3388//985
f 3389//958 3390//1059 3391//958
f 3390//1059 3389//958 3392//1059
f 3393//986 3394//985 3395//985
f 3394//985 3393//986 3396//986
f 3397//1047 3398//1044 3399//1044
f 3398//1044 3397//1047 3400//1047
f 3401//1055 3402//1054 3403//1054
f 3402//1054 3401//1055 3404//1055
f 3405//1054 3406//1050 3407//1050
f 3406//1050 3405//1054 3408//1054
f 3409//1047 3410//1044 3411//1044
f 3410//1044 3409//1047 3412//1047
f 3413//1025 3414//1028 3415//1028
f 3414//1028 3413//1025 3416//1025
f 3417//1024 3418//1025 3419//1025
f 3418//1025 3417//1024 3420//1024
f 3421//1050 3422//1092 3423//1092
f 3422//1092 3421//1050 3424//1050
f 3425//1093 3426//1024 3427//1024
f 3426//1024 3425//1093 3428//1093
f 3429//1046 3430//1047 3431//1047
f 3430//1047 3429//1046 3432//1046
f 3433//1057 3434//1055 3435//1055
f 3434//1055 3433//1057 3436//1057
f 3437//1028 3438//1030 3439//1030
f 3438//1030 3437//1028 3440//1028
f 3441//1030 3442//1046 3443//1046
f 3442//1046 3441//1030 3444//1030
f 3445//1057 3446//1055 3447//1055
f 3446//1055 3445//1057 3448//1057
f 3449//976 4880//956 3450//976
f 4881//956 3449//976 4882//956
f 3451//1050 3452//1092 3453//1092
f 3452//1092 3451//1050 3454//1050
f 3455//1058 3456//1040 3457//1040
f 3456//1040 3455//1058 3458//1058
f 3459//1046 3460//1047 3461//1047
f 3460//1047 3459//1046 3462//1046
f 3463//1024 3464//1025 3465//1025
f 3464//1025 3463//1024 3466//1024
f 3467//1055 3468//1054 3469//1054
f 3468//1054 3467//1055 3470//1055
f 3471//1054 3472//1050 3473//1050
f 3472//1050 3471//1054 3474//1054
f 3475//976 3476//1021 3477//1021
f 3476//1021 3475//976 3478//976
f 4883//1094 3479//1040 4884//1094
f 3479//1040 4885//1060 3480//1040
f 3481//1025 3482//1028 3483//1028
f 3482//1028 3481//1025 3484//1025
f 3485//1044 3486//1053 3487//1053
f 3486//1053 3485//1044 3488//1044
f 3489//1053 3490//1057 3491//1057
f 3490//1057 3489//1053 3492//1053
f 3493//976 3494//1021 3495//1021
f 3494//1021 3493//976 3496//976
f 3497//1044 3498//1053 3499//1053
f 3498//1053 3497//1044 3500//1044
f 3501//1053 3502//1057 3503//1057
f 3502//1057 3501//1053 3504//1095
f 3505//976 4886//956 3506//976
f 4887//956 3505//976 4888//956
f 3507//1028 3508//1030 3509//1030
f 3508//1030 3507//1028 3510//1028
f 3511//1093 3512//1024 3513//1024
f 3512//1024 3511//1093 3514//1093
f 3515//1030 3516//1046 3517//1046
f 3516//1046 3515//1030 3518//1030
f 3519//922 4889//925 3520//922
f 4890//1096 3519//922 4891//1096
f 3521//932 3522//933 3523//933
f 3522//933 3521//932 3524//1097
f 3525//950 3526//940 3527//940
f 3526//940 3525//950 3528//950
f 3529//921 3530//922 3531//922
f 3530//922 3529//921 3532//921
f 3533//1049 3534//1052 3535//1049
f 3534//1052 3533//1049 3536//1052
f 3537//935 3538//921 3539//921
f 3538//921 3537//935 3540//935
f 3541//940 3542//939 3543//939
f 3542//939 3541//940 3544//938
f 3545//954 3546//936 3547//936
f 3546//936 3545//954 3548//954
f 3549//914 3550//932 3551//932
f 3550//932 3549//914 3552//914
f 3553//946 3554//958 3555//946
f 3554//958 3553//946 3556//958
f 3557//923 3558//924 3559//924
f 3558//924 3557//923 3560//923
f 4892//916 3561//950 4893//916
f 3561//950 4894//916 3562//950
f 3563//948 3564//1098 3565//915
f 3564//1098 3563//948 3566//1098
f 3567//928 3568//948 3569//928
f 3568//948 3567//928 3570//948
f 3571//1088 3572//1045 3573//1062
f 3572//1045 3571//1088 3574//1045
f 3575//919 3576//920 3577//920
f 3576//920 3575//919 3578//919
f 3579//933 3580//934 3581//934
f 3580//934 3579//933 3582//933
f 3583//936 3584//937 3585//937
f 3584//937 3583//936 3586//936
f 3587//1083 3588//1060 3589//1083
f 3588//1060 3587//1083 3590//1060
f 3591//1043 3592//1051 3593//1043
f 3592//1051 3591//1043 3594//1051
f 3595//1048 3596//1043 3597//1048
f 3596//1043 3595//1048 3598//1043
f 3599//1045 3600//1085 3601//1045
f 3600//1085 3599//1045 3602//1048
f 3603//1056 3604//1049 3605//1056
f 3604//1049 3603//1056 3606//1086
f 3607//1061 3608//1089 3609//1061
f 3608//1089 3607//1061 3610//1056
f 3611//934 3612//949 3613//949
f 3612//949 3611//934 3614//934
f 3615//1091 3616//1061 3617//1059
f 3616//1061 3615//1091 3618//1061
f 3619//924 3620//953 3621//953
f 3620//953 3619//924 3622//924
f 3623//925 3624//947 3625//925
f 3624//947 3623//925 3626//947
f 3627//953 3628//954 3629//954
f 3628//954 3627//953 3630//1099
f 3631//913 3632//914 3633//914
f 3632//914 3631//913 3634//913
f 3635//1052 3636//1062 3637//1087
f 3636//1062 3635//1052 3638//1062
f 3639//958 3640//1059 3641//958
f 3640//1059 3639//958 3642//1059
f 3643//944 3644//943 3645//944
f 3644//943 3643//944 3646//943
f 3647//1002 3648//1015 3649//1015
f 3648//1015 3647//1002 3650//1002
f 3651//1090 3652//995 3653//995
f 3652//995 3651//1090 3654//1013
f 3655//1003 3656//1007 3657//1003
f 3656//1007 3655//1003 3658//1007
f 3659//985 3660//1013 3661//1013
f 3660//1013 3659//985 3662//985
f 3663//1005 3664//1077 3665//1077
f 3664//1077 3663//1005 3666//1005
f 3667//988 3668//985 3669//985
f 3668//985 3667//988 3670//986
f 3671//989 3672//988 3673//988
f 3672//988 3671//989 3674//989
f 3675//927 3676//951 3677//927
f 3676//951 3675//927 3678//951
f 3679//1020 4895//1008 4896//1008
f 4897//1008 3679//1020 3680//1020
f 3681//1014 3682//1001 3683//1001
f 3682//1001 3681//1014 3684//1014
f 3685//995 3686//994 3687//994
f 3686//994 3685//995 3688//995
f 3689//990 3690//993 3691//990
f 3690//993 3689//990 3692//993
f 3693//917 3694//918 3695//917
f 3694//918 3693//917 3696//1100
f 3697//930 3698//926 3699//930
f 3698//926 3697//930 3700//926
f 3701//929 3702//931 3703//929
f 3702//931 3701//929 3704//930
f 3705//1009 3706//1017 3707//1009
f 3706//1017 3705//1009 3708//1017
f 3709//993 3710//992 3711//993
f 3710//992 3709//993 3712//992
f 3713//991 3714//990 3715//991
f 3714//990 3713//991 3716//990
f 3717//1006 3718//1009 3719//1006
f 3718//1009 3717//1006 3720//1009
f 3721//997 3722//996 3723//996
f 3722//996 3721//997 3724//997
f 3725//1001 3726//1000 3727//1000
f 3726//1000 3725//1001 3728//1001
f 3729//943 3730//942 3731//943
f 3730//942 3729//943 3732//942
f 3733//1007 3734//1006 3735//1007
f 3734//1006 3733//1007 3736//1006
f 3737//994 3738//1005 3739//1005
f 3738//1005 3737//994 3740//994
f 3741//918 3742//928 3743//918
f 3742//928 3741//918 3744//928
f 3745//1101 3746//944 3747//1101
f 3746//944 3745//1101 3748//957
f 3749//926 3750//927 3751//926
f 3750//927 3749//926 3752//927
f 3753//996 3754//1002 3755//1002
f 3754//1002 3753//996 3756//996
f 3757//942 3758//929 3759//1102
f 3758//929 3757//942 3760//929
f 3761//1004 3762//1003 3763//992
f 3762//1003 3761//1004 3764//1003
f 3765//952 3766//917 3767//951
f 3766//917 3765//952 3768//917
f 3769//962 3770//961 3771//961
f 3770//961 3769//962 3772//962
f 3773//1012 3774//1011 3775//1011
f 3774//1011 3773//1012 3776//1010
f 3777//959 3778//969 3779//959
f 3778//969 3777//959 3780//969
f 3781//966 3782//974 3783//974
f 3782//974 3781//966 3784//966
f 3785//1027 3786//1042 3787//1042
f 3786//1042 3785//1027 3788//1027
f 3789//964 3790//963 3791//964
f 3790//963 3789//964 3792//963
f 3793//987 3794//984 3795//987
f 3794//984 3793//987 3796//984
f 3797//970 3798//972 3799//970
f 3798//972 3797//970 3800//972
f 3801//999 3802//998 3803//999
f 3802//998 3801//999 3804//998
f 3805//961 3806//1072 3807//1072
f 3806//1072 3805//961 3808//961
f 3809//1019 3810//1018 3811//1019
f 3810//1018 3809//1019 3812//1018
f 3813//968 3814//970 3815//968
f 3814//970 3813//968 3816//970
f 3817//1071 3818//987 3819//963
f 3818//987 3817//1071 3820//987
f 4898//1016 3821//1010 3822//1010
f 3821//1010 4899//1016 4900//1016
f 3823//960 3824//959 3825//960
f 3824//959 3823//960 3826//959
f 3827//1011 3828//989 3829//989
f 3828//989 3827//1011 3830//1011
f 3831//975 3832//978 3833//978
f 3832//978 3831//975 3834//975
f 3835//978 3836//977 3837//977
f 3836//977 3835//978 3838//978
f 3839//977 3840//981 3841//981
f 3840//981 3839//977 3842//977
f 3843//1079 3844//965 3845//965
f 3844//965 3843//1079 3846//1079
f 3847//981 3848//966 3849//966
f 3848//966 3847//981 3850//981
f 3851//1039 3852//1034 3853//1034
f 3852//1034 3851//1039 3854//1039
f 3855//1034 3856//1023 3857//1023
f 3856//1023 3855//1034 3858//1034
f 3859//1023 3860//1022 3861//1022
f 3860//1022 3859//1023 3862//1023
f 3863//1022 3864//1027 3865//1027
f 3864//1027 3863//1022 3866//1022
f 3867//973 3868//964 3869//973
f 3868//964 3867//973 3870//964
f 3871//972 3872//1067 3873//972
f 3872//1067 3871//972 3874//973
f 3875//969 3876//968 3877//969
f 3876//968 3875//969 3878//968
f 3879//984 3880//1019 3881//984
f 3880//1019 3879//984 3882//1019
f 3883//975 4901//979 3884//975
f 4902//1064 3883//982 4903//1064
f 3885//965 3886//962 3887//962
f 3886//962 3885//965 3888//965
f 3889//1018 3890//999 3891//1018
f 3890//999 3889//1018 3892//999
f 3893//923 3894//924 3895//924
f 3894//924 3893//923 3896//923
f 3897//938 3898//939 3899//923
f 3898//939 3897//938 3900//940
f 3901//1032 3902//1031 3903//1032
f 3902//1031 3901//1032 3904//1031
f 3905//921 3906//922 3907//922
f 3906//922 3905//921 3908//921
f 3909//915 3910//916 3911//915
f 3910//916 3909//915 3912//916
f 3913//918 3914//928 3915//918
f 3914//928 3913//918 3916//928
f 3917//953 3918//954 3919//954
f 3918//954 3917//953 3920//953
f 3921//1038 3922//1035 3923//1038
f 3922//1035 3921//1038 3924//1035
f 3925//920 3926//914 3927//914
f 3926//914 3925//920 3928//920
f 3929//950 3930//940 3931//940
f 3930//940 3929//950 3932//950
f 3933//1035 3934//1032 3935//1035
f 3934//1032 3933//1035 3936//1032
f 4904//916 3937//950 4905//916
f 3937//950 4906//916 3938//950
f 3939//928 3940//948 3941//928
f 3940//948 3939//928 3942//948
f 3943//922 4907//925 3944//922
f 4908//925 3943//922 4909//925
f 3945//1042 4910//1041 4911//1041
f 4912//1041 3945//1042 3946//1042
f 3947//1029 3948//1036 3949//1029
f 3948//1036 3947//1029 3950//1036
f 3951//951 3952//917 3953//952
f 3952//917 3951//951 3954//917
f 3955//955 3956//951 3957//927
f 3956//951 3955//955 3958//951
f 3959//1036 3960//1037 3961//1036
f 3960//1037 3959//1036 3962//1038
f 3963//936 3964//919 3965//919
f 3964//919 3963//936 3966//936
f 3967//926 3968//927 3969//926
f 3968//927 3967//926 3970//927
f 3971//930 3972//941 3973//930
f 3972//941 3971//930 3974//926
f 3975//935 3976//921 3977//921
f 3976//921 3975//935 3978//935
f 3979//934 3980//949 3981//949
f 3980//949 3979//934 3982//934
f 3983//932 3984//933 3985//933
f 3984//933 3983//932 3986//932
f 3987//917 3988//918 3989//917
f 3988//918 3987//917 3990//918
f 3991//1017 3992//1029 3993//1017
f 3992//1029 3991//1017 3994//1029
f 3995//933 3996//934 3997//934
f 3996//934 3995//933 3998//933
f 3999//919 4000//920 4001//920
f 4000//920 3999//919 4002//919
f 4003//954 4004//936 4005//936
f 4004//936 4003//954 4006//954
f 4007//924 4008//953 4009//953
f 4008//953 4007//924 4010//924
f 4011//914 4012//932 4013//932
f 4012//932 4011//914 4014//1103
f 4015//929 4016//930 4017//929
f 4016//930 4015//929 4018//931
f 4019//1047 4020//1044 4021//1044
f 4020//1044 4019//1047 4022//1047
f 4023//1051 4024//1082 4025//1083
f 4024//1082 4023//1051 4026//1082
f 4027//1043 4028//1051 4029//1043
f 4028//1051 4027//1043 4030//1051
f 4031//1088 4032//1045 4033//1062
f 4032//1045 4031//1088 4034//1045
f 4035//1057 4036//1055 4037//1055
f 4036//1055 4035//1057 4038//1057
f 4039//976 4040//1021 4041//1021
f 4040//1021 4039//976 4042//976
f 4043//1055 4044//1054 4045//1054
f 4044//1054 4043//1055 4046//1055
f 4047//1024 4048//1025 4049//1025
f 4048//1025 4047//1024 4050//1024
f 4051//976 4913//956 4052//976
f 4914//956 4051//976 4915//956
f 4053//1030 4054//1046 4055//1046
f 4054//1046 4053//1030 4056//1030
f 4057//1044 4058//1053 4059//1053
f 4058//1053 4057//1044 4060//1044
f 4061//1028 4062//1030 4063//1030
f 4062//1030 4061//1028 4064//1028
f 4065//944 4066//943 4067//944
f 4066//943 4065//944 4068//943
f 4069//1049 4070//1052 4071//1049
f 4070//1052 4069//1049 4072//1052
f 4073//1045 4074//1048 4075//1045
f 4074//1048 4073//1045 4076//1085
f 4077//943 4078//942 4079//943
f 4078//942 4077//943 4080//942
f 4081//1046 4082//1047 4083//1047
f 4082//1047 4081//1046 4084//1046
f 4085//942 4086//929 4087//942
f 4086//929 4085//942 4088//929
f 4089//1104 4090//1058 4091//1058
f 4090//1058 4089//1104 4092//1104
f 4916//1060 4093//1040 4917//1060
f 4093//1040 4918//1060 4094//1040
f 4095//1056 4096//1086 4097//1056
f 4096//1086 4095//1056 4098//1049
f 4099//1101 4100//957 4101//1101
f 4100//957 4099//1101 4102//957
f 4103//1093 4104//1105 4105//1024
f 4104//1105 4103//1093 4106//1093
f 4107//1054 4108//1050 4109//1050
f 4108//1050 4107//1054 4110//1054
f 4111//1087 4112//1062 4113//1052
f 4112//1062 4111//1087 4114//1062
f 4115//1061 4116//1089 4117//1061
f 4116//1089 4115//1061 4118//1056
f 4119//1053 4120//1057 4121//1057
f 4120//1057 4119//1053 4122//1053
f 4123//1059 4124//1061 4125//1091
f 4124//1061 4123//1059 4126//1061
f 4127//1058 4128//1040 4129//1040
f 4128//1040 4127//1058 4130//1058
f 4131//1048 4132//1043 4133//1048
f 4132//1043 4131//1048 4134//1043
f 4135//1025 4136//1028 4137//1028
f 4136//1028 4135//1025 4138//1025
f 4139//961 4140//1072 4141//1072
f 4140//1072 4139//961 4142//961
f 4143//1079 4144//965 4145//965
f 4144//965 4143//1079 4146//1079
f 4147//1034 4148//1023 4149//1023
f 4148//1023 4147//1034 4150//1034
f 4151//1027 4152//1042 4153//1042
f 4152//1042 4151//1027 4154//1027
f 4155//1032 4156//1031 4157//1032
f 4156//1031 4155//1032 4158//1031
f 4159//1029 4160//1036 4161//1029
f 4160//1036 4159//1029 4162//1036
f 4163//973 4164//964 4165//973
f 4164//964 4163//973 4166//964
f 4167//981 4168//966 4169//966
f 4168//966 4167//981 4170//981
f 4171//1023 4172//1022 4173//1022
f 4172//1022 4171//1023 4174//1023
f 4175//1022 4176//1027 4177//1027
f 4176//1027 4175//1022 4178//1022
f 4179//1026 4919//1106 4920//1106
f 4921//1041 4179//1042 4180//1042
f 4181//966 4182//974 4183//974
f 4182//974 4181//966 4184//966
f 4185//962 4186//961 4187//961
f 4186//961 4185//962 4188//962
f 4189//1066 4190//973 4191//1066
f 4190//973 4189//1066 4192//1067
f 4193//975 4194//978 4195//978
f 4194//978 4193//975 4196//975
f 4197//969 4198//1069 4199//969
f 4198//1069 4197//969 4200//1069
f 4201//959 4202//969 4203//959
f 4202//969 4201//959 4204//969
f 4922//979 4205//975 4206//975
f 4205//1107 4923//960 4924//960
f 4207//965 4208//962 4209//962
f 4208//962 4207//965 4210//965
f 4211//960 4212//959 4213//1064
f 4212//959 4211//960 4214//959
f 4215//970 4216//972 4217//970
f 4216//972 4215//970 4218//972
f 4219//1039 4220//1034 4221//1034
f 4220//1034 4219//1039 4222//1039
f 4223//971 4224//970 4225//971
f 4224//970 4223//971 4226//970
f 4227//978 4228//977 4229//977
f 4228//977 4227//978 4230//978
f 4231//1035 4232//1032 4233//1035
f 4232//1032 4231//1035 4234//1078
f 4235//1038 4236//1035 4237//1038
f 4236//1035 4235//1038 4238//1035
f 4239//1036 4240//1038 4241//1036
f 4240//1038 4239//1036 4242//1038
f 4243//958 4244//1059 4245//958
f 4244//1059 4243//958 4246//1059
f 4247//977 4248//981 4249//981
f 4248//981 4247//977 4250//977
f 4251//964 4252//963 4253//964
f 4252//963 4251//964 4254//963
f 4255//945 4256//946 4257//945
f 4256//946 4255//945 4258//947
f 4259//946 4260//958 4261//946
f 4260//958 4259//946 4262//958
f 4263//984 4264//983 4265//984
f 4264//983 4263//984 4266//983
f 4267//995 4268//994 4269//994
f 4268//994 4267//995 4270//995
f 4271//985 4272//1013 4273//1013
f 4272//1013 4271//985 4274//985
f 4275//1003 4276//1007 4277//1003
f 4276//1007 4275//1003 4278//1007
f 4279//1005 4280//1077 4281//1014
f 4280//1077 4279//1005 4282//1005
f 4283//1090 4284//995 4285//995
f 4284//995 4283//1090 4286//1090
f 4287//996 4288//1002 4289//1002
f 4288//1002 4287//996 4290//996
f 4291//1001 4292//997 4293//997
f 4292//997 4291//1001 4294//1001
f 4295//1068 4296//1018 4297//1068
f 4296//1018 4295//1068 4298//1018
f 4299//990 4300//993 4301//1081
f 4300//993 4299//990 4302//993
f 4303//963 4304//1070 4305//1071
f 4304//1070 4303//963 4306//1070
f 4307//997 4308//996 4309//996
f 4308//996 4307//997 4310//997
f 4311//999 4312//998 4313//999
f 4312//998 4311//999 4314//1063
f 4315//1018 4316//999 4317//1018
f 4316//999 4315//1018 4318//999
f 4319//1012 4320//1011 4321//1011
f 4320//1011 4319//1012 4322//1012
f 4323//1006 4324//1075 4325//1108
f 4324//1075 4323//1006 4326//1009
f 4327//1080 4328//1017 4329//1009
f 4328//1017 4327//1080 4330//1109
f 4331//1076 4332//1108 4333//1007
f 4332//1108 4331//1076 4334//1006
f 4335//991 4336//990 4337//991
f 4336//990 4335//991 4338//990
f 4339//1014 4340//1001 4341//1001
f 4340//1001 4339//1014 4342//1014
f 4343//1002 4344//1015 4345//1020
f 4344//1015 4343//1002 4346//1002
f 4347//989 4348//988 4349//988
f 4348//988 4347//989 4350//989
f 4351//987 4352//984 4353//987
f 4352//984 4351//987 4354//984
f 4355//986 4356//985 4357//985
f 4356//985 4355//986 4358//986
f 4359//1109 4360//1074 4361//1017
f 4360//1074 4359//1109 4362//1029
f 4363//994 4364//1005 4365//1005
f 4364//1005 4363//994 4366//994
f 4367//992 4368//1003 4369//992
f 4368//1003 4367//992 4370//1003
f 4371//993 4372//992 4373//993
f 4372//992 4371//993 4374//992
f 4375//1020 4925//1008 4376//1020
f 4926//1008 4375//1020 4927//1008
f 4377//994 4378//1005 4379//1005
f 4378//1005 4377//994 4380//994
f 4381//1011 4382//989 4383//989
f 4382//989 4381//1011 4384//1011
f 4928//1016 4385//1010 4386//1010
f 4385//1065 4929//998 4930//998
f 4387//968 4388//970 4389//968
f 4388//970 4387//968 4390//970
f 4391//959 4392//969 4393//959
f 4392//969 4391//959 4394//969
f 4395//977 4396//981 4397//981
f 4396//981 4395//977 4398//977
f 4399//973 4400//964 4401//973
f 4400//964 4399//973 4402//964
f 4403//1018 4404//999 4405//1018
f 4404//999 4403//1018 4406//999
f 4407//995 4408//994 4409//994
f 4408//994 4407//995 4410//995
f 4931//979 4411//975 4412//975
f 4411//975 4932//979 4933//979
f 4413//981 4414//966 4415//966
f 4414//966 4413//981 4416//981
f 4417//961 4418//1039 4419//1039
f 4418//1039 4417//961 4420//961
f 4421//1011 4422//989 4423//989
f 4422//989 4421//1011 4424//1011
f 4425//1090 4426//995 4427//995
f 4426//995 4425//1090 4428//1090
f 4429//979 4430//959 4431//979
f 4430//959 4429//979 4432//959
f 4433//986 4434//985 4435//985
f 4434//985 4433//986 4436//986
f 4934//1016 4437//1010 4935//1016
f 4437//1010 4936//1016 4438//1010
f 4439//1012 4440//1011 4441//1011
f 4440//1011 4439//1012 4442//1012
f 4443//978 4444//977 4445//977
f 4444//977 4443//978 4446//978
f 4447//1019 4448//1018 4449//1019
f 4448//1018 4447//1019 4450//1018
f 4451//984 4452//1019 4453//984
f 4452//1019 4451//984 4454//1019
f 4455//982 4456//978 4457//978
f 4456//978 4455//982 4458//982
f 4459//974 4460//965 4461//965
f 4460//965 4459//974 4462//974
f 4463//965 4464//962 4465//962
f 4464//962 4463//965 4466//965
f 4467//987 4468//984 4469//987
f 4468//984 4467//987 4470//984
f 4471//969 4472//968 4473//969
f 4472//968 4471//969 4474//968
f 4475//970 4476//972 4477//970
f 4476//972 4475//970 4478//972
f 4479//1066 4480//973 4481//1066
f 4480//973 4479//1066 4482//1067
f 4483//966 4484//974 4485//974
f 4484//974 4483//966 4486//966
f 4487//964 4488//963 4489//964
f 4488//963 4487//964 4490//963
f 4491//962 4492//961 4493//961
f 4492//961 4491//962 4494//962
f 4495//989 4496//988 4497//988
f 4496//988 4495//989 4498//989
f 4499//999 4500//1016 4501//999
f 4500//1016 4499//999 4502//1016
f 4503//963 4504//1070 4505//1071
f 4504//1070 4503//963 4506//1070
f 4507//985 4508//1013 4509//1013
f 4508//1013 4507//985 4510//985
f 4511//1038 4512//1035 4513//1038
f 4512//1035 4511//1038 4514//1035
f 4515//1001 4516//1000 4517//1000
f 4516//1000 4515//1001 4518//1001
f 4519//1076 4520//1006 4521//1076
f 4520//1006 4519//1076 4522//1006
f 4523//1003 4524//1007 4525//1003
f 4524//1007 4523//1003 4526//1007
f 4527//1032 4528//1031 4529//1032
f 4528//1031 4527//1032 4530//1031
f 4531//1039 4532//1034 4533//1034
f 4532//1034 4531//1039 4534//1039
f 4535//1029 4536//1036 4537//1029
f 4536//1036 4535//1029 4538//1036
f 4539//1017 4540//1074 4541//1017
f 4540//1074 4539//1017 4542//1074
f 4543//1006 4544//1009 4545//1006
f 4544//1009 4543//1006 4546//1009
f 4547//1027 4548//1026 4549//1026
f 4548//1026 4547//1027 4550//1027
f 4551//1005 4552//1077 4553//1077
f 4552//1077 4551//1005 4554//1005
f 4555//1002 4556//1015 4557//1015
f 4556//1015 4555//1002 4558//1002
f 4559//1034 4560//1023 4561//1023
f 4560//1023 4559//1034 4562//1034
f 4563//1022 4564//1027 4565//1027
f 4564//1027 4563//1022 4566//1022
f 4567//990 4568//993 4569//990
f 4568//993 4567//990 4570//993
f 4571//1035 4572//1032 4573//1035
f 4572//1032 4571//1035 4574//1032
f 4575//1004 4576//1003 4577//1004
f 4576//1003 4575//1004 4578//1003
f 4579//993 4580//992 4581//993
f 4580//992 4579//993 4582//992
f 4583//1020 4937//1008 4584//1020
f 4938//1008 4583//1020 4939//1008
f 4585//996 4586//1002 4587//1002
f 4586//1002 4585//996 4588//996
f 4589//997 4590//996 4591//996
f 4590//996 4589//997 4592//997
f 4593//991 4594//990 4595//991
f 4594//990 4593//991 4596//990
f 4597//1014 4598//1001 4599//1001
f 4598//1001 4597//1014 4600//1014
f 4601//1009 4602//1017 4603//1009
f 4602//1017 4601//1009 4604//1017
f 4605//1023 4606//1022 4607//1022
f 4606//1022 4605//1023 4608//1023
f 4609//1036 4610//1037 4611//1036
f 4610//1037 4609//1036 4612//1037
f 4613//1042 4940//1041 4941//1041
f 4942//1041 4613//1042 4614//1042
f 5647//1110 4943//1111 4944//1111
f 4943//1111 5648//1110 5649//1110
f 4945//1112 4946//1113 4947//1114
f 4946//1113 4945//1112 4948//1112
s 0
f 4949//994 4950//994 4951//994
f 4950//994 4949//994 4952//994
f 4952//994 4949//994 4953//994
f 4952//994 4953//994 4954//994
f 4954//994 4953//994 4955//994
f 4955//994 4953//994 4956//994
f 4955//994 4956//994 4957//994
f 4955//994 4957//994 4958//994
f 4958//994 4957//994 4959//994
f 4958//994 4959//994 4960//994
f 4960//994 4959//994 4961//994
f 4961//994 4959//994 4962//994
f 4961//994 4962//994 4963//994
f 4963//994 4962//994 4964//994
f 4964//994 4962//994 4965//994
f 4965//994 4962//994 4966//994
f 4965//994 4966//994 4967//994
f 4967//994 4966//994 4968//994
f 4968//994 4966//994 4969//994
f 4968//994 4969//994 4970//994
f 4970//994 4969//994 4971//994
f 4970//994 4971//994 4972//994
f 4972//994 4971//994 4973//994
f 4972//994 4973//994 4974//994
f 4974//994 4973//994 4975//994
f 4975//994 4973//994 4976//994
f 4975//994 4976//994 4977//994
f 4977//994 4976//994 4978//994
f 4977//994 4978//994 4979//994
f 4979//994 4978//994 4980//994
f 4979//994 4980//994 4981//994
f 4981//994 4980//994 4982//994
f 4981//994 4982//994 4983//994
f 4983//994 4982//994 4984//994
f 4983//994 4984//994 4985//994
f 4985//994 4984//994 4986//994
f 4986//994 4984//994 4987//994
f 4986//994 4987//994 4988//994
f 4988//994 4987//994 4989//994
f 4988//994 4989//994 4990//994
f 4990//994 4989//994 4991//994
f 4990//994 4991//994 4992//994
f 4992//994 4991//994 4993//994
f 4992//994 4993//994 4994//994
f 4994//994 4993//994 4995//994
f 4994//994 4995//994 4996//994
f 4996//994 4995//994 4997//994
f 4997//994 4995//994 4998//994
f 4997//994 4998//994 4999//994
f 4999//994 4998//994 5000//994
f 4999//994 5000//994 5001//994
f 5001//994 5000//994 5002//994
f 5001//994 5002//994 5003//994
f 5003//994 5002//994 5004//994
f 5004//994 5002//994 5005//994
f 5004//994 5005//994 5006//994
f 5006//994 5005//994 5007//994
f 5007//994 5005//994 5008//994
f 5008//994 5005//994 5009//994
f 5008//994 5009//994 5010//994
f 5010//994 5009//994 5011//994
f 5011//994 5009//994 5012//994
f 5012//994 5009//994 5013//994
f 5012//994 5013//994 5014//994
f 5012//994 5014//994 5015//994
f 5015//994 5014//994 5016//994
f 5015//994 5016//994 5017//994
f 5017//994 5016//994 5018//994
f 5017//994 5018//994 5019//994
f 4958//994 5020//994 5021//994
f 5020//994 4958//994 4960//994
f 5021//994 5020//994 5022//994
f 5021//994 5022//994 5023//994
f 5023//994 5022//994 5024//994
f 5023//994 5024//994 5025//994
f 5023//994 5025//994 5026//994
f 5023//994 5026//994 5027//994
f 5027//994 5026//994 5028//994
f 5027//994 5028//994 5029//994
f 5027//994 5029//994 5030//994
f 5030//994 5029//994 5031//994
f 5030//994 5031//994 5032//994
f 5032//994 5031//994 5033//994
f 5032//994 5033//994 5034//994
f 5034//994 5033//994 5035//994
f 5034//994 5035//994 5036//994
f 5034//994 5036//994 5037//994
f 5037//994 5036//994 5038//994
f 5037//994 5038//994 5039//994
f 5039//994 5038//994 5040//994
f 5039//994 5040//994 5041//994
f 5041//994 5040//994 5042//994
f 5041//994 5042//994 5043//994
f 5043//994 5042//994 5044//994
f 5043//994 5044//994 5045//994
f 5045//994 5044//994 5046//994
f 5045//994 5046//994 5047//994
f 5045//994 5047//994 5048//994
f 5048//994 5047//994 5049//994
f 5048//994 5049//994 5050//994
f 5050//994 5049//994 5051//994
f 5050//994 5051//994 5052//994
f 5052//994 5051//994 5053//994
f 5052//994 5053//994 5054//994
f 5054//994 5053//994 5055//994
f 5054//994 5055//994 5056//994
f 5056//994 5055//994 5057//994
f 5056//994 5057//994 5058//994
f 5056//994 5058//994 5059//994
f 5059//994 5058//994 5060//994
f 5059//994 5060//994 5061//994
f 5061//994 5060//994 5062//994
f 5061//994 5062//994 5063//994
f 5063//994 5062//994 5064//994
f 5063//994 5064//994 5065//994
f 5063//994 5065//994 5066//994
f 5066//994 5065//994 5067//994
f 5066//994 5067//994 5068//994
f 5066//994 5068//994 5010//994
f 5066//994 5010//994 5011//994
s 1
f 5069//1110 5070//1115 5071//1110
f 5070//1115 5069//1110 5072//1115
f 5073//1116 5074//1117 5075//1116
f 5074//1117 5073//1116 5076//1117
f 5077//1118 5078//1119 5079//1118
f 5078//1119 5077//1118 5080//1119
f 5081//1119 5082//1120 5083//1119
f 5082//1120 5081//1119 5084//1120
f 5085//1121 5086//1122 5087//1121
f 5086//1122 5085//1121 5088//1122
f 5089//1123 5090//1124 5091//1124
f 5090//1124 5089//1123 5092//1123
f 5093//1125 5094//1126 5095//1126
f 5094//1126 5093//1125 5096//1125
f 5097//1127 5098//1128 5099//1128
f 5098//1128 5097//1127 5100//1127
f 5101//1129 5102//1125 5103//1125
f 5102//1125 5101//1129 5104//1129
f 5105//1130 5106//1131 5107//1130
f 5106//1131 5105//1130 5108//1131
f 5109//1132 5110//1133 5111//1132
f 5110//1133 5109//1132 5112//1133
f 5113//1134 5114//1135 5115//1134
f 5114//1135 5113//1134 5116//1135
f 5117//1114 5118//1136 5119//1136
f 5118//1136 5117//1114 5120//1114
f 5121//1137 5122//1138 5123//1138
f 5122//1138 5121//1137 5124//1137
f 5125//1139 5126//1130 5127//1139
f 5126//1130 5125//1139 5128//1130
f 5129//1140 5130//1141 5131//1140
f 5130//1141 5129//1140 5132//1141
f 5133//1131 5134//1142 5135//1131
f 5134//1142 5133//1131 5136//1142
f 5137//1143 5138//1144 5139//1144
f 5138//1144 5137//1143 5140//1143
f 5141//1145 5142//1146 5143//1146
f 5142//1146 5141//1145 5144//1145
f 5145//1147 5146//1145 5147//1145
f 5146//1145 5145//1147 5148//1147
f 5149//1148 5150//1149 5151//1148
f 5150//1149 5149//1148 5152//1149
f 5153//1150 5154//1118 5155//1150
f 5154//1118 5153//1150 5156//1118
f 5157//1151 5158//1152 5159//1152
f 5158//1152 5157//1151 5160//1151
f 5161//1152 5162//1153 5163//1153
f 5162//1153 5161//1152 5164//1152
f 5165//1135 5166//1154 5167//1135
f 5166//1154 5165//1135 5168//1154
f 5169//1155 5170//1156 5171//1155
f 5170//1156 5169//1155 5172//1156
f 5173//1157 5650//1158 5651//1158
f 5652//1158 5173//1157 5174//1157
f 5175//1159 5176//1160 5177//1160
f 5176//1160 5175//1159 5178//1159
f 5179//1122 5180//1150 5181//1122
f 5180//1150 5179//1122 5182//1150
f 5183//1161 5184//1121 5185//1161
f 5184//1121 5183//1161 5186//1121
s 0
f 5187//962 5188//962 5189//962
f 5188//962 5187//962 5190//962
f 5190//962 5187//962 5191//962
f 5190//962 5191//962 5192//962
f 5192//962 5191//962 5193//962
f 5192//962 5193//962 5194//962
f 5194//962 5193//962 5195//962
f 5194//962 5195//962 5196//962
f 5196//962 5195//962 5197//962
f 5196//962 5197//962 5198//962
f 5198//962 5197//962 5199//962
f 5199//962 5197//962 5200//962
f 5199//962 5200//962 5201//962
f 5201//962 5200//962 5202//962
f 5202//962 5200//962 5203//962
f 5203//962 5200//962 5204//962
f 5203//962 5204//962 5205//962
f 5205//962 5204//962 5206//962
f 5206//962 5204//962 5207//962
f 5206//962 5207//962 5208//962
f 5208//962 5207//962 5209//962
f 5208//962 5209//962 5210//962
f 5210//962 5209//962 5211//962
f 5210//962 5211//962 5212//962
f 5212//962 5211//962 5213//962
f 5213//962 5211//962 5214//962
f 5213//962 5214//962 5215//962
f 5215//962 5214//962 5216//962
f 5215//962 5216//962 5217//962
f 5217//962 5216//962 5218//962
f 5217//962 5218//962 5219//962
f 5219//962 5218//962 5220//962
f 5219//962 5220//962 5221//962
f 5221//962 5220//962 5222//962
f 5221//962 5222//962 5223//962
f 5223//962 5222//962 5224//962
f 5224//962 5222//962 5225//962
f 5224//962 5225//962 5226//962
f 5226//962 5225//962 5227//962
f 5226//962 5227//962 5228//962
f 5228//962 5227//962 5229//962
f 5228//962 5229//962 5230//962
f 5230//962 5229//962 5231//962
f 5230//962 5231//962 5232//962
f 5232//962 5231//962 5233//962
f 5232//962 5233//962 5234//962
f 5234//962 5233//962 5235//962
f 5235//962 5233//962 5236//962
f 5235//962 5236//962 5237//962
f 5237//962 5236//962 5238//962
f 5237//962 5238//962 5239//962
f 5239//962 5238//962 5240//962
f 5239//962 5240//962 5241//962
f 5241//962 5240//962 5242//962
f 5242//962 5240//962 5243//962
f 5242//962 5243//962 5244//962
f 5244//962 5243//962 5245//962
f 5245//962 5243//962 5246//962
f 5246//962 5243//962 5247//962
f 5246//962 5247//962 5248//962
f 5196//962 5249//962 5250//962
f 5249//962 5196//962 5198//962
f 5250//962 5249//962 5251//962
f 5250//962 5251//962 5252//962
f 5252//962 5251//962 5253//962
f 5252//962 5253//962 5254//962
f 5252//962 5254//962 5255//962
f 5252//962 5255//962 5256//962
f 5256//962 5255//962 5257//962
f 5256//962 5257//962 5258//962
f 5256//962 5258//962 5259//962
f 5259//962 5258//962 5260//962
f 5259//962 5260//962 5261//962
f 5261//962 5260//962 5262//962
f 5261//962 5262//962 5263//962
f 5263//962 5262//962 5264//962
f 5263//962 5264//962 5265//962
f 5263//962 5265//962 5266//962
f 5266//962 5265//962 5267//962
f 5266//962 5267//962 5268//962
f 5268//962 5267//962 5269//962
f 5268//962 5269//962 5270//962
f 5270//962 5269//962 5271//962
f 5270//962 5271//962 5272//962
f 5272//962 5271//962 5273//962
f 5272//962 5273//962 5274//962
f 5274//962 5273//962 5275//962
f 5274//962 5275//962 5276//962
f 5274//962 5276//962 5277//962
f 5277//962 5276//962 5278//962
f 5277//962 5278//962 5279//962
f 5279//962 5278//962 5280//962
f 5279//962 5280//962 5281//962
f 5281//962 5280//962 5282//962
f 5281//962 5282//962 5283//962
f 5283//962 5282//962 5284//962
f 5283//962 5284//962 5285//962
f 5285//962 5284//962 5286//962
f 5285//962 5286//962 5287//962
f 5285//962 5287//962 5288//962
f 5288//962 5287//962 5289//962
f 5288//962 5289//962 5290//962
f 5290//962 5289//962 5291//962
f 5290//962 5291//962 5292//962
f 5292//962 5291//962 5293//962
f 5292//962 5293//962 5294//962
f 5292//962 5294//962 5295//962
f 5295//962 5294//962 5296//962
f 5295//962 5296//962 5297//962
f 5295//962 5297//962 5248//962
f 5295//962 5248//962 5298//962
f 5298//962 5248//962 5247//962
f 5298//962 5247//962 5299//962
f 5298//962 5299//962 5300//962
f 5300//962 5299//962 5301//962
f 5300//962 5301//962 5302//962
f 5302//962 5301//962 5303//962
f 5302//962 5303//962 5304//962
f 5304//962 5303//962 5305//962
f 5304//962 5305//962 5306//962
s 1
f 5307//1124 5308//1136 5309//1136
f 5308//1136 5307//1124 5310//1124
f 5311//1136 5312//1114 5313//1114
f 5312//1114 5311//1136 5314//1136
f 5315//1162 5316//1148 5317//1162
f 5316//1148 5315//1162 5318//1148
f 5319//1136 5320//1124 5321//1124
f 5320//1124 5319//1136 5322//1136
f 5323//1163 5324//1164 5325//1163
f 5324//1164 5323//1163 5326//1164
f 5327//1114 5328//1112 5329//1112
f 5328//1112 5327//1114 5330//1114
f 5331//1126 5332//1165 5333//1165
f 5332//1165 5331//1126 5334//1126
f 5335//1165 5336//1159 5337//1159
f 5336//1159 5335//1165 5338//1165
f 5339//1138 5340//1143 5341//1143
f 5340//1143 5339//1138 5342//1138
f 5343//1111 5653//1110 5654//1110
f 5655//1110 5343//1111 5344//1111
f 5345//1160 5346//1166 5347//1166
f 5346//1166 5345//1160 5348//1160
f 5349//1115 5350//1110 5351//1115
f 5350//1110 5349//1115 5352//1110
f 5353//1167 5354//1168 5355//1168
f 5354//1168 5353//1167 5356//1167
f 5357//1128 5358//1169 5359//1169
f 5358//1169 5357//1128 5360//1128
f 5361//1170 5656//1171 5657//1171
f 5658//1171 5361//1170 5362//1170
f 5363//1133 5364//1172 5365//1133
f 5364//1172 5363//1133 5366//1172
f 5367//1158 5368//1173 5369//1158
f 5368//1173 5367//1158 5370//1173
f 5371//1124 5372//1123 5373//1123
f 5372//1123 5371//1124 5374//1124
f 5375//1153 5376//1127 5377//1127
f 5376//1127 5375//1153 5378//1153
f 5379//1146 5380//1137 5381//1137
f 5380//1137 5379//1146 5382//1146
f 5383//1156 5384//1132 5385//1156
f 5384//1132 5383//1156 5386//1132
f 5387//1174 5388//1175 5389//1174
f 5388//1175 5387//1174 5390//1175
f 5659//1175 5391//1176 5392//1176
f 5391//1176 5660//1175 5661//1175
f 5393//1177 5394//1162 5395//1177
f 5394//1162 5393//1177 5396//1162
f 5397//1120 5398//1116 5399//1120
f 5398//1116 5397//1120 5400//1116
f 5401//1178 5402//1171 5403//1178
f 5402//1171 5401//1178 5404//1171
f 5405//1168 5406//1151 5407//1151
f 5406//1151 5405//1168 5408//1168
f 5409//1179 5410//1180 5411//1180
f 5410//1180 5409//1179 5412//1179
f 5413//1123 5414//1167 5415//1167
f 5414//1167 5413//1123 5416//1123
f 5417//1142 5418//1134 5419//1142
f 5418//1134 5417//1142 5420//1134
f 5421//1141 5422//1139 5423//1141
f 5422//1139 5421//1141 5424//1139
f 5425//1144 5426//1129 5427//1129
f 5426//1129 5425//1144 5428//1144
f 5429//1154 5430//1155 5431//1154
f 5430//1155 5429//1154 5432//1155
f 5433//1117 5434//1177 5435//1117
f 5434//1177 5433//1117 5436//1177
f 5437//1126 5438//1125 5439//1125
f 5438//1125 5437//1126 5440//1126
f 5441//1138 5442//1137 5443//1137
f 5442//1137 5441//1138 5444//1138
f 5445//1160 5446//1159 5447//1159
f 5446//1159 5445//1160 5448//1160
f 5449//1166 5450//1160 5451//1160
f 5450//1160 5449//1166 5452//1166
f 5453//1173 5454//1158 5455//1173
f 5454//1158 5453//1173 5456//1158
f 5457//1142 5458//1131 5459//1142
f 5458//1131 5457//1142 5460//1131
f 5461//1154 5462//1135 5463//1154
f 5462//1135 5461//1154 5464//1135
f 5465//1171 5466//1178 5467//1171
f 5466//1178 5465//1171 5468//1178
f 5662//1171 5469//1170 5470//1170
f 5469//1170 5663//1171 5664//1171
f 5471//1152 5472//1151 5473//1151
f 5472//1151 5471//1152 5474//1152
f 5475//1164 5476//1149 5477//1164
f 5476//1149 5475//1164 5478//1149
f 5479//1141 5480//1140 5481//1141
f 5480//1140 5479//1141 5482//1140
f 5483//1150 5484//1122 5485//1150
f 5484//1122 5483//1150 5486//1122
f 5487//1134 5488//1142 5489//1134
f 5488//1142 5487//1134 5490//1142
f 5491//1151 5492//1168 5493//1168
f 5492//1168 5491//1151 5494//1151
f 5495//1181 5496//1115 5497//1181
f 5496//1115 5495//1181 5498//1115
f 5499//1117 5500//1116 5501//1117
f 5500//1116 5499//1117 5502//1116
f 5503//1116 5504//1120 5505//1116
f 5504//1120 5503//1116 5506//1120
f 5507//1165 5508//1126 5509//1126
f 5508//1126 5507//1165 5510//1165
f 5511//1159 5512//1165 5513//1165
f 5512//1165 5511//1159 5514//1159
f 5515//1175 5516//1174 5517//1175
f 5516//1174 5515//1175 5518//1174
f 5519//1145 5520//1147 5521//1147
f 5520//1147 5519//1145 5522//1145
f 5523//1139 5524//1141 5525//1139
f 5524//1141 5523//1139 5526//1141
f 5527//1131 5528//1130 5529//1131
f 5528//1130 5527//1131 5530//1130
f 5531//1132 5532//1156 5533//1132
f 5532//1156 5531//1132 5534//1156
f 5535//1144 5536//1143 5537//1143
f 5536//1143 5535//1144 5538//1144
f 5539//1127 5540//1153 5541//1153
f 5540//1153 5539//1127 5542//1127
f 5543//1119 5544//1118 5545//1119
f 5544//1118 5543//1119 5546//1118
f 5547//1128 5548//1127 5549//1127
f 5548//1127 5547//1128 5550//1128
f 5551//1148 5552//1162 5553//1148
f 5552//1162 5551//1148 5554//1162
f 5555//1129 5556//1144 5557//1144
f 5556//1144 5555//1129 5558//1129
f 5665//1158 5559//1157 5560//1157
f 5559//1157 5666//1158 5667//1158
f 5561//1180 5562//1169 5563//1169
f 5562//1169 5561//1180 5564//1180
f 5565//1178 5566//1182 5567//1178
f 5566//1182 5565//1178 5568//1182
f 5569//1133 5570//1132 5571//1133
f 5570//1132 5569//1133 5572//1132
f 5573//1137 5574//1146 5575//1146
f 5574//1146 5573//1137 5576//1137
f 5577//1156 5578//1155 5579//1156
f 5578//1155 5577//1156 5580//1155
f 5581//1118 5582//1150 5583//1118
f 5582//1150 5581//1118 5584//1150
f 5585//1155 5586//1154 5587//1155
f 5586//1154 5585//1155 5588//1154
f 5589//1135 5590//1134 5591//1135
f 5590//1134 5589//1135 5592//1134
f 5593//1120 5594//1119 5595//1120
f 5594//1119 5593//1120 5596//1119
f 5597//1176 5668//1175 5669//1175
f 5670//1175 5597//1176 5598//1176
f 5599//1130 5600//1139 5601//1130
f 5600//1139 5599//1130 5602//1139
f 5603//1153 5604//1152 5605//1152
f 5604//1152 5603//1153 5606//1153
f 5607//1167 5608//1123 5609//1123
f 5608//1123 5607//1167 5610//1167
f 5611//1168 5612//1167 5613//1167
f 5612//1167 5611//1168 5614//1168
f 5615//1143 5616//1138 5617//1138
f 5616//1138 5615//1143 5618//1143
f 5619//1122 5620//1121 5621//1122
f 5620//1121 5619//1122 5622//1121
f 5623//1169 5624//1128 5625//1128
f 5624//1128 5623//1169 5626//1169
f 5627//1149 5628//1148 5629//1149
f 5628//1148 5627//1149 5630//1148
f 5631//1162 5632//1177 5633//1162
f 5632//1177 5631//1162 5634//1177
f 5635//1146 5636//1145 5637//1145
f 5636//1145 5635//1146 5638//1146
f 5639//1125 5640//1129 5641//1129
f 5640//1129 5639//1125 5642//1125
f 5643//1177 5644//1117 5645//1177
f 5644//1117 5643//1177 5646//1117
