<?xml version="1.0" encoding="UTF-8" standalone="no" ?>
<COLLADA xmlns="http://www.collada.org/2005/11/COLLADASchema" version="1.4.1">
    <asset>
        <contributor>
            <authoring_tool>SketchUp 24.0.594</authoring_tool>
        </contributor>
        <created>2025-11-12T11:13:55Z</created>
        <modified>2025-11-12T11:13:55Z</modified>
        <unit meter="0.0254" name="inch" />
        <up_axis>Z_UP</up_axis>
    </asset>
    <library_cameras>
        <camera id="ID1" name="skp_camera_Last_Saved_SketchUp_View">
            <optics>
                <technique_common>
                    <perspective>
                        <yfov>35</yfov>
                        <aspect_ratio>0</aspect_ratio>
                        <znear>1</znear>
                        <zfar>1000</zfar>
                    </perspective>
                </technique_common>
            </optics>
        </camera>
    </library_cameras>
    <library_visual_scenes>
        <visual_scene id="ID2">
            <node name="SketchUp">
                <node name="skp_camera_Last_Saved_SketchUp_View">
                    <matrix>-0.4625521 0.3025919 -0.8333569 -267.7109 -0.8865921 -0.157868 0.4347783 250.5444 -8.326673e-17 0.9399552 0.3412978 128.9084 0 0 0 1</matrix>
                    <instance_camera url="#ID1" />
                </node>
                <node id="ID3" name="group_0">
                    <matrix>1 0 0 0 0 1 0 0 0 0 1 0 0 0 0 1</matrix>
                    <node id="ID4" name="group_1">
                        <matrix>1.489345e-08 -1 0 48.8189 1 1.489345e-08 0 139.3701 -0 0 1 1.574803 0 0 0 1</matrix>
                        <instance_geometry url="#ID5">
                            <bind_material>
                                <technique_common>
                                    <instance_material symbol="Material2" target="#ID6">
                                        <bind_vertex_input semantic="UVSET0" input_semantic="TEXCOORD" input_set="0" />
                                    </instance_material>
                                    <instance_material symbol="Material3" target="#ID11">
                                        <bind_vertex_input semantic="UVSET0" input_semantic="TEXCOORD" input_set="0" />
                                    </instance_material>
                                </technique_common>
                            </bind_material>
                        </instance_geometry>
                    </node>
                    <node id="ID15" name="group_2">
                        <matrix>1 0 0 2.362205 0 -2.13571e-15 1 42.51969 0 -1 -2.13571e-15 5.511811 0 0 0 1</matrix>
                        <instance_geometry url="#ID16">
                            <bind_material>
                                <technique_common>
                                    <instance_material symbol="Material2" target="#ID6">
                                        <bind_vertex_input semantic="UVSET0" input_semantic="TEXCOORD" input_set="0" />
                                    </instance_material>
                                    <instance_material symbol="Material3" target="#ID11">
                                        <bind_vertex_input semantic="UVSET0" input_semantic="TEXCOORD" input_set="0" />
                                    </instance_material>
                                </technique_common>
                            </bind_material>
                        </instance_geometry>
                        <instance_geometry url="#ID22">
                            <bind_material>
                                <technique_common>
                                    <instance_material symbol="Material2" target="#ID6">
                                        <bind_vertex_input semantic="UVSET0" input_semantic="TEXCOORD" input_set="0" />
                                    </instance_material>
                                    <instance_material symbol="Material3" target="#ID11">
                                        <bind_vertex_input semantic="UVSET0" input_semantic="TEXCOORD" input_set="0" />
                                    </instance_material>
                                </technique_common>
                            </bind_material>
                        </instance_geometry>
                    </node>
                    <node id="ID28" name="group_3">
                        <matrix>1 0 0 2.362205 -0 2.348399e-13 1 19.68504 0 -1 2.348399e-13 50.57637 0 0 0 1</matrix>
                        <instance_geometry url="#ID29">
                            <bind_material>
                                <technique_common>
                                    <instance_material symbol="Material2" target="#ID6">
                                        <bind_vertex_input semantic="UVSET0" input_semantic="TEXCOORD" input_set="0" />
                                    </instance_material>
                                    <instance_material symbol="Material3" target="#ID11">
                                        <bind_vertex_input semantic="UVSET0" input_semantic="TEXCOORD" input_set="0" />
                                    </instance_material>
                                </technique_common>
                            </bind_material>
                        </instance_geometry>
                    </node>
                    <node id="ID35" name="group_4">
                        <matrix>1 0 0 3.937008 0 1 0 35.43307 0 0 1 5.866607e-08 0 0 0 1</matrix>
                        <instance_geometry url="#ID36">
                            <bind_material>
                                <technique_common>
                                    <instance_material symbol="Material2" target="#ID6">
                                        <bind_vertex_input semantic="UVSET0" input_semantic="TEXCOORD" input_set="0" />
                                    </instance_material>
                                    <instance_material symbol="Material3" target="#ID11">
                                        <bind_vertex_input semantic="UVSET0" input_semantic="TEXCOORD" input_set="0" />
                                    </instance_material>
                                </technique_common>
                            </bind_material>
                        </instance_geometry>
                        <instance_geometry url="#ID42">
                            <bind_material>
                                <technique_common>
                                    <instance_material symbol="Material2" target="#ID6">
                                        <bind_vertex_input semantic="UVSET0" input_semantic="TEXCOORD" input_set="0" />
                                    </instance_material>
                                    <instance_material symbol="Material3" target="#ID11">
                                        <bind_vertex_input semantic="UVSET0" input_semantic="TEXCOORD" input_set="0" />
                                    </instance_material>
                                </technique_common>
                            </bind_material>
                        </instance_geometry>
                    </node>
                    <node id="ID48" name="group_5">
                        <matrix>1 0 0 2.362205 -0 2.348399e-13 1 2.362205 0 -1 2.348399e-13 50.57637 0 0 0 1</matrix>
                        <instance_geometry url="#ID49">
                            <bind_material>
                                <technique_common>
                                    <instance_material symbol="Material2" target="#ID6">
                                        <bind_vertex_input semantic="UVSET0" input_semantic="TEXCOORD" input_set="0" />
                                    </instance_material>
                                    <instance_material symbol="Material3" target="#ID11">
                                        <bind_vertex_input semantic="UVSET0" input_semantic="TEXCOORD" input_set="0" />
                                    </instance_material>
                                </technique_common>
                            </bind_material>
                        </instance_geometry>
                    </node>
                    <node id="ID55" name="group_6">
                        <matrix>-8.746589e-10 2.235562e-31 1 3.937008 -1 -2.13571e-15 -8.746589e-10 48.8189 2.13571e-15 -1 1.868018e-24 5.511811 0 0 0 1</matrix>
                        <instance_geometry url="#ID56">
                            <bind_material>
                                <technique_common>
                                    <instance_material symbol="Material2" target="#ID6">
                                        <bind_vertex_input semantic="UVSET0" input_semantic="TEXCOORD" input_set="0" />
                                    </instance_material>
                                    <instance_material symbol="Material3" target="#ID11">
                                        <bind_vertex_input semantic="UVSET0" input_semantic="TEXCOORD" input_set="0" />
                                    </instance_material>
                                </technique_common>
                            </bind_material>
                        </instance_geometry>
                        <instance_geometry url="#ID62">
                            <bind_material>
                                <technique_common>
                                    <instance_material symbol="Material2" target="#ID6">
                                        <bind_vertex_input semantic="UVSET0" input_semantic="TEXCOORD" input_set="0" />
                                    </instance_material>
                                    <instance_material symbol="Material3" target="#ID11">
                                        <bind_vertex_input semantic="UVSET0" input_semantic="TEXCOORD" input_set="0" />
                                    </instance_material>
                                </technique_common>
                            </bind_material>
                        </instance_geometry>
                    </node>
                    <node id="ID68" name="group_7">
                        <matrix>3.039236e-15 -5.895698e-14 1 18.89764 1 9.103829e-15 -3.039236e-15 40.94488 -9.103829e-15 1 5.895698e-14 1.574803 0 0 0 1</matrix>
                        <instance_geometry url="#ID69">
                            <bind_material>
                                <technique_common>
                                    <instance_material symbol="Material2" target="#ID6">
                                        <bind_vertex_input semantic="UVSET0" input_semantic="TEXCOORD" input_set="0" />
                                    </instance_material>
                                    <instance_material symbol="Material3" target="#ID11">
                                        <bind_vertex_input semantic="UVSET0" input_semantic="TEXCOORD" input_set="0" />
                                    </instance_material>
                                </technique_common>
                            </bind_material>
                        </instance_geometry>
                    </node>
                    <node id="ID75" name="group_8">
                        <matrix>-1 -1.489866e-08 0 2.362207 1.489866e-08 -1 0 141.7323 0 0 1 1.574803 0 0 0 1</matrix>
                        <instance_geometry url="#ID76">
                            <bind_material>
                                <technique_common>
                                    <instance_material symbol="Material2" target="#ID6">
                                        <bind_vertex_input semantic="UVSET0" input_semantic="TEXCOORD" input_set="0" />
                                    </instance_material>
                                    <instance_material symbol="Material3" target="#ID11">
                                        <bind_vertex_input semantic="UVSET0" input_semantic="TEXCOORD" input_set="0" />
                                    </instance_material>
                                </technique_common>
                            </bind_material>
                        </instance_geometry>
                    </node>
                    <node id="ID82" name="group_9">
                        <matrix>1 0 0 2.362205 0 1 0 0 0 0 1 36.79684 0 0 0 1</matrix>
                        <instance_geometry url="#ID83">
                            <bind_material>
                                <technique_common>
                                    <instance_material symbol="Material2" target="#ID6">
                                        <bind_vertex_input semantic="UVSET0" input_semantic="TEXCOORD" input_set="0" />
                                    </instance_material>
                                    <instance_material symbol="Material3" target="#ID11">
                                        <bind_vertex_input semantic="UVSET0" input_semantic="TEXCOORD" input_set="0" />
                                    </instance_material>
                                </technique_common>
                            </bind_material>
                        </instance_geometry>
                    </node>
                    <node id="ID89" name="group_10">
                        <matrix>1 0 0 48.8189 0 1 0 1.759693e-08 0 0 1 1.574803 0 0 0 1</matrix>
                        <instance_geometry url="#ID90">
                            <bind_material>
                                <technique_common>
                                    <instance_material symbol="Material2" target="#ID6">
                                        <bind_vertex_input semantic="UVSET0" input_semantic="TEXCOORD" input_set="0" />
                                    </instance_material>
                                    <instance_material symbol="Material3" target="#ID11">
                                        <bind_vertex_input semantic="UVSET0" input_semantic="TEXCOORD" input_set="0" />
                                    </instance_material>
                                </technique_common>
                            </bind_material>
                        </instance_geometry>
                    </node>
                    <node id="ID96" name="group_11">
                        <matrix>1 0 0 3.937008 0 1 0 1.759693e-08 0 0 1 5.866607e-08 0 0 0 1</matrix>
                        <instance_geometry url="#ID97">
                            <bind_material>
                                <technique_common>
                                    <instance_material symbol="Material2" target="#ID6">
                                        <bind_vertex_input semantic="UVSET0" input_semantic="TEXCOORD" input_set="0" />
                                    </instance_material>
                                    <instance_material symbol="Material3" target="#ID11">
                                        <bind_vertex_input semantic="UVSET0" input_semantic="TEXCOORD" input_set="0" />
                                    </instance_material>
                                </technique_common>
                            </bind_material>
                        </instance_geometry>
                        <instance_geometry url="#ID103">
                            <bind_material>
                                <technique_common>
                                    <instance_material symbol="Material2" target="#ID6">
                                        <bind_vertex_input semantic="UVSET0" input_semantic="TEXCOORD" input_set="0" />
                                    </instance_material>
                                    <instance_material symbol="Material3" target="#ID11">
                                        <bind_vertex_input semantic="UVSET0" input_semantic="TEXCOORD" input_set="0" />
                                    </instance_material>
                                </technique_common>
                            </bind_material>
                        </instance_geometry>
                    </node>
                    <node id="ID109" name="group_12">
                        <matrix>1 0 0 2.362205 0 -2.13571e-15 1 100.7874 0 -1 -2.13571e-15 5.511811 0 0 0 1</matrix>
                        <instance_geometry url="#ID110">
                            <bind_material>
                                <technique_common>
                                    <instance_material symbol="Material2" target="#ID6">
                                        <bind_vertex_input semantic="UVSET0" input_semantic="TEXCOORD" input_set="0" />
                                    </instance_material>
                                    <instance_material symbol="Material3" target="#ID11">
                                        <bind_vertex_input semantic="UVSET0" input_semantic="TEXCOORD" input_set="0" />
                                    </instance_material>
                                </technique_common>
                            </bind_material>
                        </instance_geometry>
                        <instance_geometry url="#ID116">
                            <bind_material>
                                <technique_common>
                                    <instance_material symbol="Material2" target="#ID6">
                                        <bind_vertex_input semantic="UVSET0" input_semantic="TEXCOORD" input_set="0" />
                                    </instance_material>
                                    <instance_material symbol="Material3" target="#ID11">
                                        <bind_vertex_input semantic="UVSET0" input_semantic="TEXCOORD" input_set="0" />
                                    </instance_material>
                                </technique_common>
                            </bind_material>
                        </instance_geometry>
                    </node>
                    <node id="ID122" name="group_13">
                        <matrix>1 0 0 2.362205 0 -2.13571e-15 1 97.6378 0 -1 -2.13571e-15 5.511811 0 0 0 1</matrix>
                        <instance_geometry url="#ID123">
                            <bind_material>
                                <technique_common>
                                    <instance_material symbol="Material2" target="#ID6">
                                        <bind_vertex_input semantic="UVSET0" input_semantic="TEXCOORD" input_set="0" />
                                    </instance_material>
                                    <instance_material symbol="Material3" target="#ID11">
                                        <bind_vertex_input semantic="UVSET0" input_semantic="TEXCOORD" input_set="0" />
                                    </instance_material>
                                </technique_common>
                            </bind_material>
                        </instance_geometry>
                        <instance_geometry url="#ID129">
                            <bind_material>
                                <technique_common>
                                    <instance_material symbol="Material2" target="#ID6">
                                        <bind_vertex_input semantic="UVSET0" input_semantic="TEXCOORD" input_set="0" />
                                    </instance_material>
                                    <instance_material symbol="Material3" target="#ID11">
                                        <bind_vertex_input semantic="UVSET0" input_semantic="TEXCOORD" input_set="0" />
                                    </instance_material>
                                </technique_common>
                            </bind_material>
                        </instance_geometry>
                    </node>
                    <node id="ID135" name="group_14">
                        <matrix>3.039236e-15 1 -2.761013e-29 0.7874016 1 -3.039236e-15 -9.103829e-15 138.9764 -9.103829e-15 5.854827e-32 -1 40.73385 0 0 0 1</matrix>
                        <instance_geometry url="#ID136">
                            <bind_material>
                                <technique_common>
                                    <instance_material symbol="Material2" target="#ID6">
                                        <bind_vertex_input semantic="UVSET0" input_semantic="TEXCOORD" input_set="0" />
                                    </instance_material>
                                    <instance_material symbol="Material3" target="#ID11">
                                        <bind_vertex_input semantic="UVSET0" input_semantic="TEXCOORD" input_set="0" />
                                    </instance_material>
                                </technique_common>
                            </bind_material>
                        </instance_geometry>
                    </node>
                    <node id="ID142" name="group_15">
                        <matrix>1 0 0 3.937008 0 1 0 137.7953 0 0 1 5.866607e-08 0 0 0 1</matrix>
                        <instance_geometry url="#ID143">
                            <bind_material>
                                <technique_common>
                                    <instance_material symbol="Material2" target="#ID6">
                                        <bind_vertex_input semantic="UVSET0" input_semantic="TEXCOORD" input_set="0" />
                                    </instance_material>
                                    <instance_material symbol="Material3" target="#ID11">
                                        <bind_vertex_input semantic="UVSET0" input_semantic="TEXCOORD" input_set="0" />
                                    </instance_material>
                                </technique_common>
                            </bind_material>
                        </instance_geometry>
                        <instance_geometry url="#ID149">
                            <bind_material>
                                <technique_common>
                                    <instance_material symbol="Material2" target="#ID6">
                                        <bind_vertex_input semantic="UVSET0" input_semantic="TEXCOORD" input_set="0" />
                                    </instance_material>
                                    <instance_material symbol="Material3" target="#ID11">
                                        <bind_vertex_input semantic="UVSET0" input_semantic="TEXCOORD" input_set="0" />
                                    </instance_material>
                                </technique_common>
                            </bind_material>
                        </instance_geometry>
                    </node>
                    <node id="ID155" name="group_16">
                        <matrix>1.584843e-14 1 0 2.362205 -1 1.584843e-14 0 2.362205 0 -0 1 1.574803 0 0 0 1</matrix>
                        <instance_geometry url="#ID156">
                            <bind_material>
                                <technique_common>
                                    <instance_material symbol="Material2" target="#ID6">
                                        <bind_vertex_input semantic="UVSET0" input_semantic="TEXCOORD" input_set="0" />
                                    </instance_material>
                                    <instance_material symbol="Material3" target="#ID11">
                                        <bind_vertex_input semantic="UVSET0" input_semantic="TEXCOORD" input_set="0" />
                                    </instance_material>
                                </technique_common>
                            </bind_material>
                        </instance_geometry>
                    </node>
                    <node id="ID162" name="group_17">
                        <matrix>1 0 0 3.937008 0 1 0 102.3622 0 0 1 5.866607e-08 0 0 0 1</matrix>
                        <instance_geometry url="#ID163">
                            <bind_material>
                                <technique_common>
                                    <instance_material symbol="Material2" target="#ID6">
                                        <bind_vertex_input semantic="UVSET0" input_semantic="TEXCOORD" input_set="0" />
                                    </instance_material>
                                    <instance_material symbol="Material3" target="#ID11">
                                        <bind_vertex_input semantic="UVSET0" input_semantic="TEXCOORD" input_set="0" />
                                    </instance_material>
                                </technique_common>
                            </bind_material>
                        </instance_geometry>
                        <instance_geometry url="#ID169">
                            <bind_material>
                                <technique_common>
                                    <instance_material symbol="Material2" target="#ID6">
                                        <bind_vertex_input semantic="UVSET0" input_semantic="TEXCOORD" input_set="0" />
                                    </instance_material>
                                    <instance_material symbol="Material3" target="#ID11">
                                        <bind_vertex_input semantic="UVSET0" input_semantic="TEXCOORD" input_set="0" />
                                    </instance_material>
                                </technique_common>
                            </bind_material>
                        </instance_geometry>
                    </node>
                    <node id="ID175" name="group_18">
                        <matrix>1 0 0 13.77953 -0 1.490117e-08 1 137.7953 0 -1 1.490117e-08 168.6866 0 0 0 1</matrix>
                        <instance_geometry url="#ID176">
                            <bind_material>
                                <technique_common>
                                    <instance_material symbol="Material2" target="#ID6">
                                        <bind_vertex_input semantic="UVSET0" input_semantic="TEXCOORD" input_set="0" />
                                    </instance_material>
                                    <instance_material symbol="Material3" target="#ID11">
                                        <bind_vertex_input semantic="UVSET0" input_semantic="TEXCOORD" input_set="0" />
                                    </instance_material>
                                </technique_common>
                            </bind_material>
                        </instance_geometry>
                    </node>
                    <node id="ID182" name="group_19">
                        <matrix>3.039236e-15 1 -2.761013e-29 2.362205 1 -3.039236e-15 -9.103829e-15 99.2126 -9.103829e-15 5.854827e-32 -1 40.73385 0 0 0 1</matrix>
                        <instance_geometry url="#ID183">
                            <bind_material>
                                <technique_common>
                                    <instance_material symbol="Material2" target="#ID6">
                                        <bind_vertex_input semantic="UVSET0" input_semantic="TEXCOORD" input_set="0" />
                                    </instance_material>
                                    <instance_material symbol="Material3" target="#ID11">
                                        <bind_vertex_input semantic="UVSET0" input_semantic="TEXCOORD" input_set="0" />
                                    </instance_material>
                                </technique_common>
                            </bind_material>
                        </instance_geometry>
                    </node>
                    <node id="ID189" name="group_20">
                        <matrix>1 0 0 0 0 1 0 0 0 0 1 0 0 0 0 1</matrix>
                        <instance_geometry url="#ID190">
                            <bind_material>
                                <technique_common>
                                    <instance_material symbol="Material2" target="#ID6">
                                        <bind_vertex_input semantic="UVSET0" input_semantic="TEXCOORD" input_set="0" />
                                    </instance_material>
                                    <instance_material symbol="Material3" target="#ID11">
                                        <bind_vertex_input semantic="UVSET0" input_semantic="TEXCOORD" input_set="0" />
                                    </instance_material>
                                </technique_common>
                            </bind_material>
                        </instance_geometry>
                    </node>
                    <node id="ID196" name="group_21">
                        <matrix>1 0 0 0 0 1 0 0 0 0 1 0 0 0 0 1</matrix>
                        <instance_geometry url="#ID197">
                            <bind_material>
                                <technique_common>
                                    <instance_material symbol="Material2" target="#ID6">
                                        <bind_vertex_input semantic="UVSET0" input_semantic="TEXCOORD" input_set="0" />
                                    </instance_material>
                                    <instance_material symbol="Material3" target="#ID11">
                                        <bind_vertex_input semantic="UVSET0" input_semantic="TEXCOORD" input_set="0" />
                                    </instance_material>
                                </technique_common>
                            </bind_material>
                        </instance_geometry>
                        <instance_geometry url="#ID203">
                            <bind_material>
                                <technique_common>
                                    <instance_material symbol="Material2" target="#ID6">
                                        <bind_vertex_input semantic="UVSET0" input_semantic="TEXCOORD" input_set="0" />
                                    </instance_material>
                                    <instance_material symbol="Material3" target="#ID11">
                                        <bind_vertex_input semantic="UVSET0" input_semantic="TEXCOORD" input_set="0" />
                                    </instance_material>
                                </technique_common>
                            </bind_material>
                        </instance_geometry>
                    </node>
                    <node id="ID209" name="group_22">
                        <matrix>1 0 0 2.362205 0 -2.13571e-15 1 39.37008 0 -1 -2.13571e-15 5.511811 0 0 0 1</matrix>
                        <instance_geometry url="#ID210">
                            <bind_material>
                                <technique_common>
                                    <instance_material symbol="Material2" target="#ID6">
                                        <bind_vertex_input semantic="UVSET0" input_semantic="TEXCOORD" input_set="0" />
                                    </instance_material>
                                    <instance_material symbol="Material3" target="#ID11">
                                        <bind_vertex_input semantic="UVSET0" input_semantic="TEXCOORD" input_set="0" />
                                    </instance_material>
                                </technique_common>
                            </bind_material>
                        </instance_geometry>
                        <instance_geometry url="#ID216">
                            <bind_material>
                                <technique_common>
                                    <instance_material symbol="Material2" target="#ID6">
                                        <bind_vertex_input semantic="UVSET0" input_semantic="TEXCOORD" input_set="0" />
                                    </instance_material>
                                    <instance_material symbol="Material3" target="#ID11">
                                        <bind_vertex_input semantic="UVSET0" input_semantic="TEXCOORD" input_set="0" />
                                    </instance_material>
                                </technique_common>
                            </bind_material>
                        </instance_geometry>
                    </node>
                    <node id="ID222" name="group_23">
                        <matrix>3.039236e-15 -5.895698e-14 1 18.89764 1 9.103829e-15 -3.039236e-15 99.2126 -9.103829e-15 1 5.895698e-14 1.574803 0 0 0 1</matrix>
                        <instance_geometry url="#ID223">
                            <bind_material>
                                <technique_common>
                                    <instance_material symbol="Material2" target="#ID6">
                                        <bind_vertex_input semantic="UVSET0" input_semantic="TEXCOORD" input_set="0" />
                                    </instance_material>
                                    <instance_material symbol="Material3" target="#ID11">
                                        <bind_vertex_input semantic="UVSET0" input_semantic="TEXCOORD" input_set="0" />
                                    </instance_material>
                                </technique_common>
                            </bind_material>
                        </instance_geometry>
                    </node>
                    <node id="ID229" name="group_24">
                        <matrix>3.039236e-15 1 -2.761013e-29 2.362205 1 -3.039236e-15 -9.103829e-15 40.94488 -9.103829e-15 5.854827e-32 -1 40.73385 0 0 0 1</matrix>
                        <instance_geometry url="#ID230">
                            <bind_material>
                                <technique_common>
                                    <instance_material symbol="Material2" target="#ID6">
                                        <bind_vertex_input semantic="UVSET0" input_semantic="TEXCOORD" input_set="0" />
                                    </instance_material>
                                    <instance_material symbol="Material3" target="#ID11">
                                        <bind_vertex_input semantic="UVSET0" input_semantic="TEXCOORD" input_set="0" />
                                    </instance_material>
                                </technique_common>
                            </bind_material>
                        </instance_geometry>
                    </node>
                </node>
            </node>
        </visual_scene>
    </library_visual_scenes>
    <library_geometries>
        <geometry id="ID5">
            <mesh>
                <source id="ID8">
                    <float_array id="ID13" count="390">2.362205 35.03937 3.543307 2.362205 0 3.937008 2.362205 0 3.543307 2.362205 35.03937 3.937008 2.362205 35.03937 3.937008 2.362205 35.03937 3.543307 2.362205 0 3.937008 2.362205 0 3.543307 2.362205 0 3.543307 2.362205 0 3.937008 2.362205 35.03937 3.543307 2.362205 35.03937 3.937008 2.362205 0 3.937008 0.3937008 0 3.543307 2.362205 0 3.543307 2.362205 0 0.3937008 0 0 0 2.362205 0 0 0.3937008 0 0.3937008 0 0 3.937008 2.362205 0 3.937008 0.3937008 0 3.543307 0 0 3.937008 0.3937008 0 0.3937008 0 0 0 2.362205 0 0.3937008 2.362205 0 0 2.362205 0 3.543307 0 0 0 2.362205 0 0 2.362205 0 0.3937008 0.3937008 0 0.3937008 0.3937008 0 3.543307 0 0 3.937008 2.362205 35.03937 3.543307 0.3937008 0 3.543307 0.3937008 35.03937 3.543307 2.362205 0 3.543307 2.362205 0 3.543307 2.362205 35.03937 3.543307 0.3937008 0 3.543307 0.3937008 35.03937 3.543307 0.3937008 35.03937 3.543307 -2.842171e-14 35.03937 3.937008 0.3937008 35.03937 3.543307 -2.842171e-14 35.03937 3.543307 2.362205 35.03937 3.543307 2.362205 35.03937 3.937008 2.362205 35.03937 3.937008 -2.842171e-14 35.03937 3.937008 2.362205 35.03937 3.543307 0.3937008 35.03937 3.543307 -2.842171e-14 35.03937 3.543307 -2.842171e-14 35.03937 3.543307 -2.842171e-14 35.03937 3.937008 0 0 3.937008 2.362205 35.03937 3.937008 -2.842171e-14 35.03937 3.937008 2.362205 0 3.937008 2.362205 0 3.937008 0 0 3.937008 2.362205 35.03937 3.937008 -2.842171e-14 35.03937 3.937008 2.362205 35.03937 0 0 0 0 -5.684342e-14 35.03937 0 2.362205 0 0 2.362205 0 0 2.362205 35.03937 0 0 0 0 -5.684342e-14 35.03937 0 -5.684342e-14 35.03937 0 2.362205 35.03937 0 2.362205 35.03937 0 2.362205 0 0.3937008 2.362205 0 0 2.362205 35.03937 0.3937008 2.362205 35.03937 0.3937008 2.362205 35.03937 0 2.362205 0 0.3937008 2.362205 0 0 2.362205 35.03937 0.3937008 0.3937008 0 0.3937008 2.362205 35.03937 0.3937008 0.3937008 35.03937 0.3937008 2.362205 0 0.3937008 2.362205 0 0.3937008 0.3937008 0 0.3937008 2.362205 35.03937 0.3937008 0.3937008 35.03937 0.3937008 0.3937008 35.03937 0.3937008 0.3937008 35.03937 0.3937008 0.3937008 0 3.543307 0.3937008 0 0.3937008 0.3937008 35.03937 3.543307 0.3937008 35.03937 3.543307 0.3937008 35.03937 0.3937008 0.3937008 0 3.543307 0.3937008 0 0.3937008 -2.842171e-14 35.03937 3.937008 0 0 0 0 0 3.937008 -2.842171e-14 35.03937 3.543307 -5.684342e-14 35.03937 0 -5.684342e-14 35.03937 0.3937008 -5.684342e-14 35.03937 0.3937008 -2.842171e-14 35.03937 3.543307 -5.684342e-14 35.03937 0 0 0 0 -2.842171e-14 35.03937 3.937008 0 0 3.937008 -5.684342e-14 35.03937 0.3937008 -2.842171e-14 35.03937 3.543307 0.3937008 35.03937 0.3937008 -5.684342e-14 35.03937 0.3937008 0.3937008 35.03937 3.543307 0.3937008 35.03937 3.543307 -2.842171e-14 35.03937 3.543307 0.3937008 35.03937 0.3937008 -5.684342e-14 35.03937 0.3937008 -5.684342e-14 35.03937 0.3937008 2.362205 35.03937 0 -5.684342e-14 35.03937 0 2.362205 35.03937 0.3937008 0.3937008 35.03937 0.3937008 0.3937008 35.03937 0.3937008 -5.684342e-14 35.03937 0.3937008 2.362205 35.03937 0.3937008 2.362205 35.03937 0 -5.684342e-14 35.03937 0</float_array>
                    <technique_common>
                        <accessor count="130" source="#ID13" stride="3">
                            <param name="X" type="float" />
                            <param name="Y" type="float" />
                            <param name="Z" type="float" />
                        </accessor>
                    </technique_common>
                </source>
                <source id="ID9">
                    <float_array id="ID14" count="390">1 0 0 1 0 0 1 0 0 1 0 0 -1 -0 -0 -1 -0 -0 -1 -0 -0 -1 -0 -0 0 0 0 0 0 0 0 0 0 0 0 0 0 -1 0 0 -1 0 0 -1 0 0 -1 0 0 -1 0 0 -1 0 0 -1 0 0 -1 0 -0 1 -0 -0 1 -0 -0 1 -0 -0 1 -0 -0 1 -0 -0 1 -0 -0 1 -0 -0 1 -0 0 0 0 0 0 0 0 0 0 0 0 0 0 0 0 0 0 0 0 0 -1 0 0 -1 0 0 -1 0 0 -1 -0 -0 1 -0 -0 1 -0 -0 1 -0 -0 1 0 0 0 5.189041e-16 1 -5.787778e-23 5.189041e-16 1 -5.787778e-23 5.189041e-16 1 -5.787778e-23 5.189041e-16 1 -5.787778e-23 5.189041e-16 1 -5.787778e-23 -5.189041e-16 -1 5.787778e-23 -5.189041e-16 -1 5.787778e-23 -5.189041e-16 -1 5.787778e-23 -5.189041e-16 -1 5.787778e-23 -5.189041e-16 -1 5.787778e-23 0 0 0 0 0 0 0 0 1 0 0 1 0 0 1 0 0 1 -0 -0 -1 -0 -0 -1 -0 -0 -1 -0 -0 -1 0 0 -1 0 0 -1 0 0 -1 0 0 -1 -0 -0 1 -0 -0 1 -0 -0 1 -0 -0 1 0 0 0 0 0 0 1 0 0 1 0 0 1 0 0 1 0 0 -1 -0 -0 -1 -0 -0 -1 -0 -0 -1 -0 -0 0 0 0 -0 0 1 -0 0 1 -0 0 1 -0 0 1 0 -0 -1 0 -0 -1 0 -0 -1 0 -0 -1 0 0 0 1 2.124766e-15 -4.511946e-15 1 2.124766e-15 -4.511946e-15 1 2.124766e-15 -4.511946e-15 1 2.124766e-15 -4.511946e-15 -1 -2.124766e-15 4.511946e-15 -1 -2.124766e-15 4.511946e-15 -1 -2.124766e-15 4.511946e-15 -1 -2.124766e-15 4.511946e-15 -1 -1.31363e-15 4.922123e-15 -1 -1.31363e-15 4.922123e-15 -1 -1.31363e-15 4.922123e-15 -1 -1.31363e-15 4.922123e-15 -1 -1.31363e-15 4.922123e-15 -1 -1.31363e-15 4.922123e-15 1 1.31363e-15 -4.922123e-15 1 1.31363e-15 -4.922123e-15 1 1.31363e-15 -4.922123e-15 1 1.31363e-15 -4.922123e-15 1 1.31363e-15 -4.922123e-15 1 1.31363e-15 -4.922123e-15 0 0 0 5.189042e-16 1 3.38396e-15 5.189042e-16 1 3.38396e-15 5.189042e-16 1 3.38396e-15 5.189042e-16 1 3.38396e-15 -5.189042e-16 -1 -3.38396e-15 -5.189042e-16 -1 -3.38396e-15 -5.189042e-16 -1 -3.38396e-15 -5.189042e-16 -1 -3.38396e-15 5.189041e-16 1 5.787778e-23 5.189041e-16 1 5.787778e-23 5.189041e-16 1 5.787778e-23 5.189041e-16 1 5.787778e-23 5.189041e-16 1 5.787778e-23 -5.189041e-16 -1 -5.787778e-23 -5.189041e-16 -1 -5.787778e-23 -5.189041e-16 -1 -5.787778e-23 -5.189041e-16 -1 -5.787778e-23 -5.189041e-16 -1 -5.787778e-23</float_array>
                    <technique_common>
                        <accessor count="130" source="#ID14" stride="3">
                            <param name="X" type="float" />
                            <param name="Y" type="float" />
                            <param name="Z" type="float" />
                        </accessor>
                    </technique_common>
                </source>
                <vertices id="ID10">
                    <input semantic="POSITION" source="#ID8" />
                    <input semantic="NORMAL" source="#ID9" />
                </vertices>
                <triangles count="64" material="Material2">
                    <input offset="0" semantic="VERTEX" source="#ID10" />
                    <p>0 1 2 1 0 3 4 5 6 7 6 5 12 13 14 15 16 17 16 15 18 16 18 19 19 18 13 19 13 12 20 21 22 21 23 22 22 23 24 23 25 24 26 24 25 27 21 20 34 35 36 35 34 37 38 39 40 41 40 39 43 44 45 44 43 46 46 43 47 48 49 50 50 49 51 52 51 49 55 56 57 56 55 58 59 60 61 62 61 60 63 64 65 64 63 66 67 68 69 70 69 68 73 74 75 74 73 76 77 78 79 80 79 78 82 83 84 83 82 85 86 87 88 89 88 87 91 92 93 92 91 94 95 96 97 98 97 96 99 100 101 100 99 102 100 102 103 103 102 104 105 106 107 107 106 108 106 109 108 110 108 109 112 113 114 113 112 115 116 117 118 119 118 117 120 121 122 121 120 123 123 120 124 125 126 127 127 126 128 129 128 126</p>
                </triangles>
                <lines count="28" material="Material3">
                    <input offset="0" semantic="VERTEX" source="#ID10" />
                    <p>8 9 10 8 10 11 9 11 28 29 29 30 30 31 32 31 32 8 33 9 28 33 42 32 42 10 42 53 53 54 11 54 54 33 71 28 72 71 29 72 81 30 72 81 81 90 90 31 90 42 111 53 71 111 90 111</p>
                </lines>
            </mesh>
        </geometry>
        <geometry id="ID16">
            <mesh>
                <source id="ID17">
                    <float_array id="ID20" count="240">46.45669 3.937008 0 0 0 0 0 3.937008 0 46.45669 0 0 46.45669 0 0 46.45669 3.937008 0 0 0 0 0 3.937008 0 46.45669 3.937008 0 0 3.937008 0 46.45669 0 0 0 0 0 0 3.937008 1.574803 46.45669 3.937008 0 0 3.937008 0 46.45669 3.937008 1.574803 46.45669 3.937008 1.574803 0 3.937008 1.574803 46.45669 3.937008 0 0 3.937008 0 0 3.937008 1.574803 46.45669 3.937008 1.574803 46.45669 0 0 46.45669 0.1968504 0.1968504 46.45669 0 1.574803 46.45669 3.937008 0 46.45669 3.740157 0.1968504 46.45669 3.740157 1.377953 46.45669 0.1968504 1.377953 46.45669 3.937008 1.574803 46.45669 3.937008 0 46.45669 3.740157 1.377953 46.45669 3.937008 1.574803 46.45669 0.1968504 1.377953 46.45669 0.1968504 0.1968504 46.45669 0 1.574803 46.45669 3.740157 0.1968504 46.45669 0 0 46.45669 0 1.574803 46.45669 3.740157 1.377953 46.45669 0.1968504 1.377953 46.45669 3.740157 0.1968504 46.45669 0.1968504 0.1968504 46.45669 0 1.574803 0 0 0 46.45669 0 0 0 0 1.574803 0 0 1.574803 46.45669 0 1.574803 0 0 0 46.45669 0 0 0 0 1.574803 0 0 1.574803 1.065814e-14 0.1968504 1.377953 0 0 0 0 3.937008 1.574803 1.065814e-14 3.740157 1.377953 1.065814e-14 0.1968504 0.1968504 0 3.937008 0 1.065814e-14 3.740157 0.1968504 0 3.937008 1.574803 1.065814e-14 3.740157 1.377953 0 3.937008 0 1.065814e-14 3.740157 0.1968504 1.065814e-14 0.1968504 0.1968504 1.065814e-14 0.1968504 1.377953 0 0 0 0 0 1.574803 1.065814e-14 3.740157 1.377953 1.065814e-14 0.1968504 1.377953 1.065814e-14 0.1968504 0.1968504 1.065814e-14 3.740157 0.1968504 46.45669 0 1.574803 0 3.937008 1.574803 0 0 1.574803 46.45669 3.937008 1.574803 46.45669 3.937008 1.574803 46.45669 0 1.574803 0 3.937008 1.574803 0 0 1.574803</float_array>
                    <technique_common>
                        <accessor count="80" source="#ID20" stride="3">
                            <param name="X" type="float" />
                            <param name="Y" type="float" />
                            <param name="Z" type="float" />
                        </accessor>
                    </technique_common>
                </source>
                <source id="ID18">
                    <float_array id="ID21" count="240">0 0 -1 0 0 -1 0 0 -1 0 0 -1 -0 -0 1 -0 -0 1 -0 -0 1 -0 -0 1 0 0 0 0 0 0 0 0 0 0 0 0 0 1 0 0 1 0 0 1 0 0 1 0 -0 -1 -0 -0 -1 -0 -0 -1 -0 -0 -1 -0 0 0 0 0 0 0 1 0 0 1 0 0 1 0 0 1 0 0 1 0 0 1 0 0 1 0 0 1 0 0 -1 -0 -0 -1 -0 -0 -1 -0 -0 -1 -0 -0 -1 -0 -0 -1 -0 -0 -1 -0 -0 -1 -0 -0 0 0 0 0 0 0 0 0 0 0 0 0 0 0 0 0 -1 0 0 -1 0 0 -1 0 0 -1 0 -0 1 -0 -0 1 -0 -0 1 -0 -0 1 -0 0 0 0 -1 -0 0 -1 -0 0 -1 -0 0 -1 -0 0 -1 -0 0 -1 -0 0 -1 -0 0 -1 -0 0 1 0 -0 1 0 -0 1 0 -0 1 0 -0 1 0 -0 1 0 -0 1 0 -0 1 0 -0 0 0 0 0 0 0 0 0 0 0 0 0 0 0 1 0 0 1 0 0 1 0 0 1 -0 -0 -1 -0 -0 -1 -0 -0 -1 -0 -0 -1</float_array>
                    <technique_common>
                        <accessor count="80" source="#ID21" stride="3">
                            <param name="X" type="float" />
                            <param name="Y" type="float" />
                            <param name="Z" type="float" />
                        </accessor>
                    </technique_common>
                </source>
                <vertices id="ID19">
                    <input semantic="POSITION" source="#ID17" />
                    <input semantic="NORMAL" source="#ID18" />
                </vertices>
                <triangles count="48" material="Material2">
                    <input offset="0" semantic="VERTEX" source="#ID19" />
                    <p>0 1 2 1 0 3 4 5 6 7 6 5 12 13 14 13 12 15 16 17 18 19 18 17 22 23 24 23 22 25 23 25 26 26 25 27 24 28 29 28 24 23 29 28 27 29 27 25 30 31 32 31 33 32 34 35 33 32 33 35 31 30 36 36 30 34 30 37 34 35 34 37 43 44 45 44 43 46 47 48 49 50 49 48 52 53 54 53 52 55 53 55 56 54 57 58 57 54 53 58 57 59 58 59 56 58 56 55 60 61 62 61 63 62 63 64 62 65 66 64 62 64 66 61 60 65 60 67 65 66 65 67 72 73 74 73 72 75 76 77 78 79 78 77</p>
                </triangles>
                <lines count="20" material="Material3">
                    <input offset="0" semantic="VERTEX" source="#ID19" />
                    <p>8 9 10 8 11 10 9 11 9 20 21 20 8 21 38 21 10 38 39 40 41 39 42 41 40 42 51 38 11 51 20 51 68 69 69 70 70 71 71 68</p>
                </lines>
            </mesh>
        </geometry>
        <geometry id="ID22">
            <mesh>
                <source id="ID23">
                    <float_array id="ID26" count="120">46.45669 3.740157 1.377953 1.065814e-14 0.1968504 1.377953 1.065814e-14 3.740157 1.377953 46.45669 0.1968504 1.377953 46.45669 0.1968504 1.377953 46.45669 3.740157 1.377953 1.065814e-14 0.1968504 1.377953 1.065814e-14 3.740157 1.377953 46.45669 3.740157 1.377953 46.45669 0.1968504 1.377953 1.065814e-14 0.1968504 1.377953 1.065814e-14 3.740157 1.377953 1.065814e-14 0.1968504 1.377953 46.45669 0.1968504 0.1968504 1.065814e-14 0.1968504 0.1968504 46.45669 0.1968504 1.377953 46.45669 0.1968504 1.377953 1.065814e-14 0.1968504 1.377953 46.45669 0.1968504 0.1968504 1.065814e-14 0.1968504 0.1968504 46.45669 0.1968504 0.1968504 1.065814e-14 0.1968504 0.1968504 46.45669 3.740157 1.377953 1.065814e-14 3.740157 0.1968504 46.45669 3.740157 0.1968504 1.065814e-14 3.740157 1.377953 1.065814e-14 3.740157 1.377953 46.45669 3.740157 1.377953 1.065814e-14 3.740157 0.1968504 46.45669 3.740157 0.1968504 46.45669 3.740157 0.1968504 1.065814e-14 3.740157 0.1968504 46.45669 0.1968504 0.1968504 1.065814e-14 3.740157 0.1968504 1.065814e-14 0.1968504 0.1968504 46.45669 3.740157 0.1968504 46.45669 3.740157 0.1968504 46.45669 0.1968504 0.1968504 1.065814e-14 3.740157 0.1968504 1.065814e-14 0.1968504 0.1968504</float_array>
                    <technique_common>
                        <accessor count="40" source="#ID26" stride="3">
                            <param name="X" type="float" />
                            <param name="Y" type="float" />
                            <param name="Z" type="float" />
                        </accessor>
                    </technique_common>
                </source>
                <source id="ID24">
                    <float_array id="ID27" count="120">0 0 -1 0 0 -1 0 0 -1 0 0 -1 -0 -0 1 -0 -0 1 -0 -0 1 -0 -0 1 0 0 0 0 0 0 0 0 0 0 0 0 0 1 0 0 1 0 0 1 0 0 1 0 -0 -1 -0 -0 -1 -0 -0 -1 -0 -0 -1 -0 0 0 0 0 0 0 0 -1 0 0 -1 0 0 -1 0 0 -1 0 -0 1 -0 -0 1 -0 -0 1 -0 -0 1 -0 0 0 0 0 0 0 0 0 1 0 0 1 0 0 1 0 0 1 -0 -0 -1 -0 -0 -1 -0 -0 -1 -0 -0 -1</float_array>
                    <technique_common>
                        <accessor count="40" source="#ID27" stride="3">
                            <param name="X" type="float" />
                            <param name="Y" type="float" />
                            <param name="Z" type="float" />
                        </accessor>
                    </technique_common>
                </source>
                <vertices id="ID25">
                    <input semantic="POSITION" source="#ID23" />
                    <input semantic="NORMAL" source="#ID24" />
                </vertices>
                <triangles count="16" material="Material2">
                    <input offset="0" semantic="VERTEX" source="#ID25" />
                    <p>0 1 2 1 0 3 4 5 6 7 6 5 12 13 14 13 12 15 16 17 18 19 18 17 22 23 24 23 22 25 26 27 28 29 28 27 32 33 34 33 32 35 36 37 38 39 38 37</p>
                </triangles>
                <lines count="12" material="Material3">
                    <input offset="0" semantic="VERTEX" source="#ID25" />
                    <p>8 9 9 10 11 10 8 11 9 20 20 21 10 21 30 8 31 11 30 31 20 30 21 31</p>
                </lines>
            </mesh>
        </geometry>
        <geometry id="ID29">
            <mesh>
                <source id="ID30">
                    <float_array id="ID33" count="336">1.574803 49.00157 3.543307 1.574803 -5.905512 3.937008 1.574803 -5.905512 3.543307 1.574803 49.00157 3.937008 1.574803 49.00157 3.937008 1.574803 49.00157 3.543307 1.574803 -5.905512 3.937008 1.574803 -5.905512 3.543307 1.574803 -5.905512 3.543307 1.574803 -5.905512 3.937008 1.574803 49.00157 3.543307 1.574803 49.00157 3.937008 1.574803 -5.905512 3.937008 0.3937008 -5.905512 3.543307 1.574803 -5.905512 3.543307 1.574803 -5.905512 0.3937008 0 -5.905512 7.105427e-15 1.574803 -5.905512 7.105427e-15 0.3937008 -5.905512 0.3937008 0 -5.905512 3.937008 1.574803 -5.905512 3.937008 0.3937008 -5.905512 3.543307 0 -5.905512 3.937008 0.3937008 -5.905512 0.3937008 0 -5.905512 7.105427e-15 1.574803 -5.905512 0.3937008 1.574803 -5.905512 7.105427e-15 1.574803 -5.905512 3.543307 0 -5.905512 7.105427e-15 1.574803 -5.905512 7.105427e-15 1.574803 -5.905512 0.3937008 0.3937008 -5.905512 0.3937008 0.3937008 -5.905512 3.543307 0 -5.905512 3.937008 1.574803 49.00157 3.543307 0.3937008 -5.905512 3.543307 0.3937008 49.00157 3.543307 1.574803 -5.905512 3.543307 1.574803 -5.905512 3.543307 1.574803 49.00157 3.543307 0.3937008 -5.905512 3.543307 0.3937008 49.00157 3.543307 0.3937008 49.00157 3.543307 0 49.00157 -3.197442e-14 0.3937008 49.00157 0.3937008 1.574803 49.00157 -3.197442e-14 0 49.00157 3.937008 0.3937008 49.00157 3.543307 1.574803 49.00157 3.543307 1.574803 49.00157 3.937008 1.574803 49.00157 0.3937008 0.3937008 49.00157 0.3937008 1.574803 49.00157 -3.197442e-14 1.574803 49.00157 0.3937008 1.574803 49.00157 3.937008 0 49.00157 3.937008 1.574803 49.00157 3.543307 0.3937008 49.00157 3.543307 0 49.00157 -3.197442e-14 0 49.00157 -3.197442e-14 0 49.00157 3.937008 0.3937008 49.00157 0.3937008 1.574803 49.00157 0.3937008 1.574803 49.00157 -3.197442e-14 1.574803 -5.905512 3.937008 0 49.00157 3.937008 0 -5.905512 3.937008 1.574803 49.00157 3.937008 1.574803 49.00157 3.937008 1.574803 -5.905512 3.937008 0 49.00157 3.937008 0 -5.905512 3.937008 1.574803 49.00157 -3.197442e-14 0 -5.905512 7.105427e-15 0 49.00157 -3.197442e-14 1.574803 -5.905512 7.105427e-15 1.574803 -5.905512 7.105427e-15 1.574803 49.00157 -3.197442e-14 0 -5.905512 7.105427e-15 0 49.00157 -3.197442e-14 1.574803 49.00157 -3.197442e-14 1.574803 -5.905512 0.3937008 1.574803 -5.905512 7.105427e-15 1.574803 49.00157 0.3937008 1.574803 49.00157 0.3937008 1.574803 49.00157 -3.197442e-14 1.574803 -5.905512 0.3937008 1.574803 -5.905512 7.105427e-15 1.574803 -5.905512 0.3937008 0.3937008 49.00157 0.3937008 0.3937008 -5.905512 0.3937008 1.574803 49.00157 0.3937008 1.574803 49.00157 0.3937008 1.574803 -5.905512 0.3937008 0.3937008 49.00157 0.3937008 0.3937008 -5.905512 0.3937008 0.3937008 49.00157 0.3937008 0.3937008 -5.905512 3.543307 0.3937008 -5.905512 0.3937008 0.3937008 49.00157 3.543307 0.3937008 49.00157 3.543307 0.3937008 49.00157 0.3937008 0.3937008 -5.905512 3.543307 0.3937008 -5.905512 0.3937008 0 49.00157 3.937008 0 -5.905512 7.105427e-15 0 -5.905512 3.937008 0 49.00157 -3.197442e-14 0 49.00157 -3.197442e-14 0 49.00157 3.937008 0 -5.905512 7.105427e-15 0 -5.905512 3.937008</float_array>
                    <technique_common>
                        <accessor count="112" source="#ID33" stride="3">
                            <param name="X" type="float" />
                            <param name="Y" type="float" />
                            <param name="Z" type="float" />
                        </accessor>
                    </technique_common>
                </source>
                <source id="ID31">
                    <float_array id="ID34" count="336">1 0 0 1 0 0 1 0 0 1 0 0 -1 -0 -0 -1 -0 -0 -1 -0 -0 -1 -0 -0 0 0 0 0 0 0 0 0 0 0 0 0 0 -1 0 0 -1 0 0 -1 0 0 -1 0 0 -1 0 0 -1 0 0 -1 0 0 -1 0 -0 1 -0 -0 1 -0 -0 1 -0 -0 1 -0 -0 1 -0 -0 1 -0 -0 1 -0 -0 1 -0 0 0 0 0 0 0 0 0 0 0 0 0 0 0 0 0 0 0 0 0 -1 0 0 -1 0 0 -1 0 0 -1 -0 -0 1 -0 -0 1 -0 -0 1 -0 -0 1 0 0 0 0 1 0 0 1 0 0 1 0 0 1 0 0 1 0 0 1 0 0 1 0 0 1 0 -0 -1 -0 -0 -1 -0 -0 -1 -0 -0 -1 -0 -0 -1 -0 -0 -1 -0 -0 -1 -0 -0 -1 -0 0 0 0 0 0 0 0 0 0 0 0 0 0 0 0 0 0 1 0 0 1 0 0 1 0 0 1 -0 -0 -1 -0 -0 -1 -0 -0 -1 -0 -0 -1 0 0 -1 0 0 -1 0 0 -1 0 0 -1 -0 -0 1 -0 -0 1 -0 -0 1 -0 -0 1 1 0 0 1 0 0 1 0 0 1 0 0 -1 -0 -0 -1 -0 -0 -1 -0 -0 -1 -0 -0 0 0 1 0 0 1 0 0 1 0 0 1 -0 -0 -1 -0 -0 -1 -0 -0 -1 -0 -0 -1 1 0 0 1 0 0 1 0 0 1 0 0 -1 -0 -0 -1 -0 -0 -1 -0 -0 -1 -0 -0 -1 0 0 -1 0 0 -1 0 0 -1 0 0 1 -0 -0 1 -0 -0 1 -0 -0 1 -0 -0</float_array>
                    <technique_common>
                        <accessor count="112" source="#ID34" stride="3">
                            <param name="X" type="float" />
                            <param name="Y" type="float" />
                            <param name="Z" type="float" />
                        </accessor>
                    </technique_common>
                </source>
                <vertices id="ID32">
                    <input semantic="POSITION" source="#ID30" />
                    <input semantic="NORMAL" source="#ID31" />
                </vertices>
                <triangles count="56" material="Material2">
                    <input offset="0" semantic="VERTEX" source="#ID32" />
                    <p>0 1 2 1 0 3 4 5 6 7 6 5 12 13 14 15 16 17 16 15 18 16 18 19 19 18 13 19 13 12 20 21 22 21 23 22 22 23 24 23 25 24 26 24 25 27 21 20 34 35 36 35 34 37 38 39 40 41 40 39 43 44 45 44 43 46 44 46 47 47 46 48 48 46 49 50 45 44 51 52 53 54 55 56 56 55 57 57 55 51 55 58 51 52 51 58 64 65 66 65 64 67 68 69 70 71 70 69 72 73 74 73 72 75 76 77 78 79 78 77 80 81 82 81 80 83 84 85 86 87 86 85 88 89 90 89 88 91 92 93 94 95 94 93 96 97 98 97 96 99 100 101 102 103 102 101 104 105 106 105 104 107 108 109 110 111 110 109</p>
                </triangles>
                <lines count="24" material="Material3">
                    <input offset="0" semantic="VERTEX" source="#ID32" />
                    <p>8 9 10 8 10 11 9 11 28 29 29 30 30 31 32 31 32 8 33 9 28 33 42 10 42 32 59 60 11 60 61 42 62 61 63 62 63 59 60 33 59 28 29 63 62 30 61 31</p>
                </lines>
            </mesh>
        </geometry>
        <geometry id="ID36">
            <mesh>
                <source id="ID37">
                    <float_array id="ID40" count="240">47.24409 3.937008 0 0 0 0 0 3.937008 0 47.24409 0 0 47.24409 0 0 47.24409 3.937008 0 0 0 0 0 3.937008 0 47.24409 3.937008 0 0 3.937008 0 47.24409 0 0 0 0 0 0 3.937008 1.574803 47.24409 3.937008 0 0 3.937008 0 47.24409 3.937008 1.574803 47.24409 3.937008 1.574803 0 3.937008 1.574803 47.24409 3.937008 0 0 3.937008 0 0 3.937008 1.574803 47.24409 3.937008 1.574803 47.24409 0 0 47.24409 0.1968504 0.1968504 47.24409 0 1.574803 47.24409 3.937008 0 47.24409 3.740157 0.1968504 47.24409 3.740157 1.377953 47.24409 0.1968504 1.377953 47.24409 3.937008 1.574803 47.24409 3.937008 0 47.24409 3.740157 1.377953 47.24409 3.937008 1.574803 47.24409 0.1968504 1.377953 47.24409 0.1968504 0.1968504 47.24409 0 1.574803 47.24409 3.740157 0.1968504 47.24409 0 0 47.24409 0 1.574803 47.24409 3.740157 1.377953 47.24409 0.1968504 1.377953 47.24409 3.740157 0.1968504 47.24409 0.1968504 0.1968504 47.24409 0 1.574803 0 0 0 47.24409 0 0 0 0 1.574803 0 0 1.574803 47.24409 0 1.574803 0 0 0 47.24409 0 0 0 0 1.574803 0 0 1.574803 1.065814e-14 0.1968504 1.377953 0 0 0 0 3.937008 1.574803 1.065814e-14 3.740157 1.377953 1.065814e-14 3.740157 0.1968504 1.065814e-14 0.1968504 0.1968504 0 3.937008 0 0 3.937008 1.574803 1.065814e-14 3.740157 0.1968504 0 3.937008 0 1.065814e-14 0.1968504 0.1968504 1.065814e-14 0.1968504 1.377953 0 0 0 1.065814e-14 3.740157 1.377953 0 0 1.574803 1.065814e-14 3.740157 1.377953 1.065814e-14 0.1968504 1.377953 1.065814e-14 0.1968504 0.1968504 1.065814e-14 3.740157 0.1968504 47.24409 0 1.574803 0 3.937008 1.574803 0 0 1.574803 47.24409 3.937008 1.574803 47.24409 3.937008 1.574803 47.24409 0 1.574803 0 3.937008 1.574803 0 0 1.574803</float_array>
                    <technique_common>
                        <accessor count="80" source="#ID40" stride="3">
                            <param name="X" type="float" />
                            <param name="Y" type="float" />
                            <param name="Z" type="float" />
                        </accessor>
                    </technique_common>
                </source>
                <source id="ID38">
                    <float_array id="ID41" count="240">0 0 -1 0 0 -1 0 0 -1 0 0 -1 -0 -0 1 -0 -0 1 -0 -0 1 -0 -0 1 0 0 0 0 0 0 0 0 0 0 0 0 0 1 0 0 1 0 0 1 0 0 1 0 -0 -1 -0 -0 -1 -0 -0 -1 -0 -0 -1 -0 0 0 0 0 0 0 1 0 0 1 0 0 1 0 0 1 0 0 1 0 0 1 0 0 1 0 0 1 0 0 -1 -0 -0 -1 -0 -0 -1 -0 -0 -1 -0 -0 -1 -0 -0 -1 -0 -0 -1 -0 -0 -1 -0 -0 0 0 0 0 0 0 0 0 0 0 0 0 0 0 0 0 -1 0 0 -1 0 0 -1 0 0 -1 0 -0 1 -0 -0 1 -0 -0 1 -0 -0 1 -0 0 0 0 -1 -0 -0 -1 -0 -0 -1 -0 -0 -1 -0 -0 -1 -0 -0 -1 -0 -0 -1 -0 -0 -1 -0 -0 1 0 0 1 0 0 1 0 0 1 0 0 1 0 0 1 0 0 1 0 0 1 0 0 0 0 0 0 0 0 0 0 0 0 0 0 0 0 1 0 0 1 0 0 1 0 0 1 -0 -0 -1 -0 -0 -1 -0 -0 -1 -0 -0 -1</float_array>
                    <technique_common>
                        <accessor count="80" source="#ID41" stride="3">
                            <param name="X" type="float" />
                            <param name="Y" type="float" />
                            <param name="Z" type="float" />
                        </accessor>
                    </technique_common>
                </source>
                <vertices id="ID39">
                    <input semantic="POSITION" source="#ID37" />
                    <input semantic="NORMAL" source="#ID38" />
                </vertices>
                <triangles count="48" material="Material2">
                    <input offset="0" semantic="VERTEX" source="#ID39" />
                    <p>0 1 2 1 0 3 4 5 6 7 6 5 12 13 14 13 12 15 16 17 18 19 18 17 22 23 24 23 22 25 23 25 26 26 25 27 24 28 29 28 24 23 29 28 27 29 27 25 30 31 32 31 33 32 34 35 33 32 33 35 31 30 36 36 30 34 30 37 34 35 34 37 43 44 45 44 43 46 47 48 49 50 49 48 52 53 54 53 52 55 53 55 56 56 55 57 54 58 59 58 54 53 59 58 57 59 57 55 60 61 62 61 63 62 64 65 63 62 63 65 61 60 66 66 60 64 60 67 64 65 64 67 72 73 74 73 72 75 76 77 78 79 78 77</p>
                </triangles>
                <lines count="20" material="Material3">
                    <input offset="0" semantic="VERTEX" source="#ID39" />
                    <p>8 9 10 8 11 10 9 11 9 20 21 20 8 21 38 21 10 38 39 40 41 39 42 41 40 42 51 38 11 51 20 51 68 69 69 70 70 71 71 68</p>
                </lines>
            </mesh>
        </geometry>
        <geometry id="ID42">
            <mesh>
                <source id="ID43">
                    <float_array id="ID46" count="120">47.24409 3.740157 1.377953 1.065814e-14 0.1968504 1.377953 1.065814e-14 3.740157 1.377953 47.24409 0.1968504 1.377953 47.24409 0.1968504 1.377953 47.24409 3.740157 1.377953 1.065814e-14 0.1968504 1.377953 1.065814e-14 3.740157 1.377953 47.24409 3.740157 1.377953 47.24409 0.1968504 1.377953 1.065814e-14 0.1968504 1.377953 1.065814e-14 3.740157 1.377953 1.065814e-14 0.1968504 1.377953 47.24409 0.1968504 0.1968504 1.065814e-14 0.1968504 0.1968504 47.24409 0.1968504 1.377953 47.24409 0.1968504 1.377953 1.065814e-14 0.1968504 1.377953 47.24409 0.1968504 0.1968504 1.065814e-14 0.1968504 0.1968504 47.24409 0.1968504 0.1968504 1.065814e-14 0.1968504 0.1968504 47.24409 3.740157 1.377953 1.065814e-14 3.740157 0.1968504 47.24409 3.740157 0.1968504 1.065814e-14 3.740157 1.377953 1.065814e-14 3.740157 1.377953 47.24409 3.740157 1.377953 1.065814e-14 3.740157 0.1968504 47.24409 3.740157 0.1968504 47.24409 3.740157 0.1968504 1.065814e-14 3.740157 0.1968504 47.24409 0.1968504 0.1968504 1.065814e-14 3.740157 0.1968504 1.065814e-14 0.1968504 0.1968504 47.24409 3.740157 0.1968504 47.24409 3.740157 0.1968504 47.24409 0.1968504 0.1968504 1.065814e-14 3.740157 0.1968504 1.065814e-14 0.1968504 0.1968504</float_array>
                    <technique_common>
                        <accessor count="40" source="#ID46" stride="3">
                            <param name="X" type="float" />
                            <param name="Y" type="float" />
                            <param name="Z" type="float" />
                        </accessor>
                    </technique_common>
                </source>
                <source id="ID44">
                    <float_array id="ID47" count="120">-0 -0 -1 -0 -0 -1 -0 -0 -1 -0 -0 -1 0 0 1 0 0 1 0 0 1 0 0 1 0 0 0 0 0 0 0 0 0 0 0 0 0 1 0 0 1 0 0 1 0 0 1 0 -0 -1 -0 -0 -1 -0 -0 -1 -0 -0 -1 -0 0 0 0 0 0 0 0 -1 0 0 -1 0 0 -1 0 0 -1 0 -0 1 -0 -0 1 -0 -0 1 -0 -0 1 -0 0 0 0 0 0 0 0 0 1 0 0 1 0 0 1 0 0 1 -0 -0 -1 -0 -0 -1 -0 -0 -1 -0 -0 -1</float_array>
                    <technique_common>
                        <accessor count="40" source="#ID47" stride="3">
                            <param name="X" type="float" />
                            <param name="Y" type="float" />
                            <param name="Z" type="float" />
                        </accessor>
                    </technique_common>
                </source>
                <vertices id="ID45">
                    <input semantic="POSITION" source="#ID43" />
                    <input semantic="NORMAL" source="#ID44" />
                </vertices>
                <triangles count="16" material="Material2">
                    <input offset="0" semantic="VERTEX" source="#ID45" />
                    <p>0 1 2 1 0 3 4 5 6 7 6 5 12 13 14 13 12 15 16 17 18 19 18 17 22 23 24 23 22 25 26 27 28 29 28 27 32 33 34 33 32 35 36 37 38 39 38 37</p>
                </triangles>
                <lines count="12" material="Material3">
                    <input offset="0" semantic="VERTEX" source="#ID45" />
                    <p>8 9 9 10 11 10 8 11 9 20 20 21 10 21 30 8 31 11 30 31 20 30 21 31</p>
                </lines>
            </mesh>
        </geometry>
        <geometry id="ID49">
            <mesh>
                <source id="ID50">
                    <float_array id="ID53" count="336">1.574803 49.00157 3.543307 1.574803 13.77953 3.937008 1.574803 13.77953 3.543307 1.574803 49.00157 3.937008 1.574803 49.00157 3.937008 1.574803 49.00157 3.543307 1.574803 13.77953 3.937008 1.574803 13.77953 3.543307 1.574803 13.77953 3.543307 1.574803 13.77953 3.937008 1.574803 49.00157 3.543307 1.574803 49.00157 3.937008 1.574803 13.77953 3.937008 0.3937008 13.77953 3.543307 1.574803 13.77953 3.543307 1.574803 13.77953 0.3937008 0 13.77953 1.287859e-14 1.574803 13.77953 1.287859e-14 0.3937008 13.77953 0.3937008 0 13.77953 3.937008 1.574803 13.77953 3.937008 0.3937008 13.77953 3.543307 0 13.77953 3.937008 0.3937008 13.77953 0.3937008 0 13.77953 1.287859e-14 1.574803 13.77953 0.3937008 1.574803 13.77953 1.287859e-14 1.574803 13.77953 3.543307 0 13.77953 1.287859e-14 1.574803 13.77953 1.287859e-14 1.574803 13.77953 0.3937008 0.3937008 13.77953 0.3937008 0.3937008 13.77953 3.543307 0 13.77953 3.937008 1.574803 49.00157 3.543307 0.3937008 13.77953 3.543307 0.3937008 49.00157 3.543307 1.574803 13.77953 3.543307 1.574803 13.77953 3.543307 1.574803 49.00157 3.543307 0.3937008 13.77953 3.543307 0.3937008 49.00157 3.543307 0.3937008 49.00157 3.543307 0 49.00157 -3.153033e-14 0.3937008 49.00157 0.3937008 1.574803 49.00157 -3.153033e-14 0 49.00157 3.937008 0.3937008 49.00157 3.543307 1.574803 49.00157 3.543307 1.574803 49.00157 3.937008 1.574803 49.00157 0.3937008 0.3937008 49.00157 0.3937008 1.574803 49.00157 -3.153033e-14 1.574803 49.00157 0.3937008 1.574803 49.00157 3.937008 0 49.00157 3.937008 1.574803 49.00157 3.543307 0.3937008 49.00157 3.543307 0 49.00157 -3.153033e-14 0 49.00157 -3.153033e-14 0 49.00157 3.937008 0.3937008 49.00157 0.3937008 1.574803 49.00157 0.3937008 1.574803 49.00157 -3.153033e-14 1.574803 13.77953 3.937008 0 49.00157 3.937008 0 13.77953 3.937008 1.574803 49.00157 3.937008 1.574803 49.00157 3.937008 1.574803 13.77953 3.937008 0 49.00157 3.937008 0 13.77953 3.937008 1.574803 49.00157 -3.153033e-14 0 13.77953 1.287859e-14 0 49.00157 -3.153033e-14 1.574803 13.77953 1.287859e-14 1.574803 13.77953 1.287859e-14 1.574803 49.00157 -3.153033e-14 0 13.77953 1.287859e-14 0 49.00157 -3.153033e-14 1.574803 13.77953 1.287859e-14 1.574803 49.00157 0.3937008 1.574803 13.77953 0.3937008 1.574803 49.00157 -3.153033e-14 1.574803 49.00157 -3.153033e-14 1.574803 13.77953 1.287859e-14 1.574803 49.00157 0.3937008 1.574803 13.77953 0.3937008 1.574803 13.77953 0.3937008 0.3937008 49.00157 0.3937008 0.3937008 13.77953 0.3937008 1.574803 49.00157 0.3937008 1.574803 49.00157 0.3937008 1.574803 13.77953 0.3937008 0.3937008 49.00157 0.3937008 0.3937008 13.77953 0.3937008 0.3937008 49.00157 0.3937008 0.3937008 13.77953 3.543307 0.3937008 13.77953 0.3937008 0.3937008 49.00157 3.543307 0.3937008 49.00157 3.543307 0.3937008 49.00157 0.3937008 0.3937008 13.77953 3.543307 0.3937008 13.77953 0.3937008 0 49.00157 3.937008 0 13.77953 1.287859e-14 0 13.77953 3.937008 0 49.00157 -3.153033e-14 0 49.00157 -3.153033e-14 0 49.00157 3.937008 0 13.77953 1.287859e-14 0 13.77953 3.937008</float_array>
                    <technique_common>
                        <accessor count="112" source="#ID53" stride="3">
                            <param name="X" type="float" />
                            <param name="Y" type="float" />
                            <param name="Z" type="float" />
                        </accessor>
                    </technique_common>
                </source>
                <source id="ID51">
                    <float_array id="ID54" count="336">1 0 0 1 0 0 1 0 0 1 0 0 -1 -0 -0 -1 -0 -0 -1 -0 -0 -1 -0 -0 0 0 0 0 0 0 0 0 0 0 0 0 0 -1 0 0 -1 0 0 -1 0 0 -1 0 0 -1 0 0 -1 0 0 -1 0 0 -1 0 -0 1 -0 -0 1 -0 -0 1 -0 -0 1 -0 -0 1 -0 -0 1 -0 -0 1 -0 -0 1 -0 0 0 0 0 0 0 0 0 0 0 0 0 0 0 0 0 0 0 0 0 -1 0 0 -1 0 0 -1 0 0 -1 -0 -0 1 -0 -0 1 -0 -0 1 -0 -0 1 0 0 0 0 1 0 0 1 0 0 1 0 0 1 0 0 1 0 0 1 0 0 1 0 0 1 0 -0 -1 -0 -0 -1 -0 -0 -1 -0 -0 -1 -0 -0 -1 -0 -0 -1 -0 -0 -1 -0 -0 -1 -0 0 0 0 0 0 0 0 0 0 0 0 0 0 0 0 0 0 1 0 0 1 0 0 1 0 0 1 -0 -0 -1 -0 -0 -1 -0 -0 -1 -0 -0 -1 0 0 -1 0 0 -1 0 0 -1 0 0 -1 -0 -0 1 -0 -0 1 -0 -0 1 -0 -0 1 1 0 0 1 0 0 1 0 0 1 0 0 -1 -0 -0 -1 -0 -0 -1 -0 -0 -1 -0 -0 0 0 1 0 0 1 0 0 1 0 0 1 -0 -0 -1 -0 -0 -1 -0 -0 -1 -0 -0 -1 1 0 0 1 0 0 1 0 0 1 0 0 -1 -0 -0 -1 -0 -0 -1 -0 -0 -1 -0 -0 -1 0 0 -1 0 0 -1 0 0 -1 0 0 1 -0 -0 1 -0 -0 1 -0 -0 1 -0 -0</float_array>
                    <technique_common>
                        <accessor count="112" source="#ID54" stride="3">
                            <param name="X" type="float" />
                            <param name="Y" type="float" />
                            <param name="Z" type="float" />
                        </accessor>
                    </technique_common>
                </source>
                <vertices id="ID52">
                    <input semantic="POSITION" source="#ID50" />
                    <input semantic="NORMAL" source="#ID51" />
                </vertices>
                <triangles count="56" material="Material2">
                    <input offset="0" semantic="VERTEX" source="#ID52" />
                    <p>0 1 2 1 0 3 4 5 6 7 6 5 12 13 14 15 16 17 16 15 18 16 18 19 19 18 13 19 13 12 20 21 22 21 23 22 22 23 24 23 25 24 26 24 25 27 21 20 34 35 36 35 34 37 38 39 40 41 40 39 43 44 45 44 43 46 44 46 47 47 46 48 48 46 49 50 45 44 51 52 53 54 55 56 56 55 57 57 55 51 55 58 51 52 51 58 64 65 66 65 64 67 68 69 70 71 70 69 72 73 74 73 72 75 76 77 78 79 78 77 80 81 82 81 80 83 84 85 86 87 86 85 88 89 90 89 88 91 92 93 94 95 94 93 96 97 98 97 96 99 100 101 102 103 102 101 104 105 106 105 104 107 108 109 110 111 110 109</p>
                </triangles>
                <lines count="24" material="Material3">
                    <input offset="0" semantic="VERTEX" source="#ID52" />
                    <p>8 9 10 8 10 11 9 11 28 29 29 30 30 31 32 31 32 8 33 9 28 33 42 10 42 32 59 60 11 60 61 42 62 61 63 62 63 59 60 33 59 28 29 63 62 30 61 31</p>
                </lines>
            </mesh>
        </geometry>
        <geometry id="ID56">
            <mesh>
                <source id="ID57">
                    <float_array id="ID60" count="240">46.45669 3.937008 4.440892e-16 9.448819 8.881784e-16 -3.108624e-15 9.448819 3.937008 -3.108624e-15 46.45669 -8.881784e-16 4.440892e-16 46.45669 -8.881784e-16 4.440892e-16 46.45669 3.937008 4.440892e-16 9.448819 8.881784e-16 -3.108624e-15 9.448819 3.937008 -3.108624e-15 46.45669 3.937008 4.440892e-16 9.448819 3.937008 -3.108624e-15 46.45669 -8.881784e-16 4.440892e-16 9.448819 8.881784e-16 -3.108624e-15 9.448819 3.937008 1.574803 46.45669 3.937008 4.440892e-16 9.448819 3.937008 -3.108624e-15 46.45669 3.937008 1.574803 46.45669 3.937008 1.574803 9.448819 3.937008 1.574803 46.45669 3.937008 4.440892e-16 9.448819 3.937008 -3.108624e-15 9.448819 3.937008 1.574803 46.45669 3.937008 1.574803 46.45669 -8.881784e-16 4.440892e-16 46.45669 0.1968504 0.1968504 46.45669 -8.881784e-16 1.574803 46.45669 3.937008 4.440892e-16 46.45669 3.740157 0.1968504 46.45669 3.740157 1.377953 46.45669 0.1968504 1.377953 46.45669 3.937008 1.574803 46.45669 3.937008 4.440892e-16 46.45669 3.740157 1.377953 46.45669 3.937008 1.574803 46.45669 0.1968504 1.377953 46.45669 0.1968504 0.1968504 46.45669 -8.881784e-16 1.574803 46.45669 3.740157 0.1968504 46.45669 -8.881784e-16 4.440892e-16 46.45669 -8.881784e-16 1.574803 46.45669 3.740157 1.377953 46.45669 0.1968504 1.377953 46.45669 3.740157 0.1968504 46.45669 0.1968504 0.1968504 46.45669 -8.881784e-16 4.440892e-16 9.448819 8.881784e-16 1.574803 9.448819 8.881784e-16 -3.108624e-15 46.45669 -8.881784e-16 1.574803 46.45669 -8.881784e-16 1.574803 46.45669 -8.881784e-16 4.440892e-16 9.448819 8.881784e-16 1.574803 9.448819 8.881784e-16 -3.108624e-15 9.448819 8.881784e-16 1.574803 9.448819 8.881784e-16 1.574803 9.448819 0.1968504 1.377953 9.448819 8.881784e-16 -3.108624e-15 9.448819 3.937008 1.574803 9.448819 3.740157 1.377953 9.448819 3.740157 0.1968504 9.448819 0.1968504 0.1968504 9.448819 3.937008 -3.108624e-15 9.448819 3.937008 1.574803 9.448819 3.740157 0.1968504 9.448819 3.937008 -3.108624e-15 9.448819 0.1968504 0.1968504 9.448819 0.1968504 1.377953 9.448819 8.881784e-16 -3.108624e-15 9.448819 3.740157 1.377953 9.448819 8.881784e-16 1.574803 9.448819 3.740157 1.377953 9.448819 0.1968504 1.377953 9.448819 0.1968504 0.1968504 9.448819 3.740157 0.1968504 46.45669 -8.881784e-16 1.574803 9.448819 3.937008 1.574803 9.448819 8.881784e-16 1.574803 46.45669 3.937008 1.574803 46.45669 3.937008 1.574803 46.45669 -8.881784e-16 1.574803 9.448819 3.937008 1.574803 9.448819 8.881784e-16 1.574803</float_array>
                    <technique_common>
                        <accessor count="80" source="#ID60" stride="3">
                            <param name="X" type="float" />
                            <param name="Y" type="float" />
                            <param name="Z" type="float" />
                        </accessor>
                    </technique_common>
                </source>
                <source id="ID58">
                    <float_array id="ID61" count="240">-3.989545e-39 0 -1 -3.989545e-39 0 -1 -3.989545e-39 0 -1 -3.989545e-39 0 -1 3.989545e-39 -0 1 3.989545e-39 -0 1 3.989545e-39 -0 1 3.989545e-39 -0 1 0 0 0 0 0 0 0 0 0 0 0 0 0 1 0 0 1 0 0 1 0 0 1 0 -0 -1 -0 -0 -1 -0 -0 -1 -0 -0 -1 -0 0 0 0 0 0 0 1 0 3.989545e-39 1 0 3.989545e-39 1 0 3.989545e-39 1 0 3.989545e-39 1 0 3.989545e-39 1 0 3.989545e-39 1 0 3.989545e-39 1 0 3.989545e-39 -1 -0 -3.989545e-39 -1 -0 -3.989545e-39 -1 -0 -3.989545e-39 -1 -0 -3.989545e-39 -1 -0 -3.989545e-39 -1 -0 -3.989545e-39 -1 -0 -3.989545e-39 -1 -0 -3.989545e-39 0 0 0 0 0 0 0 0 0 0 0 0 0 0 0 0 -1 0 0 -1 0 0 -1 0 0 -1 0 -0 1 -0 -0 1 -0 -0 1 -0 -0 1 -0 0 0 0 -1 0 -3.989545e-39 -1 0 -3.989545e-39 -1 0 -3.989545e-39 -1 0 -3.989545e-39 -1 0 -3.989545e-39 -1 0 -3.989545e-39 -1 0 -3.989545e-39 -1 0 -3.989545e-39 1 -0 3.989545e-39 1 -0 3.989545e-39 1 -0 3.989545e-39 1 -0 3.989545e-39 1 -0 3.989545e-39 1 -0 3.989545e-39 1 -0 3.989545e-39 1 -0 3.989545e-39 0 0 0 0 0 0 0 0 0 0 0 0 3.989545e-39 0 1 3.989545e-39 0 1 3.989545e-39 0 1 3.989545e-39 0 1 -3.989545e-39 -0 -1 -3.989545e-39 -0 -1 -3.989545e-39 -0 -1 -3.989545e-39 -0 -1</float_array>
                    <technique_common>
                        <accessor count="80" source="#ID61" stride="3">
                            <param name="X" type="float" />
                            <param name="Y" type="float" />
                            <param name="Z" type="float" />
                        </accessor>
                    </technique_common>
                </source>
                <vertices id="ID59">
                    <input semantic="POSITION" source="#ID57" />
                    <input semantic="NORMAL" source="#ID58" />
                </vertices>
                <triangles count="48" material="Material2">
                    <input offset="0" semantic="VERTEX" source="#ID59" />
                    <p>0 1 2 1 0 3 4 5 6 7 6 5 12 13 14 13 12 15 16 17 18 19 18 17 22 23 24 23 22 25 23 25 26 26 25 27 24 28 29 28 24 23 29 28 27 29 27 25 30 31 32 31 33 32 34 35 33 32 33 35 31 30 36 36 30 34 30 37 34 35 34 37 43 44 45 44 43 46 47 48 49 50 49 48 52 53 54 53 52 55 53 55 56 56 55 57 54 58 59 58 54 53 59 58 57 59 57 55 60 61 62 61 63 62 64 65 63 62 63 65 61 60 66 66 60 64 60 67 64 65 64 67 72 73 74 73 72 75 76 77 78 79 78 77</p>
                </triangles>
                <lines count="20" material="Material3">
                    <input offset="0" semantic="VERTEX" source="#ID59" />
                    <p>8 9 10 8 11 10 9 11 9 20 21 20 8 21 38 21 10 38 39 40 41 39 42 41 40 42 51 38 11 51 20 51 68 69 69 70 70 71 71 68</p>
                </lines>
            </mesh>
        </geometry>
        <geometry id="ID62">
            <mesh>
                <source id="ID63">
                    <float_array id="ID66" count="120">9.448819 3.740157 1.377953 46.45669 0.1968504 1.377953 9.448819 0.1968504 1.377953 46.45669 3.740157 1.377953 46.45669 3.740157 1.377953 9.448819 3.740157 1.377953 46.45669 0.1968504 1.377953 9.448819 0.1968504 1.377953 46.45669 3.740157 1.377953 46.45669 0.1968504 1.377953 9.448819 0.1968504 1.377953 9.448819 3.740157 1.377953 9.448819 0.1968504 1.377953 46.45669 0.1968504 0.1968504 9.448819 0.1968504 0.1968504 46.45669 0.1968504 1.377953 46.45669 0.1968504 1.377953 9.448819 0.1968504 1.377953 46.45669 0.1968504 0.1968504 9.448819 0.1968504 0.1968504 46.45669 0.1968504 0.1968504 9.448819 0.1968504 0.1968504 46.45669 3.740157 0.1968504 9.448819 3.740157 1.377953 9.448819 3.740157 0.1968504 46.45669 3.740157 1.377953 46.45669 3.740157 1.377953 46.45669 3.740157 0.1968504 9.448819 3.740157 1.377953 9.448819 3.740157 0.1968504 46.45669 3.740157 0.1968504 9.448819 3.740157 0.1968504 9.448819 0.1968504 0.1968504 46.45669 3.740157 0.1968504 9.448819 3.740157 0.1968504 46.45669 0.1968504 0.1968504 46.45669 0.1968504 0.1968504 9.448819 0.1968504 0.1968504 46.45669 3.740157 0.1968504 9.448819 3.740157 0.1968504</float_array>
                    <technique_common>
                        <accessor count="40" source="#ID66" stride="3">
                            <param name="X" type="float" />
                            <param name="Y" type="float" />
                            <param name="Z" type="float" />
                        </accessor>
                    </technique_common>
                </source>
                <source id="ID64">
                    <float_array id="ID67" count="120">-3.989545e-39 0 -1 -3.989545e-39 0 -1 -3.989545e-39 0 -1 -3.989545e-39 0 -1 3.989545e-39 -0 1 3.989545e-39 -0 1 3.989545e-39 -0 1 3.989545e-39 -0 1 0 0 0 0 0 0 0 0 0 0 0 0 0 1 0 0 1 0 0 1 0 0 1 0 -0 -1 -0 -0 -1 -0 -0 -1 -0 -0 -1 -0 0 0 0 0 0 0 0 -1 0 0 -1 0 0 -1 0 0 -1 0 -0 1 -0 -0 1 -0 -0 1 -0 -0 1 -0 0 0 0 0 0 0 3.989545e-39 0 1 3.989545e-39 0 1 3.989545e-39 0 1 3.989545e-39 0 1 -3.989545e-39 -0 -1 -3.989545e-39 -0 -1 -3.989545e-39 -0 -1 -3.989545e-39 -0 -1</float_array>
                    <technique_common>
                        <accessor count="40" source="#ID67" stride="3">
                            <param name="X" type="float" />
                            <param name="Y" type="float" />
                            <param name="Z" type="float" />
                        </accessor>
                    </technique_common>
                </source>
                <vertices id="ID65">
                    <input semantic="POSITION" source="#ID63" />
                    <input semantic="NORMAL" source="#ID64" />
                </vertices>
                <triangles count="16" material="Material2">
                    <input offset="0" semantic="VERTEX" source="#ID65" />
                    <p>0 1 2 1 0 3 4 5 6 7 6 5 12 13 14 13 12 15 16 17 18 19 18 17 22 23 24 23 22 25 26 27 28 29 28 27 32 33 34 33 32 35 36 37 38 39 38 37</p>
                </triangles>
                <lines count="12" material="Material3">
                    <input offset="0" semantic="VERTEX" source="#ID65" />
                    <p>8 9 9 10 11 10 8 11 9 20 20 21 10 21 30 8 31 11 30 31 20 30 21 31</p>
                </lines>
            </mesh>
        </geometry>
        <geometry id="ID69">
            <mesh>
                <source id="ID70">
                    <float_array id="ID73" count="336">1.574803 35.22204 3.543307 1.574803 0 3.937008 1.574803 0 3.543307 1.574803 35.22204 3.937008 1.574803 35.22204 3.937008 1.574803 35.22204 3.543307 1.574803 0 3.937008 1.574803 0 3.543307 1.574803 0 3.543307 1.574803 0 3.937008 1.574803 35.22204 3.543307 1.574803 35.22204 3.937008 1.574803 0 3.937008 0.3937008 0 3.543307 1.574803 0 3.543307 1.574803 0 0.3937008 0 0 0 1.574803 0 0 0.3937008 0 0.3937008 0 0 3.937008 1.574803 0 3.937008 0.3937008 0 3.543307 0 0 3.937008 0.3937008 0 0.3937008 0 0 0 1.574803 0 0.3937008 1.574803 0 0 1.574803 0 3.543307 0 0 0 1.574803 0 0 1.574803 0 0.3937008 0.3937008 0 0.3937008 0.3937008 0 3.543307 0 0 3.937008 1.574803 35.22204 3.543307 0.3937008 0 3.543307 0.3937008 35.22204 3.543307 1.574803 0 3.543307 1.574803 0 3.543307 1.574803 35.22204 3.543307 0.3937008 0 3.543307 0.3937008 35.22204 3.543307 0.3937008 35.22204 3.543307 -2.842171e-14 35.22204 1.065814e-14 0.3937008 35.22204 0.3937008 1.574803 35.22204 1.065814e-14 -2.842171e-14 35.22204 3.937008 0.3937008 35.22204 3.543307 1.574803 35.22204 3.543307 1.574803 35.22204 3.937008 1.574803 35.22204 0.3937008 0.3937008 35.22204 0.3937008 1.574803 35.22204 1.065814e-14 1.574803 35.22204 0.3937008 1.574803 35.22204 3.937008 -2.842171e-14 35.22204 3.937008 1.574803 35.22204 3.543307 0.3937008 35.22204 3.543307 -2.842171e-14 35.22204 1.065814e-14 -2.842171e-14 35.22204 1.065814e-14 -2.842171e-14 35.22204 3.937008 0.3937008 35.22204 0.3937008 1.574803 35.22204 0.3937008 1.574803 35.22204 1.065814e-14 0 0 3.937008 1.574803 35.22204 3.937008 -2.842171e-14 35.22204 3.937008 1.574803 0 3.937008 1.574803 0 3.937008 0 0 3.937008 1.574803 35.22204 3.937008 -2.842171e-14 35.22204 3.937008 1.574803 35.22204 1.065814e-14 0 0 0 -2.842171e-14 35.22204 1.065814e-14 1.574803 0 0 1.574803 0 0 1.574803 35.22204 1.065814e-14 0 0 0 -2.842171e-14 35.22204 1.065814e-14 1.574803 35.22204 1.065814e-14 1.574803 0 0.3937008 1.574803 0 0 1.574803 35.22204 0.3937008 1.574803 35.22204 0.3937008 1.574803 35.22204 1.065814e-14 1.574803 0 0.3937008 1.574803 0 0 0.3937008 0 0.3937008 1.574803 35.22204 0.3937008 0.3937008 35.22204 0.3937008 1.574803 0 0.3937008 1.574803 0 0.3937008 0.3937008 0 0.3937008 1.574803 35.22204 0.3937008 0.3937008 35.22204 0.3937008 0.3937008 35.22204 0.3937008 0.3937008 0 3.543307 0.3937008 0 0.3937008 0.3937008 35.22204 3.543307 0.3937008 35.22204 3.543307 0.3937008 35.22204 0.3937008 0.3937008 0 3.543307 0.3937008 0 0.3937008 -2.842171e-14 35.22204 3.937008 0 0 0 0 0 3.937008 -2.842171e-14 35.22204 1.065814e-14 -2.842171e-14 35.22204 1.065814e-14 -2.842171e-14 35.22204 3.937008 0 0 0 0 0 3.937008</float_array>
                    <technique_common>
                        <accessor count="112" source="#ID73" stride="3">
                            <param name="X" type="float" />
                            <param name="Y" type="float" />
                            <param name="Z" type="float" />
                        </accessor>
                    </technique_common>
                </source>
                <source id="ID71">
                    <float_array id="ID74" count="336">1 0 8.560475e-32 1 0 8.560475e-32 1 0 8.560475e-32 1 0 8.560475e-32 -1 -0 -8.560475e-32 -1 -0 -8.560475e-32 -1 -0 -8.560475e-32 -1 -0 -8.560475e-32 0 0 0 0 0 0 0 0 0 0 0 0 0 -1 0 0 -1 0 0 -1 0 0 -1 0 0 -1 0 0 -1 0 0 -1 0 0 -1 0 -0 1 -0 -0 1 -0 -0 1 -0 -0 1 -0 -0 1 -0 -0 1 -0 -0 1 -0 -0 1 -0 0 0 0 0 0 0 0 0 0 0 0 0 0 0 0 0 0 0 -8.560475e-32 0 -1 -8.560475e-32 0 -1 -8.560475e-32 0 -1 -8.560475e-32 0 -1 8.560475e-32 -0 1 8.560475e-32 -0 1 8.560475e-32 -0 1 8.560475e-32 -0 1 0 0 0 0 1 0 0 1 0 0 1 0 0 1 0 0 1 0 0 1 0 0 1 0 0 1 0 -0 -1 -0 -0 -1 -0 -0 -1 -0 -0 -1 -0 -0 -1 -0 -0 -1 -0 -0 -1 -0 -0 -1 -0 0 0 0 0 0 0 0 0 0 0 0 0 0 0 0 8.560475e-32 0 1 8.560475e-32 0 1 8.560475e-32 0 1 8.560475e-32 0 1 -8.560475e-32 -0 -1 -8.560475e-32 -0 -1 -8.560475e-32 -0 -1 -8.560475e-32 -0 -1 -8.560475e-32 0 -1 -8.560475e-32 0 -1 -8.560475e-32 0 -1 -8.560475e-32 0 -1 8.560475e-32 -0 1 8.560475e-32 -0 1 8.560475e-32 -0 1 8.560475e-32 -0 1 1 0 8.560475e-32 1 0 8.560475e-32 1 0 8.560475e-32 1 0 8.560475e-32 -1 -0 -8.560475e-32 -1 -0 -8.560475e-32 -1 -0 -8.560475e-32 -1 -0 -8.560475e-32 8.560475e-32 0 1 8.560475e-32 0 1 8.560475e-32 0 1 8.560475e-32 0 1 -8.560475e-32 -0 -1 -8.560475e-32 -0 -1 -8.560475e-32 -0 -1 -8.560475e-32 -0 -1 1 0 8.560475e-32 1 0 8.560475e-32 1 0 8.560475e-32 1 0 8.560475e-32 -1 -0 -8.560475e-32 -1 -0 -8.560475e-32 -1 -0 -8.560475e-32 -1 -0 -8.560475e-32 -1 0 -8.560475e-32 -1 0 -8.560475e-32 -1 0 -8.560475e-32 -1 0 -8.560475e-32 1 -0 8.560475e-32 1 -0 8.560475e-32 1 -0 8.560475e-32 1 -0 8.560475e-32</float_array>
                    <technique_common>
                        <accessor count="112" source="#ID74" stride="3">
                            <param name="X" type="float" />
                            <param name="Y" type="float" />
                            <param name="Z" type="float" />
                        </accessor>
                    </technique_common>
                </source>
                <vertices id="ID72">
                    <input semantic="POSITION" source="#ID70" />
                    <input semantic="NORMAL" source="#ID71" />
                </vertices>
                <triangles count="56" material="Material2">
                    <input offset="0" semantic="VERTEX" source="#ID72" />
                    <p>0 1 2 1 0 3 4 5 6 7 6 5 12 13 14 15 16 17 16 15 18 16 18 19 19 18 13 19 13 12 20 21 22 21 23 22 22 23 24 23 25 24 26 24 25 27 21 20 34 35 36 35 34 37 38 39 40 41 40 39 43 44 45 44 43 46 44 46 47 47 46 48 48 46 49 50 45 44 51 52 53 54 55 56 56 55 57 57 55 51 55 58 51 52 51 58 64 65 66 65 64 67 68 69 70 71 70 69 72 73 74 73 72 75 76 77 78 79 78 77 80 81 82 81 80 83 84 85 86 87 86 85 88 89 90 89 88 91 92 93 94 95 94 93 96 97 98 97 96 99 100 101 102 103 102 101 104 105 106 105 104 107 108 109 110 111 110 109</p>
                </triangles>
                <lines count="24" material="Material3">
                    <input offset="0" semantic="VERTEX" source="#ID72" />
                    <p>8 9 10 8 10 11 9 11 28 29 29 30 30 31 32 31 32 8 33 9 28 33 42 10 42 32 59 60 11 60 61 42 62 61 63 62 63 59 60 33 59 28 29 63 62 30 61 31</p>
                </lines>
            </mesh>
        </geometry>
        <geometry id="ID76">
            <mesh>
                <source id="ID77">
                    <float_array id="ID80" count="366">2.362205 141.7323 3.543307 2.362205 0 3.937008 2.362205 0 3.543307 2.362205 141.7323 3.937008 2.362205 141.7323 3.937008 2.362205 141.7323 3.543307 2.362205 0 3.937008 2.362205 0 3.543307 2.362205 0 3.543307 2.362205 0 3.937008 2.362205 141.7323 3.543307 2.362205 141.7323 3.937008 2.362205 0 3.937008 0.3937008 0 3.543307 2.362205 0 3.543307 2.362205 0 0.3937008 0 0 0 2.362205 0 0 0.3937008 0 0.3937008 0 0 3.937008 2.362205 0 3.937008 0.3937008 0 3.543307 0 0 3.937008 0.3937008 0 0.3937008 0 0 0 2.362205 0 0.3937008 2.362205 0 0 2.362205 0 3.543307 0 0 0 2.362205 0 0 2.362205 0 0.3937008 0.3937008 0 0.3937008 0.3937008 0 3.543307 0 0 3.937008 2.362205 141.7323 3.543307 0.3937008 0 3.543307 0.3937008 141.7323 3.543307 2.362205 0 3.543307 2.362205 0 3.543307 2.362205 141.7323 3.543307 0.3937008 0 3.543307 0.3937008 141.7323 3.543307 0.3937008 141.7323 3.543307 0 141.7323 3.937008 0.3937008 141.7323 3.543307 0 141.7323 3.543307 2.362205 141.7323 3.543307 2.362205 141.7323 3.937008 2.362205 141.7323 3.937008 0 141.7323 3.937008 2.362205 141.7323 3.543307 0.3937008 141.7323 3.543307 0 141.7323 3.543307 0 141.7323 3.543307 0 141.7323 3.937008 2.362205 0 3.937008 0 141.7323 3.937008 0 0 3.937008 2.362205 141.7323 3.937008 2.362205 141.7323 3.937008 2.362205 0 3.937008 0 141.7323 3.937008 0 0 3.937008 2.362205 141.7323 0 0 0 0 0 141.7323 0 2.362205 0 0 2.362205 0 0 2.362205 141.7323 0 0 0 0 0 141.7323 0 0 141.7323 0 2.362205 141.7323 0 2.362205 141.7323 0 2.362205 0 0.3937008 2.362205 0 0 2.362205 141.7323 0.3937008 2.362205 141.7323 0.3937008 2.362205 141.7323 0 2.362205 0 0.3937008 2.362205 0 0 2.362205 141.7323 0.3937008 2.362205 0 0.3937008 0.3937008 141.7323 0.3937008 0.3937008 0 0.3937008 2.362205 141.7323 0.3937008 2.362205 141.7323 0.3937008 2.362205 0 0.3937008 0.3937008 141.7323 0.3937008 0.3937008 0 0.3937008 0.3937008 141.7323 0.3937008 0.3937008 141.7323 0.3937008 0.3937008 0 3.543307 0.3937008 0 0.3937008 0.3937008 141.7323 3.543307 0.3937008 141.7323 3.543307 0.3937008 141.7323 0.3937008 0.3937008 0 3.543307 0.3937008 0 0.3937008 0 141.7323 3.937008 0 0 0 0 0 3.937008 0 141.7323 0 0 141.7323 3.543307 0 141.7323 0.3937008 0 141.7323 0.3937008 0 141.7323 3.543307 0 141.7323 0 0 141.7323 3.937008 0 0 0 0 0 3.937008 0 141.7323 0.3937008 0.3937008 141.7323 0.3937008 0 141.7323 0.3937008 0.3937008 141.7323 0.3937008 0 141.7323 0.3937008 2.362205 141.7323 0 0 141.7323 0 2.362205 141.7323 0.3937008 2.362205 141.7323 0.3937008 2.362205 141.7323 0 0 141.7323 0</float_array>
                    <technique_common>
                        <accessor count="122" source="#ID80" stride="3">
                            <param name="X" type="float" />
                            <param name="Y" type="float" />
                            <param name="Z" type="float" />
                        </accessor>
                    </technique_common>
                </source>
                <source id="ID78">
                    <float_array id="ID81" count="366">1 0 0 1 0 0 1 0 0 1 0 0 -1 -0 -0 -1 -0 -0 -1 -0 -0 -1 -0 -0 0 0 0 0 0 0 0 0 0 0 0 0 0 -1 0 0 -1 0 0 -1 0 0 -1 0 0 -1 0 0 -1 0 0 -1 0 0 -1 0 -0 1 -0 -0 1 -0 -0 1 -0 -0 1 -0 -0 1 -0 -0 1 -0 -0 1 -0 -0 1 -0 0 0 0 0 0 0 0 0 0 0 0 0 0 0 0 0 0 0 0 0 -1 0 0 -1 0 0 -1 0 0 -1 -0 -0 1 -0 -0 1 -0 -0 1 -0 -0 1 0 0 0 0 1 0 0 1 0 0 1 0 0 1 0 0 1 0 -0 -1 -0 -0 -1 -0 -0 -1 -0 -0 -1 -0 -0 -1 -0 0 0 0 0 0 0 0 0 1 0 0 1 0 0 1 0 0 1 -0 -0 -1 -0 -0 -1 -0 -0 -1 -0 -0 -1 0 0 -1 0 0 -1 0 0 -1 0 0 -1 -0 -0 1 -0 -0 1 -0 -0 1 -0 -0 1 0 0 0 0 0 0 1 0 0 1 0 0 1 0 0 1 0 0 -1 -0 -0 -1 -0 -0 -1 -0 -0 -1 -0 -0 0 0 0 0 0 1 0 0 1 0 0 1 0 0 1 -0 -0 -1 -0 -0 -1 -0 -0 -1 -0 -0 -1 0 0 0 1 0 0 1 0 0 1 0 0 1 0 0 -1 -0 -0 -1 -0 -0 -1 -0 -0 -1 -0 -0 -1 0 0 -1 0 0 -1 0 0 -1 0 0 -1 0 0 -1 0 0 1 -0 -0 1 -0 -0 1 -0 -0 1 -0 -0 1 -0 -0 1 -0 -0 0 0 0 0 1 0 0 1 0 -0 -1 -0 -0 -1 -0 0 1 0 0 1 0 0 1 0 -0 -1 -0 -0 -1 -0 -0 -1 -0</float_array>
                    <technique_common>
                        <accessor count="122" source="#ID81" stride="3">
                            <param name="X" type="float" />
                            <param name="Y" type="float" />
                            <param name="Z" type="float" />
                        </accessor>
                    </technique_common>
                </source>
                <vertices id="ID79">
                    <input semantic="POSITION" source="#ID77" />
                    <input semantic="NORMAL" source="#ID78" />
                </vertices>
                <triangles count="64" material="Material2">
                    <input offset="0" semantic="VERTEX" source="#ID79" />
                    <p>0 1 2 1 0 3 4 5 6 7 6 5 12 13 14 15 16 17 16 15 18 16 18 19 19 18 13 19 13 12 20 21 22 21 23 22 22 23 24 23 25 24 26 24 25 27 21 20 34 35 36 35 34 37 38 39 40 41 40 39 43 44 45 44 43 46 46 43 47 48 49 50 50 49 51 52 51 49 55 56 57 56 55 58 59 60 61 62 61 60 63 64 65 64 63 66 67 68 69 70 69 68 73 74 75 74 73 76 77 78 79 80 79 78 82 83 84 83 82 85 86 87 88 89 88 87 91 92 93 92 91 94 95 96 97 98 97 96 99 100 101 100 99 102 102 99 103 102 103 104 105 106 107 106 108 107 107 108 109 110 109 108 45 112 113 112 45 44 51 52 114 115 114 52 113 116 117 116 113 118 118 113 112 114 115 119 119 115 120 121 120 115</p>
                </triangles>
                <lines count="28" material="Material3">
                    <input offset="0" semantic="VERTEX" source="#ID79" />
                    <p>8 9 10 8 10 11 9 11 28 29 29 30 30 31 32 31 32 8 33 9 28 33 42 10 42 32 42 53 53 54 11 54 54 33 71 28 72 71 29 72 81 30 72 81 81 90 90 31 90 42 111 53 71 111 90 111</p>
                </lines>
            </mesh>
        </geometry>
        <geometry id="ID83">
            <mesh>
                <source id="ID84">
                    <float_array id="ID87" count="336">1.574803 19.68504 3.543307 1.574803 0 3.937008 1.574803 0 3.543307 1.574803 19.68504 3.937008 1.574803 19.68504 3.937008 1.574803 19.68504 3.543307 1.574803 0 3.937008 1.574803 0 3.543307 1.574803 0 3.543307 1.574803 0 3.937008 1.574803 19.68504 3.543307 1.574803 19.68504 3.937008 1.574803 0 3.937008 0.3937008 0 3.543307 1.574803 0 3.543307 1.574803 0 0.3937008 0 0 0 1.574803 0 0 0.3937008 0 0.3937008 0 0 3.937008 1.574803 0 3.937008 0.3937008 0 3.543307 0 0 3.937008 0.3937008 0 0.3937008 0 0 0 1.574803 0 0.3937008 1.574803 0 0 1.574803 0 3.543307 0 0 0 1.574803 0 0 1.574803 0 0.3937008 0.3937008 0 0.3937008 0.3937008 0 3.543307 0 0 3.937008 1.574803 19.68504 3.543307 0.3937008 0 3.543307 0.3937008 19.68504 3.543307 1.574803 0 3.543307 1.574803 0 3.543307 1.574803 19.68504 3.543307 0.3937008 0 3.543307 0.3937008 19.68504 3.543307 0.3937008 19.68504 3.543307 0 19.68504 0 0.3937008 19.68504 0.3937008 1.574803 19.68504 0 0 19.68504 3.937008 0.3937008 19.68504 3.543307 1.574803 19.68504 3.543307 1.574803 19.68504 3.937008 1.574803 19.68504 0.3937008 0.3937008 19.68504 0.3937008 1.574803 19.68504 0 1.574803 19.68504 0.3937008 1.574803 19.68504 3.937008 0 19.68504 3.937008 1.574803 19.68504 3.543307 0.3937008 19.68504 3.543307 0 19.68504 0 0 19.68504 0 0 19.68504 3.937008 0.3937008 19.68504 0.3937008 1.574803 19.68504 0.3937008 1.574803 19.68504 0 1.574803 0 3.937008 0 19.68504 3.937008 0 0 3.937008 1.574803 19.68504 3.937008 1.574803 19.68504 3.937008 1.574803 0 3.937008 0 19.68504 3.937008 0 0 3.937008 1.574803 19.68504 0 0 0 0 0 19.68504 0 1.574803 0 0 1.574803 0 0 1.574803 19.68504 0 0 0 0 0 19.68504 0 1.574803 19.68504 0 1.574803 0 0.3937008 1.574803 0 0 1.574803 19.68504 0.3937008 1.574803 19.68504 0.3937008 1.574803 19.68504 0 1.574803 0 0.3937008 1.574803 0 0 1.574803 0 0.3937008 0.3937008 19.68504 0.3937008 0.3937008 0 0.3937008 1.574803 19.68504 0.3937008 1.574803 19.68504 0.3937008 1.574803 0 0.3937008 0.3937008 19.68504 0.3937008 0.3937008 0 0.3937008 0.3937008 19.68504 0.3937008 0.3937008 0 3.543307 0.3937008 0 0.3937008 0.3937008 19.68504 3.543307 0.3937008 19.68504 3.543307 0.3937008 19.68504 0.3937008 0.3937008 0 3.543307 0.3937008 0 0.3937008 0 19.68504 3.937008 0 0 0 0 0 3.937008 0 19.68504 0 0 19.68504 0 0 19.68504 3.937008 0 0 0 0 0 3.937008</float_array>
                    <technique_common>
                        <accessor count="112" source="#ID87" stride="3">
                            <param name="X" type="float" />
                            <param name="Y" type="float" />
                            <param name="Z" type="float" />
                        </accessor>
                    </technique_common>
                </source>
                <source id="ID85">
                    <float_array id="ID88" count="336">1 0 0 1 0 0 1 0 0 1 0 0 -1 -0 -0 -1 -0 -0 -1 -0 -0 -1 -0 -0 0 0 0 0 0 0 0 0 0 0 0 0 0 -1 0 0 -1 0 0 -1 0 0 -1 0 0 -1 0 0 -1 0 0 -1 0 0 -1 0 -0 1 -0 -0 1 -0 -0 1 -0 -0 1 -0 -0 1 -0 -0 1 -0 -0 1 -0 -0 1 -0 0 0 0 0 0 0 0 0 0 0 0 0 0 0 0 0 0 0 0 0 -1 0 0 -1 0 0 -1 0 0 -1 -0 -0 1 -0 -0 1 -0 -0 1 -0 -0 1 0 0 0 0 1 0 0 1 0 0 1 0 0 1 0 0 1 0 0 1 0 0 1 0 0 1 0 -0 -1 -0 -0 -1 -0 -0 -1 -0 -0 -1 -0 -0 -1 -0 -0 -1 -0 -0 -1 -0 -0 -1 -0 0 0 0 0 0 0 0 0 0 0 0 0 0 0 0 0 0 1 0 0 1 0 0 1 0 0 1 -0 -0 -1 -0 -0 -1 -0 -0 -1 -0 -0 -1 0 0 -1 0 0 -1 0 0 -1 0 0 -1 -0 -0 1 -0 -0 1 -0 -0 1 -0 -0 1 1 0 0 1 0 0 1 0 0 1 0 0 -1 -0 -0 -1 -0 -0 -1 -0 -0 -1 -0 -0 0 0 1 0 0 1 0 0 1 0 0 1 -0 -0 -1 -0 -0 -1 -0 -0 -1 -0 -0 -1 1 0 0 1 0 0 1 0 0 1 0 0 -1 -0 -0 -1 -0 -0 -1 -0 -0 -1 -0 -0 -1 0 0 -1 0 0 -1 0 0 -1 0 0 1 -0 -0 1 -0 -0 1 -0 -0 1 -0 -0</float_array>
                    <technique_common>
                        <accessor count="112" source="#ID88" stride="3">
                            <param name="X" type="float" />
                            <param name="Y" type="float" />
                            <param name="Z" type="float" />
                        </accessor>
                    </technique_common>
                </source>
                <vertices id="ID86">
                    <input semantic="POSITION" source="#ID84" />
                    <input semantic="NORMAL" source="#ID85" />
                </vertices>
                <triangles count="56" material="Material2">
                    <input offset="0" semantic="VERTEX" source="#ID86" />
                    <p>0 1 2 1 0 3 4 5 6 7 6 5 12 13 14 15 16 17 16 15 18 16 18 19 19 18 13 19 13 12 20 21 22 21 23 22 22 23 24 23 25 24 26 24 25 27 21 20 34 35 36 35 34 37 38 39 40 41 40 39 43 44 45 44 43 46 44 46 47 47 46 48 48 46 49 50 45 44 51 52 53 54 55 56 56 55 57 57 55 51 55 58 51 52 51 58 64 65 66 65 64 67 68 69 70 71 70 69 72 73 74 73 72 75 76 77 78 79 78 77 80 81 82 81 80 83 84 85 86 87 86 85 88 89 90 89 88 91 92 93 94 95 94 93 96 97 98 97 96 99 100 101 102 103 102 101 104 105 106 105 104 107 108 109 110 111 110 109</p>
                </triangles>
                <lines count="24" material="Material3">
                    <input offset="0" semantic="VERTEX" source="#ID86" />
                    <p>8 9 10 8 10 11 9 11 28 29 29 30 30 31 32 31 32 8 33 9 28 33 42 10 42 32 59 60 11 60 61 42 62 61 63 62 63 59 60 33 59 28 29 63 62 30 61 31</p>
                </lines>
            </mesh>
        </geometry>
        <geometry id="ID90">
            <mesh>
                <source id="ID91">
                    <float_array id="ID94" count="366">2.362205 141.7323 3.543307 2.362205 0 3.937008 2.362205 0 3.543307 2.362205 141.7323 3.937008 2.362205 141.7323 3.937008 2.362205 141.7323 3.543307 2.362205 0 3.937008 2.362205 0 3.543307 2.362205 0 3.543307 2.362205 0 3.937008 2.362205 141.7323 3.543307 2.362205 141.7323 3.937008 2.362205 0 3.937008 0.3937008 0 3.543307 2.362205 0 3.543307 2.362205 0 0.3937008 0 0 0 2.362205 0 0 0.3937008 0 0.3937008 0 0 3.937008 2.362205 0 3.937008 0.3937008 0 3.543307 0 0 3.937008 0.3937008 0 0.3937008 0 0 0 2.362205 0 0.3937008 2.362205 0 0 2.362205 0 3.543307 0 0 0 2.362205 0 0 2.362205 0 0.3937008 0.3937008 0 0.3937008 0.3937008 0 3.543307 0 0 3.937008 2.362205 141.7323 3.543307 0.3937008 0 3.543307 0.3937008 141.7323 3.543307 2.362205 0 3.543307 2.362205 0 3.543307 2.362205 141.7323 3.543307 0.3937008 0 3.543307 0.3937008 141.7323 3.543307 0.3937008 141.7323 3.543307 0 141.7323 3.937008 0.3937008 141.7323 3.543307 0 141.7323 3.543307 2.362205 141.7323 3.543307 2.362205 141.7323 3.937008 2.362205 141.7323 3.937008 0 141.7323 3.937008 2.362205 141.7323 3.543307 0.3937008 141.7323 3.543307 0 141.7323 3.543307 0 141.7323 3.543307 0 141.7323 3.937008 2.362205 0 3.937008 0 141.7323 3.937008 0 0 3.937008 2.362205 141.7323 3.937008 2.362205 141.7323 3.937008 2.362205 0 3.937008 0 141.7323 3.937008 0 0 3.937008 2.362205 141.7323 0 0 0 0 0 141.7323 0 2.362205 0 0 2.362205 0 0 2.362205 141.7323 0 0 0 0 0 141.7323 0 0 141.7323 0 2.362205 141.7323 0 2.362205 141.7323 0 2.362205 0 0.3937008 2.362205 0 0 2.362205 141.7323 0.3937008 2.362205 141.7323 0.3937008 2.362205 141.7323 0 2.362205 0 0.3937008 2.362205 0 0 2.362205 141.7323 0.3937008 2.362205 0 0.3937008 0.3937008 141.7323 0.3937008 0.3937008 0 0.3937008 2.362205 141.7323 0.3937008 2.362205 141.7323 0.3937008 2.362205 0 0.3937008 0.3937008 141.7323 0.3937008 0.3937008 0 0.3937008 0.3937008 141.7323 0.3937008 0.3937008 141.7323 0.3937008 0.3937008 0 3.543307 0.3937008 0 0.3937008 0.3937008 141.7323 3.543307 0.3937008 141.7323 3.543307 0.3937008 141.7323 0.3937008 0.3937008 0 3.543307 0.3937008 0 0.3937008 0 141.7323 3.937008 0 0 0 0 0 3.937008 0 141.7323 0 0 141.7323 3.543307 0 141.7323 0.3937008 0 141.7323 0.3937008 0 141.7323 3.543307 0 141.7323 0 0 141.7323 3.937008 0 0 0 0 0 3.937008 0 141.7323 0.3937008 0.3937008 141.7323 0.3937008 0 141.7323 0.3937008 0.3937008 141.7323 0.3937008 0 141.7323 0.3937008 2.362205 141.7323 0 0 141.7323 0 2.362205 141.7323 0.3937008 2.362205 141.7323 0.3937008 2.362205 141.7323 0 0 141.7323 0</float_array>
                    <technique_common>
                        <accessor count="122" source="#ID94" stride="3">
                            <param name="X" type="float" />
                            <param name="Y" type="float" />
                            <param name="Z" type="float" />
                        </accessor>
                    </technique_common>
                </source>
                <source id="ID92">
                    <float_array id="ID95" count="366">1 0 0 1 0 0 1 0 0 1 0 0 -1 -0 -0 -1 -0 -0 -1 -0 -0 -1 -0 -0 0 0 0 0 0 0 0 0 0 0 0 0 0 -1 0 0 -1 0 0 -1 0 0 -1 0 0 -1 0 0 -1 0 0 -1 0 0 -1 0 -0 1 -0 -0 1 -0 -0 1 -0 -0 1 -0 -0 1 -0 -0 1 -0 -0 1 -0 -0 1 -0 0 0 0 0 0 0 0 0 0 0 0 0 0 0 0 0 0 0 0 0 -1 0 0 -1 0 0 -1 0 0 -1 -0 -0 1 -0 -0 1 -0 -0 1 -0 -0 1 0 0 0 0 1 0 0 1 0 0 1 0 0 1 0 0 1 0 -0 -1 -0 -0 -1 -0 -0 -1 -0 -0 -1 -0 -0 -1 -0 0 0 0 0 0 0 0 0 1 0 0 1 0 0 1 0 0 1 -0 -0 -1 -0 -0 -1 -0 -0 -1 -0 -0 -1 0 0 -1 0 0 -1 0 0 -1 0 0 -1 -0 -0 1 -0 -0 1 -0 -0 1 -0 -0 1 0 0 0 0 0 0 1 0 0 1 0 0 1 0 0 1 0 0 -1 -0 -0 -1 -0 -0 -1 -0 -0 -1 -0 -0 0 0 0 0 0 1 0 0 1 0 0 1 0 0 1 -0 -0 -1 -0 -0 -1 -0 -0 -1 -0 -0 -1 0 0 0 1 0 0 1 0 0 1 0 0 1 0 0 -1 -0 -0 -1 -0 -0 -1 -0 -0 -1 -0 -0 -1 0 0 -1 0 0 -1 0 0 -1 0 0 -1 0 0 -1 0 0 1 -0 -0 1 -0 -0 1 -0 -0 1 -0 -0 1 -0 -0 1 -0 -0 0 0 0 0 1 0 0 1 0 -0 -1 -0 -0 -1 -0 0 1 0 0 1 0 0 1 0 -0 -1 -0 -0 -1 -0 -0 -1 -0</float_array>
                    <technique_common>
                        <accessor count="122" source="#ID95" stride="3">
                            <param name="X" type="float" />
                            <param name="Y" type="float" />
                            <param name="Z" type="float" />
                        </accessor>
                    </technique_common>
                </source>
                <vertices id="ID93">
                    <input semantic="POSITION" source="#ID91" />
                    <input semantic="NORMAL" source="#ID92" />
                </vertices>
                <triangles count="64" material="Material2">
                    <input offset="0" semantic="VERTEX" source="#ID93" />
                    <p>0 1 2 1 0 3 4 5 6 7 6 5 12 13 14 15 16 17 16 15 18 16 18 19 19 18 13 19 13 12 20 21 22 21 23 22 22 23 24 23 25 24 26 24 25 27 21 20 34 35 36 35 34 37 38 39 40 41 40 39 43 44 45 44 43 46 46 43 47 48 49 50 50 49 51 52 51 49 55 56 57 56 55 58 59 60 61 62 61 60 63 64 65 64 63 66 67 68 69 70 69 68 73 74 75 74 73 76 77 78 79 80 79 78 82 83 84 83 82 85 86 87 88 89 88 87 91 92 93 92 91 94 95 96 97 98 97 96 99 100 101 100 99 102 102 99 103 102 103 104 105 106 107 106 108 107 107 108 109 110 109 108 45 112 113 112 45 44 51 52 114 115 114 52 113 116 117 116 113 118 118 113 112 114 115 119 119 115 120 121 120 115</p>
                </triangles>
                <lines count="28" material="Material3">
                    <input offset="0" semantic="VERTEX" source="#ID93" />
                    <p>8 9 10 8 10 11 9 11 28 29 29 30 30 31 32 31 32 8 33 9 28 33 42 10 42 32 42 53 53 54 11 54 54 33 71 28 72 71 29 72 81 30 72 81 81 90 90 31 90 42 111 53 71 111 90 111</p>
                </lines>
            </mesh>
        </geometry>
        <geometry id="ID97">
            <mesh>
                <source id="ID98">
                    <float_array id="ID101" count="240">47.24409 3.937008 0 0 0 0 0 3.937008 0 47.24409 0 0 47.24409 0 0 47.24409 3.937008 0 0 0 0 0 3.937008 0 47.24409 3.937008 0 0 3.937008 0 47.24409 0 0 0 0 0 0 3.937008 1.574803 47.24409 3.937008 0 0 3.937008 0 47.24409 3.937008 1.574803 47.24409 3.937008 1.574803 0 3.937008 1.574803 47.24409 3.937008 0 0 3.937008 0 0 3.937008 1.574803 47.24409 3.937008 1.574803 47.24409 0 0 47.24409 0.1968504 0.1968504 47.24409 0 1.574803 47.24409 3.937008 0 47.24409 3.740157 0.1968504 47.24409 3.740157 1.377953 47.24409 0.1968504 1.377953 47.24409 3.937008 1.574803 47.24409 3.937008 0 47.24409 3.740157 1.377953 47.24409 3.937008 1.574803 47.24409 0.1968504 1.377953 47.24409 0.1968504 0.1968504 47.24409 0 1.574803 47.24409 3.740157 0.1968504 47.24409 0 0 47.24409 0 1.574803 47.24409 3.740157 1.377953 47.24409 0.1968504 1.377953 47.24409 3.740157 0.1968504 47.24409 0.1968504 0.1968504 47.24409 0 1.574803 0 0 0 47.24409 0 0 0 0 1.574803 0 0 1.574803 47.24409 0 1.574803 0 0 0 47.24409 0 0 0 0 1.574803 0 0 1.574803 1.065814e-14 0.1968504 1.377953 0 0 0 0 3.937008 1.574803 1.065814e-14 3.740157 1.377953 1.065814e-14 3.740157 0.1968504 1.065814e-14 0.1968504 0.1968504 0 3.937008 0 0 3.937008 1.574803 1.065814e-14 3.740157 0.1968504 0 3.937008 0 1.065814e-14 0.1968504 0.1968504 1.065814e-14 0.1968504 1.377953 0 0 0 1.065814e-14 3.740157 1.377953 0 0 1.574803 1.065814e-14 3.740157 1.377953 1.065814e-14 0.1968504 1.377953 1.065814e-14 0.1968504 0.1968504 1.065814e-14 3.740157 0.1968504 47.24409 0 1.574803 0 3.937008 1.574803 0 0 1.574803 47.24409 3.937008 1.574803 47.24409 3.937008 1.574803 47.24409 0 1.574803 0 3.937008 1.574803 0 0 1.574803</float_array>
                    <technique_common>
                        <accessor count="80" source="#ID101" stride="3">
                            <param name="X" type="float" />
                            <param name="Y" type="float" />
                            <param name="Z" type="float" />
                        </accessor>
                    </technique_common>
                </source>
                <source id="ID99">
                    <float_array id="ID102" count="240">0 0 -1 0 0 -1 0 0 -1 0 0 -1 -0 -0 1 -0 -0 1 -0 -0 1 -0 -0 1 0 0 0 0 0 0 0 0 0 0 0 0 0 1 0 0 1 0 0 1 0 0 1 0 -0 -1 -0 -0 -1 -0 -0 -1 -0 -0 -1 -0 0 0 0 0 0 0 1 0 0 1 0 0 1 0 0 1 0 0 1 0 0 1 0 0 1 0 0 1 0 0 -1 -0 -0 -1 -0 -0 -1 -0 -0 -1 -0 -0 -1 -0 -0 -1 -0 -0 -1 -0 -0 -1 -0 -0 0 0 0 0 0 0 0 0 0 0 0 0 0 0 0 0 -1 0 0 -1 0 0 -1 0 0 -1 0 -0 1 -0 -0 1 -0 -0 1 -0 -0 1 -0 0 0 0 -1 -0 -0 -1 -0 -0 -1 -0 -0 -1 -0 -0 -1 -0 -0 -1 -0 -0 -1 -0 -0 -1 -0 -0 1 0 0 1 0 0 1 0 0 1 0 0 1 0 0 1 0 0 1 0 0 1 0 0 0 0 0 0 0 0 0 0 0 0 0 0 0 0 1 0 0 1 0 0 1 0 0 1 -0 -0 -1 -0 -0 -1 -0 -0 -1 -0 -0 -1</float_array>
                    <technique_common>
                        <accessor count="80" source="#ID102" stride="3">
                            <param name="X" type="float" />
                            <param name="Y" type="float" />
                            <param name="Z" type="float" />
                        </accessor>
                    </technique_common>
                </source>
                <vertices id="ID100">
                    <input semantic="POSITION" source="#ID98" />
                    <input semantic="NORMAL" source="#ID99" />
                </vertices>
                <triangles count="48" material="Material2">
                    <input offset="0" semantic="VERTEX" source="#ID100" />
                    <p>0 1 2 1 0 3 4 5 6 7 6 5 12 13 14 13 12 15 16 17 18 19 18 17 22 23 24 23 22 25 23 25 26 26 25 27 24 28 29 28 24 23 29 28 27 29 27 25 30 31 32 31 33 32 34 35 33 32 33 35 31 30 36 36 30 34 30 37 34 35 34 37 43 44 45 44 43 46 47 48 49 50 49 48 52 53 54 53 52 55 53 55 56 56 55 57 54 58 59 58 54 53 59 58 57 59 57 55 60 61 62 61 63 62 64 65 63 62 63 65 61 60 66 66 60 64 60 67 64 65 64 67 72 73 74 73 72 75 76 77 78 79 78 77</p>
                </triangles>
                <lines count="20" material="Material3">
                    <input offset="0" semantic="VERTEX" source="#ID100" />
                    <p>8 9 10 8 11 10 9 11 9 20 21 20 8 21 38 21 10 38 39 40 41 39 42 41 40 42 51 38 11 51 20 51 68 69 69 70 70 71 71 68</p>
                </lines>
            </mesh>
        </geometry>
        <geometry id="ID103">
            <mesh>
                <source id="ID104">
                    <float_array id="ID107" count="120">47.24409 3.740157 1.377953 1.065814e-14 0.1968504 1.377953 1.065814e-14 3.740157 1.377953 47.24409 0.1968504 1.377953 47.24409 0.1968504 1.377953 47.24409 3.740157 1.377953 1.065814e-14 0.1968504 1.377953 1.065814e-14 3.740157 1.377953 47.24409 3.740157 1.377953 47.24409 0.1968504 1.377953 1.065814e-14 0.1968504 1.377953 1.065814e-14 3.740157 1.377953 1.065814e-14 0.1968504 1.377953 47.24409 0.1968504 0.1968504 1.065814e-14 0.1968504 0.1968504 47.24409 0.1968504 1.377953 47.24409 0.1968504 1.377953 1.065814e-14 0.1968504 1.377953 47.24409 0.1968504 0.1968504 1.065814e-14 0.1968504 0.1968504 47.24409 0.1968504 0.1968504 1.065814e-14 0.1968504 0.1968504 47.24409 3.740157 1.377953 1.065814e-14 3.740157 0.1968504 47.24409 3.740157 0.1968504 1.065814e-14 3.740157 1.377953 1.065814e-14 3.740157 1.377953 47.24409 3.740157 1.377953 1.065814e-14 3.740157 0.1968504 47.24409 3.740157 0.1968504 47.24409 3.740157 0.1968504 1.065814e-14 3.740157 0.1968504 47.24409 0.1968504 0.1968504 1.065814e-14 3.740157 0.1968504 1.065814e-14 0.1968504 0.1968504 47.24409 3.740157 0.1968504 47.24409 3.740157 0.1968504 47.24409 0.1968504 0.1968504 1.065814e-14 3.740157 0.1968504 1.065814e-14 0.1968504 0.1968504</float_array>
                    <technique_common>
                        <accessor count="40" source="#ID107" stride="3">
                            <param name="X" type="float" />
                            <param name="Y" type="float" />
                            <param name="Z" type="float" />
                        </accessor>
                    </technique_common>
                </source>
                <source id="ID105">
                    <float_array id="ID108" count="120">-0 -0 -1 -0 -0 -1 -0 -0 -1 -0 -0 -1 0 0 1 0 0 1 0 0 1 0 0 1 0 0 0 0 0 0 0 0 0 0 0 0 0 1 0 0 1 0 0 1 0 0 1 0 -0 -1 -0 -0 -1 -0 -0 -1 -0 -0 -1 -0 0 0 0 0 0 0 0 -1 0 0 -1 0 0 -1 0 0 -1 0 -0 1 -0 -0 1 -0 -0 1 -0 -0 1 -0 0 0 0 0 0 0 0 0 1 0 0 1 0 0 1 0 0 1 -0 -0 -1 -0 -0 -1 -0 -0 -1 -0 -0 -1</float_array>
                    <technique_common>
                        <accessor count="40" source="#ID108" stride="3">
                            <param name="X" type="float" />
                            <param name="Y" type="float" />
                            <param name="Z" type="float" />
                        </accessor>
                    </technique_common>
                </source>
                <vertices id="ID106">
                    <input semantic="POSITION" source="#ID104" />
                    <input semantic="NORMAL" source="#ID105" />
                </vertices>
                <triangles count="16" material="Material2">
                    <input offset="0" semantic="VERTEX" source="#ID106" />
                    <p>0 1 2 1 0 3 4 5 6 7 6 5 12 13 14 13 12 15 16 17 18 19 18 17 22 23 24 23 22 25 26 27 28 29 28 27 32 33 34 33 32 35 36 37 38 39 38 37</p>
                </triangles>
                <lines count="12" material="Material3">
                    <input offset="0" semantic="VERTEX" source="#ID106" />
                    <p>8 9 9 10 11 10 8 11 9 20 20 21 10 21 30 8 31 11 30 31 20 30 21 31</p>
                </lines>
            </mesh>
        </geometry>
        <geometry id="ID110">
            <mesh>
                <source id="ID111">
                    <float_array id="ID114" count="240">46.45669 3.937008 0 0 0 0 0 3.937008 0 46.45669 0 0 46.45669 0 0 46.45669 3.937008 0 0 0 0 0 3.937008 0 46.45669 3.937008 0 0 3.937008 0 46.45669 0 0 0 0 0 0 3.937008 1.574803 46.45669 3.937008 0 0 3.937008 0 46.45669 3.937008 1.574803 46.45669 3.937008 1.574803 0 3.937008 1.574803 46.45669 3.937008 0 0 3.937008 0 0 3.937008 1.574803 46.45669 3.937008 1.574803 46.45669 0 0 46.45669 0.1968504 0.1968504 46.45669 0 1.574803 46.45669 3.937008 0 46.45669 3.740157 0.1968504 46.45669 3.740157 1.377953 46.45669 0.1968504 1.377953 46.45669 3.937008 1.574803 46.45669 3.937008 0 46.45669 3.740157 1.377953 46.45669 3.937008 1.574803 46.45669 0.1968504 1.377953 46.45669 0.1968504 0.1968504 46.45669 0 1.574803 46.45669 3.740157 0.1968504 46.45669 0 0 46.45669 0 1.574803 46.45669 3.740157 1.377953 46.45669 0.1968504 1.377953 46.45669 3.740157 0.1968504 46.45669 0.1968504 0.1968504 46.45669 0 1.574803 0 0 0 46.45669 0 0 0 0 1.574803 0 0 1.574803 46.45669 0 1.574803 0 0 0 46.45669 0 0 0 0 1.574803 0 0 1.574803 1.065814e-14 0.1968504 1.377953 0 0 0 0 3.937008 1.574803 1.065814e-14 3.740157 1.377953 1.065814e-14 0.1968504 0.1968504 0 3.937008 0 1.065814e-14 3.740157 0.1968504 0 3.937008 1.574803 1.065814e-14 3.740157 1.377953 0 3.937008 0 1.065814e-14 3.740157 0.1968504 1.065814e-14 0.1968504 0.1968504 1.065814e-14 0.1968504 1.377953 0 0 0 0 0 1.574803 1.065814e-14 3.740157 1.377953 1.065814e-14 0.1968504 1.377953 1.065814e-14 0.1968504 0.1968504 1.065814e-14 3.740157 0.1968504 46.45669 0 1.574803 0 3.937008 1.574803 0 0 1.574803 46.45669 3.937008 1.574803 46.45669 3.937008 1.574803 46.45669 0 1.574803 0 3.937008 1.574803 0 0 1.574803</float_array>
                    <technique_common>
                        <accessor count="80" source="#ID114" stride="3">
                            <param name="X" type="float" />
                            <param name="Y" type="float" />
                            <param name="Z" type="float" />
                        </accessor>
                    </technique_common>
                </source>
                <source id="ID112">
                    <float_array id="ID115" count="240">0 0 -1 0 0 -1 0 0 -1 0 0 -1 -0 -0 1 -0 -0 1 -0 -0 1 -0 -0 1 0 0 0 0 0 0 0 0 0 0 0 0 0 1 0 0 1 0 0 1 0 0 1 0 -0 -1 -0 -0 -1 -0 -0 -1 -0 -0 -1 -0 0 0 0 0 0 0 1 0 0 1 0 0 1 0 0 1 0 0 1 0 0 1 0 0 1 0 0 1 0 0 -1 -0 -0 -1 -0 -0 -1 -0 -0 -1 -0 -0 -1 -0 -0 -1 -0 -0 -1 -0 -0 -1 -0 -0 0 0 0 0 0 0 0 0 0 0 0 0 0 0 0 0 -1 0 0 -1 0 0 -1 0 0 -1 0 -0 1 -0 -0 1 -0 -0 1 -0 -0 1 -0 0 0 0 -1 -0 0 -1 -0 0 -1 -0 0 -1 -0 0 -1 -0 0 -1 -0 0 -1 -0 0 -1 -0 0 1 0 -0 1 0 -0 1 0 -0 1 0 -0 1 0 -0 1 0 -0 1 0 -0 1 0 -0 0 0 0 0 0 0 0 0 0 0 0 0 0 0 1 0 0 1 0 0 1 0 0 1 -0 -0 -1 -0 -0 -1 -0 -0 -1 -0 -0 -1</float_array>
                    <technique_common>
                        <accessor count="80" source="#ID115" stride="3">
                            <param name="X" type="float" />
                            <param name="Y" type="float" />
                            <param name="Z" type="float" />
                        </accessor>
                    </technique_common>
                </source>
                <vertices id="ID113">
                    <input semantic="POSITION" source="#ID111" />
                    <input semantic="NORMAL" source="#ID112" />
                </vertices>
                <triangles count="48" material="Material2">
                    <input offset="0" semantic="VERTEX" source="#ID113" />
                    <p>0 1 2 1 0 3 4 5 6 7 6 5 12 13 14 13 12 15 16 17 18 19 18 17 22 23 24 23 22 25 23 25 26 26 25 27 24 28 29 28 24 23 29 28 27 29 27 25 30 31 32 31 33 32 34 35 33 32 33 35 31 30 36 36 30 34 30 37 34 35 34 37 43 44 45 44 43 46 47 48 49 50 49 48 52 53 54 53 52 55 53 55 56 54 57 58 57 54 53 58 57 59 58 59 56 58 56 55 60 61 62 61 63 62 63 64 62 65 66 64 62 64 66 61 60 65 60 67 65 66 65 67 72 73 74 73 72 75 76 77 78 79 78 77</p>
                </triangles>
                <lines count="20" material="Material3">
                    <input offset="0" semantic="VERTEX" source="#ID113" />
                    <p>8 9 10 8 11 10 9 11 9 20 21 20 8 21 38 21 10 38 39 40 41 39 42 41 40 42 51 38 11 51 20 51 68 69 69 70 70 71 71 68</p>
                </lines>
            </mesh>
        </geometry>
        <geometry id="ID116">
            <mesh>
                <source id="ID117">
                    <float_array id="ID120" count="120">46.45669 3.740157 1.377953 1.065814e-14 0.1968504 1.377953 1.065814e-14 3.740157 1.377953 46.45669 0.1968504 1.377953 46.45669 0.1968504 1.377953 46.45669 3.740157 1.377953 1.065814e-14 0.1968504 1.377953 1.065814e-14 3.740157 1.377953 46.45669 3.740157 1.377953 46.45669 0.1968504 1.377953 1.065814e-14 0.1968504 1.377953 1.065814e-14 3.740157 1.377953 1.065814e-14 0.1968504 1.377953 46.45669 0.1968504 0.1968504 1.065814e-14 0.1968504 0.1968504 46.45669 0.1968504 1.377953 46.45669 0.1968504 1.377953 1.065814e-14 0.1968504 1.377953 46.45669 0.1968504 0.1968504 1.065814e-14 0.1968504 0.1968504 46.45669 0.1968504 0.1968504 1.065814e-14 0.1968504 0.1968504 46.45669 3.740157 1.377953 1.065814e-14 3.740157 0.1968504 46.45669 3.740157 0.1968504 1.065814e-14 3.740157 1.377953 1.065814e-14 3.740157 1.377953 46.45669 3.740157 1.377953 1.065814e-14 3.740157 0.1968504 46.45669 3.740157 0.1968504 46.45669 3.740157 0.1968504 1.065814e-14 3.740157 0.1968504 46.45669 0.1968504 0.1968504 1.065814e-14 3.740157 0.1968504 1.065814e-14 0.1968504 0.1968504 46.45669 3.740157 0.1968504 46.45669 3.740157 0.1968504 46.45669 0.1968504 0.1968504 1.065814e-14 3.740157 0.1968504 1.065814e-14 0.1968504 0.1968504</float_array>
                    <technique_common>
                        <accessor count="40" source="#ID120" stride="3">
                            <param name="X" type="float" />
                            <param name="Y" type="float" />
                            <param name="Z" type="float" />
                        </accessor>
                    </technique_common>
                </source>
                <source id="ID118">
                    <float_array id="ID121" count="120">0 0 -1 0 0 -1 0 0 -1 0 0 -1 -0 -0 1 -0 -0 1 -0 -0 1 -0 -0 1 0 0 0 0 0 0 0 0 0 0 0 0 0 1 0 0 1 0 0 1 0 0 1 0 -0 -1 -0 -0 -1 -0 -0 -1 -0 -0 -1 -0 0 0 0 0 0 0 0 -1 0 0 -1 0 0 -1 0 0 -1 0 -0 1 -0 -0 1 -0 -0 1 -0 -0 1 -0 0 0 0 0 0 0 0 0 1 0 0 1 0 0 1 0 0 1 -0 -0 -1 -0 -0 -1 -0 -0 -1 -0 -0 -1</float_array>
                    <technique_common>
                        <accessor count="40" source="#ID121" stride="3">
                            <param name="X" type="float" />
                            <param name="Y" type="float" />
                            <param name="Z" type="float" />
                        </accessor>
                    </technique_common>
                </source>
                <vertices id="ID119">
                    <input semantic="POSITION" source="#ID117" />
                    <input semantic="NORMAL" source="#ID118" />
                </vertices>
                <triangles count="16" material="Material2">
                    <input offset="0" semantic="VERTEX" source="#ID119" />
                    <p>0 1 2 1 0 3 4 5 6 7 6 5 12 13 14 13 12 15 16 17 18 19 18 17 22 23 24 23 22 25 26 27 28 29 28 27 32 33 34 33 32 35 36 37 38 39 38 37</p>
                </triangles>
                <lines count="12" material="Material3">
                    <input offset="0" semantic="VERTEX" source="#ID119" />
                    <p>8 9 9 10 11 10 8 11 9 20 20 21 10 21 30 8 31 11 30 31 20 30 21 31</p>
                </lines>
            </mesh>
        </geometry>
        <geometry id="ID123">
            <mesh>
                <source id="ID124">
                    <float_array id="ID127" count="240">46.45669 3.937008 0 0 0 0 0 3.937008 0 46.45669 0 0 46.45669 0 0 46.45669 3.937008 0 0 0 0 0 3.937008 0 46.45669 3.937008 0 0 3.937008 0 46.45669 0 0 0 0 0 0 3.937008 1.574803 46.45669 3.937008 0 0 3.937008 0 46.45669 3.937008 1.574803 46.45669 3.937008 1.574803 0 3.937008 1.574803 46.45669 3.937008 0 0 3.937008 0 0 3.937008 1.574803 46.45669 3.937008 1.574803 46.45669 0 0 46.45669 0.1968504 0.1968504 46.45669 0 1.574803 46.45669 3.937008 0 46.45669 3.740157 0.1968504 46.45669 3.740157 1.377953 46.45669 0.1968504 1.377953 46.45669 3.937008 1.574803 46.45669 3.937008 0 46.45669 3.740157 1.377953 46.45669 3.937008 1.574803 46.45669 0.1968504 1.377953 46.45669 0.1968504 0.1968504 46.45669 0 1.574803 46.45669 3.740157 0.1968504 46.45669 0 0 46.45669 0 1.574803 46.45669 3.740157 1.377953 46.45669 0.1968504 1.377953 46.45669 3.740157 0.1968504 46.45669 0.1968504 0.1968504 46.45669 0 1.574803 0 0 0 46.45669 0 0 0 0 1.574803 0 0 1.574803 46.45669 0 1.574803 0 0 0 46.45669 0 0 0 0 1.574803 0 0 1.574803 1.065814e-14 0.1968504 1.377953 0 0 0 0 3.937008 1.574803 1.065814e-14 3.740157 1.377953 1.065814e-14 0.1968504 0.1968504 0 3.937008 0 1.065814e-14 3.740157 0.1968504 0 3.937008 1.574803 1.065814e-14 3.740157 1.377953 0 3.937008 0 1.065814e-14 3.740157 0.1968504 1.065814e-14 0.1968504 0.1968504 1.065814e-14 0.1968504 1.377953 0 0 0 0 0 1.574803 1.065814e-14 3.740157 1.377953 1.065814e-14 0.1968504 1.377953 1.065814e-14 0.1968504 0.1968504 1.065814e-14 3.740157 0.1968504 46.45669 0 1.574803 0 3.937008 1.574803 0 0 1.574803 46.45669 3.937008 1.574803 46.45669 3.937008 1.574803 46.45669 0 1.574803 0 3.937008 1.574803 0 0 1.574803</float_array>
                    <technique_common>
                        <accessor count="80" source="#ID127" stride="3">
                            <param name="X" type="float" />
                            <param name="Y" type="float" />
                            <param name="Z" type="float" />
                        </accessor>
                    </technique_common>
                </source>
                <source id="ID125">
                    <float_array id="ID128" count="240">0 0 -1 0 0 -1 0 0 -1 0 0 -1 -0 -0 1 -0 -0 1 -0 -0 1 -0 -0 1 0 0 0 0 0 0 0 0 0 0 0 0 0 1 0 0 1 0 0 1 0 0 1 0 -0 -1 -0 -0 -1 -0 -0 -1 -0 -0 -1 -0 0 0 0 0 0 0 1 0 0 1 0 0 1 0 0 1 0 0 1 0 0 1 0 0 1 0 0 1 0 0 -1 -0 -0 -1 -0 -0 -1 -0 -0 -1 -0 -0 -1 -0 -0 -1 -0 -0 -1 -0 -0 -1 -0 -0 0 0 0 0 0 0 0 0 0 0 0 0 0 0 0 0 -1 0 0 -1 0 0 -1 0 0 -1 0 -0 1 -0 -0 1 -0 -0 1 -0 -0 1 -0 0 0 0 -1 -0 0 -1 -0 0 -1 -0 0 -1 -0 0 -1 -0 0 -1 -0 0 -1 -0 0 -1 -0 0 1 0 -0 1 0 -0 1 0 -0 1 0 -0 1 0 -0 1 0 -0 1 0 -0 1 0 -0 0 0 0 0 0 0 0 0 0 0 0 0 0 0 1 0 0 1 0 0 1 0 0 1 -0 -0 -1 -0 -0 -1 -0 -0 -1 -0 -0 -1</float_array>
                    <technique_common>
                        <accessor count="80" source="#ID128" stride="3">
                            <param name="X" type="float" />
                            <param name="Y" type="float" />
                            <param name="Z" type="float" />
                        </accessor>
                    </technique_common>
                </source>
                <vertices id="ID126">
                    <input semantic="POSITION" source="#ID124" />
                    <input semantic="NORMAL" source="#ID125" />
                </vertices>
                <triangles count="48" material="Material2">
                    <input offset="0" semantic="VERTEX" source="#ID126" />
                    <p>0 1 2 1 0 3 4 5 6 7 6 5 12 13 14 13 12 15 16 17 18 19 18 17 22 23 24 23 22 25 23 25 26 26 25 27 24 28 29 28 24 23 29 28 27 29 27 25 30 31 32 31 33 32 34 35 33 32 33 35 31 30 36 36 30 34 30 37 34 35 34 37 43 44 45 44 43 46 47 48 49 50 49 48 52 53 54 53 52 55 53 55 56 54 57 58 57 54 53 58 57 59 58 59 56 58 56 55 60 61 62 61 63 62 63 64 62 65 66 64 62 64 66 61 60 65 60 67 65 66 65 67 72 73 74 73 72 75 76 77 78 79 78 77</p>
                </triangles>
                <lines count="20" material="Material3">
                    <input offset="0" semantic="VERTEX" source="#ID126" />
                    <p>8 9 10 8 11 10 9 11 9 20 21 20 8 21 38 21 10 38 39 40 41 39 42 41 40 42 51 38 11 51 20 51 68 69 69 70 70 71 71 68</p>
                </lines>
            </mesh>
        </geometry>
        <geometry id="ID129">
            <mesh>
                <source id="ID130">
                    <float_array id="ID133" count="120">46.45669 3.740157 1.377953 1.065814e-14 0.1968504 1.377953 1.065814e-14 3.740157 1.377953 46.45669 0.1968504 1.377953 46.45669 0.1968504 1.377953 46.45669 3.740157 1.377953 1.065814e-14 0.1968504 1.377953 1.065814e-14 3.740157 1.377953 46.45669 3.740157 1.377953 46.45669 0.1968504 1.377953 1.065814e-14 0.1968504 1.377953 1.065814e-14 3.740157 1.377953 1.065814e-14 0.1968504 1.377953 46.45669 0.1968504 0.1968504 1.065814e-14 0.1968504 0.1968504 46.45669 0.1968504 1.377953 46.45669 0.1968504 1.377953 1.065814e-14 0.1968504 1.377953 46.45669 0.1968504 0.1968504 1.065814e-14 0.1968504 0.1968504 46.45669 0.1968504 0.1968504 1.065814e-14 0.1968504 0.1968504 46.45669 3.740157 1.377953 1.065814e-14 3.740157 0.1968504 46.45669 3.740157 0.1968504 1.065814e-14 3.740157 1.377953 1.065814e-14 3.740157 1.377953 46.45669 3.740157 1.377953 1.065814e-14 3.740157 0.1968504 46.45669 3.740157 0.1968504 46.45669 3.740157 0.1968504 1.065814e-14 3.740157 0.1968504 46.45669 0.1968504 0.1968504 1.065814e-14 3.740157 0.1968504 1.065814e-14 0.1968504 0.1968504 46.45669 3.740157 0.1968504 46.45669 3.740157 0.1968504 46.45669 0.1968504 0.1968504 1.065814e-14 3.740157 0.1968504 1.065814e-14 0.1968504 0.1968504</float_array>
                    <technique_common>
                        <accessor count="40" source="#ID133" stride="3">
                            <param name="X" type="float" />
                            <param name="Y" type="float" />
                            <param name="Z" type="float" />
                        </accessor>
                    </technique_common>
                </source>
                <source id="ID131">
                    <float_array id="ID134" count="120">0 0 -1 0 0 -1 0 0 -1 0 0 -1 -0 -0 1 -0 -0 1 -0 -0 1 -0 -0 1 0 0 0 0 0 0 0 0 0 0 0 0 0 1 0 0 1 0 0 1 0 0 1 0 -0 -1 -0 -0 -1 -0 -0 -1 -0 -0 -1 -0 0 0 0 0 0 0 0 -1 0 0 -1 0 0 -1 0 0 -1 0 -0 1 -0 -0 1 -0 -0 1 -0 -0 1 -0 0 0 0 0 0 0 0 0 1 0 0 1 0 0 1 0 0 1 -0 -0 -1 -0 -0 -1 -0 -0 -1 -0 -0 -1</float_array>
                    <technique_common>
                        <accessor count="40" source="#ID134" stride="3">
                            <param name="X" type="float" />
                            <param name="Y" type="float" />
                            <param name="Z" type="float" />
                        </accessor>
                    </technique_common>
                </source>
                <vertices id="ID132">
                    <input semantic="POSITION" source="#ID130" />
                    <input semantic="NORMAL" source="#ID131" />
                </vertices>
                <triangles count="16" material="Material2">
                    <input offset="0" semantic="VERTEX" source="#ID132" />
                    <p>0 1 2 1 0 3 4 5 6 7 6 5 12 13 14 13 12 15 16 17 18 19 18 17 22 23 24 23 22 25 26 27 28 29 28 27 32 33 34 33 32 35 36 37 38 39 38 37</p>
                </triangles>
                <lines count="12" material="Material3">
                    <input offset="0" semantic="VERTEX" source="#ID132" />
                    <p>8 9 9 10 11 10 8 11 9 20 20 21 10 21 30 8 31 11 30 31 20 30 21 31</p>
                </lines>
            </mesh>
        </geometry>
        <geometry id="ID136">
            <mesh>
                <source id="ID137">
                    <float_array id="ID140" count="336">1.574803 40.15748 3.543307 1.574803 12.99213 3.937008 1.574803 12.99213 3.543307 1.574803 40.15748 3.937008 1.574803 40.15748 3.937008 1.574803 40.15748 3.543307 1.574803 12.99213 3.937008 1.574803 12.99213 3.543307 1.574803 12.99213 3.543307 1.574803 12.99213 3.937008 1.574803 40.15748 3.543307 1.574803 40.15748 3.937008 1.574803 12.99213 3.937008 0.3937008 12.99213 3.543307 1.574803 12.99213 3.543307 1.574803 12.99213 0.3937008 5.684342e-14 12.99213 0 1.574803 12.99213 0 0.3937008 12.99213 0.3937008 2.842171e-14 12.99213 3.937008 1.574803 12.99213 3.937008 0.3937008 12.99213 3.543307 2.842171e-14 12.99213 3.937008 0.3937008 12.99213 0.3937008 5.684342e-14 12.99213 0 1.574803 12.99213 0.3937008 1.574803 12.99213 0 1.574803 12.99213 3.543307 5.684342e-14 12.99213 0 1.574803 12.99213 0 1.574803 12.99213 0.3937008 0.3937008 12.99213 0.3937008 0.3937008 12.99213 3.543307 2.842171e-14 12.99213 3.937008 1.574803 40.15748 3.543307 0.3937008 12.99213 3.543307 0.3937008 40.15748 3.543307 1.574803 12.99213 3.543307 1.574803 12.99213 3.543307 1.574803 40.15748 3.543307 0.3937008 12.99213 3.543307 0.3937008 40.15748 3.543307 0.3937008 40.15748 3.543307 -5.684342e-14 40.15748 0 0.3937008 40.15748 0.3937008 1.574803 40.15748 0 -5.684342e-14 40.15748 3.937008 1.574803 40.15748 0.3937008 0.3937008 40.15748 3.543307 1.574803 40.15748 3.543307 1.574803 40.15748 3.937008 1.574803 40.15748 3.937008 -5.684342e-14 40.15748 3.937008 1.574803 40.15748 3.543307 0.3937008 40.15748 3.543307 0.3937008 40.15748 0.3937008 1.574803 40.15748 0.3937008 1.574803 40.15748 0 -5.684342e-14 40.15748 0 -5.684342e-14 40.15748 0 -5.684342e-14 40.15748 3.937008 0.3937008 40.15748 0.3937008 1.574803 40.15748 0.3937008 1.574803 40.15748 0 2.842171e-14 12.99213 3.937008 1.574803 40.15748 3.937008 -5.684342e-14 40.15748 3.937008 1.574803 12.99213 3.937008 1.574803 12.99213 3.937008 2.842171e-14 12.99213 3.937008 1.574803 40.15748 3.937008 -5.684342e-14 40.15748 3.937008 1.574803 40.15748 0 5.684342e-14 12.99213 0 -5.684342e-14 40.15748 0 1.574803 12.99213 0 1.574803 12.99213 0 1.574803 40.15748 0 5.684342e-14 12.99213 0 -5.684342e-14 40.15748 0 1.574803 40.15748 0 1.574803 12.99213 0.3937008 1.574803 12.99213 0 1.574803 40.15748 0.3937008 1.574803 40.15748 0.3937008 1.574803 40.15748 0 1.574803 12.99213 0.3937008 1.574803 12.99213 0 0.3937008 12.99213 0.3937008 1.574803 40.15748 0.3937008 0.3937008 40.15748 0.3937008 1.574803 12.99213 0.3937008 1.574803 12.99213 0.3937008 0.3937008 12.99213 0.3937008 1.574803 40.15748 0.3937008 0.3937008 40.15748 0.3937008 0.3937008 40.15748 0.3937008 0.3937008 12.99213 3.543307 0.3937008 12.99213 0.3937008 0.3937008 40.15748 3.543307 0.3937008 40.15748 3.543307 0.3937008 40.15748 0.3937008 0.3937008 12.99213 3.543307 0.3937008 12.99213 0.3937008 -5.684342e-14 40.15748 3.937008 5.684342e-14 12.99213 0 2.842171e-14 12.99213 3.937008 -5.684342e-14 40.15748 0 -5.684342e-14 40.15748 0 -5.684342e-14 40.15748 3.937008 5.684342e-14 12.99213 0 2.842171e-14 12.99213 3.937008</float_array>
                    <technique_common>
                        <accessor count="112" source="#ID140" stride="3">
                            <param name="X" type="float" />
                            <param name="Y" type="float" />
                            <param name="Z" type="float" />
                        </accessor>
                    </technique_common>
                </source>
                <source id="ID138">
                    <float_array id="ID141" count="336">1 -5.330134e-46 0 1 -5.330134e-46 0 1 -5.330134e-46 0 1 -5.330134e-46 0 -1 5.330134e-46 -0 -1 5.330134e-46 -0 -1 5.330134e-46 -0 -1 5.330134e-46 -0 0 0 0 0 0 0 0 0 0 0 0 0 5.330134e-46 -1 0 5.330134e-46 -1 0 5.330134e-46 -1 0 5.330134e-46 -1 0 5.330134e-46 -1 0 5.330134e-46 -1 0 5.330134e-46 -1 0 5.330134e-46 -1 0 -5.330134e-46 1 -0 -5.330134e-46 1 -0 -5.330134e-46 1 -0 -5.330134e-46 1 -0 -5.330134e-46 1 -0 -5.330134e-46 1 -0 -5.330134e-46 1 -0 -5.330134e-46 1 -0 0 0 0 0 0 0 0 0 0 0 0 0 0 0 0 0 0 0 0 0 -1 0 0 -1 0 0 -1 0 0 -1 -0 -0 1 -0 -0 1 -0 -0 1 -0 -0 1 0 0 0 -5.330134e-46 1 0 -5.330134e-46 1 0 -5.330134e-46 1 0 -5.330134e-46 1 0 -5.330134e-46 1 0 -5.330134e-46 1 0 -5.330134e-46 1 0 -5.330134e-46 1 0 5.330134e-46 -1 -0 5.330134e-46 -1 -0 5.330134e-46 -1 -0 5.330134e-46 -1 -0 5.330134e-46 -1 -0 5.330134e-46 -1 -0 5.330134e-46 -1 -0 5.330134e-46 -1 -0 0 0 0 0 0 0 0 0 0 0 0 0 0 0 0 0 0 1 0 0 1 0 0 1 0 0 1 -0 -0 -1 -0 -0 -1 -0 -0 -1 -0 -0 -1 0 0 -1 0 0 -1 0 0 -1 0 0 -1 -0 -0 1 -0 -0 1 -0 -0 1 -0 -0 1 1 -5.330134e-46 0 1 -5.330134e-46 0 1 -5.330134e-46 0 1 -5.330134e-46 0 -1 5.330134e-46 -0 -1 5.330134e-46 -0 -1 5.330134e-46 -0 -1 5.330134e-46 -0 0 0 1 0 0 1 0 0 1 0 0 1 -0 -0 -1 -0 -0 -1 -0 -0 -1 -0 -0 -1 1 -5.330134e-46 0 1 -5.330134e-46 0 1 -5.330134e-46 0 1 -5.330134e-46 0 -1 5.330134e-46 -0 -1 5.330134e-46 -0 -1 5.330134e-46 -0 -1 5.330134e-46 -0 -1 5.330134e-46 0 -1 5.330134e-46 0 -1 5.330134e-46 0 -1 5.330134e-46 0 1 -5.330134e-46 -0 1 -5.330134e-46 -0 1 -5.330134e-46 -0 1 -5.330134e-46 -0</float_array>
                    <technique_common>
                        <accessor count="112" source="#ID141" stride="3">
                            <param name="X" type="float" />
                            <param name="Y" type="float" />
                            <param name="Z" type="float" />
                        </accessor>
                    </technique_common>
                </source>
                <vertices id="ID139">
                    <input semantic="POSITION" source="#ID137" />
                    <input semantic="NORMAL" source="#ID138" />
                </vertices>
                <triangles count="56" material="Material2">
                    <input offset="0" semantic="VERTEX" source="#ID139" />
                    <p>0 1 2 1 0 3 4 5 6 7 6 5 12 13 14 15 16 17 16 15 18 16 18 19 19 18 13 19 13 12 20 21 22 21 23 22 22 23 24 23 25 24 26 24 25 27 21 20 34 35 36 35 34 37 38 39 40 41 40 39 43 44 45 44 43 46 45 44 47 44 46 48 48 46 49 49 46 50 51 52 53 53 52 54 54 52 55 56 55 57 52 58 55 57 55 58 64 65 66 65 64 67 68 69 70 71 70 69 72 73 74 73 72 75 76 77 78 79 78 77 80 81 82 81 80 83 84 85 86 87 86 85 88 89 90 89 88 91 92 93 94 95 94 93 96 97 98 97 96 99 100 101 102 103 102 101 104 105 106 105 104 107 108 109 110 111 110 109</p>
                </triangles>
                <lines count="24" material="Material3">
                    <input offset="0" semantic="VERTEX" source="#ID139" />
                    <p>8 9 10 8 10 11 9 11 28 29 29 30 30 31 32 31 32 8 33 9 28 33 42 10 42 32 59 60 11 60 61 42 62 61 63 62 63 59 60 33 59 28 29 63 62 30 61 31</p>
                </lines>
            </mesh>
        </geometry>
        <geometry id="ID143">
            <mesh>
                <source id="ID144">
                    <float_array id="ID147" count="240">47.24409 3.937008 0 0 0 0 0 3.937008 0 47.24409 0 0 47.24409 0 0 47.24409 3.937008 0 0 0 0 0 3.937008 0 47.24409 3.937008 0 0 3.937008 0 47.24409 0 0 0 0 0 0 3.937008 1.574803 47.24409 3.937008 0 0 3.937008 0 47.24409 3.937008 1.574803 47.24409 3.937008 1.574803 0 3.937008 1.574803 47.24409 3.937008 0 0 3.937008 0 0 3.937008 1.574803 47.24409 3.937008 1.574803 47.24409 0 0 47.24409 0.1968504 0.1968504 47.24409 0 1.574803 47.24409 3.937008 0 47.24409 3.740157 0.1968504 47.24409 3.740157 1.377953 47.24409 0.1968504 1.377953 47.24409 3.937008 1.574803 47.24409 3.937008 0 47.24409 3.740157 1.377953 47.24409 3.937008 1.574803 47.24409 0.1968504 1.377953 47.24409 0.1968504 0.1968504 47.24409 0 1.574803 47.24409 3.740157 0.1968504 47.24409 0 0 47.24409 0 1.574803 47.24409 3.740157 1.377953 47.24409 0.1968504 1.377953 47.24409 3.740157 0.1968504 47.24409 0.1968504 0.1968504 47.24409 0 1.574803 0 0 0 47.24409 0 0 0 0 1.574803 0 0 1.574803 47.24409 0 1.574803 0 0 0 47.24409 0 0 0 0 1.574803 0 0 1.574803 1.065814e-14 0.1968504 1.377953 0 0 0 0 3.937008 1.574803 1.065814e-14 3.740157 1.377953 1.065814e-14 3.740157 0.1968504 1.065814e-14 0.1968504 0.1968504 0 3.937008 0 0 3.937008 1.574803 1.065814e-14 3.740157 0.1968504 0 3.937008 0 1.065814e-14 0.1968504 0.1968504 1.065814e-14 0.1968504 1.377953 0 0 0 1.065814e-14 3.740157 1.377953 0 0 1.574803 1.065814e-14 3.740157 1.377953 1.065814e-14 0.1968504 1.377953 1.065814e-14 0.1968504 0.1968504 1.065814e-14 3.740157 0.1968504 47.24409 0 1.574803 0 3.937008 1.574803 0 0 1.574803 47.24409 3.937008 1.574803 47.24409 3.937008 1.574803 47.24409 0 1.574803 0 3.937008 1.574803 0 0 1.574803</float_array>
                    <technique_common>
                        <accessor count="80" source="#ID147" stride="3">
                            <param name="X" type="float" />
                            <param name="Y" type="float" />
                            <param name="Z" type="float" />
                        </accessor>
                    </technique_common>
                </source>
                <source id="ID145">
                    <float_array id="ID148" count="240">0 0 -1 0 0 -1 0 0 -1 0 0 -1 -0 -0 1 -0 -0 1 -0 -0 1 -0 -0 1 0 0 0 0 0 0 0 0 0 0 0 0 0 1 0 0 1 0 0 1 0 0 1 0 -0 -1 -0 -0 -1 -0 -0 -1 -0 -0 -1 -0 0 0 0 0 0 0 1 0 0 1 0 0 1 0 0 1 0 0 1 0 0 1 0 0 1 0 0 1 0 0 -1 -0 -0 -1 -0 -0 -1 -0 -0 -1 -0 -0 -1 -0 -0 -1 -0 -0 -1 -0 -0 -1 -0 -0 0 0 0 0 0 0 0 0 0 0 0 0 0 0 0 0 -1 0 0 -1 0 0 -1 0 0 -1 0 -0 1 -0 -0 1 -0 -0 1 -0 -0 1 -0 0 0 0 -1 -0 -0 -1 -0 -0 -1 -0 -0 -1 -0 -0 -1 -0 -0 -1 -0 -0 -1 -0 -0 -1 -0 -0 1 0 0 1 0 0 1 0 0 1 0 0 1 0 0 1 0 0 1 0 0 1 0 0 0 0 0 0 0 0 0 0 0 0 0 0 0 0 1 0 0 1 0 0 1 0 0 1 -0 -0 -1 -0 -0 -1 -0 -0 -1 -0 -0 -1</float_array>
                    <technique_common>
                        <accessor count="80" source="#ID148" stride="3">
                            <param name="X" type="float" />
                            <param name="Y" type="float" />
                            <param name="Z" type="float" />
                        </accessor>
                    </technique_common>
                </source>
                <vertices id="ID146">
                    <input semantic="POSITION" source="#ID144" />
                    <input semantic="NORMAL" source="#ID145" />
                </vertices>
                <triangles count="48" material="Material2">
                    <input offset="0" semantic="VERTEX" source="#ID146" />
                    <p>0 1 2 1 0 3 4 5 6 7 6 5 12 13 14 13 12 15 16 17 18 19 18 17 22 23 24 23 22 25 23 25 26 26 25 27 24 28 29 28 24 23 29 28 27 29 27 25 30 31 32 31 33 32 34 35 33 32 33 35 31 30 36 36 30 34 30 37 34 35 34 37 43 44 45 44 43 46 47 48 49 50 49 48 52 53 54 53 52 55 53 55 56 56 55 57 54 58 59 58 54 53 59 58 57 59 57 55 60 61 62 61 63 62 64 65 63 62 63 65 61 60 66 66 60 64 60 67 64 65 64 67 72 73 74 73 72 75 76 77 78 79 78 77</p>
                </triangles>
                <lines count="20" material="Material3">
                    <input offset="0" semantic="VERTEX" source="#ID146" />
                    <p>8 9 10 8 11 10 9 11 9 20 21 20 8 21 38 21 10 38 39 40 41 39 42 41 40 42 51 38 11 51 20 51 68 69 69 70 70 71 71 68</p>
                </lines>
            </mesh>
        </geometry>
        <geometry id="ID149">
            <mesh>
                <source id="ID150">
                    <float_array id="ID153" count="120">47.24409 3.740157 1.377953 1.065814e-14 0.1968504 1.377953 1.065814e-14 3.740157 1.377953 47.24409 0.1968504 1.377953 47.24409 0.1968504 1.377953 47.24409 3.740157 1.377953 1.065814e-14 0.1968504 1.377953 1.065814e-14 3.740157 1.377953 47.24409 3.740157 1.377953 47.24409 0.1968504 1.377953 1.065814e-14 0.1968504 1.377953 1.065814e-14 3.740157 1.377953 1.065814e-14 0.1968504 1.377953 47.24409 0.1968504 0.1968504 1.065814e-14 0.1968504 0.1968504 47.24409 0.1968504 1.377953 47.24409 0.1968504 1.377953 1.065814e-14 0.1968504 1.377953 47.24409 0.1968504 0.1968504 1.065814e-14 0.1968504 0.1968504 47.24409 0.1968504 0.1968504 1.065814e-14 0.1968504 0.1968504 47.24409 3.740157 1.377953 1.065814e-14 3.740157 0.1968504 47.24409 3.740157 0.1968504 1.065814e-14 3.740157 1.377953 1.065814e-14 3.740157 1.377953 47.24409 3.740157 1.377953 1.065814e-14 3.740157 0.1968504 47.24409 3.740157 0.1968504 47.24409 3.740157 0.1968504 1.065814e-14 3.740157 0.1968504 47.24409 0.1968504 0.1968504 1.065814e-14 3.740157 0.1968504 1.065814e-14 0.1968504 0.1968504 47.24409 3.740157 0.1968504 47.24409 3.740157 0.1968504 47.24409 0.1968504 0.1968504 1.065814e-14 3.740157 0.1968504 1.065814e-14 0.1968504 0.1968504</float_array>
                    <technique_common>
                        <accessor count="40" source="#ID153" stride="3">
                            <param name="X" type="float" />
                            <param name="Y" type="float" />
                            <param name="Z" type="float" />
                        </accessor>
                    </technique_common>
                </source>
                <source id="ID151">
                    <float_array id="ID154" count="120">-0 -0 -1 -0 -0 -1 -0 -0 -1 -0 -0 -1 0 0 1 0 0 1 0 0 1 0 0 1 0 0 0 0 0 0 0 0 0 0 0 0 0 1 0 0 1 0 0 1 0 0 1 0 -0 -1 -0 -0 -1 -0 -0 -1 -0 -0 -1 -0 0 0 0 0 0 0 0 -1 0 0 -1 0 0 -1 0 0 -1 0 -0 1 -0 -0 1 -0 -0 1 -0 -0 1 -0 0 0 0 0 0 0 0 0 1 0 0 1 0 0 1 0 0 1 -0 -0 -1 -0 -0 -1 -0 -0 -1 -0 -0 -1</float_array>
                    <technique_common>
                        <accessor count="40" source="#ID154" stride="3">
                            <param name="X" type="float" />
                            <param name="Y" type="float" />
                            <param name="Z" type="float" />
                        </accessor>
                    </technique_common>
                </source>
                <vertices id="ID152">
                    <input semantic="POSITION" source="#ID150" />
                    <input semantic="NORMAL" source="#ID151" />
                </vertices>
                <triangles count="16" material="Material2">
                    <input offset="0" semantic="VERTEX" source="#ID152" />
                    <p>0 1 2 1 0 3 4 5 6 7 6 5 12 13 14 13 12 15 16 17 18 19 18 17 22 23 24 23 22 25 26 27 28 29 28 27 32 33 34 33 32 35 36 37 38 39 38 37</p>
                </triangles>
                <lines count="12" material="Material3">
                    <input offset="0" semantic="VERTEX" source="#ID152" />
                    <p>8 9 9 10 11 10 8 11 9 20 20 21 10 21 30 8 31 11 30 31 20 30 21 31</p>
                </lines>
            </mesh>
        </geometry>
        <geometry id="ID156">
            <mesh>
                <source id="ID157">
                    <float_array id="ID160" count="366">2.362205 46.45669 3.543307 2.362205 0 3.937008 2.362205 0 3.543307 2.362205 46.45669 3.937008 2.362205 46.45669 3.937008 2.362205 46.45669 3.543307 2.362205 0 3.937008 2.362205 0 3.543307 2.362205 0 3.543307 2.362205 0 3.937008 2.362205 46.45669 3.543307 2.362205 46.45669 3.937008 2.362205 0 3.937008 0.3937008 0 3.543307 2.362205 0 3.543307 2.362205 0 0.3937008 0 0 0 2.362205 0 0 0.3937008 0 0.3937008 0 0 3.937008 2.362205 0 3.937008 0.3937008 0 3.543307 0 0 3.937008 0.3937008 0 0.3937008 0 0 0 2.362205 0 0.3937008 2.362205 0 0 2.362205 0 3.543307 0 0 0 2.362205 0 0 2.362205 0 0.3937008 0.3937008 0 0.3937008 0.3937008 0 3.543307 0 0 3.937008 2.362205 46.45669 3.543307 0.3937008 0 3.543307 0.3937008 46.45669 3.543307 2.362205 0 3.543307 2.362205 0 3.543307 2.362205 46.45669 3.543307 0.3937008 0 3.543307 0.3937008 46.45669 3.543307 0.3937008 46.45669 3.543307 0 46.45669 3.937008 0.3937008 46.45669 3.543307 0 46.45669 3.543307 2.362205 46.45669 3.543307 2.362205 46.45669 3.937008 2.362205 46.45669 3.937008 0 46.45669 3.937008 2.362205 46.45669 3.543307 0.3937008 46.45669 3.543307 0 46.45669 3.543307 0 46.45669 3.543307 0 46.45669 3.937008 2.362205 0 3.937008 0 46.45669 3.937008 0 0 3.937008 2.362205 46.45669 3.937008 2.362205 46.45669 3.937008 2.362205 0 3.937008 0 46.45669 3.937008 0 0 3.937008 2.362205 46.45669 0 0 0 0 0 46.45669 0 2.362205 0 0 2.362205 0 0 2.362205 46.45669 0 0 0 0 0 46.45669 0 0 46.45669 0 2.362205 46.45669 0 2.362205 46.45669 0 2.362205 0 0.3937008 2.362205 0 0 2.362205 46.45669 0.3937008 2.362205 46.45669 0.3937008 2.362205 46.45669 0 2.362205 0 0.3937008 2.362205 0 0 2.362205 46.45669 0.3937008 2.362205 0 0.3937008 0.3937008 46.45669 0.3937008 0.3937008 0 0.3937008 2.362205 46.45669 0.3937008 2.362205 46.45669 0.3937008 2.362205 0 0.3937008 0.3937008 46.45669 0.3937008 0.3937008 0 0.3937008 0.3937008 46.45669 0.3937008 0.3937008 46.45669 0.3937008 0.3937008 0 3.543307 0.3937008 0 0.3937008 0.3937008 46.45669 3.543307 0.3937008 46.45669 3.543307 0.3937008 46.45669 0.3937008 0.3937008 0 3.543307 0.3937008 0 0.3937008 0 46.45669 3.937008 0 0 0 0 0 3.937008 0 46.45669 0 0 46.45669 3.543307 0 46.45669 0.3937008 0 46.45669 0.3937008 0 46.45669 3.543307 0 46.45669 0 0 46.45669 3.937008 0 0 0 0 0 3.937008 0 46.45669 0.3937008 0.3937008 46.45669 0.3937008 0 46.45669 0.3937008 0.3937008 46.45669 0.3937008 0 46.45669 0.3937008 2.362205 46.45669 0 0 46.45669 0 2.362205 46.45669 0.3937008 2.362205 46.45669 0.3937008 2.362205 46.45669 0 0 46.45669 0</float_array>
                    <technique_common>
                        <accessor count="122" source="#ID160" stride="3">
                            <param name="X" type="float" />
                            <param name="Y" type="float" />
                            <param name="Z" type="float" />
                        </accessor>
                    </technique_common>
                </source>
                <source id="ID158">
                    <float_array id="ID161" count="366">1 0 0 1 0 0 1 0 0 1 0 0 -1 -0 -0 -1 -0 -0 -1 -0 -0 -1 -0 -0 0 0 0 0 0 0 0 0 0 0 0 0 0 -1 0 0 -1 0 0 -1 0 0 -1 0 0 -1 0 0 -1 0 0 -1 0 0 -1 0 -0 1 -0 -0 1 -0 -0 1 -0 -0 1 -0 -0 1 -0 -0 1 -0 -0 1 -0 -0 1 -0 0 0 0 0 0 0 0 0 0 0 0 0 0 0 0 0 0 0 0 0 -1 0 0 -1 0 0 -1 0 0 -1 -0 -0 1 -0 -0 1 -0 -0 1 -0 -0 1 0 0 0 0 1 0 0 1 0 0 1 0 0 1 0 0 1 0 -0 -1 -0 -0 -1 -0 -0 -1 -0 -0 -1 -0 -0 -1 -0 0 0 0 0 0 0 0 0 1 0 0 1 0 0 1 0 0 1 -0 -0 -1 -0 -0 -1 -0 -0 -1 -0 -0 -1 0 0 -1 0 0 -1 0 0 -1 0 0 -1 -0 -0 1 -0 -0 1 -0 -0 1 -0 -0 1 0 0 0 0 0 0 1 0 0 1 0 0 1 0 0 1 0 0 -1 -0 -0 -1 -0 -0 -1 -0 -0 -1 -0 -0 0 0 0 0 0 1 0 0 1 0 0 1 0 0 1 -0 -0 -1 -0 -0 -1 -0 -0 -1 -0 -0 -1 0 0 0 1 0 0 1 0 0 1 0 0 1 0 0 -1 -0 -0 -1 -0 -0 -1 -0 -0 -1 -0 -0 -1 0 0 -1 0 0 -1 0 0 -1 0 0 -1 0 0 -1 0 0 1 -0 -0 1 -0 -0 1 -0 -0 1 -0 -0 1 -0 -0 1 -0 -0 0 0 0 0 1 0 0 1 0 -0 -1 -0 -0 -1 -0 0 1 0 0 1 0 0 1 0 -0 -1 -0 -0 -1 -0 -0 -1 -0</float_array>
                    <technique_common>
                        <accessor count="122" source="#ID161" stride="3">
                            <param name="X" type="float" />
                            <param name="Y" type="float" />
                            <param name="Z" type="float" />
                        </accessor>
                    </technique_common>
                </source>
                <vertices id="ID159">
                    <input semantic="POSITION" source="#ID157" />
                    <input semantic="NORMAL" source="#ID158" />
                </vertices>
                <triangles count="64" material="Material2">
                    <input offset="0" semantic="VERTEX" source="#ID159" />
                    <p>0 1 2 1 0 3 4 5 6 7 6 5 12 13 14 15 16 17 16 15 18 16 18 19 19 18 13 19 13 12 20 21 22 21 23 22 22 23 24 23 25 24 26 24 25 27 21 20 34 35 36 35 34 37 38 39 40 41 40 39 43 44 45 44 43 46 46 43 47 48 49 50 50 49 51 52 51 49 55 56 57 56 55 58 59 60 61 62 61 60 63 64 65 64 63 66 67 68 69 70 69 68 73 74 75 74 73 76 77 78 79 80 79 78 82 83 84 83 82 85 86 87 88 89 88 87 91 92 93 92 91 94 95 96 97 98 97 96 99 100 101 100 99 102 102 99 103 102 103 104 105 106 107 106 108 107 107 108 109 110 109 108 45 112 113 112 45 44 51 52 114 115 114 52 113 116 117 116 113 118 118 113 112 114 115 119 119 115 120 121 120 115</p>
                </triangles>
                <lines count="28" material="Material3">
                    <input offset="0" semantic="VERTEX" source="#ID159" />
                    <p>8 9 10 8 10 11 9 11 28 29 29 30 30 31 32 31 32 8 33 9 28 33 42 32 42 10 42 53 53 54 11 54 54 33 71 28 72 71 29 72 81 30 72 81 81 90 90 31 90 42 111 53 71 111 90 111</p>
                </lines>
            </mesh>
        </geometry>
        <geometry id="ID163">
            <mesh>
                <source id="ID164">
                    <float_array id="ID167" count="240">47.24409 3.937008 0 0 0 0 0 3.937008 0 47.24409 0 0 47.24409 0 0 47.24409 3.937008 0 0 0 0 0 3.937008 0 47.24409 3.937008 0 0 3.937008 0 47.24409 0 0 0 0 0 0 3.937008 1.574803 47.24409 3.937008 0 0 3.937008 0 47.24409 3.937008 1.574803 47.24409 3.937008 1.574803 0 3.937008 1.574803 47.24409 3.937008 0 0 3.937008 0 0 3.937008 1.574803 47.24409 3.937008 1.574803 47.24409 0 0 47.24409 0.1968504 0.1968504 47.24409 0 1.574803 47.24409 3.937008 0 47.24409 3.740157 0.1968504 47.24409 3.740157 1.377953 47.24409 0.1968504 1.377953 47.24409 3.937008 1.574803 47.24409 3.937008 0 47.24409 3.740157 1.377953 47.24409 3.937008 1.574803 47.24409 0.1968504 1.377953 47.24409 0.1968504 0.1968504 47.24409 0 1.574803 47.24409 3.740157 0.1968504 47.24409 0 0 47.24409 0 1.574803 47.24409 3.740157 1.377953 47.24409 0.1968504 1.377953 47.24409 3.740157 0.1968504 47.24409 0.1968504 0.1968504 47.24409 0 1.574803 0 0 0 47.24409 0 0 0 0 1.574803 0 0 1.574803 47.24409 0 1.574803 0 0 0 47.24409 0 0 0 0 1.574803 0 0 1.574803 1.065814e-14 0.1968504 1.377953 0 0 0 0 3.937008 1.574803 1.065814e-14 3.740157 1.377953 1.065814e-14 3.740157 0.1968504 1.065814e-14 0.1968504 0.1968504 0 3.937008 0 0 3.937008 1.574803 1.065814e-14 3.740157 0.1968504 0 3.937008 0 1.065814e-14 0.1968504 0.1968504 1.065814e-14 0.1968504 1.377953 0 0 0 1.065814e-14 3.740157 1.377953 0 0 1.574803 1.065814e-14 3.740157 1.377953 1.065814e-14 0.1968504 1.377953 1.065814e-14 0.1968504 0.1968504 1.065814e-14 3.740157 0.1968504 47.24409 0 1.574803 0 3.937008 1.574803 0 0 1.574803 47.24409 3.937008 1.574803 47.24409 3.937008 1.574803 47.24409 0 1.574803 0 3.937008 1.574803 0 0 1.574803</float_array>
                    <technique_common>
                        <accessor count="80" source="#ID167" stride="3">
                            <param name="X" type="float" />
                            <param name="Y" type="float" />
                            <param name="Z" type="float" />
                        </accessor>
                    </technique_common>
                </source>
                <source id="ID165">
                    <float_array id="ID168" count="240">0 0 -1 0 0 -1 0 0 -1 0 0 -1 -0 -0 1 -0 -0 1 -0 -0 1 -0 -0 1 0 0 0 0 0 0 0 0 0 0 0 0 0 1 0 0 1 0 0 1 0 0 1 0 -0 -1 -0 -0 -1 -0 -0 -1 -0 -0 -1 -0 0 0 0 0 0 0 1 0 0 1 0 0 1 0 0 1 0 0 1 0 0 1 0 0 1 0 0 1 0 0 -1 -0 -0 -1 -0 -0 -1 -0 -0 -1 -0 -0 -1 -0 -0 -1 -0 -0 -1 -0 -0 -1 -0 -0 0 0 0 0 0 0 0 0 0 0 0 0 0 0 0 0 -1 0 0 -1 0 0 -1 0 0 -1 0 -0 1 -0 -0 1 -0 -0 1 -0 -0 1 -0 0 0 0 -1 -0 -0 -1 -0 -0 -1 -0 -0 -1 -0 -0 -1 -0 -0 -1 -0 -0 -1 -0 -0 -1 -0 -0 1 0 0 1 0 0 1 0 0 1 0 0 1 0 0 1 0 0 1 0 0 1 0 0 0 0 0 0 0 0 0 0 0 0 0 0 0 0 1 0 0 1 0 0 1 0 0 1 -0 -0 -1 -0 -0 -1 -0 -0 -1 -0 -0 -1</float_array>
                    <technique_common>
                        <accessor count="80" source="#ID168" stride="3">
                            <param name="X" type="float" />
                            <param name="Y" type="float" />
                            <param name="Z" type="float" />
                        </accessor>
                    </technique_common>
                </source>
                <vertices id="ID166">
                    <input semantic="POSITION" source="#ID164" />
                    <input semantic="NORMAL" source="#ID165" />
                </vertices>
                <triangles count="48" material="Material2">
                    <input offset="0" semantic="VERTEX" source="#ID166" />
                    <p>0 1 2 1 0 3 4 5 6 7 6 5 12 13 14 13 12 15 16 17 18 19 18 17 22 23 24 23 22 25 23 25 26 26 25 27 24 28 29 28 24 23 29 28 27 29 27 25 30 31 32 31 33 32 34 35 33 32 33 35 31 30 36 36 30 34 30 37 34 35 34 37 43 44 45 44 43 46 47 48 49 50 49 48 52 53 54 53 52 55 53 55 56 56 55 57 54 58 59 58 54 53 59 58 57 59 57 55 60 61 62 61 63 62 64 65 63 62 63 65 61 60 66 66 60 64 60 67 64 65 64 67 72 73 74 73 72 75 76 77 78 79 78 77</p>
                </triangles>
                <lines count="20" material="Material3">
                    <input offset="0" semantic="VERTEX" source="#ID166" />
                    <p>8 9 10 8 11 10 9 11 9 20 21 20 8 21 38 21 10 38 39 40 41 39 42 41 40 42 51 38 11 51 20 51 68 69 69 70 70 71 71 68</p>
                </lines>
            </mesh>
        </geometry>
        <geometry id="ID169">
            <mesh>
                <source id="ID170">
                    <float_array id="ID173" count="120">47.24409 3.740157 1.377953 1.065814e-14 0.1968504 1.377953 1.065814e-14 3.740157 1.377953 47.24409 0.1968504 1.377953 47.24409 0.1968504 1.377953 47.24409 3.740157 1.377953 1.065814e-14 0.1968504 1.377953 1.065814e-14 3.740157 1.377953 47.24409 3.740157 1.377953 47.24409 0.1968504 1.377953 1.065814e-14 0.1968504 1.377953 1.065814e-14 3.740157 1.377953 1.065814e-14 0.1968504 1.377953 47.24409 0.1968504 0.1968504 1.065814e-14 0.1968504 0.1968504 47.24409 0.1968504 1.377953 47.24409 0.1968504 1.377953 1.065814e-14 0.1968504 1.377953 47.24409 0.1968504 0.1968504 1.065814e-14 0.1968504 0.1968504 47.24409 0.1968504 0.1968504 1.065814e-14 0.1968504 0.1968504 47.24409 3.740157 1.377953 1.065814e-14 3.740157 0.1968504 47.24409 3.740157 0.1968504 1.065814e-14 3.740157 1.377953 1.065814e-14 3.740157 1.377953 47.24409 3.740157 1.377953 1.065814e-14 3.740157 0.1968504 47.24409 3.740157 0.1968504 47.24409 3.740157 0.1968504 1.065814e-14 3.740157 0.1968504 47.24409 0.1968504 0.1968504 1.065814e-14 3.740157 0.1968504 1.065814e-14 0.1968504 0.1968504 47.24409 3.740157 0.1968504 47.24409 3.740157 0.1968504 47.24409 0.1968504 0.1968504 1.065814e-14 3.740157 0.1968504 1.065814e-14 0.1968504 0.1968504</float_array>
                    <technique_common>
                        <accessor count="40" source="#ID173" stride="3">
                            <param name="X" type="float" />
                            <param name="Y" type="float" />
                            <param name="Z" type="float" />
                        </accessor>
                    </technique_common>
                </source>
                <source id="ID171">
                    <float_array id="ID174" count="120">-0 -0 -1 -0 -0 -1 -0 -0 -1 -0 -0 -1 0 0 1 0 0 1 0 0 1 0 0 1 0 0 0 0 0 0 0 0 0 0 0 0 0 1 0 0 1 0 0 1 0 0 1 0 -0 -1 -0 -0 -1 -0 -0 -1 -0 -0 -1 -0 0 0 0 0 0 0 0 -1 0 0 -1 0 0 -1 0 0 -1 0 -0 1 -0 -0 1 -0 -0 1 -0 -0 1 -0 0 0 0 0 0 0 0 0 1 0 0 1 0 0 1 0 0 1 -0 -0 -1 -0 -0 -1 -0 -0 -1 -0 -0 -1</float_array>
                    <technique_common>
                        <accessor count="40" source="#ID174" stride="3">
                            <param name="X" type="float" />
                            <param name="Y" type="float" />
                            <param name="Z" type="float" />
                        </accessor>
                    </technique_common>
                </source>
                <vertices id="ID172">
                    <input semantic="POSITION" source="#ID170" />
                    <input semantic="NORMAL" source="#ID171" />
                </vertices>
                <triangles count="16" material="Material2">
                    <input offset="0" semantic="VERTEX" source="#ID172" />
                    <p>0 1 2 1 0 3 4 5 6 7 6 5 12 13 14 13 12 15 16 17 18 19 18 17 22 23 24 23 22 25 26 27 28 29 28 27 32 33 34 33 32 35 36 37 38 39 38 37</p>
                </triangles>
                <lines count="12" material="Material3">
                    <input offset="0" semantic="VERTEX" source="#ID172" />
                    <p>8 9 9 10 11 10 8 11 9 20 20 21 10 21 30 8 31 11 30 31 20 30 21 31</p>
                </lines>
            </mesh>
        </geometry>
        <geometry id="ID176">
            <mesh>
                <source id="ID177">
                    <float_array id="ID180" count="336">1.574803 168.6866 3.543307 1.574803 118.1102 3.937008 1.574803 118.1102 3.543307 1.574803 168.6866 3.937008 1.574803 168.6866 3.937008 1.574803 168.6866 3.543307 1.574803 118.1102 3.937008 1.574803 118.1102 3.543307 1.574803 118.1102 3.543307 1.574803 118.1102 3.937008 1.574803 168.6866 3.543307 1.574803 168.6866 3.937008 1.574803 118.1102 3.937008 0.3937008 118.1102 3.543307 1.574803 118.1102 3.543307 1.574803 118.1102 0.3937008 0 118.1102 0 1.574803 118.1102 0 0.3937008 118.1102 0.3937008 0 118.1102 3.937008 1.574803 118.1102 3.937008 0.3937008 118.1102 3.543307 0 118.1102 3.937008 0.3937008 118.1102 0.3937008 0 118.1102 0 1.574803 118.1102 0.3937008 1.574803 118.1102 0 1.574803 118.1102 3.543307 0 118.1102 0 1.574803 118.1102 0 1.574803 118.1102 0.3937008 0.3937008 118.1102 0.3937008 0.3937008 118.1102 3.543307 0 118.1102 3.937008 1.574803 168.6866 3.543307 0.3937008 118.1102 3.543307 0.3937008 168.6866 3.543307 1.574803 118.1102 3.543307 1.574803 118.1102 3.543307 1.574803 168.6866 3.543307 0.3937008 118.1102 3.543307 0.3937008 168.6866 3.543307 0.3937008 168.6866 3.543307 -1.953993e-14 168.6866 -1.136868e-13 0.3937008 168.6866 0.3937008 1.574803 168.6866 -1.136868e-13 -1.953993e-14 168.6866 3.937008 0.3937008 168.6866 3.543307 1.574803 168.6866 3.543307 1.574803 168.6866 3.937008 1.574803 168.6866 0.3937008 0.3937008 168.6866 0.3937008 1.574803 168.6866 -1.136868e-13 1.574803 168.6866 0.3937008 1.574803 168.6866 3.937008 -1.953993e-14 168.6866 3.937008 1.574803 168.6866 3.543307 0.3937008 168.6866 3.543307 -1.953993e-14 168.6866 -1.136868e-13 -1.953993e-14 168.6866 -1.136868e-13 -1.953993e-14 168.6866 3.937008 0.3937008 168.6866 0.3937008 1.574803 168.6866 0.3937008 1.574803 168.6866 -1.136868e-13 0 118.1102 3.937008 1.574803 168.6866 3.937008 -1.953993e-14 168.6866 3.937008 1.574803 118.1102 3.937008 1.574803 118.1102 3.937008 0 118.1102 3.937008 1.574803 168.6866 3.937008 -1.953993e-14 168.6866 3.937008 1.574803 168.6866 -1.136868e-13 0 118.1102 0 -1.953993e-14 168.6866 -1.136868e-13 1.574803 118.1102 0 1.574803 118.1102 0 1.574803 168.6866 -1.136868e-13 0 118.1102 0 -1.953993e-14 168.6866 -1.136868e-13 1.574803 168.6866 -1.136868e-13 1.574803 118.1102 0.3937008 1.574803 118.1102 0 1.574803 168.6866 0.3937008 1.574803 168.6866 0.3937008 1.574803 168.6866 -1.136868e-13 1.574803 118.1102 0.3937008 1.574803 118.1102 0 0.3937008 118.1102 0.3937008 1.574803 168.6866 0.3937008 0.3937008 168.6866 0.3937008 1.574803 118.1102 0.3937008 1.574803 118.1102 0.3937008 0.3937008 118.1102 0.3937008 1.574803 168.6866 0.3937008 0.3937008 168.6866 0.3937008 0.3937008 118.1102 0.3937008 0.3937008 168.6866 3.543307 0.3937008 118.1102 3.543307 0.3937008 168.6866 0.3937008 0.3937008 168.6866 0.3937008 0.3937008 118.1102 0.3937008 0.3937008 168.6866 3.543307 0.3937008 118.1102 3.543307 0 118.1102 3.937008 -1.953993e-14 168.6866 -1.136868e-13 0 118.1102 0 -1.953993e-14 168.6866 3.937008 -1.953993e-14 168.6866 3.937008 0 118.1102 3.937008 -1.953993e-14 168.6866 -1.136868e-13 0 118.1102 0</float_array>
                    <technique_common>
                        <accessor count="112" source="#ID180" stride="3">
                            <param name="X" type="float" />
                            <param name="Y" type="float" />
                            <param name="Z" type="float" />
                        </accessor>
                    </technique_common>
                </source>
                <source id="ID178">
                    <float_array id="ID181" count="336">1 0 0 1 0 0 1 0 0 1 0 0 -1 -0 -0 -1 -0 -0 -1 -0 -0 -1 -0 -0 0 0 0 0 0 0 0 0 0 0 0 0 0 -1 0 0 -1 0 0 -1 0 0 -1 0 0 -1 0 0 -1 0 0 -1 0 0 -1 0 -0 1 -0 -0 1 -0 -0 1 -0 -0 1 -0 -0 1 -0 -0 1 -0 -0 1 -0 -0 1 -0 0 0 0 0 0 0 0 0 0 0 0 0 0 0 0 0 0 0 0 0 -1 0 0 -1 0 0 -1 0 0 -1 -0 -0 1 -0 -0 1 -0 -0 1 -0 -0 1 0 0 0 -8.199398e-16 1 5.274706e-17 -8.199398e-16 1 5.274706e-17 -8.199398e-16 1 5.274706e-17 -8.199398e-16 1 5.274706e-17 -8.199398e-16 1 5.274706e-17 -8.199398e-16 1 5.274706e-17 -8.199398e-16 1 5.274706e-17 -8.199398e-16 1 5.274706e-17 8.199398e-16 -1 -5.274706e-17 8.199398e-16 -1 -5.274706e-17 8.199398e-16 -1 -5.274706e-17 8.199398e-16 -1 -5.274706e-17 8.199398e-16 -1 -5.274706e-17 8.199398e-16 -1 -5.274706e-17 8.199398e-16 -1 -5.274706e-17 8.199398e-16 -1 -5.274706e-17 0 0 0 0 0 0 0 0 0 0 0 0 0 0 0 0 0 1 0 0 1 0 0 1 0 0 1 -0 -0 -1 -0 -0 -1 -0 -0 -1 -0 -0 -1 0 0 -1 0 0 -1 0 0 -1 0 0 -1 -0 -0 1 -0 -0 1 -0 -0 1 -0 -0 1 1 0 0 1 0 0 1 0 0 1 0 0 -1 -0 -0 -1 -0 -0 -1 -0 -0 -1 -0 -0 0 0 1 0 0 1 0 0 1 0 0 1 -0 -0 -1 -0 -0 -1 -0 -0 -1 -0 -0 -1 1 0 0 1 0 0 1 0 0 1 0 0 -1 -0 -0 -1 -0 -0 -1 -0 -0 -1 -0 -0 -1 0 0 -1 0 0 -1 0 0 -1 0 0 1 -0 -0 1 -0 -0 1 -0 -0 1 -0 -0</float_array>
                    <technique_common>
                        <accessor count="112" source="#ID181" stride="3">
                            <param name="X" type="float" />
                            <param name="Y" type="float" />
                            <param name="Z" type="float" />
                        </accessor>
                    </technique_common>
                </source>
                <vertices id="ID179">
                    <input semantic="POSITION" source="#ID177" />
                    <input semantic="NORMAL" source="#ID178" />
                </vertices>
                <triangles count="56" material="Material2">
                    <input offset="0" semantic="VERTEX" source="#ID179" />
                    <p>0 1 2 1 0 3 4 5 6 7 6 5 12 13 14 15 16 17 16 15 18 16 18 19 19 18 13 19 13 12 20 21 22 21 23 22 22 23 24 23 25 24 26 24 25 27 21 20 34 35 36 35 34 37 38 39 40 41 40 39 43 44 45 44 43 46 44 46 47 47 46 48 48 46 49 50 45 44 51 52 53 54 55 56 56 55 57 57 55 51 55 58 51 52 51 58 64 65 66 65 64 67 68 69 70 71 70 69 72 73 74 73 72 75 76 77 78 79 78 77 80 81 82 81 80 83 84 85 86 87 86 85 88 89 90 89 88 91 92 93 94 95 94 93 96 97 98 97 96 99 100 101 102 103 102 101 104 105 106 105 104 107 108 109 110 111 110 109</p>
                </triangles>
                <lines count="24" material="Material3">
                    <input offset="0" semantic="VERTEX" source="#ID179" />
                    <p>8 9 10 8 10 11 9 11 28 29 29 30 30 31 32 31 32 8 33 9 28 33 42 10 42 32 59 60 11 60 61 42 62 61 63 62 63 59 60 33 59 28 29 63 62 30 61 31</p>
                </lines>
            </mesh>
        </geometry>
        <geometry id="ID183">
            <mesh>
                <source id="ID184">
                    <float_array id="ID187" count="336">1.574803 38.58268 3.543307 1.574803 12.59843 3.937008 1.574803 12.59843 3.543307 1.574803 38.58268 3.937008 1.574803 38.58268 3.937008 1.574803 38.58268 3.543307 1.574803 12.59843 3.937008 1.574803 12.59843 3.543307 1.574803 12.59843 3.543307 1.574803 12.59843 3.937008 1.574803 38.58268 3.543307 1.574803 38.58268 3.937008 1.574803 12.59843 0.3937008 -4.263256e-14 12.59843 0 1.574803 12.59843 0 0.3937008 12.59843 0.3937008 -8.526513e-14 12.59843 3.937008 0.3937008 12.59843 3.543307 1.574803 12.59843 3.543307 1.574803 12.59843 3.937008 1.574803 12.59843 3.937008 1.574803 12.59843 3.543307 -8.526513e-14 12.59843 3.937008 0.3937008 12.59843 3.543307 0.3937008 12.59843 0.3937008 -4.263256e-14 12.59843 0 1.574803 12.59843 0.3937008 1.574803 12.59843 0 -4.263256e-14 12.59843 0 1.574803 12.59843 0 1.574803 12.59843 0.3937008 0.3937008 12.59843 0.3937008 0.3937008 12.59843 3.543307 -8.526513e-14 12.59843 3.937008 1.574803 38.58268 3.543307 0.3937008 12.59843 3.543307 0.3937008 38.58268 3.543307 1.574803 12.59843 3.543307 1.574803 12.59843 3.543307 1.574803 38.58268 3.543307 0.3937008 12.59843 3.543307 0.3937008 38.58268 3.543307 0.3937008 38.58268 3.543307 -4.263256e-14 38.58268 0 0.3937008 38.58268 0.3937008 1.574803 38.58268 0 -8.526513e-14 38.58268 3.937008 0.3937008 38.58268 3.543307 1.574803 38.58268 3.543307 1.574803 38.58268 3.937008 1.574803 38.58268 0.3937008 0.3937008 38.58268 0.3937008 1.574803 38.58268 0 1.574803 38.58268 0.3937008 1.574803 38.58268 3.937008 -8.526513e-14 38.58268 3.937008 1.574803 38.58268 3.543307 0.3937008 38.58268 3.543307 -4.263256e-14 38.58268 0 -4.263256e-14 38.58268 0 -8.526513e-14 38.58268 3.937008 0.3937008 38.58268 0.3937008 1.574803 38.58268 0.3937008 1.574803 38.58268 0 1.574803 12.59843 3.937008 -8.526513e-14 38.58268 3.937008 -8.526513e-14 12.59843 3.937008 1.574803 38.58268 3.937008 1.574803 38.58268 3.937008 1.574803 12.59843 3.937008 -8.526513e-14 38.58268 3.937008 -8.526513e-14 12.59843 3.937008 1.574803 38.58268 0 -4.263256e-14 12.59843 0 -4.263256e-14 38.58268 0 1.574803 12.59843 0 1.574803 12.59843 0 1.574803 38.58268 0 -4.263256e-14 12.59843 0 -4.263256e-14 38.58268 0 1.574803 38.58268 0 1.574803 12.59843 0.3937008 1.574803 12.59843 0 1.574803 38.58268 0.3937008 1.574803 38.58268 0.3937008 1.574803 38.58268 0 1.574803 12.59843 0.3937008 1.574803 12.59843 0 1.574803 12.59843 0.3937008 0.3937008 38.58268 0.3937008 0.3937008 12.59843 0.3937008 1.574803 38.58268 0.3937008 1.574803 38.58268 0.3937008 1.574803 12.59843 0.3937008 0.3937008 38.58268 0.3937008 0.3937008 12.59843 0.3937008 0.3937008 38.58268 0.3937008 0.3937008 12.59843 3.543307 0.3937008 12.59843 0.3937008 0.3937008 38.58268 3.543307 0.3937008 38.58268 3.543307 0.3937008 38.58268 0.3937008 0.3937008 12.59843 3.543307 0.3937008 12.59843 0.3937008 -8.526513e-14 38.58268 3.937008 -4.263256e-14 12.59843 0 -8.526513e-14 12.59843 3.937008 -4.263256e-14 38.58268 0 -4.263256e-14 38.58268 0 -8.526513e-14 38.58268 3.937008 -4.263256e-14 12.59843 0 -8.526513e-14 12.59843 3.937008</float_array>
                    <technique_common>
                        <accessor count="112" source="#ID187" stride="3">
                            <param name="X" type="float" />
                            <param name="Y" type="float" />
                            <param name="Z" type="float" />
                        </accessor>
                    </technique_common>
                </source>
                <source id="ID185">
                    <float_array id="ID188" count="336">1 -5.330134e-46 0 1 -5.330134e-46 0 1 -5.330134e-46 0 1 -5.330134e-46 0 -1 5.330134e-46 -0 -1 5.330134e-46 -0 -1 5.330134e-46 -0 -1 5.330134e-46 -0 0 0 0 0 0 0 0 0 0 0 0 0 5.330134e-46 -1 0 5.330134e-46 -1 0 5.330134e-46 -1 0 5.330134e-46 -1 0 5.330134e-46 -1 0 5.330134e-46 -1 0 5.330134e-46 -1 0 5.330134e-46 -1 0 -5.330134e-46 1 -0 -5.330134e-46 1 -0 -5.330134e-46 1 -0 -5.330134e-46 1 -0 -5.330134e-46 1 -0 -5.330134e-46 1 -0 -5.330134e-46 1 -0 -5.330134e-46 1 -0 0 0 0 0 0 0 0 0 0 0 0 0 0 0 0 0 0 0 0 0 -1 0 0 -1 0 0 -1 0 0 -1 -0 -0 1 -0 -0 1 -0 -0 1 -0 -0 1 0 0 0 -5.330134e-46 1 0 -5.330134e-46 1 0 -5.330134e-46 1 0 -5.330134e-46 1 0 -5.330134e-46 1 0 -5.330134e-46 1 0 -5.330134e-46 1 0 -5.330134e-46 1 0 5.330134e-46 -1 -0 5.330134e-46 -1 -0 5.330134e-46 -1 -0 5.330134e-46 -1 -0 5.330134e-46 -1 -0 5.330134e-46 -1 -0 5.330134e-46 -1 -0 5.330134e-46 -1 -0 0 0 0 0 0 0 0 0 0 0 0 0 0 0 0 0 0 1 0 0 1 0 0 1 0 0 1 -0 -0 -1 -0 -0 -1 -0 -0 -1 -0 -0 -1 0 0 -1 0 0 -1 0 0 -1 0 0 -1 -0 -0 1 -0 -0 1 -0 -0 1 -0 -0 1 1 -5.330134e-46 0 1 -5.330134e-46 0 1 -5.330134e-46 0 1 -5.330134e-46 0 -1 5.330134e-46 -0 -1 5.330134e-46 -0 -1 5.330134e-46 -0 -1 5.330134e-46 -0 0 0 1 0 0 1 0 0 1 0 0 1 -0 -0 -1 -0 -0 -1 -0 -0 -1 -0 -0 -1 1 -5.330134e-46 0 1 -5.330134e-46 0 1 -5.330134e-46 0 1 -5.330134e-46 0 -1 5.330134e-46 -0 -1 5.330134e-46 -0 -1 5.330134e-46 -0 -1 5.330134e-46 -0 -1 5.330134e-46 0 -1 5.330134e-46 0 -1 5.330134e-46 0 -1 5.330134e-46 0 1 -5.330134e-46 -0 1 -5.330134e-46 -0 1 -5.330134e-46 -0 1 -5.330134e-46 -0</float_array>
                    <technique_common>
                        <accessor count="112" source="#ID188" stride="3">
                            <param name="X" type="float" />
                            <param name="Y" type="float" />
                            <param name="Z" type="float" />
                        </accessor>
                    </technique_common>
                </source>
                <vertices id="ID186">
                    <input semantic="POSITION" source="#ID184" />
                    <input semantic="NORMAL" source="#ID185" />
                </vertices>
                <triangles count="56" material="Material2">
                    <input offset="0" semantic="VERTEX" source="#ID186" />
                    <p>0 1 2 1 0 3 4 5 6 7 6 5 12 13 14 13 12 15 13 15 16 16 15 17 16 17 18 16 18 19 20 21 22 21 23 22 23 24 22 22 24 25 24 26 25 27 25 26 34 35 36 35 34 37 38 39 40 41 40 39 43 44 45 44 43 46 44 46 47 47 46 48 48 46 49 50 45 44 51 52 53 54 55 56 56 55 57 57 55 51 55 58 51 52 51 58 64 65 66 65 64 67 68 69 70 71 70 69 72 73 74 73 72 75 76 77 78 79 78 77 80 81 82 81 80 83 84 85 86 87 86 85 88 89 90 89 88 91 92 93 94 95 94 93 96 97 98 97 96 99 100 101 102 103 102 101 104 105 106 105 104 107 108 109 110 111 110 109</p>
                </triangles>
                <lines count="24" material="Material3">
                    <input offset="0" semantic="VERTEX" source="#ID186" />
                    <p>8 9 10 8 10 11 9 11 28 29 29 30 30 31 32 31 32 8 33 9 28 33 42 10 42 32 59 60 11 60 61 42 62 61 63 62 63 59 60 33 59 28 29 63 62 30 61 31</p>
                </lines>
            </mesh>
        </geometry>
        <geometry id="ID190">
            <mesh>
                <source id="ID191">
                    <float_array id="ID194" count="162">3.937008 0 0 0 141.7323 0 0 0 0 3.937008 141.7323 0 3.937008 3.937008 0 3.937008 35.43307 0 3.937008 39.37008 0 3.937008 102.3622 0 3.937008 106.2992 0 3.937008 137.7953 0 3.937008 137.7953 0 3.937008 106.2992 0 3.937008 141.7323 0 3.937008 102.3622 0 3.937008 39.37008 0 3.937008 35.43307 0 3.937008 3.937008 0 3.937008 0 0 0 141.7323 0 0 0 0 3.937008 0 0 3.937008 3.937008 0 3.937008 35.43307 0 3.937008 39.37008 0 3.937008 102.3622 0 3.937008 106.2992 0 3.937008 137.7953 0 3.937008 141.7323 0 0 141.7323 0 0 0 0 51.1811 0 0 51.1811 3.937008 0 51.1811 3.937008 0 51.1811 0 0 51.1811 3.937008 0 51.1811 0 0 51.1811 35.43307 0 51.1811 39.37008 0 51.1811 39.37008 0 51.1811 35.43307 0 51.1811 39.37008 0 51.1811 35.43307 0 51.1811 102.3622 0 51.1811 106.2992 0 51.1811 106.2992 0 51.1811 102.3622 0 51.1811 106.2992 0 51.1811 102.3622 0 51.1811 137.7953 0 51.1811 141.7323 0 51.1811 141.7323 0 51.1811 137.7953 0 51.1811 141.7323 0 51.1811 137.7953 0</float_array>
                    <technique_common>
                        <accessor count="54" source="#ID194" stride="3">
                            <param name="X" type="float" />
                            <param name="Y" type="float" />
                            <param name="Z" type="float" />
                        </accessor>
                    </technique_common>
                </source>
                <source id="ID192">
                    <float_array id="ID195" count="162">0 0 1 0 0 1 0 0 1 0 0 1 0 0 1 0 0 1 0 0 1 0 0 1 0 0 1 0 0 1 -0 -0 -1 -0 -0 -1 -0 -0 -1 -0 -0 -1 -0 -0 -1 -0 -0 -1 -0 -0 -1 -0 -0 -1 -0 -0 -1 -0 -0 -1 0 0 0 0 0 0 0 0 0 0 0 0 0 0 0 0 0 0 0 0 0 0 0 0 0 0 0 0 0 0 0 0 1 0 0 1 -0 -0 -1 -0 -0 -1 0 0 0 0 0 0 0 0 1 0 0 1 -0 -0 -1 -0 -0 -1 0 0 0 0 0 0 0 0 1 0 0 1 -0 -0 -1 -0 -0 -1 0 0 0 0 0 0 0 0 1 0 0 1 -0 -0 -1 -0 -0 -1 0 0 0 0 0 0</float_array>
                    <technique_common>
                        <accessor count="54" source="#ID195" stride="3">
                            <param name="X" type="float" />
                            <param name="Y" type="float" />
                            <param name="Z" type="float" />
                        </accessor>
                    </technique_common>
                </source>
                <vertices id="ID193">
                    <input semantic="POSITION" source="#ID191" />
                    <input semantic="NORMAL" source="#ID192" />
                </vertices>
                <triangles count="32" material="Material2">
                    <input offset="0" semantic="VERTEX" source="#ID193" />
                    <p>0 1 2 1 0 3 3 0 4 3 4 5 3 5 6 3 6 7 3 7 8 3 8 9 10 11 12 11 13 12 13 14 12 14 15 12 15 16 12 16 17 12 12 17 18 19 18 17 30 4 0 4 30 31 32 33 16 17 16 33 36 6 5 6 36 37 38 39 14 15 14 39 42 8 7 8 42 43 44 45 11 13 11 45 48 3 9 3 48 49 50 51 12 10 12 51</p>
                </triangles>
                <lines count="22" material="Material3">
                    <input offset="0" semantic="VERTEX" source="#ID193" />
                    <p>20 21 21 22 22 23 23 24 24 25 25 26 26 27 27 28 28 29 29 20 34 21 20 35 35 34 40 23 22 41 41 40 46 25 24 47 47 46 52 27 26 53 53 52</p>
                </lines>
            </mesh>
        </geometry>
        <geometry id="ID197">
            <mesh>
                <source id="ID198">
                    <float_array id="ID201" count="120">3.740157 0 0.1968504 0.1968504 141.7323 0.1968504 0.1968504 0 0.1968504 3.740157 141.7323 0.1968504 3.740157 141.7323 0.1968504 3.740157 0 0.1968504 0.1968504 141.7323 0.1968504 0.1968504 0 0.1968504 0.1968504 0 0.1968504 3.740157 0 0.1968504 3.740157 141.7323 0.1968504 0.1968504 141.7323 0.1968504 3.740157 141.7323 1.377953 3.740157 0 0.1968504 3.740157 0 1.377953 3.740157 141.7323 0.1968504 3.740157 141.7323 0.1968504 3.740157 141.7323 1.377953 3.740157 0 0.1968504 3.740157 0 1.377953 3.740157 0 1.377953 3.740157 141.7323 1.377953 0.1968504 141.7323 0.1968504 0.1968504 0 1.377953 0.1968504 0 0.1968504 0.1968504 141.7323 1.377953 0.1968504 141.7323 1.377953 0.1968504 141.7323 0.1968504 0.1968504 0 1.377953 0.1968504 0 0.1968504 0.1968504 0 1.377953 0.1968504 141.7323 1.377953 3.740157 141.7323 1.377953 0.1968504 0 1.377953 0.1968504 141.7323 1.377953 3.740157 0 1.377953 3.740157 0 1.377953 3.740157 141.7323 1.377953 0.1968504 0 1.377953 0.1968504 141.7323 1.377953</float_array>
                    <technique_common>
                        <accessor count="40" source="#ID201" stride="3">
                            <param name="X" type="float" />
                            <param name="Y" type="float" />
                            <param name="Z" type="float" />
                        </accessor>
                    </technique_common>
                </source>
                <source id="ID199">
                    <float_array id="ID202" count="120">0 0 1 0 0 1 0 0 1 0 0 1 -0 -0 -1 -0 -0 -1 -0 -0 -1 -0 -0 -1 0 0 0 0 0 0 0 0 0 0 0 0 -1 0 0 -1 0 0 -1 0 0 -1 0 0 1 -0 -0 1 -0 -0 1 -0 -0 1 -0 -0 0 0 0 0 0 0 1 0 0 1 0 0 1 0 0 1 0 0 -1 -0 -0 -1 -0 -0 -1 -0 -0 -1 -0 -0 0 0 0 0 0 0 -0 -0 -1 -0 -0 -1 -0 -0 -1 -0 -0 -1 0 0 1 0 0 1 0 0 1 0 0 1</float_array>
                    <technique_common>
                        <accessor count="40" source="#ID202" stride="3">
                            <param name="X" type="float" />
                            <param name="Y" type="float" />
                            <param name="Z" type="float" />
                        </accessor>
                    </technique_common>
                </source>
                <vertices id="ID200">
                    <input semantic="POSITION" source="#ID198" />
                    <input semantic="NORMAL" source="#ID199" />
                </vertices>
                <triangles count="16" material="Material2">
                    <input offset="0" semantic="VERTEX" source="#ID200" />
                    <p>0 1 2 1 0 3 4 5 6 7 6 5 12 13 14 13 12 15 16 17 18 19 18 17 22 23 24 23 22 25 26 27 28 29 28 27 32 33 34 33 32 35 36 37 38 39 38 37</p>
                </triangles>
                <lines count="12" material="Material3">
                    <input offset="0" semantic="VERTEX" source="#ID200" />
                    <p>8 9 9 10 11 10 8 11 9 20 20 21 10 21 30 8 31 11 30 31 20 30 21 31</p>
                </lines>
            </mesh>
        </geometry>
        <geometry id="ID203">
            <mesh>
                <source id="ID204">
                    <float_array id="ID207" count="240">3.937008 141.7323 0 3.937008 0 1.574803 3.937008 0 0 3.937008 141.7323 1.574803 3.937008 141.7323 1.574803 3.937008 141.7323 0 3.937008 0 1.574803 3.937008 0 0 3.937008 0 0 3.937008 141.7323 0 3.937008 141.7323 1.574803 3.937008 0 1.574803 3.937008 141.7323 0 0 0 0 0 141.7323 0 3.937008 0 0 3.937008 0 0 3.937008 141.7323 0 0 0 0 0 141.7323 0 0 0 0 0 141.7323 0 0 141.7323 0 0.1968504 141.7323 0.1968504 3.937008 141.7323 0 0 141.7323 1.574803 0.1968504 141.7323 1.377953 3.740157 141.7323 1.377953 3.740157 141.7323 0.1968504 3.937008 141.7323 1.574803 0 141.7323 1.574803 3.740157 141.7323 1.377953 3.937008 141.7323 1.574803 3.740157 141.7323 0.1968504 0.1968504 141.7323 0.1968504 3.937008 141.7323 0 0.1968504 141.7323 1.377953 0 141.7323 0 0 141.7323 1.574803 0.1968504 141.7323 1.377953 0.1968504 141.7323 0.1968504 3.740157 141.7323 0.1968504 3.740157 141.7323 1.377953 3.937008 0 1.574803 0 141.7323 1.574803 0 0 1.574803 3.937008 141.7323 1.574803 3.937008 141.7323 1.574803 3.937008 0 1.574803 0 141.7323 1.574803 0 0 1.574803 0 0 1.574803 3.937008 0 0 3.740157 0 0.1968504 0 0 0 3.937008 0 1.574803 3.740157 0 1.377953 0.1968504 0 1.377953 0.1968504 0 0.1968504 0 0 1.574803 3.937008 0 1.574803 0.1968504 0 1.377953 0 0 1.574803 0.1968504 0 0.1968504 3.740157 0 0.1968504 0 0 0 3.740157 0 1.377953 3.937008 0 0 0.1968504 0 1.377953 0.1968504 0 0.1968504 3.740157 0 1.377953 3.740157 0 0.1968504 0 141.7323 1.574803 0 0 0 0 0 1.574803 0 141.7323 0 0 141.7323 0 0 141.7323 1.574803 0 0 0 0 0 1.574803</float_array>
                    <technique_common>
                        <accessor count="80" source="#ID207" stride="3">
                            <param name="X" type="float" />
                            <param name="Y" type="float" />
                            <param name="Z" type="float" />
                        </accessor>
                    </technique_common>
                </source>
                <source id="ID205">
                    <float_array id="ID208" count="240">1 0 0 1 0 0 1 0 0 1 0 0 -1 -0 -0 -1 -0 -0 -1 -0 -0 -1 -0 -0 0 0 0 0 0 0 0 0 0 0 0 0 0 0 -1 0 0 -1 0 0 -1 0 0 -1 -0 -0 1 -0 -0 1 -0 -0 1 -0 -0 1 0 0 0 0 0 0 0 1 0 0 1 0 0 1 0 0 1 0 0 1 0 0 1 0 0 1 0 0 1 0 -0 -1 -0 -0 -1 -0 -0 -1 -0 -0 -1 -0 -0 -1 -0 -0 -1 -0 -0 -1 -0 -0 -1 -0 0 0 0 0 0 0 0 0 0 0 0 0 0 0 0 0 0 1 0 0 1 0 0 1 0 0 1 -0 -0 -1 -0 -0 -1 -0 -0 -1 -0 -0 -1 0 0 0 0 -1 0 0 -1 0 0 -1 0 0 -1 0 0 -1 0 0 -1 0 0 -1 0 0 -1 0 -0 1 -0 -0 1 -0 -0 1 -0 -0 1 -0 -0 1 -0 -0 1 -0 -0 1 -0 -0 1 -0 0 0 0 0 0 0 0 0 0 0 0 0 -1 -0 -0 -1 -0 -0 -1 -0 -0 -1 -0 -0 1 0 0 1 0 0 1 0 0 1 0 0</float_array>
                    <technique_common>
                        <accessor count="80" source="#ID208" stride="3">
                            <param name="X" type="float" />
                            <param name="Y" type="float" />
                            <param name="Z" type="float" />
                        </accessor>
                    </technique_common>
                </source>
                <vertices id="ID206">
                    <input semantic="POSITION" source="#ID204" />
                    <input semantic="NORMAL" source="#ID205" />
                </vertices>
                <triangles count="48" material="Material2">
                    <input offset="0" semantic="VERTEX" source="#ID206" />
                    <p>0 1 2 1 0 3 4 5 6 7 6 5 12 13 14 13 12 15 16 17 18 19 18 17 22 23 24 23 22 25 23 25 26 26 25 27 24 28 29 28 24 23 29 28 27 29 27 25 30 31 32 31 33 32 34 35 33 32 33 35 31 30 36 36 30 34 30 37 34 35 34 37 43 44 45 44 43 46 47 48 49 50 49 48 52 53 54 53 52 55 53 55 56 56 55 57 54 58 59 58 54 53 59 58 57 59 57 55 60 61 62 61 63 62 64 65 63 62 63 65 61 60 66 66 60 64 60 67 64 65 64 67 72 73 74 73 72 75 76 77 78 79 78 77</p>
                </triangles>
                <lines count="20" material="Material3">
                    <input offset="0" semantic="VERTEX" source="#ID206" />
                    <p>8 9 9 10 11 10 8 11 20 8 21 20 9 21 21 38 10 38 39 40 40 41 41 42 42 39 38 51 51 11 20 51 68 69 70 68 71 70 69 71</p>
                </lines>
            </mesh>
        </geometry>
        <geometry id="ID210">
            <mesh>
                <source id="ID211">
                    <float_array id="ID214" count="240">46.45669 3.937008 0 0 0 0 0 3.937008 0 46.45669 0 0 46.45669 0 0 46.45669 3.937008 0 0 0 0 0 3.937008 0 46.45669 3.937008 0 0 3.937008 0 46.45669 0 0 0 0 0 0 3.937008 1.574803 46.45669 3.937008 0 0 3.937008 0 46.45669 3.937008 1.574803 46.45669 3.937008 1.574803 0 3.937008 1.574803 46.45669 3.937008 0 0 3.937008 0 0 3.937008 1.574803 46.45669 3.937008 1.574803 46.45669 0 0 46.45669 0.1968504 0.1968504 46.45669 0 1.574803 46.45669 3.937008 0 46.45669 3.740157 0.1968504 46.45669 3.740157 1.377953 46.45669 0.1968504 1.377953 46.45669 3.937008 1.574803 46.45669 3.937008 0 46.45669 3.740157 1.377953 46.45669 3.937008 1.574803 46.45669 0.1968504 1.377953 46.45669 0.1968504 0.1968504 46.45669 0 1.574803 46.45669 3.740157 0.1968504 46.45669 0 0 46.45669 0 1.574803 46.45669 3.740157 1.377953 46.45669 0.1968504 1.377953 46.45669 3.740157 0.1968504 46.45669 0.1968504 0.1968504 46.45669 0 1.574803 0 0 0 46.45669 0 0 0 0 1.574803 0 0 1.574803 46.45669 0 1.574803 0 0 0 46.45669 0 0 0 0 1.574803 0 0 1.574803 1.065814e-14 0.1968504 1.377953 0 0 0 0 3.937008 1.574803 1.065814e-14 3.740157 1.377953 1.065814e-14 0.1968504 0.1968504 0 3.937008 0 1.065814e-14 3.740157 0.1968504 0 3.937008 1.574803 1.065814e-14 3.740157 1.377953 0 3.937008 0 1.065814e-14 3.740157 0.1968504 1.065814e-14 0.1968504 0.1968504 1.065814e-14 0.1968504 1.377953 0 0 0 0 0 1.574803 1.065814e-14 3.740157 1.377953 1.065814e-14 0.1968504 1.377953 1.065814e-14 0.1968504 0.1968504 1.065814e-14 3.740157 0.1968504 46.45669 0 1.574803 0 3.937008 1.574803 0 0 1.574803 46.45669 3.937008 1.574803 46.45669 3.937008 1.574803 46.45669 0 1.574803 0 3.937008 1.574803 0 0 1.574803</float_array>
                    <technique_common>
                        <accessor count="80" source="#ID214" stride="3">
                            <param name="X" type="float" />
                            <param name="Y" type="float" />
                            <param name="Z" type="float" />
                        </accessor>
                    </technique_common>
                </source>
                <source id="ID212">
                    <float_array id="ID215" count="240">0 0 -1 0 0 -1 0 0 -1 0 0 -1 -0 -0 1 -0 -0 1 -0 -0 1 -0 -0 1 0 0 0 0 0 0 0 0 0 0 0 0 0 1 0 0 1 0 0 1 0 0 1 0 -0 -1 -0 -0 -1 -0 -0 -1 -0 -0 -1 -0 0 0 0 0 0 0 1 0 0 1 0 0 1 0 0 1 0 0 1 0 0 1 0 0 1 0 0 1 0 0 -1 -0 -0 -1 -0 -0 -1 -0 -0 -1 -0 -0 -1 -0 -0 -1 -0 -0 -1 -0 -0 -1 -0 -0 0 0 0 0 0 0 0 0 0 0 0 0 0 0 0 0 -1 0 0 -1 0 0 -1 0 0 -1 0 -0 1 -0 -0 1 -0 -0 1 -0 -0 1 -0 0 0 0 -1 -0 0 -1 -0 0 -1 -0 0 -1 -0 0 -1 -0 0 -1 -0 0 -1 -0 0 -1 -0 0 1 0 -0 1 0 -0 1 0 -0 1 0 -0 1 0 -0 1 0 -0 1 0 -0 1 0 -0 0 0 0 0 0 0 0 0 0 0 0 0 0 0 1 0 0 1 0 0 1 0 0 1 -0 -0 -1 -0 -0 -1 -0 -0 -1 -0 -0 -1</float_array>
                    <technique_common>
                        <accessor count="80" source="#ID215" stride="3">
                            <param name="X" type="float" />
                            <param name="Y" type="float" />
                            <param name="Z" type="float" />
                        </accessor>
                    </technique_common>
                </source>
                <vertices id="ID213">
                    <input semantic="POSITION" source="#ID211" />
                    <input semantic="NORMAL" source="#ID212" />
                </vertices>
                <triangles count="48" material="Material2">
                    <input offset="0" semantic="VERTEX" source="#ID213" />
                    <p>0 1 2 1 0 3 4 5 6 7 6 5 12 13 14 13 12 15 16 17 18 19 18 17 22 23 24 23 22 25 23 25 26 26 25 27 24 28 29 28 24 23 29 28 27 29 27 25 30 31 32 31 33 32 34 35 33 32 33 35 31 30 36 36 30 34 30 37 34 35 34 37 43 44 45 44 43 46 47 48 49 50 49 48 52 53 54 53 52 55 53 55 56 54 57 58 57 54 53 58 57 59 58 59 56 58 56 55 60 61 62 61 63 62 63 64 62 65 66 64 62 64 66 61 60 65 60 67 65 66 65 67 72 73 74 73 72 75 76 77 78 79 78 77</p>
                </triangles>
                <lines count="20" material="Material3">
                    <input offset="0" semantic="VERTEX" source="#ID213" />
                    <p>8 9 10 8 11 10 9 11 9 20 21 20 8 21 38 21 10 38 39 40 41 39 42 41 40 42 51 38 11 51 20 51 68 69 69 70 70 71 71 68</p>
                </lines>
            </mesh>
        </geometry>
        <geometry id="ID216">
            <mesh>
                <source id="ID217">
                    <float_array id="ID220" count="120">46.45669 3.740157 1.377953 1.065814e-14 0.1968504 1.377953 1.065814e-14 3.740157 1.377953 46.45669 0.1968504 1.377953 46.45669 0.1968504 1.377953 46.45669 3.740157 1.377953 1.065814e-14 0.1968504 1.377953 1.065814e-14 3.740157 1.377953 46.45669 3.740157 1.377953 46.45669 0.1968504 1.377953 1.065814e-14 0.1968504 1.377953 1.065814e-14 3.740157 1.377953 1.065814e-14 0.1968504 1.377953 46.45669 0.1968504 0.1968504 1.065814e-14 0.1968504 0.1968504 46.45669 0.1968504 1.377953 46.45669 0.1968504 1.377953 1.065814e-14 0.1968504 1.377953 46.45669 0.1968504 0.1968504 1.065814e-14 0.1968504 0.1968504 46.45669 0.1968504 0.1968504 1.065814e-14 0.1968504 0.1968504 46.45669 3.740157 1.377953 1.065814e-14 3.740157 0.1968504 46.45669 3.740157 0.1968504 1.065814e-14 3.740157 1.377953 1.065814e-14 3.740157 1.377953 46.45669 3.740157 1.377953 1.065814e-14 3.740157 0.1968504 46.45669 3.740157 0.1968504 46.45669 3.740157 0.1968504 1.065814e-14 3.740157 0.1968504 46.45669 0.1968504 0.1968504 1.065814e-14 3.740157 0.1968504 1.065814e-14 0.1968504 0.1968504 46.45669 3.740157 0.1968504 46.45669 3.740157 0.1968504 46.45669 0.1968504 0.1968504 1.065814e-14 3.740157 0.1968504 1.065814e-14 0.1968504 0.1968504</float_array>
                    <technique_common>
                        <accessor count="40" source="#ID220" stride="3">
                            <param name="X" type="float" />
                            <param name="Y" type="float" />
                            <param name="Z" type="float" />
                        </accessor>
                    </technique_common>
                </source>
                <source id="ID218">
                    <float_array id="ID221" count="120">0 0 -1 0 0 -1 0 0 -1 0 0 -1 -0 -0 1 -0 -0 1 -0 -0 1 -0 -0 1 0 0 0 0 0 0 0 0 0 0 0 0 0 1 0 0 1 0 0 1 0 0 1 0 -0 -1 -0 -0 -1 -0 -0 -1 -0 -0 -1 -0 0 0 0 0 0 0 0 -1 0 0 -1 0 0 -1 0 0 -1 0 -0 1 -0 -0 1 -0 -0 1 -0 -0 1 -0 0 0 0 0 0 0 0 0 1 0 0 1 0 0 1 0 0 1 -0 -0 -1 -0 -0 -1 -0 -0 -1 -0 -0 -1</float_array>
                    <technique_common>
                        <accessor count="40" source="#ID221" stride="3">
                            <param name="X" type="float" />
                            <param name="Y" type="float" />
                            <param name="Z" type="float" />
                        </accessor>
                    </technique_common>
                </source>
                <vertices id="ID219">
                    <input semantic="POSITION" source="#ID217" />
                    <input semantic="NORMAL" source="#ID218" />
                </vertices>
                <triangles count="16" material="Material2">
                    <input offset="0" semantic="VERTEX" source="#ID219" />
                    <p>0 1 2 1 0 3 4 5 6 7 6 5 12 13 14 13 12 15 16 17 18 19 18 17 22 23 24 23 22 25 26 27 28 29 28 27 32 33 34 33 32 35 36 37 38 39 38 37</p>
                </triangles>
                <lines count="12" material="Material3">
                    <input offset="0" semantic="VERTEX" source="#ID219" />
                    <p>8 9 9 10 11 10 8 11 9 20 20 21 10 21 30 8 31 11 30 31 20 30 21 31</p>
                </lines>
            </mesh>
        </geometry>
        <geometry id="ID223">
            <mesh>
                <source id="ID224">
                    <float_array id="ID227" count="336">1.574803 35.22204 3.543307 1.574803 0 3.937008 1.574803 0 3.543307 1.574803 35.22204 3.937008 1.574803 35.22204 3.937008 1.574803 35.22204 3.543307 1.574803 0 3.937008 1.574803 0 3.543307 1.574803 0 3.543307 1.574803 0 3.937008 1.574803 35.22204 3.543307 1.574803 35.22204 3.937008 1.574803 0 3.937008 0.3937008 0 3.543307 1.574803 0 3.543307 1.574803 0 0.3937008 0 0 0 1.574803 0 0 0.3937008 0 0.3937008 0 0 3.937008 1.574803 0 3.937008 0.3937008 0 3.543307 0 0 3.937008 0.3937008 0 0.3937008 0 0 0 1.574803 0 0.3937008 1.574803 0 0 1.574803 0 3.543307 0 0 0 1.574803 0 0 1.574803 0 0.3937008 0.3937008 0 0.3937008 0.3937008 0 3.543307 0 0 3.937008 1.574803 35.22204 3.543307 0.3937008 0 3.543307 0.3937008 35.22204 3.543307 1.574803 0 3.543307 1.574803 0 3.543307 1.574803 35.22204 3.543307 0.3937008 0 3.543307 0.3937008 35.22204 3.543307 0.3937008 35.22204 3.543307 -2.842171e-14 35.22204 1.065814e-14 0.3937008 35.22204 0.3937008 1.574803 35.22204 1.065814e-14 -2.842171e-14 35.22204 3.937008 0.3937008 35.22204 3.543307 1.574803 35.22204 3.543307 1.574803 35.22204 3.937008 1.574803 35.22204 0.3937008 0.3937008 35.22204 0.3937008 1.574803 35.22204 1.065814e-14 1.574803 35.22204 0.3937008 1.574803 35.22204 3.937008 -2.842171e-14 35.22204 3.937008 1.574803 35.22204 3.543307 0.3937008 35.22204 3.543307 -2.842171e-14 35.22204 1.065814e-14 -2.842171e-14 35.22204 1.065814e-14 -2.842171e-14 35.22204 3.937008 0.3937008 35.22204 0.3937008 1.574803 35.22204 0.3937008 1.574803 35.22204 1.065814e-14 0 0 3.937008 1.574803 35.22204 3.937008 -2.842171e-14 35.22204 3.937008 1.574803 0 3.937008 1.574803 0 3.937008 0 0 3.937008 1.574803 35.22204 3.937008 -2.842171e-14 35.22204 3.937008 1.574803 35.22204 1.065814e-14 0 0 0 -2.842171e-14 35.22204 1.065814e-14 1.574803 0 0 1.574803 0 0 1.574803 35.22204 1.065814e-14 0 0 0 -2.842171e-14 35.22204 1.065814e-14 1.574803 35.22204 1.065814e-14 1.574803 0 0.3937008 1.574803 0 0 1.574803 35.22204 0.3937008 1.574803 35.22204 0.3937008 1.574803 35.22204 1.065814e-14 1.574803 0 0.3937008 1.574803 0 0 0.3937008 0 0.3937008 1.574803 35.22204 0.3937008 0.3937008 35.22204 0.3937008 1.574803 0 0.3937008 1.574803 0 0.3937008 0.3937008 0 0.3937008 1.574803 35.22204 0.3937008 0.3937008 35.22204 0.3937008 0.3937008 35.22204 0.3937008 0.3937008 0 3.543307 0.3937008 0 0.3937008 0.3937008 35.22204 3.543307 0.3937008 35.22204 3.543307 0.3937008 35.22204 0.3937008 0.3937008 0 3.543307 0.3937008 0 0.3937008 -2.842171e-14 35.22204 3.937008 0 0 0 0 0 3.937008 -2.842171e-14 35.22204 1.065814e-14 -2.842171e-14 35.22204 1.065814e-14 -2.842171e-14 35.22204 3.937008 0 0 0 0 0 3.937008</float_array>
                    <technique_common>
                        <accessor count="112" source="#ID227" stride="3">
                            <param name="X" type="float" />
                            <param name="Y" type="float" />
                            <param name="Z" type="float" />
                        </accessor>
                    </technique_common>
                </source>
                <source id="ID225">
                    <float_array id="ID228" count="336">1 0 8.560475e-32 1 0 8.560475e-32 1 0 8.560475e-32 1 0 8.560475e-32 -1 -0 -8.560475e-32 -1 -0 -8.560475e-32 -1 -0 -8.560475e-32 -1 -0 -8.560475e-32 0 0 0 0 0 0 0 0 0 0 0 0 0 -1 0 0 -1 0 0 -1 0 0 -1 0 0 -1 0 0 -1 0 0 -1 0 0 -1 0 -0 1 -0 -0 1 -0 -0 1 -0 -0 1 -0 -0 1 -0 -0 1 -0 -0 1 -0 -0 1 -0 0 0 0 0 0 0 0 0 0 0 0 0 0 0 0 0 0 0 -8.560475e-32 0 -1 -8.560475e-32 0 -1 -8.560475e-32 0 -1 -8.560475e-32 0 -1 8.560475e-32 -0 1 8.560475e-32 -0 1 8.560475e-32 -0 1 8.560475e-32 -0 1 0 0 0 0 1 0 0 1 0 0 1 0 0 1 0 0 1 0 0 1 0 0 1 0 0 1 0 -0 -1 -0 -0 -1 -0 -0 -1 -0 -0 -1 -0 -0 -1 -0 -0 -1 -0 -0 -1 -0 -0 -1 -0 0 0 0 0 0 0 0 0 0 0 0 0 0 0 0 8.560475e-32 0 1 8.560475e-32 0 1 8.560475e-32 0 1 8.560475e-32 0 1 -8.560475e-32 -0 -1 -8.560475e-32 -0 -1 -8.560475e-32 -0 -1 -8.560475e-32 -0 -1 -8.560475e-32 0 -1 -8.560475e-32 0 -1 -8.560475e-32 0 -1 -8.560475e-32 0 -1 8.560475e-32 -0 1 8.560475e-32 -0 1 8.560475e-32 -0 1 8.560475e-32 -0 1 1 0 8.560475e-32 1 0 8.560475e-32 1 0 8.560475e-32 1 0 8.560475e-32 -1 -0 -8.560475e-32 -1 -0 -8.560475e-32 -1 -0 -8.560475e-32 -1 -0 -8.560475e-32 8.560475e-32 0 1 8.560475e-32 0 1 8.560475e-32 0 1 8.560475e-32 0 1 -8.560475e-32 -0 -1 -8.560475e-32 -0 -1 -8.560475e-32 -0 -1 -8.560475e-32 -0 -1 1 0 8.560475e-32 1 0 8.560475e-32 1 0 8.560475e-32 1 0 8.560475e-32 -1 -0 -8.560475e-32 -1 -0 -8.560475e-32 -1 -0 -8.560475e-32 -1 -0 -8.560475e-32 -1 0 -8.560475e-32 -1 0 -8.560475e-32 -1 0 -8.560475e-32 -1 0 -8.560475e-32 1 -0 8.560475e-32 1 -0 8.560475e-32 1 -0 8.560475e-32 1 -0 8.560475e-32</float_array>
                    <technique_common>
                        <accessor count="112" source="#ID228" stride="3">
                            <param name="X" type="float" />
                            <param name="Y" type="float" />
                            <param name="Z" type="float" />
                        </accessor>
                    </technique_common>
                </source>
                <vertices id="ID226">
                    <input semantic="POSITION" source="#ID224" />
                    <input semantic="NORMAL" source="#ID225" />
                </vertices>
                <triangles count="56" material="Material2">
                    <input offset="0" semantic="VERTEX" source="#ID226" />
                    <p>0 1 2 1 0 3 4 5 6 7 6 5 12 13 14 15 16 17 16 15 18 16 18 19 19 18 13 19 13 12 20 21 22 21 23 22 22 23 24 23 25 24 26 24 25 27 21 20 34 35 36 35 34 37 38 39 40 41 40 39 43 44 45 44 43 46 44 46 47 47 46 48 48 46 49 50 45 44 51 52 53 54 55 56 56 55 57 57 55 51 55 58 51 52 51 58 64 65 66 65 64 67 68 69 70 71 70 69 72 73 74 73 72 75 76 77 78 79 78 77 80 81 82 81 80 83 84 85 86 87 86 85 88 89 90 89 88 91 92 93 94 95 94 93 96 97 98 97 96 99 100 101 102 103 102 101 104 105 106 105 104 107 108 109 110 111 110 109</p>
                </triangles>
                <lines count="24" material="Material3">
                    <input offset="0" semantic="VERTEX" source="#ID226" />
                    <p>8 9 10 8 10 11 9 11 28 29 29 30 30 31 32 31 32 8 33 9 28 33 42 10 42 32 59 60 11 60 61 42 62 61 63 62 63 59 60 33 59 28 29 63 62 30 61 31</p>
                </lines>
            </mesh>
        </geometry>
        <geometry id="ID230">
            <mesh>
                <source id="ID231">
                    <float_array id="ID234" count="336">1.574803 38.58268 3.543307 1.574803 12.59843 3.937008 1.574803 12.59843 3.543307 1.574803 38.58268 3.937008 1.574803 38.58268 3.937008 1.574803 38.58268 3.543307 1.574803 12.59843 3.937008 1.574803 12.59843 3.543307 1.574803 12.59843 3.543307 1.574803 12.59843 3.937008 1.574803 38.58268 3.543307 1.574803 38.58268 3.937008 1.574803 12.59843 0.3937008 -2.842171e-14 12.59843 0 1.574803 12.59843 0 0.3937008 12.59843 0.3937008 -7.105427e-14 12.59843 3.937008 0.3937008 12.59843 3.543307 1.574803 12.59843 3.543307 1.574803 12.59843 3.937008 1.574803 12.59843 3.937008 1.574803 12.59843 3.543307 -7.105427e-14 12.59843 3.937008 0.3937008 12.59843 3.543307 0.3937008 12.59843 0.3937008 -2.842171e-14 12.59843 0 1.574803 12.59843 0.3937008 1.574803 12.59843 0 -2.842171e-14 12.59843 0 1.574803 12.59843 0 1.574803 12.59843 0.3937008 0.3937008 12.59843 0.3937008 0.3937008 12.59843 3.543307 -7.105427e-14 12.59843 3.937008 0.3937008 38.58268 3.543307 1.574803 12.59843 3.543307 0.3937008 12.59843 3.543307 1.574803 38.58268 3.543307 1.574803 38.58268 3.543307 0.3937008 38.58268 3.543307 1.574803 12.59843 3.543307 0.3937008 12.59843 3.543307 0.3937008 38.58268 3.543307 -4.263256e-14 38.58268 0 0.3937008 38.58268 0.3937008 1.574803 38.58268 0 -7.105427e-14 38.58268 3.937008 0.3937008 38.58268 3.543307 1.574803 38.58268 3.543307 1.574803 38.58268 3.937008 1.574803 38.58268 0.3937008 0.3937008 38.58268 0.3937008 1.574803 38.58268 0 1.574803 38.58268 0.3937008 1.574803 38.58268 3.937008 -7.105427e-14 38.58268 3.937008 1.574803 38.58268 3.543307 0.3937008 38.58268 3.543307 -4.263256e-14 38.58268 0 -4.263256e-14 38.58268 0 -7.105427e-14 38.58268 3.937008 0.3937008 38.58268 0.3937008 1.574803 38.58268 0.3937008 1.574803 38.58268 0 1.574803 12.59843 3.937008 -7.105427e-14 38.58268 3.937008 -7.105427e-14 12.59843 3.937008 1.574803 38.58268 3.937008 1.574803 38.58268 3.937008 1.574803 12.59843 3.937008 -7.105427e-14 38.58268 3.937008 -7.105427e-14 12.59843 3.937008 1.574803 38.58268 0 -2.842171e-14 12.59843 0 -4.263256e-14 38.58268 0 1.574803 12.59843 0 1.574803 12.59843 0 1.574803 38.58268 0 -2.842171e-14 12.59843 0 -4.263256e-14 38.58268 0 1.574803 38.58268 0 1.574803 12.59843 0.3937008 1.574803 12.59843 0 1.574803 38.58268 0.3937008 1.574803 38.58268 0.3937008 1.574803 38.58268 0 1.574803 12.59843 0.3937008 1.574803 12.59843 0 1.574803 12.59843 0.3937008 0.3937008 38.58268 0.3937008 0.3937008 12.59843 0.3937008 1.574803 38.58268 0.3937008 1.574803 38.58268 0.3937008 1.574803 12.59843 0.3937008 0.3937008 38.58268 0.3937008 0.3937008 12.59843 0.3937008 0.3937008 38.58268 0.3937008 0.3937008 12.59843 3.543307 0.3937008 12.59843 0.3937008 0.3937008 38.58268 3.543307 0.3937008 38.58268 3.543307 0.3937008 38.58268 0.3937008 0.3937008 12.59843 3.543307 0.3937008 12.59843 0.3937008 -7.105427e-14 38.58268 3.937008 -2.842171e-14 12.59843 0 -7.105427e-14 12.59843 3.937008 -4.263256e-14 38.58268 0 -4.263256e-14 38.58268 0 -7.105427e-14 38.58268 3.937008 -2.842171e-14 12.59843 0 -7.105427e-14 12.59843 3.937008</float_array>
                    <technique_common>
                        <accessor count="112" source="#ID234" stride="3">
                            <param name="X" type="float" />
                            <param name="Y" type="float" />
                            <param name="Z" type="float" />
                        </accessor>
                    </technique_common>
                </source>
                <source id="ID232">
                    <float_array id="ID235" count="336">1 -5.330134e-46 0 1 -5.330134e-46 0 1 -5.330134e-46 0 1 -5.330134e-46 0 -1 5.330134e-46 -0 -1 5.330134e-46 -0 -1 5.330134e-46 -0 -1 5.330134e-46 -0 0 0 0 0 0 0 0 0 0 0 0 0 5.330134e-46 -1 0 5.330134e-46 -1 0 5.330134e-46 -1 0 5.330134e-46 -1 0 5.330134e-46 -1 0 5.330134e-46 -1 0 5.330134e-46 -1 0 5.330134e-46 -1 0 -5.330134e-46 1 -0 -5.330134e-46 1 -0 -5.330134e-46 1 -0 -5.330134e-46 1 -0 -5.330134e-46 1 -0 -5.330134e-46 1 -0 -5.330134e-46 1 -0 -5.330134e-46 1 -0 0 0 0 0 0 0 0 0 0 0 0 0 0 0 0 0 0 0 0 0 -1 0 0 -1 0 0 -1 0 0 -1 -0 -0 1 -0 -0 1 -0 -0 1 -0 -0 1 0 0 0 -5.330134e-46 1 0 -5.330134e-46 1 0 -5.330134e-46 1 0 -5.330134e-46 1 0 -5.330134e-46 1 0 -5.330134e-46 1 0 -5.330134e-46 1 0 -5.330134e-46 1 0 5.330134e-46 -1 -0 5.330134e-46 -1 -0 5.330134e-46 -1 -0 5.330134e-46 -1 -0 5.330134e-46 -1 -0 5.330134e-46 -1 -0 5.330134e-46 -1 -0 5.330134e-46 -1 -0 0 0 0 0 0 0 0 0 0 0 0 0 0 0 0 0 0 1 0 0 1 0 0 1 0 0 1 -0 -0 -1 -0 -0 -1 -0 -0 -1 -0 -0 -1 0 0 -1 0 0 -1 0 0 -1 0 0 -1 -0 -0 1 -0 -0 1 -0 -0 1 -0 -0 1 1 -5.330134e-46 0 1 -5.330134e-46 0 1 -5.330134e-46 0 1 -5.330134e-46 0 -1 5.330134e-46 -0 -1 5.330134e-46 -0 -1 5.330134e-46 -0 -1 5.330134e-46 -0 0 0 1 0 0 1 0 0 1 0 0 1 -0 -0 -1 -0 -0 -1 -0 -0 -1 -0 -0 -1 1 -5.330134e-46 0 1 -5.330134e-46 0 1 -5.330134e-46 0 1 -5.330134e-46 0 -1 5.330134e-46 -0 -1 5.330134e-46 -0 -1 5.330134e-46 -0 -1 5.330134e-46 -0 -1 5.330134e-46 0 -1 5.330134e-46 0 -1 5.330134e-46 0 -1 5.330134e-46 0 1 -5.330134e-46 -0 1 -5.330134e-46 -0 1 -5.330134e-46 -0 1 -5.330134e-46 -0</float_array>
                    <technique_common>
                        <accessor count="112" source="#ID235" stride="3">
                            <param name="X" type="float" />
                            <param name="Y" type="float" />
                            <param name="Z" type="float" />
                        </accessor>
                    </technique_common>
                </source>
                <vertices id="ID233">
                    <input semantic="POSITION" source="#ID231" />
                    <input semantic="NORMAL" source="#ID232" />
                </vertices>
                <triangles count="56" material="Material2">
                    <input offset="0" semantic="VERTEX" source="#ID233" />
                    <p>0 1 2 1 0 3 4 5 6 7 6 5 12 13 14 13 12 15 13 15 16 16 15 17 16 17 18 16 18 19 20 21 22 21 23 22 23 24 22 22 24 25 24 26 25 27 25 26 34 35 36 35 34 37 38 39 40 41 40 39 43 44 45 44 43 46 44 46 47 47 46 48 48 46 49 50 45 44 51 52 53 54 55 56 56 55 57 57 55 51 55 58 51 52 51 58 64 65 66 65 64 67 68 69 70 71 70 69 72 73 74 73 72 75 76 77 78 79 78 77 80 81 82 81 80 83 84 85 86 87 86 85 88 89 90 89 88 91 92 93 94 95 94 93 96 97 98 97 96 99 100 101 102 103 102 101 104 105 106 105 104 107 108 109 110 111 110 109</p>
                </triangles>
                <lines count="24" material="Material3">
                    <input offset="0" semantic="VERTEX" source="#ID233" />
                    <p>8 9 10 8 10 11 9 11 28 29 29 30 30 31 32 31 32 8 33 9 28 33 42 10 42 32 59 60 11 60 61 42 62 61 63 62 63 59 60 33 59 28 29 63 62 30 61 31</p>
                </lines>
            </mesh>
        </geometry>
    </library_geometries>
    <library_materials>
        <material id="ID6" name="_0103_Blue">
            <instance_effect url="#ID7" />
        </material>
        <material id="ID11" name="edge_color00255255">
            <instance_effect url="#ID12" />
        </material>
    </library_materials>
    <library_effects>
        <effect id="ID7">
            <profile_COMMON>
                <technique sid="COMMON">
                    <lambert>
                        <diffuse>
                            <color>0 0 1 1</color>
                        </diffuse>
                    </lambert>
                </technique>
            </profile_COMMON>
        </effect>
        <effect id="ID12">
            <profile_COMMON>
                <technique sid="COMMON">
                    <constant>
                        <transparent opaque="A_ONE">
                            <color>0 0 1 1</color>
                        </transparent>
                        <transparency>
                            <float>1</float>
                        </transparency>
                    </constant>
                </technique>
            </profile_COMMON>
        </effect>
    </library_effects>
    <scene>
        <instance_visual_scene url="#ID2" />
    </scene>
</COLLADA>
