<?xml version="1.0" encoding="UTF-8" standalone="no" ?>
<COLLADA xmlns="http://www.collada.org/2005/11/COLLADASchema" version="1.4.1">
    <asset>
        <contributor>
            <authoring_tool>SketchUp 24.0.594</authoring_tool>
        </contributor>
        <created>2025-11-12T17:53:43Z</created>
        <modified>2025-11-12T17:53:43Z</modified>
        <unit meter="0.0254" name="inch" />
        <up_axis>Z_UP</up_axis>
    </asset>
    <library_cameras>
        <camera id="ID1" name="skp_camera_Last_Saved_SketchUp_View">
            <optics>
                <technique_common>
                    <perspective>
                        <yfov>35</yfov>
                        <aspect_ratio>0</aspect_ratio>
                        <znear>1</znear>
                        <zfar>1000</zfar>
                    </perspective>
                </technique_common>
            </optics>
        </camera>
    </library_cameras>
    <library_visual_scenes>
        <visual_scene id="ID2">
            <node name="SketchUp">
                <instance_geometry url="#ID3">
                    <bind_material>
                        <technique_common>
                            <instance_material symbol="Material2" target="#ID4">
                                <bind_vertex_input semantic="UVSET0" input_semantic="TEXCOORD" input_set="0" />
                            </instance_material>
                            <instance_material symbol="Material3" target="#ID10">
                                <bind_vertex_input semantic="UVSET0" input_semantic="TEXCOORD" input_set="0" />
                            </instance_material>
                            <instance_material symbol="Material4" target="#ID11">
                                <bind_vertex_input semantic="UVSET0" input_semantic="TEXCOORD" input_set="0" />
                            </instance_material>
                        </technique_common>
                    </bind_material>
                </instance_geometry>
                <instance_geometry url="#ID15">
                    <bind_material>
                        <technique_common>
                            <instance_material symbol="Material2" target="#ID10">
                                <bind_vertex_input semantic="UVSET0" input_semantic="TEXCOORD" input_set="0" />
                            </instance_material>
                            <instance_material symbol="Material3" target="#ID17">
                                <bind_vertex_input semantic="UVSET0" input_semantic="TEXCOORD" input_set="0" />
                            </instance_material>
                            <instance_material symbol="Material4" target="#ID11">
                                <bind_vertex_input semantic="UVSET0" input_semantic="TEXCOORD" input_set="0" />
                            </instance_material>
                        </technique_common>
                    </bind_material>
                </instance_geometry>
                <instance_geometry url="#ID23">
                    <bind_material>
                        <technique_common>
                            <instance_material symbol="Material2" target="#ID10">
                                <bind_vertex_input semantic="UVSET0" input_semantic="TEXCOORD" input_set="0" />
                            </instance_material>
                            <instance_material symbol="Material3" target="#ID17">
                                <bind_vertex_input semantic="UVSET0" input_semantic="TEXCOORD" input_set="0" />
                            </instance_material>
                            <instance_material symbol="Material4" target="#ID11">
                                <bind_vertex_input semantic="UVSET0" input_semantic="TEXCOORD" input_set="0" />
                            </instance_material>
                        </technique_common>
                    </bind_material>
                </instance_geometry>
                <instance_geometry url="#ID29">
                    <bind_material>
                        <technique_common>
                            <instance_material symbol="Material2" target="#ID10">
                                <bind_vertex_input semantic="UVSET0" input_semantic="TEXCOORD" input_set="0" />
                            </instance_material>
                            <instance_material symbol="Material3" target="#ID30">
                                <bind_vertex_input semantic="UVSET0" input_semantic="TEXCOORD" input_set="0" />
                            </instance_material>
                            <instance_material symbol="Material4" target="#ID11">
                                <bind_vertex_input semantic="UVSET0" input_semantic="TEXCOORD" input_set="0" />
                            </instance_material>
                        </technique_common>
                    </bind_material>
                </instance_geometry>
                <instance_geometry url="#ID37">
                    <bind_material>
                        <technique_common>
                            <instance_material symbol="Material2" target="#ID10">
                                <bind_vertex_input semantic="UVSET0" input_semantic="TEXCOORD" input_set="0" />
                            </instance_material>
                            <instance_material symbol="Material3" target="#ID17">
                                <bind_vertex_input semantic="UVSET0" input_semantic="TEXCOORD" input_set="0" />
                            </instance_material>
                            <instance_material symbol="Material4" target="#ID11">
                                <bind_vertex_input semantic="UVSET0" input_semantic="TEXCOORD" input_set="0" />
                            </instance_material>
                        </technique_common>
                    </bind_material>
                </instance_geometry>
                <instance_geometry url="#ID43">
                    <bind_material>
                        <technique_common>
                            <instance_material symbol="Material2" target="#ID10">
                                <bind_vertex_input semantic="UVSET0" input_semantic="TEXCOORD" input_set="0" />
                            </instance_material>
                            <instance_material symbol="Material3" target="#ID17">
                                <bind_vertex_input semantic="UVSET0" input_semantic="TEXCOORD" input_set="0" />
                            </instance_material>
                            <instance_material symbol="Material4" target="#ID44">
                                <bind_vertex_input semantic="UVSET0" input_semantic="TEXCOORD" input_set="0" />
                            </instance_material>
                            <instance_material symbol="Material5" target="#ID11">
                                <bind_vertex_input semantic="UVSET0" input_semantic="TEXCOORD" input_set="0" />
                            </instance_material>
                            <instance_material symbol="Material6" target="#ID49">
                                <bind_vertex_input semantic="UVSET0" input_semantic="TEXCOORD" input_set="0" />
                            </instance_material>
                        </technique_common>
                    </bind_material>
                </instance_geometry>
                <instance_geometry url="#ID53">
                    <bind_material>
                        <technique_common>
                            <instance_material symbol="Material2" target="#ID10">
                                <bind_vertex_input semantic="UVSET0" input_semantic="TEXCOORD" input_set="0" />
                            </instance_material>
                            <instance_material symbol="Material3" target="#ID17">
                                <bind_vertex_input semantic="UVSET0" input_semantic="TEXCOORD" input_set="0" />
                            </instance_material>
                            <instance_material symbol="Material4" target="#ID11">
                                <bind_vertex_input semantic="UVSET0" input_semantic="TEXCOORD" input_set="0" />
                            </instance_material>
                        </technique_common>
                    </bind_material>
                </instance_geometry>
                <instance_geometry url="#ID59">
                    <bind_material>
                        <technique_common>
                            <instance_material symbol="Material2" target="#ID10">
                                <bind_vertex_input semantic="UVSET0" input_semantic="TEXCOORD" input_set="0" />
                            </instance_material>
                            <instance_material symbol="Material3" target="#ID17">
                                <bind_vertex_input semantic="UVSET0" input_semantic="TEXCOORD" input_set="0" />
                            </instance_material>
                            <instance_material symbol="Material4" target="#ID11">
                                <bind_vertex_input semantic="UVSET0" input_semantic="TEXCOORD" input_set="0" />
                            </instance_material>
                        </technique_common>
                    </bind_material>
                </instance_geometry>
                <instance_geometry url="#ID65">
                    <bind_material>
                        <technique_common>
                            <instance_material symbol="Material2" target="#ID10">
                                <bind_vertex_input semantic="UVSET0" input_semantic="TEXCOORD" input_set="0" />
                            </instance_material>
                            <instance_material symbol="Material3" target="#ID44">
                                <bind_vertex_input semantic="UVSET0" input_semantic="TEXCOORD" input_set="0" />
                            </instance_material>
                            <instance_material symbol="Material4" target="#ID11">
                                <bind_vertex_input semantic="UVSET0" input_semantic="TEXCOORD" input_set="0" />
                            </instance_material>
                        </technique_common>
                    </bind_material>
                </instance_geometry>
                <instance_geometry url="#ID71">
                    <bind_material>
                        <technique_common>
                            <instance_material symbol="Material2" target="#ID10">
                                <bind_vertex_input semantic="UVSET0" input_semantic="TEXCOORD" input_set="0" />
                            </instance_material>
                            <instance_material symbol="Material3" target="#ID44">
                                <bind_vertex_input semantic="UVSET0" input_semantic="TEXCOORD" input_set="0" />
                            </instance_material>
                            <instance_material symbol="Material4" target="#ID11">
                                <bind_vertex_input semantic="UVSET0" input_semantic="TEXCOORD" input_set="0" />
                            </instance_material>
                            <instance_material symbol="Material5" target="#ID49">
                                <bind_vertex_input semantic="UVSET0" input_semantic="TEXCOORD" input_set="0" />
                            </instance_material>
                        </technique_common>
                    </bind_material>
                </instance_geometry>
                <instance_geometry url="#ID77">
                    <bind_material>
                        <technique_common>
                            <instance_material symbol="Material2" target="#ID10">
                                <bind_vertex_input semantic="UVSET0" input_semantic="TEXCOORD" input_set="0" />
                            </instance_material>
                            <instance_material symbol="Material3" target="#ID44">
                                <bind_vertex_input semantic="UVSET0" input_semantic="TEXCOORD" input_set="0" />
                            </instance_material>
                            <instance_material symbol="Material4" target="#ID11">
                                <bind_vertex_input semantic="UVSET0" input_semantic="TEXCOORD" input_set="0" />
                            </instance_material>
                            <instance_material symbol="Material5" target="#ID49">
                                <bind_vertex_input semantic="UVSET0" input_semantic="TEXCOORD" input_set="0" />
                            </instance_material>
                        </technique_common>
                    </bind_material>
                </instance_geometry>
                <instance_geometry url="#ID83">
                    <bind_material>
                        <technique_common>
                            <instance_material symbol="Material2" target="#ID4">
                                <bind_vertex_input semantic="UVSET0" input_semantic="TEXCOORD" input_set="0" />
                            </instance_material>
                            <instance_material symbol="Material3" target="#ID10">
                                <bind_vertex_input semantic="UVSET0" input_semantic="TEXCOORD" input_set="0" />
                            </instance_material>
                            <instance_material symbol="Material4" target="#ID11">
                                <bind_vertex_input semantic="UVSET0" input_semantic="TEXCOORD" input_set="0" />
                            </instance_material>
                        </technique_common>
                    </bind_material>
                </instance_geometry>
                <instance_geometry url="#ID89">
                    <bind_material>
                        <technique_common>
                            <instance_material symbol="Material2" target="#ID10">
                                <bind_vertex_input semantic="UVSET0" input_semantic="TEXCOORD" input_set="0" />
                            </instance_material>
                            <instance_material symbol="Material3" target="#ID17">
                                <bind_vertex_input semantic="UVSET0" input_semantic="TEXCOORD" input_set="0" />
                            </instance_material>
                            <instance_material symbol="Material4" target="#ID11">
                                <bind_vertex_input semantic="UVSET0" input_semantic="TEXCOORD" input_set="0" />
                            </instance_material>
                            <instance_material symbol="Material5" target="#ID49">
                                <bind_vertex_input semantic="UVSET0" input_semantic="TEXCOORD" input_set="0" />
                            </instance_material>
                        </technique_common>
                    </bind_material>
                </instance_geometry>
                <instance_geometry url="#ID95">
                    <bind_material>
                        <technique_common>
                            <instance_material symbol="Material2" target="#ID4">
                                <bind_vertex_input semantic="UVSET0" input_semantic="TEXCOORD" input_set="0" />
                            </instance_material>
                            <instance_material symbol="Material3" target="#ID10">
                                <bind_vertex_input semantic="UVSET0" input_semantic="TEXCOORD" input_set="0" />
                            </instance_material>
                            <instance_material symbol="Material4" target="#ID11">
                                <bind_vertex_input semantic="UVSET0" input_semantic="TEXCOORD" input_set="0" />
                            </instance_material>
                        </technique_common>
                    </bind_material>
                </instance_geometry>
                <instance_geometry url="#ID101">
                    <bind_material>
                        <technique_common>
                            <instance_material symbol="Material2" target="#ID10">
                                <bind_vertex_input semantic="UVSET0" input_semantic="TEXCOORD" input_set="0" />
                            </instance_material>
                            <instance_material symbol="Material3" target="#ID17">
                                <bind_vertex_input semantic="UVSET0" input_semantic="TEXCOORD" input_set="0" />
                            </instance_material>
                            <instance_material symbol="Material4" target="#ID11">
                                <bind_vertex_input semantic="UVSET0" input_semantic="TEXCOORD" input_set="0" />
                            </instance_material>
                        </technique_common>
                    </bind_material>
                </instance_geometry>
                <instance_geometry url="#ID107">
                    <bind_material>
                        <technique_common>
                            <instance_material symbol="Material2" target="#ID10">
                                <bind_vertex_input semantic="UVSET0" input_semantic="TEXCOORD" input_set="0" />
                            </instance_material>
                            <instance_material symbol="Material3" target="#ID17">
                                <bind_vertex_input semantic="UVSET0" input_semantic="TEXCOORD" input_set="0" />
                            </instance_material>
                            <instance_material symbol="Material4" target="#ID11">
                                <bind_vertex_input semantic="UVSET0" input_semantic="TEXCOORD" input_set="0" />
                            </instance_material>
                        </technique_common>
                    </bind_material>
                </instance_geometry>
                <instance_geometry url="#ID113">
                    <bind_material>
                        <technique_common>
                            <instance_material symbol="Material2" target="#ID10">
                                <bind_vertex_input semantic="UVSET0" input_semantic="TEXCOORD" input_set="0" />
                            </instance_material>
                            <instance_material symbol="Material3" target="#ID17">
                                <bind_vertex_input semantic="UVSET0" input_semantic="TEXCOORD" input_set="0" />
                            </instance_material>
                            <instance_material symbol="Material4" target="#ID11">
                                <bind_vertex_input semantic="UVSET0" input_semantic="TEXCOORD" input_set="0" />
                            </instance_material>
                        </technique_common>
                    </bind_material>
                </instance_geometry>
                <instance_geometry url="#ID119">
                    <bind_material>
                        <technique_common>
                            <instance_material symbol="Material2" target="#ID10">
                                <bind_vertex_input semantic="UVSET0" input_semantic="TEXCOORD" input_set="0" />
                            </instance_material>
                            <instance_material symbol="Material3" target="#ID17">
                                <bind_vertex_input semantic="UVSET0" input_semantic="TEXCOORD" input_set="0" />
                            </instance_material>
                            <instance_material symbol="Material4" target="#ID11">
                                <bind_vertex_input semantic="UVSET0" input_semantic="TEXCOORD" input_set="0" />
                            </instance_material>
                        </technique_common>
                    </bind_material>
                </instance_geometry>
                <instance_geometry url="#ID125">
                    <bind_material>
                        <technique_common>
                            <instance_material symbol="Material2" target="#ID10">
                                <bind_vertex_input semantic="UVSET0" input_semantic="TEXCOORD" input_set="0" />
                            </instance_material>
                            <instance_material symbol="Material3" target="#ID126">
                                <bind_vertex_input semantic="UVSET0" input_semantic="TEXCOORD" input_set="0" />
                            </instance_material>
                            <instance_material symbol="Material4" target="#ID11">
                                <bind_vertex_input semantic="UVSET0" input_semantic="TEXCOORD" input_set="0" />
                            </instance_material>
                        </technique_common>
                    </bind_material>
                </instance_geometry>
                <instance_geometry url="#ID133">
                    <bind_material>
                        <technique_common>
                            <instance_material symbol="Material2" target="#ID4">
                                <bind_vertex_input semantic="UVSET0" input_semantic="TEXCOORD" input_set="0" />
                            </instance_material>
                            <instance_material symbol="Material3" target="#ID10">
                                <bind_vertex_input semantic="UVSET0" input_semantic="TEXCOORD" input_set="0" />
                            </instance_material>
                            <instance_material symbol="Material4" target="#ID11">
                                <bind_vertex_input semantic="UVSET0" input_semantic="TEXCOORD" input_set="0" />
                            </instance_material>
                        </technique_common>
                    </bind_material>
                </instance_geometry>
                <instance_geometry url="#ID139">
                    <bind_material>
                        <technique_common>
                            <instance_material symbol="Material2" target="#ID10">
                                <bind_vertex_input semantic="UVSET0" input_semantic="TEXCOORD" input_set="0" />
                            </instance_material>
                            <instance_material symbol="Material3" target="#ID126">
                                <bind_vertex_input semantic="UVSET0" input_semantic="TEXCOORD" input_set="0" />
                            </instance_material>
                            <instance_material symbol="Material4" target="#ID11">
                                <bind_vertex_input semantic="UVSET0" input_semantic="TEXCOORD" input_set="0" />
                            </instance_material>
                        </technique_common>
                    </bind_material>
                </instance_geometry>
                <instance_geometry url="#ID145">
                    <bind_material>
                        <technique_common>
                            <instance_material symbol="Material2" target="#ID4">
                                <bind_vertex_input semantic="UVSET0" input_semantic="TEXCOORD" input_set="0" />
                            </instance_material>
                            <instance_material symbol="Material3" target="#ID10">
                                <bind_vertex_input semantic="UVSET0" input_semantic="TEXCOORD" input_set="0" />
                            </instance_material>
                            <instance_material symbol="Material4" target="#ID11">
                                <bind_vertex_input semantic="UVSET0" input_semantic="TEXCOORD" input_set="0" />
                            </instance_material>
                        </technique_common>
                    </bind_material>
                </instance_geometry>
                <instance_geometry url="#ID151">
                    <bind_material>
                        <technique_common>
                            <instance_material symbol="Material2" target="#ID4">
                                <bind_vertex_input semantic="UVSET0" input_semantic="TEXCOORD" input_set="0" />
                            </instance_material>
                            <instance_material symbol="Material3" target="#ID10">
                                <bind_vertex_input semantic="UVSET0" input_semantic="TEXCOORD" input_set="0" />
                            </instance_material>
                            <instance_material symbol="Material4" target="#ID11">
                                <bind_vertex_input semantic="UVSET0" input_semantic="TEXCOORD" input_set="0" />
                            </instance_material>
                        </technique_common>
                    </bind_material>
                </instance_geometry>
                <instance_geometry url="#ID157">
                    <bind_material>
                        <technique_common>
                            <instance_material symbol="Material2" target="#ID4">
                                <bind_vertex_input semantic="UVSET0" input_semantic="TEXCOORD" input_set="0" />
                            </instance_material>
                            <instance_material symbol="Material3" target="#ID10">
                                <bind_vertex_input semantic="UVSET0" input_semantic="TEXCOORD" input_set="0" />
                            </instance_material>
                            <instance_material symbol="Material4" target="#ID11">
                                <bind_vertex_input semantic="UVSET0" input_semantic="TEXCOORD" input_set="0" />
                            </instance_material>
                        </technique_common>
                    </bind_material>
                </instance_geometry>
                <instance_geometry url="#ID163">
                    <bind_material>
                        <technique_common>
                            <instance_material symbol="Material2" target="#ID4">
                                <bind_vertex_input semantic="UVSET0" input_semantic="TEXCOORD" input_set="0" />
                            </instance_material>
                            <instance_material symbol="Material3" target="#ID10">
                                <bind_vertex_input semantic="UVSET0" input_semantic="TEXCOORD" input_set="0" />
                            </instance_material>
                            <instance_material symbol="Material4" target="#ID11">
                                <bind_vertex_input semantic="UVSET0" input_semantic="TEXCOORD" input_set="0" />
                            </instance_material>
                        </technique_common>
                    </bind_material>
                </instance_geometry>
                <instance_geometry url="#ID169">
                    <bind_material>
                        <technique_common>
                            <instance_material symbol="Material2" target="#ID4">
                                <bind_vertex_input semantic="UVSET0" input_semantic="TEXCOORD" input_set="0" />
                            </instance_material>
                            <instance_material symbol="Material3" target="#ID10">
                                <bind_vertex_input semantic="UVSET0" input_semantic="TEXCOORD" input_set="0" />
                            </instance_material>
                            <instance_material symbol="Material4" target="#ID11">
                                <bind_vertex_input semantic="UVSET0" input_semantic="TEXCOORD" input_set="0" />
                            </instance_material>
                        </technique_common>
                    </bind_material>
                </instance_geometry>
                <instance_geometry url="#ID175">
                    <bind_material>
                        <technique_common>
                            <instance_material symbol="Material2" target="#ID11">
                                <bind_vertex_input semantic="UVSET0" input_semantic="TEXCOORD" input_set="0" />
                            </instance_material>
                        </technique_common>
                    </bind_material>
                </instance_geometry>
                <node name="skp_camera_Last_Saved_SketchUp_View">
                    <matrix>0.2261491 -0.2207617 0.948747 39.67731 0.9740927 0.05125287 -0.2202647 6.810717 0 0.9739802 0.2266331 35.06983 0 0 0 1</matrix>
                    <instance_camera url="#ID1" />
                </node>
            </node>
        </visual_scene>
    </library_visual_scenes>
    <library_geometries>
        <geometry id="ID3">
            <mesh>
                <source id="ID6">
                    <float_array id="ID13" count="612">3.848411 1.442238 12.68021 4.379052 1.441522 12.91787 5.816913 1.439584 12.68021 4.358863 1.44155 12.92188 4.339371 1.441576 12.9285 4.320909 1.441601 12.9376 4.303792 1.441624 12.94903 4.288314 1.441645 12.9626 4.27474 1.441663 12.97807 4.2633 1.441678 12.99519 4.254192 1.441691 13.01365 4.24757 1.4417 13.03314 3.848411 1.442238 14.64872 4.399592 1.441495 12.91643 4.243549 1.441705 13.05332 4.242111 1.441707 13.07392 4.242111 1.441707 14.25502 4.243459 1.441705 14.27557 4.247477 1.4417 14.29578 4.254099 1.441691 14.31528 4.26321 1.441679 14.33376 4.274654 1.441663 14.35089 4.288236 1.441645 14.36637 4.303724 1.441624 14.37995 4.320852 1.441601 14.3914 4.339327 1.441576 14.40051 4.358833 1.44155 14.40713 4.379036 1.441522 14.41115 4.399592 1.441495 14.4125 5.265733 1.440327 14.4125 5.417776 1.440122 13.03322 5.816913 1.439584 14.64872 5.411162 1.440131 13.01372 5.402059 1.440144 12.99525 5.390621 1.440159 12.97812 5.377046 1.440177 12.96264 5.361566 1.440198 12.94906 5.344445 1.440221 12.93761 5.325977 1.440246 12.92851 5.306478 1.440272 12.92188 5.286281 1.4403 12.91787 5.265733 1.440327 12.91643 5.421788 1.440117 13.05342 5.423213 1.440115 13.07392 5.423213 1.440115 14.25502 5.421866 1.440117 14.27557 5.417847 1.440122 14.29578 5.411225 1.440131 14.31528 5.402114 1.440144 14.33376 5.39067 1.440159 14.35089 5.377088 1.440177 14.36637 5.3616 1.440198 14.37995 5.344473 1.440221 14.3914 5.325998 1.440246 14.40051 5.306491 1.440272 14.40713 5.286288 1.4403 14.41115 3.848411 1.442238 14.64872 5.265733 1.440327 14.4125 5.816913 1.439584 14.64872 5.286288 1.4403 14.41115 5.306491 1.440272 14.40713 5.325998 1.440246 14.40051 5.344473 1.440221 14.3914 5.3616 1.440198 14.37995 5.377088 1.440177 14.36637 5.39067 1.440159 14.35089 5.402114 1.440144 14.33376 5.411225 1.440131 14.31528 5.417847 1.440122 14.29578 5.421866 1.440117 14.27557 5.423213 1.440115 14.25502 5.423213 1.440115 13.07392 5.421788 1.440117 13.05342 5.417776 1.440122 13.03322 4.399592 1.441495 12.91643 5.816913 1.439584 12.68021 5.265733 1.440327 12.91643 5.286281 1.4403 12.91787 5.306478 1.440272 12.92188 5.325977 1.440246 12.92851 5.344445 1.440221 12.93761 5.361566 1.440198 12.94906 5.377046 1.440177 12.96264 5.390621 1.440159 12.97812 5.402059 1.440144 12.99525 5.411162 1.440131 13.01372 4.399592 1.441495 14.4125 4.379036 1.441522 14.41115 4.358833 1.44155 14.40713 4.339327 1.441576 14.40051 4.320852 1.441601 14.3914 4.303724 1.441624 14.37995 4.288236 1.441645 14.36637 4.274654 1.441663 14.35089 4.26321 1.441679 14.33376 4.254099 1.441691 14.31528 4.247477 1.4417 14.29578 4.243459 1.441705 14.27557 4.242111 1.441707 14.25502 4.242111 1.441707 13.07392 4.243549 1.441705 13.05332 4.24757 1.4417 13.03314 4.379052 1.441522 12.91787 3.848411 1.442238 12.68021 4.254192 1.441691 13.01365 4.2633 1.441678 12.99519 4.27474 1.441663 12.97807 4.288314 1.441645 12.9626 4.303792 1.441624 12.94903 4.320909 1.441601 12.9376 4.339371 1.441576 12.9285 4.358863 1.44155 12.92188 3.848411 1.442238 14.64872 3.848411 1.442238 12.68021 5.816913 1.439584 14.64872 5.816913 1.439584 12.68021 4.242111 1.441707 13.07392 4.242111 1.441707 14.25502 4.243549 1.441705 13.05332 4.24757 1.4417 13.03314 4.254192 1.441691 13.01365 4.2633 1.441678 12.99519 4.27474 1.441663 12.97807 4.288314 1.441645 12.9626 4.303792 1.441624 12.94903 4.320909 1.441601 12.9376 4.339371 1.441576 12.9285 4.358863 1.44155 12.92188 4.379052 1.441522 12.91787 4.399592 1.441495 12.91643 5.265733 1.440327 12.91643 5.286281 1.4403 12.91787 5.306478 1.440272 12.92188 5.325977 1.440246 12.92851 5.344445 1.440221 12.93761 5.361566 1.440198 12.94906 5.377046 1.440177 12.96264 5.390621 1.440159 12.97812 5.402059 1.440144 12.99525 5.411162 1.440131 13.01372 5.417776 1.440122 13.03322 5.421788 1.440117 13.05342 5.423213 1.440115 13.07392 5.423213 1.440115 14.25502 5.421866 1.440117 14.27557 5.417847 1.440122 14.29578 5.411225 1.440131 14.31528 5.402114 1.440144 14.33376 5.39067 1.440159 14.35089 5.377088 1.440177 14.36637 5.3616 1.440198 14.37995 5.344473 1.440221 14.3914 5.325998 1.440246 14.40051 5.306491 1.440272 14.40713 5.286288 1.4403 14.41115 5.265733 1.440327 14.4125 4.399592 1.441495 14.4125 4.379036 1.441522 14.41115 4.358833 1.44155 14.40713 4.339327 1.441576 14.40051 4.320852 1.441601 14.3914 4.303724 1.441624 14.37995 4.288236 1.441645 14.36637 4.274654 1.441663 14.35089 4.26321 1.441679 14.33376 4.254099 1.441691 14.31528 4.247477 1.4417 14.29578 4.243459 1.441705 14.27557 3.848411 1.442238 14.64872 3.848199 1.284735 12.68021 3.848199 1.284735 14.64872 3.848411 1.442238 12.68021 3.848411 1.442238 12.68021 3.848411 1.442238 14.64872 3.848199 1.284735 12.68021 3.848199 1.284735 14.64872 3.848199 1.284735 14.64872 3.848199 1.284735 12.68021 5.816701 1.282082 14.64872 3.848411 1.442238 14.64872 3.848199 1.284735 14.64872 5.816913 1.439584 14.64872 5.816913 1.439584 14.64872 5.816701 1.282082 14.64872 3.848411 1.442238 14.64872 3.848199 1.284735 14.64872 5.816701 1.282082 14.64872 5.816913 1.439584 12.68021 5.816701 1.282082 14.64872 5.816701 1.282082 12.68021 5.816913 1.439584 14.64872 5.816913 1.439584 14.64872 5.816913 1.439584 12.68021 5.816701 1.282082 14.64872 5.816701 1.282082 12.68021 5.816701 1.282082 12.68021 3.848411 1.442238 12.68021 5.816701 1.282082 12.68021 3.848199 1.284735 12.68021 5.816913 1.439584 12.68021 5.816913 1.439584 12.68021 3.848411 1.442238 12.68021 5.816701 1.282082 12.68021 3.848199 1.284735 12.68021</float_array>
                    <technique_common>
                        <accessor count="204" source="#ID13" stride="3">
                            <param name="X" type="float" />
                            <param name="Y" type="float" />
                            <param name="Z" type="float" />
                        </accessor>
                    </technique_common>
                </source>
                <source id="ID7">
                    <float_array id="ID14" count="612">0.001347787 0.9999991 0 0.001347787 0.9999991 0 0.001347787 0.9999991 0 0.001347787 0.9999991 0 0.001347787 0.9999991 0 0.001347787 0.9999991 0 0.001347787 0.9999991 0 0.001347787 0.9999991 0 0.001347787 0.9999991 0 0.001347787 0.9999991 0 0.001347787 0.9999991 0 0.001347787 0.9999991 0 0.001347787 0.9999991 0 0.001347787 0.9999991 0 0.001347787 0.9999991 0 0.001347787 0.9999991 0 0.001347787 0.9999991 0 0.001347787 0.9999991 0 0.001347787 0.9999991 0 0.001347787 0.9999991 0 0.001347787 0.9999991 0 0.001347787 0.9999991 0 0.001347787 0.9999991 0 0.001347787 0.9999991 0 0.001347787 0.9999991 0 0.001347787 0.9999991 0 0.001347787 0.9999991 0 0.001347787 0.9999991 0 0.001347787 0.9999991 0 0.001347787 0.9999991 0 0.001347787 0.9999991 0 0.001347787 0.9999991 0 0.001347787 0.9999991 0 0.001347787 0.9999991 0 0.001347787 0.9999991 0 0.001347787 0.9999991 0 0.001347787 0.9999991 0 0.001347787 0.9999991 0 0.001347787 0.9999991 0 0.001347787 0.9999991 0 0.001347787 0.9999991 0 0.001347787 0.9999991 0 0.001347787 0.9999991 0 0.001347787 0.9999991 0 0.001347787 0.9999991 0 0.001347787 0.9999991 0 0.001347787 0.9999991 0 0.001347787 0.9999991 0 0.001347787 0.9999991 0 0.001347787 0.9999991 0 0.001347787 0.9999991 0 0.001347787 0.9999991 0 0.001347787 0.9999991 0 0.001347787 0.9999991 0 0.001347787 0.9999991 0 0.001347787 0.9999991 0 -0.001347787 -0.9999991 -0 -0.001347787 -0.9999991 -0 -0.001347787 -0.9999991 -0 -0.001347787 -0.9999991 -0 -0.001347787 -0.9999991 -0 -0.001347787 -0.9999991 -0 -0.001347787 -0.9999991 -0 -0.001347787 -0.9999991 -0 -0.001347787 -0.9999991 -0 -0.001347787 -0.9999991 -0 -0.001347787 -0.9999991 -0 -0.001347787 -0.9999991 -0 -0.001347787 -0.9999991 -0 -0.001347787 -0.9999991 -0 -0.001347787 -0.9999991 -0 -0.001347787 -0.9999991 -0 -0.001347787 -0.9999991 -0 -0.001347787 -0.9999991 -0 -0.001347787 -0.9999991 -0 -0.001347787 -0.9999991 -0 -0.001347787 -0.9999991 -0 -0.001347787 -0.9999991 -0 -0.001347787 -0.9999991 -0 -0.001347787 -0.9999991 -0 -0.001347787 -0.9999991 -0 -0.001347787 -0.9999991 -0 -0.001347787 -0.9999991 -0 -0.001347787 -0.9999991 -0 -0.001347787 -0.9999991 -0 -0.001347787 -0.9999991 -0 -0.001347787 -0.9999991 -0 -0.001347787 -0.9999991 -0 -0.001347787 -0.9999991 -0 -0.001347787 -0.9999991 -0 -0.001347787 -0.9999991 -0 -0.001347787 -0.9999991 -0 -0.001347787 -0.9999991 -0 -0.001347787 -0.9999991 -0 -0.001347787 -0.9999991 -0 -0.001347787 -0.9999991 -0 -0.001347787 -0.9999991 -0 -0.001347787 -0.9999991 -0 -0.001347787 -0.9999991 -0 -0.001347787 -0.9999991 -0 -0.001347787 -0.9999991 -0 -0.001347787 -0.9999991 -0 -0.001347787 -0.9999991 -0 -0.001347787 -0.9999991 -0 -0.001347787 -0.9999991 -0 -0.001347787 -0.9999991 -0 -0.001347787 -0.9999991 -0 -0.001347787 -0.9999991 -0 -0.001347787 -0.9999991 -0 -0.001347787 -0.9999991 -0 -0.001347787 -0.9999991 -0 -0.001347787 -0.9999991 -0 0 0 0 0 0 0 0 0 0 0 0 0 0 0 0 0 0 0 0 0 0 0 0 0 0 0 0 0 0 0 0 0 0 0 0 0 0 0 0 0 0 0 0 0 0 0 0 0 0 0 0 0 0 0 0 0 0 0 0 0 0 0 0 0 0 0 0 0 0 0 0 0 0 0 0 0 0 0 0 0 0 0 0 0 0 0 0 0 0 0 0 0 0 0 0 0 0 0 0 0 0 0 0 0 0 0 0 0 0 0 0 0 0 0 0 0 0 0 0 0 0 0 0 0 0 0 0 0 0 0 0 0 0 0 0 0 0 0 0 0 0 0 0 0 0 0 0 0 0 0 0 0 0 0 0 0 0 0 0 0 0 0 0 0 0 0 0 0 -0.9999991 0.001347787 0 -0.9999991 0.001347787 0 -0.9999991 0.001347787 0 -0.9999991 0.001347787 0 0.9999991 -0.001347787 -0 0.9999991 -0.001347787 -0 0.9999991 -0.001347787 -0 0.9999991 -0.001347787 -0 0 0 0 0 0 0 0 0 1 0 0 1 0 0 1 0 0 1 -0 -0 -1 -0 -0 -1 -0 -0 -1 -0 -0 -1 0 0 0 0.9999991 -0.001347787 0 0.9999991 -0.001347787 0 0.9999991 -0.001347787 0 0.9999991 -0.001347787 0 -0.9999991 0.001347787 -0 -0.9999991 0.001347787 -0 -0.9999991 0.001347787 -0 -0.9999991 0.001347787 -0 0 0 0 0 0 -1 0 0 -1 0 0 -1 0 0 -1 -0 -0 1 -0 -0 1 -0 -0 1 -0 -0 1</float_array>
                    <technique_common>
                        <accessor count="204" source="#ID14" stride="3">
                            <param name="X" type="float" />
                            <param name="Y" type="float" />
                            <param name="Z" type="float" />
                        </accessor>
                    </technique_common>
                </source>
                <vertices id="ID8">
                    <input semantic="POSITION" source="#ID6" />
                    <input semantic="NORMAL" source="#ID7" />
                </vertices>
                <triangles count="64" material="Material2">
                    <input offset="0" semantic="VERTEX" source="#ID8" />
                    <p>0 1 2 1 0 3 3 0 4 4 0 5 5 0 6 6 0 7 7 0 8 8 0 9 9 0 10 10 0 11 11 0 12 2 1 13 11 12 14 14 12 15 15 12 16 16 12 17 17 12 18 18 12 19 19 12 20 20 12 21 21 12 22 22 12 23 23 12 24 24 12 25 25 12 26 26 12 27 27 12 28 28 12 29 2 30 31 30 2 32 32 2 33 33 2 34 34 2 35 35 2 36 36 2 37 37 2 38 38 2 39 39 2 40 40 2 41 41 2 13 31 30 42 31 42 43 31 43 44 31 44 45 31 45 46 31 46 47 31 47 48 31 48 49 31 49 50 31 50 51 31 51 52 31 52 53 31 53 54 31 54 55 31 55 29 31 29 12 168 169 170 169 168 171 178 179 180 179 178 181 187 188 189 188 187 190 196 197 198 197 196 199</p>
                </triangles>
                <triangles count="64" material="Material3">
                    <input offset="0" semantic="VERTEX" source="#ID8" />
                    <p>56 57 58 57 59 58 59 60 58 60 61 58 61 62 58 62 63 58 63 64 58 64 65 58 65 66 58 66 67 58 67 68 58 68 69 58 69 70 58 70 71 58 71 72 58 72 73 58 74 75 76 76 75 77 77 75 78 78 75 79 79 75 80 80 75 81 81 75 82 82 75 83 83 75 84 84 75 85 85 75 73 58 73 75 57 56 86 86 56 87 87 56 88 88 56 89 89 56 90 90 56 91 91 56 92 92 56 93 93 56 94 94 56 95 95 56 96 96 56 97 97 56 98 98 56 99 99 56 100 100 56 101 74 102 75 56 103 101 101 103 104 104 103 105 105 103 106 106 103 107 107 103 108 108 103 109 109 103 110 110 103 111 111 103 102 75 102 103 172 173 174 175 174 173 182 183 184 185 184 183 191 192 193 194 193 192 200 201 202 203 202 201</p>
                </triangles>
                <lines count="64" material="Material4">
                    <input offset="0" semantic="VERTEX" source="#ID8" />
                    <p>112 113 114 112 115 114 113 115 116 117 116 118 118 119 119 120 120 121 121 122 122 123 123 124 124 125 125 126 126 127 127 128 128 129 130 129 131 130 132 131 133 132 134 133 135 134 136 135 137 136 138 137 139 138 140 139 141 140 142 141 143 142 143 144 144 145 145 146 146 147 147 148 148 149 149 150 150 151 151 152 152 153 153 154 154 155 156 155 157 156 158 157 159 158 160 159 161 160 162 161 163 162 164 163 165 164 166 165 167 166 117 167 176 177 176 112 177 113 186 176 186 114 195 186 195 115 177 195</p>
                </lines>
            </mesh>
        </geometry>
        <geometry id="ID15">
            <mesh>
                <source id="ID18">
                    <float_array id="ID21" count="468">5.286281 1.4403 12.91787 4.399592 1.441495 12.91643 5.265733 1.440327 12.91643 4.379052 1.441522 12.91787 4.358863 1.44155 12.92188 5.306478 1.440272 12.92188 4.339371 1.441576 12.9285 5.325977 1.440246 12.92851 4.320909 1.441601 12.9376 5.344445 1.440221 12.93761 4.303792 1.441624 12.94903 5.361566 1.440198 12.94906 4.288314 1.441645 12.9626 5.377046 1.440177 12.96264 4.27474 1.441663 12.97807 5.390621 1.440159 12.97812 4.2633 1.441678 12.99519 5.402059 1.440144 12.99525 4.254192 1.441691 13.01365 5.411162 1.440131 13.01372 4.24757 1.4417 13.03314 5.417776 1.440122 13.03322 4.243549 1.441705 13.05332 5.421788 1.440117 13.05342 4.242111 1.441707 13.07392 5.423213 1.440115 13.07392 5.423213 1.440115 14.25502 4.242111 1.441707 14.25502 5.421866 1.440117 14.27557 4.243459 1.441705 14.27557 5.417847 1.440122 14.29578 4.247477 1.4417 14.29578 5.411225 1.440131 14.31528 4.254099 1.441691 14.31528 5.402114 1.440144 14.33376 4.26321 1.441679 14.33376 5.39067 1.440159 14.35089 4.274654 1.441663 14.35089 5.377088 1.440177 14.36637 4.288236 1.441645 14.36637 5.3616 1.440198 14.37995 4.303724 1.441624 14.37995 5.344473 1.440221 14.3914 4.320852 1.441601 14.3914 5.325998 1.440246 14.40051 4.339327 1.441576 14.40051 5.306491 1.440272 14.40713 4.358833 1.44155 14.40713 5.286288 1.4403 14.41115 4.379036 1.441522 14.41115 5.265733 1.440327 14.4125 4.399592 1.441495 14.4125 4.399592 1.441495 14.4125 5.265733 1.440327 14.4125 4.379036 1.441522 14.41115 5.286288 1.4403 14.41115 4.358833 1.44155 14.40713 5.306491 1.440272 14.40713 4.339327 1.441576 14.40051 5.325998 1.440246 14.40051 4.320852 1.441601 14.3914 5.344473 1.440221 14.3914 4.303724 1.441624 14.37995 5.3616 1.440198 14.37995 4.288236 1.441645 14.36637 5.377088 1.440177 14.36637 4.274654 1.441663 14.35089 5.39067 1.440159 14.35089 4.26321 1.441679 14.33376 5.402114 1.440144 14.33376 4.254099 1.441691 14.31528 5.411225 1.440131 14.31528 4.247477 1.4417 14.29578 5.417847 1.440122 14.29578 4.243459 1.441705 14.27557 5.421866 1.440117 14.27557 4.242111 1.441707 14.25502 5.423213 1.440115 14.25502 4.242111 1.441707 13.07392 5.423213 1.440115 13.07392 5.421788 1.440117 13.05342 4.243549 1.441705 13.05332 5.417776 1.440122 13.03322 4.24757 1.4417 13.03314 5.411162 1.440131 13.01372 4.254192 1.441691 13.01365 5.402059 1.440144 12.99525 4.2633 1.441678 12.99519 5.390621 1.440159 12.97812 4.27474 1.441663 12.97807 5.377046 1.440177 12.96264 4.288314 1.441645 12.9626 5.361566 1.440198 12.94906 4.303792 1.441624 12.94903 5.344445 1.440221 12.93761 4.320909 1.441601 12.9376 5.325977 1.440246 12.92851 4.339371 1.441576 12.9285 5.306478 1.440272 12.92188 4.358863 1.44155 12.92188 5.286281 1.4403 12.91787 4.379052 1.441522 12.91787 4.399592 1.441495 12.91643 5.265733 1.440327 12.91643 4.242111 1.441707 13.07392 4.242111 1.441707 14.25502 4.243549 1.441705 13.05332 4.24757 1.4417 13.03314 4.254192 1.441691 13.01365 4.2633 1.441678 12.99519 4.27474 1.441663 12.97807 4.288314 1.441645 12.9626 4.303792 1.441624 12.94903 4.320909 1.441601 12.9376 4.339371 1.441576 12.9285 4.358863 1.44155 12.92188 4.379052 1.441522 12.91787 4.399592 1.441495 12.91643 5.265733 1.440327 12.91643 5.286281 1.4403 12.91787 5.306478 1.440272 12.92188 5.325977 1.440246 12.92851 5.344445 1.440221 12.93761 5.361566 1.440198 12.94906 5.377046 1.440177 12.96264 5.390621 1.440159 12.97812 5.402059 1.440144 12.99525 5.411162 1.440131 13.01372 5.417776 1.440122 13.03322 5.421788 1.440117 13.05342 5.423213 1.440115 13.07392 5.423213 1.440115 14.25502 5.421866 1.440117 14.27557 5.417847 1.440122 14.29578 5.411225 1.440131 14.31528 5.402114 1.440144 14.33376 5.39067 1.440159 14.35089 5.377088 1.440177 14.36637 5.3616 1.440198 14.37995 5.344473 1.440221 14.3914 5.325998 1.440246 14.40051 5.306491 1.440272 14.40713 5.286288 1.4403 14.41115 5.265733 1.440327 14.4125 4.399592 1.441495 14.4125 4.379036 1.441522 14.41115 4.358833 1.44155 14.40713 4.339327 1.441576 14.40051 4.320852 1.441601 14.3914 4.303724 1.441624 14.37995 4.288236 1.441645 14.36637 4.274654 1.441663 14.35089 4.26321 1.441679 14.33376 4.254099 1.441691 14.31528 4.247477 1.4417 14.29578 4.243459 1.441705 14.27557</float_array>
                    <technique_common>
                        <accessor count="156" source="#ID21" stride="3">
                            <param name="X" type="float" />
                            <param name="Y" type="float" />
                            <param name="Z" type="float" />
                        </accessor>
                    </technique_common>
                </source>
                <source id="ID19">
                    <float_array id="ID22" count="468">-0.001347787 -0.9999991 -2.597906e-15 -0.001347787 -0.9999991 -2.597906e-15 -0.001347787 -0.9999991 -2.597906e-15 -0.001347787 -0.9999991 -2.597906e-15 -0.001347787 -0.9999991 -2.597906e-15 -0.001347787 -0.9999991 -2.597906e-15 -0.001347787 -0.9999991 -2.597906e-15 -0.001347787 -0.9999991 -2.597906e-15 -0.001347787 -0.9999991 -2.597906e-15 -0.001347787 -0.9999991 -2.597906e-15 -0.001347787 -0.9999991 -2.597906e-15 -0.001347787 -0.9999991 -2.597906e-15 -0.001347787 -0.9999991 -2.597906e-15 -0.001347787 -0.9999991 -2.597906e-15 -0.001347787 -0.9999991 -2.597906e-15 -0.001347787 -0.9999991 -2.597906e-15 -0.001347787 -0.9999991 -2.597906e-15 -0.001347787 -0.9999991 -2.597906e-15 -0.001347787 -0.9999991 -2.597906e-15 -0.001347787 -0.9999991 -2.597906e-15 -0.001347787 -0.9999991 -2.597906e-15 -0.001347787 -0.9999991 -2.597906e-15 -0.001347787 -0.9999991 -2.597906e-15 -0.001347787 -0.9999991 -2.597906e-15 -0.001347787 -0.9999991 -2.597906e-15 -0.001347787 -0.9999991 -2.597906e-15 -0.001347787 -0.9999991 -2.597906e-15 -0.001347787 -0.9999991 -2.597906e-15 -0.001347787 -0.9999991 -2.597906e-15 -0.001347787 -0.9999991 -2.597906e-15 -0.001347787 -0.9999991 -2.597906e-15 -0.001347787 -0.9999991 -2.597906e-15 -0.001347787 -0.9999991 -2.597906e-15 -0.001347787 -0.9999991 -2.597906e-15 -0.001347787 -0.9999991 -2.597906e-15 -0.001347787 -0.9999991 -2.597906e-15 -0.001347787 -0.9999991 -2.597906e-15 -0.001347787 -0.9999991 -2.597906e-15 -0.001347787 -0.9999991 -2.597906e-15 -0.001347787 -0.9999991 -2.597906e-15 -0.001347787 -0.9999991 -2.597906e-15 -0.001347787 -0.9999991 -2.597906e-15 -0.001347787 -0.9999991 -2.597906e-15 -0.001347787 -0.9999991 -2.597906e-15 -0.001347787 -0.9999991 -2.597906e-15 -0.001347787 -0.9999991 -2.597906e-15 -0.001347787 -0.9999991 -2.597906e-15 -0.001347787 -0.9999991 -2.597906e-15 -0.001347787 -0.9999991 -2.597906e-15 -0.001347787 -0.9999991 -2.597906e-15 -0.001347787 -0.9999991 -2.597906e-15 -0.001347787 -0.9999991 -2.597906e-15 0.001347787 0.9999991 2.597906e-15 0.001347787 0.9999991 2.597906e-15 0.001347787 0.9999991 2.597906e-15 0.001347787 0.9999991 2.597906e-15 0.001347787 0.9999991 2.597906e-15 0.001347787 0.9999991 2.597906e-15 0.001347787 0.9999991 2.597906e-15 0.001347787 0.9999991 2.597906e-15 0.001347787 0.9999991 2.597906e-15 0.001347787 0.9999991 2.597906e-15 0.001347787 0.9999991 2.597906e-15 0.001347787 0.9999991 2.597906e-15 0.001347787 0.9999991 2.597906e-15 0.001347787 0.9999991 2.597906e-15 0.001347787 0.9999991 2.597906e-15 0.001347787 0.9999991 2.597906e-15 0.001347787 0.9999991 2.597906e-15 0.001347787 0.9999991 2.597906e-15 0.001347787 0.9999991 2.597906e-15 0.001347787 0.9999991 2.597906e-15 0.001347787 0.9999991 2.597906e-15 0.001347787 0.9999991 2.597906e-15 0.001347787 0.9999991 2.597906e-15 0.001347787 0.9999991 2.597906e-15 0.001347787 0.9999991 2.597906e-15 0.001347787 0.9999991 2.597906e-15 0.001347787 0.9999991 2.597906e-15 0.001347787 0.9999991 2.597906e-15 0.001347787 0.9999991 2.597906e-15 0.001347787 0.9999991 2.597906e-15 0.001347787 0.9999991 2.597906e-15 0.001347787 0.9999991 2.597906e-15 0.001347787 0.9999991 2.597906e-15 0.001347787 0.9999991 2.597906e-15 0.001347787 0.9999991 2.597906e-15 0.001347787 0.9999991 2.597906e-15 0.001347787 0.9999991 2.597906e-15 0.001347787 0.9999991 2.597906e-15 0.001347787 0.9999991 2.597906e-15 0.001347787 0.9999991 2.597906e-15 0.001347787 0.9999991 2.597906e-15 0.001347787 0.9999991 2.597906e-15 0.001347787 0.9999991 2.597906e-15 0.001347787 0.9999991 2.597906e-15 0.001347787 0.9999991 2.597906e-15 0.001347787 0.9999991 2.597906e-15 0.001347787 0.9999991 2.597906e-15 0.001347787 0.9999991 2.597906e-15 0.001347787 0.9999991 2.597906e-15 0.001347787 0.9999991 2.597906e-15 0.001347787 0.9999991 2.597906e-15 0.001347787 0.9999991 2.597906e-15 0 0 0 0 0 0 0 0 0 0 0 0 0 0 0 0 0 0 0 0 0 0 0 0 0 0 0 0 0 0 0 0 0 0 0 0 0 0 0 0 0 0 0 0 0 0 0 0 0 0 0 0 0 0 0 0 0 0 0 0 0 0 0 0 0 0 0 0 0 0 0 0 0 0 0 0 0 0 0 0 0 0 0 0 0 0 0 0 0 0 0 0 0 0 0 0 0 0 0 0 0 0 0 0 0 0 0 0 0 0 0 0 0 0 0 0 0 0 0 0 0 0 0 0 0 0 0 0 0 0 0 0 0 0 0 0 0 0 0 0 0 0 0 0 0 0 0 0 0 0 0 0 0 0 0 0</float_array>
                    <technique_common>
                        <accessor count="156" source="#ID22" stride="3">
                            <param name="X" type="float" />
                            <param name="Y" type="float" />
                            <param name="Z" type="float" />
                        </accessor>
                    </technique_common>
                </source>
                <vertices id="ID20">
                    <input semantic="POSITION" source="#ID18" />
                    <input semantic="NORMAL" source="#ID19" />
                </vertices>
                <triangles count="50" material="Material3">
                    <input offset="0" semantic="VERTEX" source="#ID20" />
                    <p>0 1 2 1 0 3 3 0 4 4 0 5 4 5 6 6 5 7 6 7 8 8 7 9 8 9 10 10 9 11 10 11 12 12 11 13 12 13 14 14 13 15 14 15 16 16 15 17 16 17 18 18 17 19 18 19 20 20 19 21 20 21 22 22 21 23 22 23 24 24 23 25 24 25 26 24 26 27 27 26 28 27 28 29 29 28 30 29 30 31 31 30 32 31 32 33 33 32 34 33 34 35 35 34 36 35 36 37 37 36 38 37 38 39 39 38 40 39 40 41 41 40 42 41 42 43 43 42 44 43 44 45 45 44 46 45 46 47 47 46 48 47 48 49 49 48 50 49 50 51</p>
                </triangles>
                <triangles count="50" material="Material2">
                    <input offset="0" semantic="VERTEX" source="#ID20" />
                    <p>52 53 54 53 55 54 54 55 56 55 57 56 56 57 58 57 59 58 58 59 60 59 61 60 60 61 62 61 63 62 62 63 64 63 65 64 64 65 66 65 67 66 66 67 68 67 69 68 68 69 70 69 71 70 70 71 72 71 73 72 72 73 74 73 75 74 74 75 76 75 77 76 76 77 78 77 79 78 79 80 78 78 80 81 80 82 81 81 82 83 82 84 83 83 84 85 84 86 85 85 86 87 86 88 87 87 88 89 88 90 89 89 90 91 90 92 91 91 92 93 92 94 93 93 94 95 94 96 95 95 96 97 96 98 97 97 98 99 98 100 99 99 100 101 101 100 102 103 102 100</p>
                </triangles>
                <lines count="52" material="Material4">
                    <input offset="0" semantic="VERTEX" source="#ID20" />
                    <p>104 105 104 106 106 107 107 108 108 109 109 110 110 111 111 112 112 113 113 114 114 115 115 116 116 117 118 117 119 118 120 119 121 120 122 121 123 122 124 123 125 124 126 125 127 126 128 127 129 128 130 129 131 130 131 132 132 133 133 134 134 135 135 136 136 137 137 138 138 139 139 140 140 141 141 142 142 143 144 143 145 144 146 145 147 146 148 147 149 148 150 149 151 150 152 151 153 152 154 153 155 154 105 155</p>
                </lines>
            </mesh>
        </geometry>
        <geometry id="ID23">
            <mesh>
                <source id="ID24">
                    <float_array id="ID27" count="408">5.286812 1.834 12.91787 4.400122 1.835195 12.91643 5.266263 1.834028 12.91643 4.379582 1.835223 12.91787 4.359394 1.83525 12.92188 5.307009 1.833973 12.92188 4.339901 1.835276 12.9285 5.326508 1.833947 12.92851 4.321439 1.835301 12.9376 5.344976 1.833922 12.93761 4.304323 1.835324 12.94903 5.362097 1.833899 12.94906 4.288845 1.835345 12.9626 5.377577 1.833878 12.96264 4.27527 1.835363 12.97807 5.391152 1.833859 12.97812 4.263831 1.835379 12.99519 5.402589 1.833844 12.99525 4.254722 1.835391 13.01365 5.411693 1.833832 13.01372 4.248101 1.8354 13.03314 5.418307 1.833823 13.03322 4.244079 1.835405 13.05332 5.422319 1.833817 13.05342 4.242642 1.835407 13.07392 5.423743 1.833816 13.07392 5.42406 1.833815 13.5562 4.242642 1.835407 14.25502 5.424091 1.833815 13.77273 5.423743 1.833816 14.25502 5.266263 1.834028 14.25502 4.400122 1.835195 14.25502 5.266263 1.834028 14.4125 4.400122 1.835195 14.4125 4.400122 1.835195 14.4125 5.266263 1.834028 14.4125 4.400122 1.835195 14.25502 5.266263 1.834028 14.25502 4.242642 1.835407 14.25502 5.423743 1.833816 14.25502 5.424091 1.833815 13.77273 5.42406 1.833815 13.5562 4.242642 1.835407 13.07392 5.423743 1.833816 13.07392 5.422319 1.833817 13.05342 4.244079 1.835405 13.05332 5.418307 1.833823 13.03322 4.248101 1.8354 13.03314 5.411693 1.833832 13.01372 4.254722 1.835391 13.01365 5.402589 1.833844 12.99525 4.263831 1.835379 12.99519 5.391152 1.833859 12.97812 4.27527 1.835363 12.97807 5.377577 1.833878 12.96264 4.288845 1.835345 12.9626 5.362097 1.833899 12.94906 4.304323 1.835324 12.94903 5.344976 1.833922 12.93761 4.321439 1.835301 12.9376 5.326508 1.833947 12.92851 4.339901 1.835276 12.9285 5.307009 1.833973 12.92188 4.359394 1.83525 12.92188 5.286812 1.834 12.91787 4.379582 1.835223 12.91787 4.400122 1.835195 12.91643 5.266263 1.834028 12.91643 4.242642 1.835407 13.07392 4.242642 1.835407 14.25502 4.244079 1.835405 13.05332 4.248101 1.8354 13.03314 4.254722 1.835391 13.01365 4.263831 1.835379 12.99519 4.27527 1.835363 12.97807 4.288845 1.835345 12.9626 4.304323 1.835324 12.94903 4.321439 1.835301 12.9376 4.339901 1.835276 12.9285 4.359394 1.83525 12.92188 4.379582 1.835223 12.91787 4.400122 1.835195 12.91643 5.266263 1.834028 12.91643 5.286812 1.834 12.91787 5.307009 1.833973 12.92188 5.326508 1.833947 12.92851 5.344976 1.833922 12.93761 5.362097 1.833899 12.94906 5.377577 1.833878 12.96264 5.391152 1.833859 12.97812 5.402589 1.833844 12.99525 5.411693 1.833832 13.01372 5.418307 1.833823 13.03322 5.422319 1.833817 13.05342 5.423743 1.833816 13.07392 5.42406 1.833815 13.5562 5.424091 1.833815 13.77273 5.423743 1.833816 14.25502 5.266263 1.834028 14.25502 5.266263 1.834028 14.4125 4.400122 1.835195 14.4125 4.400122 1.835195 14.25502 5.42406 1.833815 13.5562 5.42507 2.772045 13.77273 5.424091 1.833815 13.77273 5.425008 2.772045 13.5562 5.425008 2.772045 13.5562 5.42406 1.833815 13.5562 5.42507 2.772045 13.77273 5.424091 1.833815 13.77273 5.425008 2.772045 13.5562 5.42507 2.772045 13.77273 5.424091 1.833815 13.77273 5.424372 1.827164 13.5562 5.424434 1.827164 13.77273 5.42406 1.833815 13.5562 5.42507 2.772045 13.77273 5.425008 2.772045 13.5562 5.425008 2.772045 13.5562 5.42507 2.772045 13.77273 5.42406 1.833815 13.5562 5.424091 1.833815 13.77273 5.424372 1.827164 13.5562 5.424434 1.827164 13.77273 5.424372 1.827164 13.5562 5.424434 1.827164 13.77273 5.463804 1.827137 13.77273 5.424372 1.827164 13.5562 5.463742 1.827137 13.55619 5.424434 1.827164 13.77273 5.424434 1.827164 13.77273 5.463804 1.827137 13.77273 5.424372 1.827164 13.5562 5.463742 1.827137 13.55619 5.463742 1.827137 13.55619 5.463804 1.827137 13.77273</float_array>
                    <technique_common>
                        <accessor count="136" source="#ID27" stride="3">
                            <param name="X" type="float" />
                            <param name="Y" type="float" />
                            <param name="Z" type="float" />
                        </accessor>
                    </technique_common>
                </source>
                <source id="ID25">
                    <float_array id="ID28" count="408">-0.001347757 -0.9999991 1.096499e-08 -0.001347757 -0.9999991 1.096499e-08 -0.001347757 -0.9999991 1.096499e-08 -0.001347757 -0.9999991 1.096499e-08 -0.001347757 -0.9999991 1.096499e-08 -0.001347757 -0.9999991 1.096499e-08 -0.001347757 -0.9999991 1.096499e-08 -0.001347757 -0.9999991 1.096499e-08 -0.001347757 -0.9999991 1.096499e-08 -0.001347757 -0.9999991 1.096499e-08 -0.001347757 -0.9999991 1.096499e-08 -0.001347757 -0.9999991 1.096499e-08 -0.001347757 -0.9999991 1.096499e-08 -0.001347757 -0.9999991 1.096499e-08 -0.001347757 -0.9999991 1.096499e-08 -0.001347757 -0.9999991 1.096499e-08 -0.001347757 -0.9999991 1.096499e-08 -0.001347757 -0.9999991 1.096499e-08 -0.001347757 -0.9999991 1.096499e-08 -0.001347757 -0.9999991 1.096499e-08 -0.001347757 -0.9999991 1.096499e-08 -0.001347757 -0.9999991 1.096499e-08 -0.001347757 -0.9999991 1.096499e-08 -0.001347757 -0.9999991 1.096499e-08 -0.001347757 -0.9999991 1.096499e-08 -0.001347757 -0.9999991 1.096499e-08 -0.001347757 -0.9999991 1.096499e-08 -0.001347757 -0.9999991 1.096499e-08 -0.001347757 -0.9999991 1.096499e-08 -0.001347757 -0.9999991 1.096499e-08 -0.001347757 -0.9999991 1.096499e-08 -0.001347757 -0.9999991 1.096499e-08 -0.001347757 -0.9999991 1.096499e-08 -0.001347757 -0.9999991 1.096499e-08 0.001347757 0.9999991 -1.096499e-08 0.001347757 0.9999991 -1.096499e-08 0.001347757 0.9999991 -1.096499e-08 0.001347757 0.9999991 -1.096499e-08 0.001347757 0.9999991 -1.096499e-08 0.001347757 0.9999991 -1.096499e-08 0.001347757 0.9999991 -1.096499e-08 0.001347757 0.9999991 -1.096499e-08 0.001347757 0.9999991 -1.096499e-08 0.001347757 0.9999991 -1.096499e-08 0.001347757 0.9999991 -1.096499e-08 0.001347757 0.9999991 -1.096499e-08 0.001347757 0.9999991 -1.096499e-08 0.001347757 0.9999991 -1.096499e-08 0.001347757 0.9999991 -1.096499e-08 0.001347757 0.9999991 -1.096499e-08 0.001347757 0.9999991 -1.096499e-08 0.001347757 0.9999991 -1.096499e-08 0.001347757 0.9999991 -1.096499e-08 0.001347757 0.9999991 -1.096499e-08 0.001347757 0.9999991 -1.096499e-08 0.001347757 0.9999991 -1.096499e-08 0.001347757 0.9999991 -1.096499e-08 0.001347757 0.9999991 -1.096499e-08 0.001347757 0.9999991 -1.096499e-08 0.001347757 0.9999991 -1.096499e-08 0.001347757 0.9999991 -1.096499e-08 0.001347757 0.9999991 -1.096499e-08 0.001347757 0.9999991 -1.096499e-08 0.001347757 0.9999991 -1.096499e-08 0.001347757 0.9999991 -1.096499e-08 0.001347757 0.9999991 -1.096499e-08 0.001347757 0.9999991 -1.096499e-08 0.001347757 0.9999991 -1.096499e-08 0 0 0 0 0 0 0 0 0 0 0 0 0 0 0 0 0 0 0 0 0 0 0 0 0 0 0 0 0 0 0 0 0 0 0 0 0 0 0 0 0 0 0 0 0 0 0 0 0 0 0 0 0 0 0 0 0 0 0 0 0 0 0 0 0 0 0 0 0 0 0 0 0 0 0 0 0 0 0 0 0 0 0 0 0 0 0 0 0 0 0 0 0 0 0 0 0 0 0 0 0 0 0.9999994 -0.001027007 -0.0002154939 0.9999994 -0.001027007 -0.0002154939 0.9999994 -0.001027007 -0.0002154939 0.9999994 -0.001027007 -0.0002154939 -0.9999994 0.001027007 0.0002154939 -0.9999994 0.001027007 0.0002154939 -0.9999994 0.001027007 0.0002154939 -0.9999994 0.001027007 0.0002154939 0 0 0 0 0 0 -0.9999996 0.000847589 0.0002394377 -0.9999996 0.000847589 0.0002394377 -0.9999996 0.000847589 0.0002394377 -0.9999996 0.000847589 0.0002394377 -0.9999996 0.000847589 0.0002394377 -0.9999996 0.000847589 0.0002394377 0.9999996 -0.000847589 -0.0002394377 0.9999996 -0.000847589 -0.0002394377 0.9999996 -0.000847589 -0.0002394377 0.9999996 -0.000847589 -0.0002394377 0.9999996 -0.000847589 -0.0002394377 0.9999996 -0.000847589 -0.0002394377 0 0 0 0 0 0 -0.0006731206 -0.9999998 -1.938487e-07 -0.0006731206 -0.9999998 -1.938487e-07 -0.0006731206 -0.9999998 -1.938487e-07 -0.0006731206 -0.9999998 -1.938487e-07 0.0006731206 0.9999998 1.938487e-07 0.0006731206 0.9999998 1.938487e-07 0.0006731206 0.9999998 1.938487e-07 0.0006731206 0.9999998 1.938487e-07 0 0 0 0 0 0</float_array>
                    <technique_common>
                        <accessor count="136" source="#ID28" stride="3">
                            <param name="X" type="float" />
                            <param name="Y" type="float" />
                            <param name="Z" type="float" />
                        </accessor>
                    </technique_common>
                </source>
                <vertices id="ID26">
                    <input semantic="POSITION" source="#ID24" />
                    <input semantic="NORMAL" source="#ID25" />
                </vertices>
                <triangles count="40" material="Material3">
                    <input offset="0" semantic="VERTEX" source="#ID26" />
                    <p>0 1 2 1 0 3 3 0 4 4 0 5 4 5 6 6 5 7 6 7 8 8 7 9 8 9 10 10 9 11 10 11 12 12 11 13 12 13 14 14 13 15 14 15 16 16 15 17 16 17 18 18 17 19 18 19 20 20 19 21 20 21 22 22 21 23 22 23 24 24 23 25 24 25 26 24 26 27 27 26 28 27 28 29 27 29 30 27 30 31 31 30 32 31 32 33 102 103 104 103 102 105 112 113 114 113 112 115 115 112 116 115 116 117 126 127 128 127 126 129</p>
                </triangles>
                <triangles count="40" material="Material2">
                    <input offset="0" semantic="VERTEX" source="#ID26" />
                    <p>34 35 36 35 37 36 36 37 38 37 39 38 39 40 38 40 41 38 38 41 42 41 43 42 43 44 42 42 44 45 44 46 45 45 46 47 46 48 47 47 48 49 48 50 49 49 50 51 50 52 51 51 52 53 52 54 53 53 54 55 54 56 55 55 56 57 56 58 57 57 58 59 58 60 59 59 60 61 60 62 61 61 62 63 62 64 63 63 64 65 65 64 66 67 66 64 106 107 108 109 108 107 118 119 120 119 121 120 120 121 122 123 122 121 130 131 132 133 132 131</p>
                </triangles>
                <lines count="43" material="Material4">
                    <input offset="0" semantic="VERTEX" source="#ID26" />
                    <p>68 69 68 70 70 71 71 72 72 73 73 74 74 75 75 76 76 77 77 78 78 79 79 80 80 81 82 81 83 82 84 83 85 84 86 85 87 86 88 87 89 88 90 89 91 90 92 91 93 92 94 93 95 94 96 95 97 96 97 98 98 99 100 99 101 100 69 101 110 95 110 111 111 96 95 124 124 125 96 125 124 134 134 135 125 135</p>
                </lines>
            </mesh>
        </geometry>
        <geometry id="ID29">
            <mesh>
                <source id="ID32">
                    <float_array id="ID35" count="1050">4.242642 1.835407 14.25502 4.242111 1.441707 13.07392 4.242111 1.441707 14.25502 4.242642 1.835407 13.07392 4.242642 1.835407 13.07392 4.242642 1.835407 14.25502 4.242111 1.441707 13.07392 4.242111 1.441707 14.25502 4.242111 1.441707 13.07392 4.242111 1.441707 14.25502 4.242642 1.835407 14.25502 4.242642 1.835407 13.07392 4.243989 1.835406 14.27557 4.242111 1.441707 14.25502 4.243459 1.441705 14.27557 4.242642 1.835407 14.25502 4.242642 1.835407 14.25502 4.243989 1.835406 14.27557 4.242111 1.441707 14.25502 4.243459 1.441705 14.27557 4.243459 1.441705 14.27557 4.243989 1.835406 14.27557 4.242111 1.441707 13.07392 4.244079 1.835405 13.05332 4.243549 1.441705 13.05332 4.242642 1.835407 13.07392 4.242642 1.835407 13.07392 4.242111 1.441707 13.07392 4.244079 1.835405 13.05332 4.243549 1.441705 13.05332 4.243549 1.441705 13.05332 4.244079 1.835405 13.05332 4.248008 1.8354 14.29578 4.247477 1.4417 14.29578 4.248008 1.8354 14.29578 4.247477 1.4417 14.29578 4.247477 1.4417 14.29578 4.248008 1.8354 14.29578 4.248101 1.8354 13.03314 4.24757 1.4417 13.03314 4.248101 1.8354 13.03314 4.24757 1.4417 13.03314 4.24757 1.4417 13.03314 4.248101 1.8354 13.03314 4.25463 1.835391 14.31528 4.254099 1.441691 14.31528 4.25463 1.835391 14.31528 4.254099 1.441691 14.31528 4.254099 1.441691 14.31528 4.25463 1.835391 14.31528 4.254722 1.835391 13.01365 4.254192 1.441691 13.01365 4.254722 1.835391 13.01365 4.254192 1.441691 13.01365 4.254192 1.441691 13.01365 4.254722 1.835391 13.01365 4.26374 1.835379 14.33376 4.26321 1.441679 14.33376 4.26374 1.835379 14.33376 4.26321 1.441679 14.33376 4.26321 1.441679 14.33376 4.26374 1.835379 14.33376 4.263831 1.835379 12.99519 4.2633 1.441678 12.99519 4.263831 1.835379 12.99519 4.2633 1.441678 12.99519 4.2633 1.441678 12.99519 4.263831 1.835379 12.99519 4.275185 1.835364 14.35089 4.274654 1.441663 14.35089 4.275185 1.835364 14.35089 4.274654 1.441663 14.35089 4.274654 1.441663 14.35089 4.275185 1.835364 14.35089 4.27527 1.835363 12.97807 4.27474 1.441663 12.97807 4.27527 1.835363 12.97807 4.27474 1.441663 12.97807 4.27474 1.441663 12.97807 4.27527 1.835363 12.97807 4.288767 1.835345 14.36637 4.288236 1.441645 14.36637 4.288767 1.835345 14.36637 4.288236 1.441645 14.36637 4.288236 1.441645 14.36637 4.288767 1.835345 14.36637 4.288845 1.835345 12.9626 4.288314 1.441645 12.9626 4.288845 1.835345 12.9626 4.288314 1.441645 12.9626 4.288314 1.441645 12.9626 4.288845 1.835345 12.9626 4.303724 1.441624 14.37995 4.304254 1.835324 14.37995 4.304254 1.835324 14.37995 4.303724 1.441624 14.37995 4.303724 1.441624 14.37995 4.304254 1.835324 14.37995 4.303792 1.441624 12.94903 4.304323 1.835324 12.94903 4.304323 1.835324 12.94903 4.303792 1.441624 12.94903 4.303792 1.441624 12.94903 4.304323 1.835324 12.94903 4.320852 1.441601 14.3914 4.321382 1.835301 14.3914 4.321382 1.835301 14.3914 4.320852 1.441601 14.3914 4.320852 1.441601 14.3914 4.321382 1.835301 14.3914 4.320909 1.441601 12.9376 4.321439 1.835301 12.9376 4.321439 1.835301 12.9376 4.320909 1.441601 12.9376 4.320909 1.441601 12.9376 4.321439 1.835301 12.9376 4.339327 1.441576 14.40051 4.339857 1.835276 14.40051 4.339857 1.835276 14.40051 4.339327 1.441576 14.40051 4.339327 1.441576 14.40051 4.339857 1.835276 14.40051 4.339371 1.441576 12.9285 4.339901 1.835276 12.9285 4.339901 1.835276 12.9285 4.339371 1.441576 12.9285 4.339371 1.441576 12.9285 4.339901 1.835276 12.9285 4.358833 1.44155 14.40713 4.359363 1.83525 14.40713 4.359363 1.83525 14.40713 4.358833 1.44155 14.40713 4.358833 1.44155 14.40713 4.359363 1.83525 14.40713 4.358863 1.44155 12.92188 4.359394 1.83525 12.92188 4.359394 1.83525 12.92188 4.358863 1.44155 12.92188 4.358863 1.44155 12.92188 4.359394 1.83525 12.92188 4.379036 1.441522 14.41115 4.379567 1.835223 14.41115 4.379567 1.835223 14.41115 4.379036 1.441522 14.41115 4.379036 1.441522 14.41115 4.379567 1.835223 14.41115 4.379052 1.441522 12.91787 4.379582 1.835223 12.91787 4.379582 1.835223 12.91787 4.379052 1.441522 12.91787 4.379052 1.441522 12.91787 4.379582 1.835223 12.91787 4.399592 1.441495 14.4125 4.400122 1.835195 14.4125 4.400122 1.835195 14.4125 4.399592 1.441495 14.4125 4.399592 1.441495 14.4125 4.400122 1.835195 14.4125 4.399592 1.441495 12.91643 4.400122 1.835195 12.91643 4.400122 1.835195 12.91643 4.399592 1.441495 12.91643 4.399592 1.441495 12.91643 4.400122 1.835195 12.91643 5.265733 1.440327 14.4125 4.400122 1.835195 14.4125 4.399592 1.441495 14.4125 5.266263 1.834028 14.4125 5.266263 1.834028 14.4125 5.265733 1.440327 14.4125 4.400122 1.835195 14.4125 4.399592 1.441495 14.4125 5.265733 1.440327 14.4125 5.266263 1.834028 14.4125 4.400122 1.835195 12.91643 5.265733 1.440327 12.91643 4.399592 1.441495 12.91643 5.266263 1.834028 12.91643 5.266263 1.834028 12.91643 4.400122 1.835195 12.91643 5.265733 1.440327 12.91643 4.399592 1.441495 12.91643 5.265733 1.440327 12.91643 5.266263 1.834028 12.91643 5.286288 1.4403 14.41115 5.266263 1.834028 14.4125 5.265733 1.440327 14.4125 5.286819 1.834 14.41115 5.286819 1.834 14.41115 5.286288 1.4403 14.41115 5.266263 1.834028 14.4125 5.265733 1.440327 14.4125 5.286288 1.4403 14.41115 5.286819 1.834 14.41115 5.266263 1.834028 12.91643 5.286281 1.4403 12.91787 5.265733 1.440327 12.91643 5.286812 1.834 12.91787 5.286812 1.834 12.91787 5.266263 1.834028 12.91643 5.286281 1.4403 12.91787 5.265733 1.440327 12.91643 5.286281 1.4403 12.91787 5.286812 1.834 12.91787 5.306491 1.440272 14.40713 5.307022 1.833973 14.40713 5.307022 1.833973 14.40713 5.306491 1.440272 14.40713 5.306491 1.440272 14.40713 5.307022 1.833973 14.40713 5.306478 1.440272 12.92188 5.307009 1.833973 12.92188 5.307009 1.833973 12.92188 5.306478 1.440272 12.92188 5.306478 1.440272 12.92188 5.307009 1.833973 12.92188 5.325998 1.440246 14.40051 5.326528 1.833947 14.40051 5.326528 1.833947 14.40051 5.325998 1.440246 14.40051 5.325998 1.440246 14.40051 5.326528 1.833947 14.40051 5.325977 1.440246 12.92851 5.326508 1.833947 12.92851 5.326508 1.833947 12.92851 5.325977 1.440246 12.92851 5.325977 1.440246 12.92851 5.326508 1.833947 12.92851 5.344473 1.440221 14.3914 5.345003 1.833922 14.3914 5.345003 1.833922 14.3914 5.344473 1.440221 14.3914 5.344473 1.440221 14.3914 5.345003 1.833922 14.3914 5.344445 1.440221 12.93761 5.344976 1.833922 12.93761 5.344976 1.833922 12.93761 5.344445 1.440221 12.93761 5.344445 1.440221 12.93761 5.344976 1.833922 12.93761 5.3616 1.440198 14.37995 5.362131 1.833899 14.37995 5.362131 1.833899 14.37995 5.3616 1.440198 14.37995 5.3616 1.440198 14.37995 5.362131 1.833899 14.37995 5.361566 1.440198 12.94906 5.362097 1.833899 12.94906 5.362097 1.833899 12.94906 5.361566 1.440198 12.94906 5.361566 1.440198 12.94906 5.362097 1.833899 12.94906 5.377088 1.440177 14.36637 5.377619 1.833878 14.36637 5.377619 1.833878 14.36637 5.377088 1.440177 14.36637 5.377088 1.440177 14.36637 5.377619 1.833878 14.36637 5.377046 1.440177 12.96264 5.377577 1.833878 12.96264 5.377577 1.833878 12.96264 5.377046 1.440177 12.96264 5.377046 1.440177 12.96264 5.377577 1.833878 12.96264 5.391201 1.833859 14.35089 5.39067 1.440159 14.35089 5.391201 1.833859 14.35089 5.39067 1.440159 14.35089 5.39067 1.440159 14.35089 5.391201 1.833859 14.35089 5.391152 1.833859 12.97812 5.390621 1.440159 12.97812 5.391152 1.833859 12.97812 5.390621 1.440159 12.97812 5.390621 1.440159 12.97812 5.391152 1.833859 12.97812 5.402645 1.833844 14.33376 5.402114 1.440144 14.33376 5.402645 1.833844 14.33376 5.402114 1.440144 14.33376 5.402114 1.440144 14.33376 5.402645 1.833844 14.33376 5.402589 1.833844 12.99525 5.402059 1.440144 12.99525 5.402589 1.833844 12.99525 5.402059 1.440144 12.99525 5.402059 1.440144 12.99525 5.402589 1.833844 12.99525 5.411756 1.833832 14.31528 5.411225 1.440131 14.31528 5.411756 1.833832 14.31528 5.411225 1.440131 14.31528 5.411225 1.440131 14.31528 5.411756 1.833832 14.31528 5.411693 1.833832 13.01372 5.411162 1.440131 13.01372 5.411693 1.833832 13.01372 5.411162 1.440131 13.01372 5.411162 1.440131 13.01372 5.411693 1.833832 13.01372 5.418377 1.833823 14.29578 5.417847 1.440122 14.29578 5.418377 1.833823 14.29578 5.417847 1.440122 14.29578 5.417847 1.440122 14.29578 5.418377 1.833823 14.29578 5.418307 1.833823 13.03322 5.417776 1.440122 13.03322 5.418307 1.833823 13.03322 5.417776 1.440122 13.03322 5.417776 1.440122 13.03322 5.418307 1.833823 13.03322 5.422396 1.833817 14.27557 5.421866 1.440117 14.27557 5.422396 1.833817 14.27557 5.421866 1.440117 14.27557 5.421866 1.440117 14.27557 5.422396 1.833817 14.27557 5.422319 1.833817 13.05342 5.421788 1.440117 13.05342 5.422319 1.833817 13.05342 5.421788 1.440117 13.05342 5.421788 1.440117 13.05342 5.422319 1.833817 13.05342 5.423743 1.833816 14.25502 5.423213 1.440115 14.25502 5.423743 1.833816 14.25502 5.423213 1.440115 14.25502 5.423213 1.440115 14.25502 5.423743 1.833816 14.25502 5.423743 1.833816 13.07392 5.423213 1.440115 13.07392 5.423743 1.833816 13.07392 5.423213 1.440115 13.07392 5.423213 1.440115 13.07392 5.423743 1.833816 13.07392 5.423743 1.833816 13.07392 5.423213 1.440115 14.25502 5.423213 1.440115 13.07392 5.42406 1.833815 13.5562 5.424091 1.833815 13.77273 5.423743 1.833816 14.25502 5.424091 1.833815 13.77273 5.423213 1.440115 14.25502 5.423743 1.833816 14.25502 5.42406 1.833815 13.5562 5.423743 1.833816 13.07392 5.423213 1.440115 13.07392 5.42406 1.833815 13.5562 5.424091 1.833815 13.77273</float_array>
                    <technique_common>
                        <accessor count="350" source="#ID35" stride="3">
                            <param name="X" type="float" />
                            <param name="Y" type="float" />
                            <param name="Z" type="float" />
                        </accessor>
                    </technique_common>
                </source>
                <source id="ID33">
                    <float_array id="ID36" count="1050">-0.9999991 0.001347787 -1.914436e-13 -0.9999991 0.001347787 -1.914436e-13 -0.9999991 0.001347787 -1.914436e-13 -0.9999991 0.001347787 -1.914436e-13 0.9999991 -0.001347787 1.914436e-13 0.9999991 -0.001347787 1.914436e-13 0.9999991 -0.001347787 1.914436e-13 0.9999991 -0.001347787 1.914436e-13 0 0 0 0 0 0 0 0 0 0 0 0 -0.991444 0.001336256 0.1305262 -0.997858 0.001344901 0.06540313 -0.991444 0.001336256 0.1305262 -0.997858 0.001344901 0.06540313 0.997858 -0.001344901 -0.06540313 0.991444 -0.001336256 -0.1305262 0.997858 -0.001344901 -0.06540313 0.991444 -0.001336256 -0.1305262 0 0 0 0 0 0 -0.9975723 0.001344516 -0.0696254 -0.9911465 0.001335855 -0.132766 -0.9911465 0.001335855 -0.132766 -0.9975723 0.001344516 -0.0696254 0.9975723 -0.001344516 0.0696254 0.9975723 -0.001344516 0.0696254 0.9911465 -0.001335855 0.132766 0.9911465 -0.001335855 0.132766 0 0 0 0 0 0 -0.9659249 0.001301862 0.258819 -0.9659249 0.001301862 0.258819 0.9659249 -0.001301862 -0.258819 0.9659249 -0.001301862 -0.258819 0 0 0 0 0 0 -0.9658542 0.001301767 -0.2590831 -0.9658542 0.001301767 -0.2590831 0.9658542 -0.001301767 0.2590831 0.9658542 -0.001301767 0.2590831 0 0 0 0 0 0 -0.9238787 0.001245193 0.3826834 -0.9238787 0.001245193 0.3826834 0.9238787 -0.001245193 -0.3826834 0.9238787 -0.001245193 -0.3826834 0 0 0 0 0 0 -0.9237845 0.001245066 -0.3829107 -0.9237845 0.001245066 -0.3829107 0.9237845 -0.001245066 0.3829107 0.9237845 -0.001245066 0.3829107 0 0 0 0 0 0 -0.8660246 0.001167218 0.5 -0.8660246 0.001167218 0.5 0.8660246 -0.001167218 -0.5 0.8660246 -0.001167218 -0.5 0 0 0 0 0 0 -0.8659152 0.00116707 -0.5001894 -0.8659152 0.00116707 -0.5001894 0.8659152 -0.00116707 0.5001894 0.8659152 -0.00116707 0.5001894 0 0 0 0 0 0 -0.7933526 0.001069271 0.6087614 -0.7933526 0.001069271 0.6087614 0.7933526 -0.001069271 -0.6087614 0.7933526 -0.001069271 -0.6087614 0 0 0 0 0 0 -0.7932361 0.001069114 -0.6089132 -0.7932361 0.001069114 -0.6089132 0.7932361 -0.001069114 0.6089132 0.7932361 -0.001069114 0.6089132 0 0 0 0 0 0 -0.7071061 0.0009530292 0.7071068 -0.7071061 0.0009530292 0.7071068 0.7071061 -0.0009530292 -0.7071068 0.7071061 -0.0009530292 -0.7071068 0 0 0 0 0 0 -0.7069901 0.0009528729 -0.7072228 -0.7069901 0.0009528729 -0.7072228 0.7069901 -0.0009528729 0.7072228 0.7069901 -0.0009528729 0.7072228 0 0 0 0 0 0 -0.6087609 0.0008204806 0.7933533 -0.6087609 0.0008204806 0.7933533 0.6087609 -0.0008204806 -0.7933533 0.6087609 -0.0008204806 -0.7933533 0 0 0 0 0 0 -0.6086524 0.0008203345 -0.7934365 -0.6086524 0.0008203345 -0.7934365 0.6086524 -0.0008203345 0.7934365 0.6086524 -0.0008203345 0.7934365 0 0 0 0 0 0 -0.4999995 0.0006738934 0.8660254 -0.4999995 0.0006738934 0.8660254 0.4999995 -0.0006738934 -0.8660254 0.4999995 -0.0006738934 -0.8660254 0 0 0 0 0 0 -0.4999048 0.0006737658 -0.8660801 -0.4999048 0.0006737658 -0.8660801 0.4999048 -0.0006737658 0.8660801 0.4999048 -0.0006737658 0.8660801 0 0 0 0 0 0 -0.3826831 0.0005157757 0.9238795 -0.3826831 0.0005157757 0.9238795 0.3826831 -0.0005157757 -0.9238795 0.3826831 -0.0005157757 -0.9238795 0 0 0 0 0 0 -0.3826073 0.0005156736 -0.9239109 -0.3826073 0.0005156736 -0.9239109 0.3826073 -0.0005156736 0.9239109 0.3826073 -0.0005156736 0.9239109 0 0 0 0 0 0 -0.2588188 0.0003488329 0.9659258 -0.2588188 0.0003488329 0.9659258 0.2588188 -0.0003488329 -0.9659258 0.2588188 -0.0003488329 -0.9659258 0 0 0 0 0 0 -0.258766 0.0003487617 -0.96594 -0.258766 0.0003487617 -0.96594 0.258766 -0.0003487617 0.96594 0.258766 -0.0003487617 0.96594 0 0 0 0 0 0 -0.1305261 0.0001759215 0.9914449 -0.1305261 0.0001759215 0.9914449 0.1305261 -0.0001759215 -0.9914449 0.1305261 -0.0001759215 -0.9914449 0 0 0 0 0 0 -0.1325271 0.0001786185 -0.9911794 -0.1325271 0.0001786185 -0.9911794 0.1325271 -0.0001786185 0.9911794 0.1325271 -0.0001786185 0.9911794 0 0 0 0 0 0 -0.06540307 8.814948e-05 0.9978589 -0.06540307 8.814948e-05 0.9978589 0.06540307 -8.814948e-05 -0.9978589 0.06540307 -8.814948e-05 -0.9978589 0 0 0 0 0 0 -0.06947194 9.363345e-05 -0.9975839 -0.06947194 9.363345e-05 -0.9975839 0.06947194 -9.363345e-05 0.9975839 0.06947194 -9.363345e-05 0.9975839 0 0 0 0 0 0 -6.081142e-18 -4.511942e-15 1 -6.081142e-18 -4.511942e-15 1 -6.081142e-18 -4.511942e-15 1 -6.081142e-18 -4.511942e-15 1 6.081142e-18 4.511942e-15 -1 6.081142e-18 4.511942e-15 -1 6.081142e-18 4.511942e-15 -1 6.081142e-18 4.511942e-15 -1 0 0 0 0 0 0 3.501423e-18 2.597903e-15 -1 3.501423e-18 2.597903e-15 -1 3.501423e-18 2.597903e-15 -1 3.501423e-18 2.597903e-15 -1 -3.501423e-18 -2.597903e-15 1 -3.501423e-18 -2.597903e-15 1 -3.501423e-18 -2.597903e-15 1 -3.501423e-18 -2.597903e-15 1 0 0 0 0 0 0 0.1305261 -0.0001759215 0.9914449 0.06540307 -8.814948e-05 0.9978589 0.06540307 -8.814948e-05 0.9978589 0.1305261 -0.0001759215 0.9914449 -0.1305261 0.0001759215 -0.9914449 -0.1305261 0.0001759215 -0.9914449 -0.06540307 8.814948e-05 -0.9978589 -0.06540307 8.814948e-05 -0.9978589 0 0 0 0 0 0 0.0694975 -9.36679e-05 -0.9975821 0.1325805 -0.0001786904 -0.9911722 0.0694975 -9.36679e-05 -0.9975821 0.1325805 -0.0001786904 -0.9911722 -0.1325805 0.0001786904 0.9911722 -0.0694975 9.36679e-05 0.9975821 -0.1325805 0.0001786904 0.9911722 -0.0694975 9.36679e-05 0.9975821 0 0 0 0 0 0 0.2588188 -0.0003488329 0.9659258 0.2588188 -0.0003488329 0.9659258 -0.2588188 0.0003488329 -0.9659258 -0.2588188 0.0003488329 -0.9659258 0 0 0 0 0 0 0.2588716 -0.0003489041 -0.9659117 0.2588716 -0.0003489041 -0.9659117 -0.2588716 0.0003489041 0.9659117 -0.2588716 0.0003489041 0.9659117 0 0 0 0 0 0 0.3826831 -0.0005157757 0.9238795 0.3826831 -0.0005157757 0.9238795 -0.3826831 0.0005157757 -0.9238795 -0.3826831 0.0005157757 -0.9238795 0 0 0 0 0 0 0.3827589 -0.0005158778 -0.9238481 0.3827589 -0.0005158778 -0.9238481 -0.3827589 0.0005158778 0.9238481 -0.3827589 0.0005158778 0.9238481 0 0 0 0 0 0 0.4999995 -0.0006738934 0.8660254 0.4999995 -0.0006738934 0.8660254 -0.4999995 0.0006738934 -0.8660254 -0.4999995 0.0006738934 -0.8660254 0 0 0 0 0 0 0.5000942 -0.000674021 -0.8659707 0.5000942 -0.000674021 -0.8659707 -0.5000942 0.000674021 0.8659707 -0.5000942 0.000674021 0.8659707 0 0 0 0 0 0 0.6087609 -0.0008204806 0.7933533 0.6087609 -0.0008204806 0.7933533 -0.6087609 0.0008204806 -0.7933533 -0.6087609 0.0008204806 -0.7933533 0 0 0 0 0 0 0.6088693 -0.0008206268 -0.7932701 0.6088693 -0.0008206268 -0.7932701 -0.6088693 0.0008206268 0.7932701 -0.6088693 0.0008206268 0.7932701 0 0 0 0 0 0 0.7071061 -0.0009530292 0.7071068 0.7071061 -0.0009530292 0.7071068 -0.7071061 0.0009530292 -0.7071068 -0.7071061 0.0009530292 -0.7071068 0 0 0 0 0 0 0.7072221 -0.0009531855 -0.7069908 0.7072221 -0.0009531855 -0.7069908 -0.7072221 0.0009531855 0.7069908 -0.7072221 0.0009531855 0.7069908 0 0 0 0 0 0 0.7933526 -0.001069271 0.6087614 0.7933526 -0.001069271 0.6087614 -0.7933526 0.001069271 -0.6087614 -0.7933526 0.001069271 -0.6087614 0 0 0 0 0 0 0.7934691 -0.001069428 -0.6086096 0.7934691 -0.001069428 -0.6086096 -0.7934691 0.001069428 0.6086096 -0.7934691 0.001069428 0.6086096 0 0 0 0 0 0 0.8660246 -0.001167218 0.5 0.8660246 -0.001167218 0.5 -0.8660246 0.001167218 -0.5 -0.8660246 0.001167218 -0.5 0 0 0 0 0 0 0.866134 -0.001167365 -0.4998106 0.866134 -0.001167365 -0.4998106 -0.866134 0.001167365 0.4998106 -0.866134 0.001167365 0.4998106 0 0 0 0 0 0 0.9238787 -0.001245193 0.3826834 0.9238787 -0.001245193 0.3826834 -0.9238787 0.001245193 -0.3826834 -0.9238787 0.001245193 -0.3826834 0 0 0 0 0 0 0.9239728 -0.00124532 -0.3824561 0.9239728 -0.00124532 -0.3824561 -0.9239728 0.00124532 0.3824561 -0.9239728 0.00124532 0.3824561 0 0 0 0 0 0 0.9659249 -0.001301862 0.258819 0.9659249 -0.001301862 0.258819 -0.9659249 0.001301862 -0.258819 -0.9659249 0.001301862 -0.258819 0 0 0 0 0 0 0.9659957 -0.001301957 -0.258555 0.9659957 -0.001301957 -0.258555 -0.9659957 0.001301957 0.258555 -0.9659957 0.001301957 0.258555 0 0 0 0 0 0 0.991444 -0.001336256 0.1305262 0.991444 -0.001336256 0.1305262 -0.991444 0.001336256 -0.1305262 -0.991444 0.001336256 -0.1305262 0 0 0 0 0 0 0.9912032 -0.001335932 -0.1323418 0.9912032 -0.001335932 -0.1323418 -0.9912032 0.001335932 0.1323418 -0.9912032 0.001335932 0.1323418 0 0 0 0 0 0 0.997858 -0.001344901 0.06540313 0.997858 -0.001344901 0.06540313 -0.997858 0.001344901 -0.06540313 -0.997858 0.001344901 -0.06540313 0 0 0 0 0 0 0.9975919 -0.001344542 -0.0693442 0.9975919 -0.001344542 -0.0693442 -0.9975919 0.001344542 0.0693442 -0.9975919 0.001344542 0.0693442 0 0 0 0 0 0 0.9999984 -0.001769604 -2.37438e-06 0.9999984 -0.001769604 -2.37438e-06 0.9999984 -0.001769604 -2.37438e-06 0.9999984 -0.001769604 -2.37438e-06 0.9999984 -0.001769604 -2.37438e-06 0.9999984 -0.001769604 -2.37438e-06 -0.9999984 0.001769604 2.37438e-06 -0.9999984 0.001769604 2.37438e-06 -0.9999984 0.001769604 2.37438e-06 -0.9999984 0.001769604 2.37438e-06 -0.9999984 0.001769604 2.37438e-06 -0.9999984 0.001769604 2.37438e-06 0 0 0 0 0 0</float_array>
                    <technique_common>
                        <accessor count="350" source="#ID36" stride="3">
                            <param name="X" type="float" />
                            <param name="Y" type="float" />
                            <param name="Z" type="float" />
                        </accessor>
                    </technique_common>
                </source>
                <vertices id="ID34">
                    <input semantic="POSITION" source="#ID32" />
                    <input semantic="NORMAL" source="#ID33" />
                </vertices>
                <triangles count="106" material="Material3">
                    <input offset="0" semantic="VERTEX" source="#ID34" />
                    <p>0 1 2 1 0 3 12 13 14 13 12 15 22 23 24 23 22 25 32 14 33 14 32 12 24 38 39 38 24 23 44 33 45 33 44 32 39 50 51 50 39 38 56 45 57 45 56 44 51 62 63 62 51 50 68 57 69 57 68 56 63 74 75 74 63 62 80 69 81 69 80 68 75 86 87 86 75 74 92 80 81 80 92 93 86 98 87 98 86 99 104 93 92 93 104 105 99 110 98 110 99 111 116 105 104 105 116 117 111 122 110 122 111 123 128 117 116 117 128 129 123 134 122 134 123 135 140 129 128 129 140 141 135 146 134 146 135 147 152 141 140 141 152 153 147 158 146 158 147 159 164 165 166 165 164 167 174 175 176 175 174 177 184 185 186 185 184 187 194 195 196 195 194 197 204 187 184 187 204 205 197 210 195 210 197 211 216 205 204 205 216 217 211 222 210 222 211 223 228 217 216 217 228 229 223 234 222 234 223 235 240 229 228 229 240 241 235 246 234 246 235 247 252 241 240 241 252 253 247 258 246 258 247 259 264 252 265 252 264 253 258 270 271 270 258 259 276 265 277 265 276 264 271 282 283 282 271 270 288 277 289 277 288 276 283 294 295 294 283 282 300 289 301 289 300 288 295 306 307 306 295 294 312 301 313 301 312 300 307 318 319 318 307 306 324 313 325 313 324 312 319 330 331 330 319 318 336 337 338 337 336 339 337 339 340 341 337 340</p>
                </triangles>
                <triangles count="106" material="Material2">
                    <input offset="0" semantic="VERTEX" source="#ID34" />
                    <p>4 5 6 7 6 5 16 17 18 19 18 17 26 27 28 29 28 27 17 34 19 35 19 34 28 29 40 41 40 29 34 46 35 47 35 46 40 41 52 53 52 41 46 58 47 59 47 58 52 53 64 65 64 53 58 70 59 71 59 70 64 65 76 77 76 65 70 82 71 83 71 82 76 77 88 89 88 77 94 95 82 83 82 95 100 88 101 89 101 88 106 107 94 95 94 107 112 100 113 101 113 100 118 119 106 107 106 119 124 112 125 113 125 112 130 131 118 119 118 131 136 124 137 125 137 124 142 143 130 131 130 143 148 136 149 137 149 136 154 155 142 143 142 155 160 148 161 149 161 148 168 169 170 171 170 169 178 179 180 181 180 179 188 189 190 191 190 189 198 199 200 201 200 199 206 207 188 189 188 207 212 198 213 200 213 198 218 219 206 207 206 219 224 212 225 213 225 212 230 231 218 219 218 231 236 224 237 225 237 224 242 243 230 231 230 243 248 236 249 237 249 236 254 255 242 243 242 255 260 248 261 249 261 248 254 266 255 267 255 266 260 261 272 273 272 261 266 278 267 279 267 278 272 273 284 285 284 273 278 290 279 291 279 290 284 285 296 297 296 285 290 302 291 303 291 302 296 297 308 309 308 297 302 314 303 315 303 314 308 309 320 321 320 309 314 326 315 327 315 326 320 321 332 333 332 321 342 343 344 342 345 343 345 346 343 347 343 346</p>
                </triangles>
                <lines count="158" material="Material4">
                    <input offset="0" semantic="VERTEX" source="#ID34" />
                    <p>8 9 9 10 11 10 8 11 9 20 10 21 8 30 11 31 20 36 21 37 30 42 31 43 36 48 37 49 42 54 43 55 48 60 49 61 54 66 55 67 60 72 61 73 66 78 67 79 72 84 73 85 78 90 79 91 84 96 85 97 90 102 91 103 96 108 97 109 102 114 103 115 108 120 109 121 114 126 115 127 120 132 121 133 126 138 127 139 132 144 133 145 138 150 139 151 144 156 156 157 145 157 150 162 151 163 162 163 156 172 172 173 157 173 182 162 183 163 182 183 192 172 193 173 202 182 203 183 208 192 209 193 214 202 215 203 220 208 221 209 226 214 227 215 232 220 233 221 238 226 239 227 244 232 245 233 250 238 251 239 256 244 257 245 262 250 263 251 268 256 269 257 274 262 275 263 280 268 281 269 286 274 287 275 292 280 293 281 298 286 299 287 304 292 305 293 310 298 311 299 316 304 317 305 322 310 323 311 328 316 328 329 329 317 334 322 335 323 334 335 328 334 348 335 349 348 329 349</p>
                </lines>
            </mesh>
        </geometry>
        <geometry id="ID37">
            <mesh>
                <source id="ID38">
                    <float_array id="ID41" count="36">5.816701 1.282082 14.64872 3.848199 1.284735 12.68021 5.816701 1.282082 12.68021 3.848199 1.284735 14.64872 3.848199 1.284735 14.64872 5.816701 1.282082 14.64872 3.848199 1.284735 12.68021 5.816701 1.282082 12.68021 3.848199 1.284735 14.64872 3.848199 1.284735 12.68021 5.816701 1.282082 12.68021 5.816701 1.282082 14.64872</float_array>
                    <technique_common>
                        <accessor count="12" source="#ID41" stride="3">
                            <param name="X" type="float" />
                            <param name="Y" type="float" />
                            <param name="Z" type="float" />
                        </accessor>
                    </technique_common>
                </source>
                <source id="ID39">
                    <float_array id="ID42" count="36">-0.001347787 -0.9999991 0 -0.001347787 -0.9999991 0 -0.001347787 -0.9999991 0 -0.001347787 -0.9999991 0 0.001347787 0.9999991 -0 0.001347787 0.9999991 -0 0.001347787 0.9999991 -0 0.001347787 0.9999991 -0 0 0 0 0 0 0 0 0 0 0 0 0</float_array>
                    <technique_common>
                        <accessor count="12" source="#ID42" stride="3">
                            <param name="X" type="float" />
                            <param name="Y" type="float" />
                            <param name="Z" type="float" />
                        </accessor>
                    </technique_common>
                </source>
                <vertices id="ID40">
                    <input semantic="POSITION" source="#ID38" />
                    <input semantic="NORMAL" source="#ID39" />
                </vertices>
                <triangles count="2" material="Material3">
                    <input offset="0" semantic="VERTEX" source="#ID40" />
                    <p>0 1 2 1 0 3</p>
                </triangles>
                <triangles count="2" material="Material2">
                    <input offset="0" semantic="VERTEX" source="#ID40" />
                    <p>4 5 6 7 6 5</p>
                </triangles>
                <lines count="4" material="Material4">
                    <input offset="0" semantic="VERTEX" source="#ID40" />
                    <p>8 9 9 10 10 11 11 8</p>
                </lines>
            </mesh>
        </geometry>
        <geometry id="ID43">
            <mesh>
                <source id="ID46">
                    <float_array id="ID51" count="9333">5.422319 1.833817 13.05342 5.42507 2.818067 13.07392 5.423743 1.833816 13.07392 5.423645 2.818069 13.05342 5.423645 2.818069 13.05342 5.422319 1.833817 13.05342 5.42507 2.818067 13.07392 5.423743 1.833816 13.07392 5.423743 1.833816 13.07392 5.422319 1.833817 13.05342 5.423645 2.818069 13.05342 5.42507 2.818067 13.07392 5.418307 1.833823 13.03322 5.419634 2.818074 13.03322 5.419634 2.818074 13.03322 5.418307 1.833823 13.03322 5.418307 1.833823 13.03322 5.419634 2.818074 13.03322 4.380909 2.819474 12.91787 5.26759 2.818279 12.91643 4.401449 2.819446 12.91643 5.288138 2.818251 12.91787 4.36072 2.819501 12.92188 5.308335 2.818224 12.92188 4.341228 2.819527 12.9285 5.327834 2.818198 12.92851 4.322766 2.819552 12.9376 5.346303 2.818173 12.93761 4.305649 2.819575 12.94903 5.363423 2.81815 12.94906 4.290172 2.819596 12.9626 5.378904 2.818129 12.96264 4.276597 2.819615 12.97807 5.392479 2.818111 12.97812 4.265157 2.81963 12.99519 5.403916 2.818095 12.99525 4.256049 2.819642 13.01365 5.413019 2.818083 13.01372 4.249427 2.819651 13.03314 5.419634 2.818074 13.03322 4.245406 2.819657 13.05332 5.423645 2.818069 13.05342 4.243969 2.819658 13.07392 5.42507 2.818067 13.07392 4.834519 2.818863 13.0936 4.774848 2.818943 13.09673 4.71583 2.819023 13.10607 4.658112 2.8191 13.12154 4.602327 2.819175 13.14295 4.549087 2.819247 13.17008 4.498973 2.819315 13.20263 4.452536 2.819377 13.24023 4.410283 2.819434 13.28248 4.372679 2.819485 13.32892 4.340135 2.819529 13.37903 4.243969 2.819839 13.5562 4.313008 2.819565 13.43227 4.299441 2.819584 13.46762 4.291594 2.819594 13.48806 4.276128 2.819615 13.54578 4.274478 2.819708 13.5562 5.328903 2.818196 13.37903 5.42507 2.818111 13.5562 5.296359 2.81824 13.32892 5.258755 2.818291 13.28248 5.216503 2.818348 13.24023 5.170066 2.81841 13.20263 5.119952 2.818478 13.17008 5.066711 2.81855 13.14295 5.010926 2.818625 13.12154 4.953209 2.818703 13.10607 4.894191 2.818782 13.09673 5.356031 2.81816 13.43227 5.369597 2.818141 13.46762 5.377445 2.818131 13.48806 5.39291 2.81811 13.54578 5.394561 2.818152 13.5562 5.394561 2.818152 13.5562 5.39291 2.81811 13.54578 5.42507 2.818111 13.5562 5.377445 2.818131 13.48806 5.369597 2.818141 13.46762 5.356031 2.81816 13.43227 5.328903 2.818196 13.37903 4.834519 2.818863 13.0936 5.42507 2.818067 13.07392 4.894191 2.818782 13.09673 4.953209 2.818703 13.10607 5.010926 2.818625 13.12154 5.066711 2.81855 13.14295 5.119952 2.818478 13.17008 5.170066 2.81841 13.20263 5.216503 2.818348 13.24023 5.258755 2.818291 13.28248 5.296359 2.81824 13.32892 4.274478 2.819708 13.5562 4.243969 2.819839 13.5562 4.276128 2.819615 13.54578 4.291594 2.819594 13.48806 4.299441 2.819584 13.46762 4.313008 2.819565 13.43227 4.340135 2.819529 13.37903 4.243969 2.819658 13.07392 4.372679 2.819485 13.32892 4.410283 2.819434 13.28248 4.452536 2.819377 13.24023 4.498973 2.819315 13.20263 4.549087 2.819247 13.17008 4.602327 2.819175 13.14295 4.658112 2.8191 13.12154 4.71583 2.819023 13.10607 4.774848 2.818943 13.09673 5.423645 2.818069 13.05342 4.245406 2.819657 13.05332 5.419634 2.818074 13.03322 4.249427 2.819651 13.03314 5.413019 2.818083 13.01372 4.256049 2.819642 13.01365 5.403916 2.818095 12.99525 4.265157 2.81963 12.99519 5.392479 2.818111 12.97812 4.276597 2.819615 12.97807 5.378904 2.818129 12.96264 4.290172 2.819596 12.9626 5.363423 2.81815 12.94906 4.305649 2.819575 12.94903 5.346303 2.818173 12.93761 4.322766 2.819552 12.9376 5.327834 2.818198 12.92851 4.341228 2.819527 12.9285 5.308335 2.818224 12.92188 4.36072 2.819501 12.92188 5.288138 2.818251 12.91787 4.380909 2.819474 12.91787 5.26759 2.818279 12.91643 4.401449 2.819446 12.91643 4.243969 2.819658 13.07392 4.243969 2.819839 13.5562 4.274478 2.819708 13.5562 4.276128 2.819615 13.54578 4.291594 2.819594 13.48806 4.299441 2.819584 13.46762 4.313008 2.819565 13.43227 4.340135 2.819529 13.37903 4.372679 2.819485 13.32892 4.410283 2.819434 13.28248 4.452536 2.819377 13.24023 4.498973 2.819315 13.20263 4.549087 2.819247 13.17008 4.602327 2.819175 13.14295 4.658112 2.8191 13.12154 4.71583 2.819023 13.10607 4.774848 2.818943 13.09673 4.834519 2.818863 13.0936 4.894191 2.818782 13.09673 4.953209 2.818703 13.10607 5.010926 2.818625 13.12154 5.066711 2.81855 13.14295 5.119952 2.818478 13.17008 5.170066 2.81841 13.20263 5.216503 2.818348 13.24023 5.258755 2.818291 13.28248 5.296359 2.81824 13.32892 5.328903 2.818196 13.37903 5.356031 2.81816 13.43227 5.369597 2.818141 13.46762 5.377445 2.818131 13.48806 5.39291 2.81811 13.54578 5.394561 2.818152 13.5562 5.42507 2.818111 13.5562 5.413019 2.818083 13.01372 5.403916 2.818095 12.99525 5.392479 2.818111 12.97812 5.378904 2.818129 12.96264 5.363423 2.81815 12.94906 5.346303 2.818173 12.93761 5.327834 2.818198 12.92851 5.308335 2.818224 12.92188 5.288138 2.818251 12.91787 5.26759 2.818279 12.91643 4.401449 2.819446 12.91643 4.380909 2.819474 12.91787 4.36072 2.819501 12.92188 4.341228 2.819527 12.9285 4.322766 2.819552 12.9376 4.305649 2.819575 12.94903 4.290172 2.819596 12.9626 4.276597 2.819615 12.97807 4.265157 2.81963 12.99519 4.256049 2.819642 13.01365 4.249427 2.819651 13.03314 4.245406 2.819657 13.05332 5.423743 1.833816 13.07392 5.425008 2.772045 13.5562 5.42406 1.833815 13.5562 5.42507 2.818067 13.07392 5.42507 2.818111 13.5562 5.42507 2.818111 13.5562 5.42507 2.818067 13.07392 5.425008 2.772045 13.5562 5.423743 1.833816 13.07392 5.42406 1.833815 13.5562 5.425008 2.772045 13.5562 5.42406 1.833815 13.5562 5.411693 1.833832 13.01372 5.413019 2.818083 13.01372 5.413019 2.818083 13.01372 5.411693 1.833832 13.01372 5.411693 1.833832 13.01372 4.242642 1.835407 14.25502 4.242524 1.877461 14.11792 4.242526 1.874778 14.09754 4.242531 1.885327 14.13691 4.242545 1.89784 14.15321 4.242566 1.914148 14.16573 4.242642 2.071628 14.25502 4.242592 1.933138 14.17359 4.242621 1.953518 14.17628 4.242652 1.973897 14.17359 4.242682 1.992888 14.16573 4.24271 2.009195 14.15321 4.242732 2.021709 14.13691 4.242749 2.029575 14.11792 4.242759 2.032258 14.09754 4.242748 2.150368 14.25502 4.24263 2.192421 14.11792 4.242632 2.189738 14.09754 4.242637 2.200287 14.13691 4.242651 2.212801 14.15321 4.242672 2.229108 14.16573 4.242748 2.386588 14.25502 4.242698 2.248099 14.17359 4.242727 2.268478 14.17628 4.242758 2.288858 14.17359 4.242788 2.307848 14.16573 4.242816 2.324156 14.15321 4.242839 2.336669 14.13691 4.242855 2.344535 14.11792 4.242865 2.347218 14.09754 4.242854 2.465329 14.25502 4.243241 2.527066 14.11792 4.243242 2.524383 14.09754 4.243247 2.534933 14.13691 4.243261 2.547446 14.15322 4.243282 2.563753 14.16573 4.243863 2.740918 14.25502 4.243308 2.582744 14.1736 4.243338 2.603123 14.17628 4.243369 2.623503 14.1736 4.243399 2.642494 14.16573 4.243426 2.658801 14.15322 4.243449 2.671314 14.13691 4.243466 2.679181 14.11792 4.243475 2.681864 14.09754 4.243895 2.764874 13.77273 4.243969 2.764874 13.5562 4.243969 2.819658 14.25502 4.243969 2.819799 13.77273 4.242642 1.835407 13.07392 4.242575 1.89784 14.04186 4.243969 2.819658 13.07392 4.242552 1.885327 14.05817 4.242535 1.877461 14.07716 4.242602 1.914148 14.02935 4.242632 1.933138 14.02148 4.242663 1.953518 14.0188 4.242693 1.973897 14.02148 4.242719 1.992888 14.02935 4.242739 2.009195 14.04186 4.242753 2.021709 14.05817 4.24276 2.029575 14.07716 4.242658 2.200287 14.05817 4.242641 2.192421 14.07716 4.242681 2.212801 14.04186 4.242708 2.229108 14.02935 4.242738 2.248099 14.02148 4.242769 2.268478 14.0188 4.242799 2.288858 14.02148 4.242825 2.307848 14.02935 4.242845 2.324156 14.04186 4.24286 2.336669 14.05817 4.242866 2.344535 14.07716 4.243252 2.527066 14.07716 4.243268 2.534933 14.05817 4.243291 2.547446 14.04186 4.243319 2.563753 14.02935 4.243349 2.582744 14.02149 4.24338 2.603123 14.0188 4.243409 2.623503 14.02149 4.243435 2.642493 14.02935 4.243456 2.658801 14.04186 4.24347 2.671314 14.05817 4.243477 2.679181 14.07716 4.243969 2.819839 13.5562 4.243969 2.819839 13.5562 4.243969 2.764874 13.5562 4.243969 2.819658 13.07392 4.243863 2.740918 14.25502 4.243475 2.681864 14.09754 4.243477 2.679181 14.07716 4.24347 2.671314 14.05817 4.243456 2.658801 14.04186 4.243435 2.642493 14.02935 4.243409 2.623503 14.02149 4.24338 2.603123 14.0188 4.243349 2.582744 14.02149 4.243319 2.563753 14.02935 4.243291 2.547446 14.04186 4.243268 2.534933 14.05817 4.243252 2.527066 14.07716 4.243242 2.524383 14.09754 4.242854 2.465329 14.25502 4.242748 2.386588 14.25502 4.242865 2.347218 14.09754 4.242866 2.344535 14.07716 4.24286 2.336669 14.05817 4.242845 2.324156 14.04186 4.242825 2.307848 14.02935 4.242799 2.288858 14.02148 4.242769 2.268478 14.0188 4.242738 2.248099 14.02148 4.242708 2.229108 14.02935 4.242681 2.212801 14.04186 4.242658 2.200287 14.05817 4.242632 2.189738 14.09754 4.242748 2.150368 14.25502 4.242641 2.192421 14.07716 4.242642 2.071628 14.25502 4.242759 2.032258 14.09754 4.24276 2.029575 14.07716 4.242753 2.021709 14.05817 4.242739 2.009195 14.04186 4.242719 1.992888 14.02935 4.242693 1.973897 14.02148 4.242663 1.953518 14.0188 4.242632 1.933138 14.02148 4.242602 1.914148 14.02935 4.242575 1.89784 14.04186 4.242526 1.874778 14.09754 4.242642 1.835407 14.25502 4.242535 1.877461 14.07716 4.242642 1.835407 13.07392 4.242552 1.885327 14.05817 4.243969 2.819799 13.77273 4.243969 2.819658 14.25502 4.243895 2.764874 13.77273 4.243466 2.679181 14.11792 4.243449 2.671314 14.13691 4.243426 2.658801 14.15322 4.243399 2.642494 14.16573 4.243369 2.623503 14.1736 4.243338 2.603123 14.17628 4.243308 2.582744 14.1736 4.243282 2.563753 14.16573 4.243261 2.547446 14.15322 4.243247 2.534933 14.13691 4.243241 2.527066 14.11792 4.242855 2.344535 14.11792 4.242839 2.336669 14.13691 4.242816 2.324156 14.15321 4.242788 2.307848 14.16573 4.242758 2.288858 14.17359 4.242727 2.268478 14.17628 4.242698 2.248099 14.17359 4.242672 2.229108 14.16573 4.242651 2.212801 14.15321 4.242637 2.200287 14.13691 4.24263 2.192421 14.11792 4.242749 2.029575 14.11792 4.242732 2.021709 14.13691 4.24271 2.009195 14.15321 4.242682 1.992888 14.16573 4.242652 1.973897 14.17359 4.242621 1.953518 14.17628 4.242592 1.933138 14.17359 4.242566 1.914148 14.16573 4.242545 1.89784 14.15321 4.242531 1.885327 14.13691 4.242524 1.877461 14.11792 4.242854 2.465329 14.25502 4.242748 2.386588 14.25502 4.243863 2.740918 14.25502 4.243969 2.819658 14.25502 4.243969 2.819799 13.77273 4.243895 2.764874 13.77273 4.243969 2.764874 13.5562 4.242642 1.835407 13.07392 4.242642 1.835407 14.25502 4.242642 2.071628 14.25502 4.242748 2.150368 14.25502 4.242652 1.973897 14.17359 4.242621 1.953518 14.17628 4.242592 1.933138 14.17359 4.242566 1.914148 14.16573 4.242545 1.89784 14.15321 4.242531 1.885327 14.13691 4.242524 1.877461 14.11792 4.242526 1.874778 14.09754 4.242535 1.877461 14.07716 4.242552 1.885327 14.05817 4.242575 1.89784 14.04186 4.242602 1.914148 14.02935 4.242632 1.933138 14.02148 4.242663 1.953518 14.0188 4.242693 1.973897 14.02148 4.242719 1.992888 14.02935 4.242739 2.009195 14.04186 4.242753 2.021709 14.05817 4.24276 2.029575 14.07716 4.242759 2.032258 14.09754 4.242749 2.029575 14.11792 4.242732 2.021709 14.13691 4.24271 2.009195 14.15321 4.242682 1.992888 14.16573 4.242758 2.288858 14.17359 4.242727 2.268478 14.17628 4.242698 2.248099 14.17359 4.242672 2.229108 14.16573 4.242651 2.212801 14.15321 4.242637 2.200287 14.13691 4.24263 2.192421 14.11792 4.242632 2.189738 14.09754 4.242641 2.192421 14.07716 4.242658 2.200287 14.05817 4.242681 2.212801 14.04186 4.242708 2.229108 14.02935 4.242738 2.248099 14.02148 4.242769 2.268478 14.0188 4.242799 2.288858 14.02148 4.242825 2.307848 14.02935 4.242845 2.324156 14.04186 4.24286 2.336669 14.05817 4.242866 2.344535 14.07716 4.242865 2.347218 14.09754 4.242855 2.344535 14.11792 4.242839 2.336669 14.13691 4.242816 2.324156 14.15321 4.242788 2.307848 14.16573 4.243369 2.623503 14.1736 4.243338 2.603123 14.17628 4.243308 2.582744 14.1736 4.243282 2.563753 14.16573 4.243261 2.547446 14.15322 4.243247 2.534933 14.13691 4.243241 2.527066 14.11792 4.243242 2.524383 14.09754 4.243252 2.527066 14.07716 4.243268 2.534933 14.05817 4.243291 2.547446 14.04186 4.243319 2.563753 14.02935 4.243349 2.582744 14.02149 4.24338 2.603123 14.0188 4.243409 2.623503 14.02149 4.243435 2.642493 14.02935 4.243456 2.658801 14.04186 4.24347 2.671314 14.05817 4.243477 2.679181 14.07716 4.243475 2.681864 14.09754 4.243466 2.679181 14.11792 4.243449 2.671314 14.13691 4.243426 2.658801 14.15322 4.243399 2.642494 14.16573 4.274478 2.819708 13.5562 4.276234 2.898355 13.54578 4.276128 2.819615 13.54578 4.274583 2.898448 13.5562 4.274583 2.898448 13.5562 4.274478 2.819708 13.5562 4.276234 2.898355 13.54578 4.276128 2.819615 13.54578 4.274583 2.898448 13.5562 4.276234 2.898355 13.54578 4.291699 2.898334 13.48806 4.291594 2.819594 13.48806 4.291699 2.898334 13.48806 4.291594 2.819594 13.48806 4.291699 2.898334 13.48806 4.299547 2.898324 13.46762 4.299441 2.819584 13.46762 4.299547 2.898324 13.46762 4.299441 2.819584 13.46762 4.299547 2.898324 13.46762 4.299441 2.819584 13.46762 4.313113 2.898306 13.43227 4.313008 2.819565 13.43227 4.299547 2.898324 13.46762 4.299547 2.898324 13.46762 4.299441 2.819584 13.46762 4.313113 2.898306 13.43227 4.313008 2.819565 13.43227 4.313113 2.898306 13.43227 4.340241 2.898269 13.37903 4.340135 2.819529 13.37903 4.340241 2.898269 13.37903 4.340135 2.819529 13.37903 4.340241 2.898269 13.37903 4.372785 2.898225 13.32892 4.372679 2.819485 13.32892 4.372785 2.898225 13.32892 4.372679 2.819485 13.32892 4.372785 2.898225 13.32892 4.410389 2.898174 13.28248 4.410283 2.819434 13.28248 4.410389 2.898174 13.28248 4.410283 2.819434 13.28248 4.410389 2.898174 13.28248 4.452536 2.819377 13.24023 4.452641 2.898117 13.24023 4.452641 2.898117 13.24023 4.452536 2.819377 13.24023 4.452641 2.898117 13.24023 4.498973 2.819315 13.20263 4.499078 2.898055 13.20263 4.499078 2.898055 13.20263 4.498973 2.819315 13.20263 4.499078 2.898055 13.20263 4.549087 2.819247 13.17008 4.549192 2.897987 13.17008 4.549192 2.897987 13.17008 4.549087 2.819247 13.17008 4.549192 2.897987 13.17008 4.602327 2.819175 13.14295 4.602433 2.897916 13.14295 4.602433 2.897916 13.14295 4.602327 2.819175 13.14295 4.602433 2.897916 13.14295 4.658112 2.8191 13.12154 4.658218 2.89784 13.12154 4.658218 2.89784 13.12154 4.658112 2.8191 13.12154 4.658218 2.89784 13.12154 4.71583 2.819023 13.10607 4.715935 2.897763 13.10607 4.715935 2.897763 13.10607 4.71583 2.819023 13.10607 4.715935 2.897763 13.10607 4.774848 2.818943 13.09673 4.774953 2.897683 13.09673 4.774953 2.897683 13.09673 4.774848 2.818943 13.09673 4.774953 2.897683 13.09673 4.834519 2.818863 13.0936 4.834625 2.897603 13.0936 4.834625 2.897603 13.0936 4.834519 2.818863 13.0936 4.834625 2.897603 13.0936 4.894191 2.818782 13.09673 4.894297 2.897522 13.09673 4.894297 2.897522 13.09673 4.894191 2.818782 13.09673 4.894297 2.897522 13.09673 4.953209 2.818703 13.10607 4.953314 2.897443 13.10607 4.953314 2.897443 13.10607 4.953209 2.818703 13.10607 4.953314 2.897443 13.10607 5.010926 2.818625 13.12154 5.011032 2.897365 13.12154 5.011032 2.897365 13.12154 5.010926 2.818625 13.12154 5.011032 2.897365 13.12154 5.066711 2.81855 13.14295 5.066817 2.89729 13.14295 5.066817 2.89729 13.14295 5.066711 2.81855 13.14295 5.066817 2.89729 13.14295 5.119952 2.818478 13.17008 5.120058 2.897218 13.17008 5.120058 2.897218 13.17008 5.119952 2.818478 13.17008 5.120058 2.897218 13.17008 5.170066 2.81841 13.20263 5.170171 2.89715 13.20263 5.170171 2.89715 13.20263 5.170066 2.81841 13.20263 5.170171 2.89715 13.20263 5.216503 2.818348 13.24023 5.216608 2.897088 13.24023 5.216608 2.897088 13.24023 5.216503 2.818348 13.24023 5.216608 2.897088 13.24023 5.258755 2.818291 13.28248 5.258861 2.897031 13.28248 5.258861 2.897031 13.28248 5.258755 2.818291 13.28248 5.258861 2.897031 13.28248 5.296465 2.89698 13.32892 5.296359 2.81824 13.32892 5.296465 2.89698 13.32892 5.296359 2.81824 13.32892 5.296465 2.89698 13.32892 5.329009 2.896936 13.37903 5.328903 2.818196 13.37903 5.329009 2.896936 13.37903 5.328903 2.818196 13.37903 5.329009 2.896936 13.37903 5.356137 2.8969 13.43227 5.356031 2.81816 13.43227 5.356137 2.8969 13.43227 5.356031 2.81816 13.43227 5.356137 2.8969 13.43227 5.369703 2.896881 13.46762 5.369597 2.818141 13.46762 5.369703 2.896881 13.46762 5.369597 2.818141 13.46762 5.369703 2.896881 13.46762 5.369597 2.818141 13.46762 5.37755 2.896871 13.48806 5.377445 2.818131 13.48806 5.369703 2.896881 13.46762 5.369703 2.896881 13.46762 5.369597 2.818141 13.46762 5.37755 2.896871 13.48806 5.377445 2.818131 13.48806 5.37755 2.896871 13.48806 5.393016 2.89685 13.54578 5.39291 2.81811 13.54578 5.393016 2.89685 13.54578 5.39291 2.81811 13.54578 5.393016 2.89685 13.54578 5.394561 2.818152 13.5562 5.394666 2.896892 13.5562 5.394666 2.896892 13.5562 5.394561 2.818152 13.5562 5.394666 2.896892 13.5562 5.402589 1.833844 12.99525 5.403916 2.818095 12.99525 5.403916 2.818095 12.99525 5.402589 1.833844 12.99525 5.402589 1.833844 12.99525 5.391152 1.833859 12.97812 5.392479 2.818111 12.97812 5.392479 2.818111 12.97812 5.391152 1.833859 12.97812 5.391152 1.833859 12.97812 5.377577 1.833878 12.96264 5.378904 2.818129 12.96264 5.378904 2.818129 12.96264 5.377577 1.833878 12.96264 5.377577 1.833878 12.96264 5.363423 2.81815 12.94906 5.362097 1.833899 12.94906 5.363423 2.81815 12.94906 5.362097 1.833899 12.94906 5.362097 1.833899 12.94906 5.346303 2.818173 12.93761 5.344976 1.833922 12.93761 5.346303 2.818173 12.93761 5.344976 1.833922 12.93761 5.344976 1.833922 12.93761 5.327834 2.818198 12.92851 5.326508 1.833947 12.92851 5.327834 2.818198 12.92851 5.326508 1.833947 12.92851 5.326508 1.833947 12.92851 5.308335 2.818224 12.92188 5.307009 1.833973 12.92188 5.308335 2.818224 12.92188 5.307009 1.833973 12.92188 5.307009 1.833973 12.92188 5.288138 2.818251 12.91787 5.286812 1.834 12.91787 5.288138 2.818251 12.91787 5.286812 1.834 12.91787 5.286812 1.834 12.91787 5.26759 2.818279 12.91643 5.266263 1.834028 12.91643 5.26759 2.818279 12.91643 5.266263 1.834028 12.91643 5.266263 1.834028 12.91643 4.401449 2.819446 12.91643 5.266263 1.834028 12.91643 4.400122 1.835195 12.91643 5.26759 2.818279 12.91643 5.26759 2.818279 12.91643 4.401449 2.819446 12.91643 5.266263 1.834028 12.91643 4.400122 1.835195 12.91643 4.400122 1.835195 12.91643 4.380909 2.819474 12.91787 4.400122 1.835195 12.91643 4.379582 1.835223 12.91787 4.401449 2.819446 12.91643 4.401449 2.819446 12.91643 4.380909 2.819474 12.91787 4.400122 1.835195 12.91643 4.379582 1.835223 12.91787 4.379582 1.835223 12.91787 4.36072 2.819501 12.92188 4.359394 1.83525 12.92188 4.36072 2.819501 12.92188 4.359394 1.83525 12.92188 4.359394 1.83525 12.92188 4.341228 2.819527 12.9285 4.339901 1.835276 12.9285 4.341228 2.819527 12.9285 4.339901 1.835276 12.9285 4.339901 1.835276 12.9285 4.322766 2.819552 12.9376 4.321439 1.835301 12.9376 4.322766 2.819552 12.9376 4.321439 1.835301 12.9376 4.321439 1.835301 12.9376 4.305649 2.819575 12.94903 4.304323 1.835324 12.94903 4.305649 2.819575 12.94903 4.304323 1.835324 12.94903 4.304323 1.835324 12.94903 4.290172 2.819596 12.9626 4.288845 1.835345 12.9626 4.290172 2.819596 12.9626 4.288845 1.835345 12.9626 4.288845 1.835345 12.9626 4.27527 1.835363 12.97807 4.276597 2.819615 12.97807 4.276597 2.819615 12.97807 4.27527 1.835363 12.97807 4.27527 1.835363 12.97807 4.263831 1.835379 12.99519 4.265157 2.81963 12.99519 4.265157 2.81963 12.99519 4.263831 1.835379 12.99519 4.263831 1.835379 12.99519 4.254722 1.835391 13.01365 4.256049 2.819642 13.01365 4.256049 2.819642 13.01365 4.254722 1.835391 13.01365 4.254722 1.835391 13.01365 4.248101 1.8354 13.03314 4.249427 2.819651 13.03314 4.249427 2.819651 13.03314 4.248101 1.8354 13.03314 4.248101 1.8354 13.03314 4.244079 1.835405 13.05332 4.245406 2.819657 13.05332 4.245406 2.819657 13.05332 4.244079 1.835405 13.05332 4.244079 1.835405 13.05332 4.242642 1.835407 13.07392 4.243969 2.819658 13.07392 4.243969 2.819658 13.07392 4.242642 1.835407 13.07392 4.244202 2.465327 14.27557 4.242748 2.386588 14.25502 4.244095 2.386587 14.27557 4.242854 2.465329 14.25502 4.242854 2.465329 14.25502 4.244202 2.465327 14.27557 4.242748 2.386588 14.25502 4.244095 2.386587 14.27557 4.244095 2.386587 14.27557 4.244202 2.465327 14.27557 4.400335 2.465116 14.25502 4.243863 2.740918 14.25502 4.242854 2.465329 14.25502 4.401343 2.740706 14.25502 4.401343 2.740706 14.25502 4.400335 2.465116 14.25502 4.243863 2.740918 14.25502 4.242854 2.465329 14.25502 4.400335 2.465116 14.25502 4.401343 2.740706 14.25502 4.244467 2.819657 14.27557 4.243863 2.740918 14.25502 4.244361 2.740917 14.27557 4.243969 2.819658 14.25502 4.243969 2.819658 14.25502 4.244467 2.819657 14.27557 4.243863 2.740918 14.25502 4.244361 2.740917 14.27557 4.244467 2.819657 14.27557 4.244361 2.740917 14.27557 4.243969 2.819658 14.25502 4.274478 2.819688 13.77273 4.243969 2.819799 13.77273 4.276128 2.819615 13.78316 4.291594 2.819594 13.84087 4.299441 2.819584 13.86132 4.313008 2.819565 13.89666 4.340135 2.819529 13.9499 4.372679 2.819485 14.00001 4.410283 2.819434 14.04645 4.452536 2.819377 14.0887 4.498973 2.819315 14.12631 4.549087 2.819247 14.15885 4.602327 2.819175 14.18598 4.658112 2.8191 14.20739 4.71583 2.819023 14.22286 4.774848 2.818943 14.23221 4.834519 2.818863 14.23533 5.39291 2.81811 13.78316 5.42507 2.818172 13.77273 5.394561 2.818174 13.77273 5.42507 2.818067 14.25502 5.377445 2.818131 13.84087 5.369597 2.818141 13.86132 5.356031 2.81816 13.89666 5.328903 2.818196 13.9499 5.296359 2.81824 14.00001 5.258755 2.818291 14.04645 5.216503 2.818348 14.0887 5.170066 2.81841 14.12631 5.119952 2.818478 14.15885 5.066711 2.81855 14.18598 5.010926 2.818625 14.20739 4.953209 2.818703 14.22286 4.894191 2.818782 14.23221 5.424009 2.818279 14.25502 4.244467 2.819657 14.27557 5.422661 2.818281 14.27557 4.248486 2.819651 14.29578 5.418643 2.818286 14.29578 4.255107 2.819642 14.31528 5.412021 2.818295 14.31528 4.264218 2.81963 14.33376 5.40291 2.818307 14.33376 4.275662 2.819615 14.35089 5.391466 2.818323 14.35089 4.289245 2.819596 14.36637 5.377884 2.818341 14.36637 4.304732 2.819575 14.37995 5.362396 2.818362 14.37995 4.32186 2.819552 14.3914 5.345269 2.818385 14.3914 4.340335 2.819527 14.40051 5.326794 2.81841 14.40051 4.359841 2.819501 14.40713 5.307287 2.818436 14.40713 4.380045 2.819474 14.41115 5.287084 2.818463 14.41115 4.401449 2.819446 14.4125 5.26759 2.818279 14.4125 5.266529 2.818491 14.4125 5.266529 2.818491 14.4125 4.401449 2.819446 14.4125 5.26759 2.818279 14.4125 5.287084 2.818463 14.41115 4.380045 2.819474 14.41115 5.307287 2.818436 14.40713 4.359841 2.819501 14.40713 5.326794 2.81841 14.40051 4.340335 2.819527 14.40051 5.345269 2.818385 14.3914 4.32186 2.819552 14.3914 5.362396 2.818362 14.37995 4.304732 2.819575 14.37995 5.377884 2.818341 14.36637 4.289245 2.819596 14.36637 5.391466 2.818323 14.35089 4.275662 2.819615 14.35089 5.40291 2.818307 14.33376 4.264218 2.81963 14.33376 5.412021 2.818295 14.31528 4.255107 2.819642 14.31528 5.418643 2.818286 14.29578 4.248486 2.819651 14.29578 5.422661 2.818281 14.27557 4.244467 2.819657 14.27557 5.424009 2.818279 14.25502 4.243969 2.819658 14.25502 5.42507 2.818067 14.25502 4.834519 2.818863 14.23533 4.894191 2.818782 14.23221 4.953209 2.818703 14.22286 5.010926 2.818625 14.20739 5.066711 2.81855 14.18598 5.119952 2.818478 14.15885 5.170066 2.81841 14.12631 5.216503 2.818348 14.0887 5.258755 2.818291 14.04645 5.296359 2.81824 14.00001 5.328903 2.818196 13.9499 5.356031 2.81816 13.89666 5.369597 2.818141 13.86132 5.377445 2.818131 13.84087 5.39291 2.81811 13.78316 5.42507 2.818172 13.77273 5.394561 2.818174 13.77273 4.774848 2.818943 14.23221 4.71583 2.819023 14.22286 4.658112 2.8191 14.20739 4.602327 2.819175 14.18598 4.549087 2.819247 14.15885 4.498973 2.819315 14.12631 4.452536 2.819377 14.0887 4.410283 2.819434 14.04645 4.372679 2.819485 14.00001 4.340135 2.819529 13.9499 4.313008 2.819565 13.89666 4.299441 2.819584 13.86132 4.291594 2.819594 13.84087 4.276128 2.819615 13.78316 4.274478 2.819688 13.77273 4.243969 2.819799 13.77273 4.380045 2.819474 14.41115 4.401449 2.819446 14.4125 5.266529 2.818491 14.4125 5.26759 2.818279 14.4125 5.287084 2.818463 14.41115 5.307287 2.818436 14.40713 5.326794 2.81841 14.40051 5.345269 2.818385 14.3914 5.362396 2.818362 14.37995 5.377884 2.818341 14.36637 5.391466 2.818323 14.35089 5.40291 2.818307 14.33376 5.412021 2.818295 14.31528 5.418643 2.818286 14.29578 5.422661 2.818281 14.27557 5.424009 2.818279 14.25502 5.42507 2.818067 14.25502 5.42507 2.818172 13.77273 5.394561 2.818174 13.77273 5.39291 2.81811 13.78316 5.377445 2.818131 13.84087 5.369597 2.818141 13.86132 5.356031 2.81816 13.89666 5.328903 2.818196 13.9499 5.296359 2.81824 14.00001 5.258755 2.818291 14.04645 5.216503 2.818348 14.0887 5.170066 2.81841 14.12631 5.119952 2.818478 14.15885 5.066711 2.81855 14.18598 5.010926 2.818625 14.20739 4.953209 2.818703 14.22286 4.894191 2.818782 14.23221 4.834519 2.818863 14.23533 4.774848 2.818943 14.23221 4.71583 2.819023 14.22286 4.658112 2.8191 14.20739 4.602327 2.819175 14.18598 4.549087 2.819247 14.15885 4.498973 2.819315 14.12631 4.452536 2.819377 14.0887 4.410283 2.819434 14.04645 4.372679 2.819485 14.00001 4.340135 2.819529 13.9499 4.313008 2.819565 13.89666 4.299441 2.819584 13.86132 4.291594 2.819594 13.84087 4.276128 2.819615 13.78316 4.274478 2.819688 13.77273 4.248486 2.819651 14.29578 4.255107 2.819642 14.31528 4.264218 2.81963 14.33376 4.275662 2.819615 14.35089 4.289245 2.819596 14.36637 4.304732 2.819575 14.37995 4.32186 2.819552 14.3914 4.340335 2.819527 14.40051 4.359841 2.819501 14.40713 4.400122 1.835195 14.25502 4.242642 2.071628 14.25502 4.242642 1.835407 14.25502 4.400122 2.071416 14.25502 4.400122 2.071416 14.25502 4.400122 1.835195 14.25502 4.242642 2.071628 14.25502 4.242642 1.835407 14.25502 4.400122 2.071416 14.25502 4.400122 1.835195 14.25502 4.244095 2.150366 14.27557 4.242642 2.071628 14.25502 4.243989 2.071626 14.27557 4.242748 2.150368 14.25502 4.242748 2.150368 14.25502 4.244095 2.150366 14.27557 4.242642 2.071628 14.25502 4.243989 2.071626 14.27557 4.243989 2.071626 14.27557 4.244095 2.150366 14.27557 4.400228 2.150156 14.25502 4.242748 2.386588 14.25502 4.242748 2.150368 14.25502 4.400228 2.386376 14.25502 4.400228 2.386376 14.25502 4.400228 2.150156 14.25502 4.242748 2.386588 14.25502 4.242748 2.150368 14.25502 4.400228 2.386376 14.25502 4.400228 2.150156 14.25502 4.677874 2.897814 13.67903 4.638834 2.897867 13.68415 4.680255 2.897811 13.69534 4.519664 2.898027 13.68415 4.641597 2.897863 13.70307 4.684328 2.897805 13.71131 4.646689 2.897856 13.72303 4.690047 2.897797 13.72676 4.653841 2.897846 13.74236 4.697351 2.897788 13.74153 4.706158 2.897776 13.75546 4.662973 2.897834 13.76083 4.716373 2.897762 13.76839 4.673986 2.897819 13.77824 4.727883 2.897747 13.78018 4.686759 2.897802 13.79441 4.740563 2.897729 13.7907 4.754274 2.897711 13.79984 4.701152 2.897783 13.80916 4.768865 2.897691 13.8075 4.784176 2.897671 13.81359 4.717008 2.897761 13.82232 4.80004 2.897649 13.81805 4.816283 2.897627 13.82082 4.832727 2.897605 13.82188 4.988205 2.897396 13.69905 5.030344 2.897339 13.68415 4.990979 2.897392 13.68281 5.030134 2.897339 13.6874 5.026666 2.897344 13.70771 4.983749 2.897402 13.71492 5.021094 2.897351 13.72755 4.977658 2.89741 13.73023 5.013478 2.897362 13.74669 4.970001 2.89742 13.74482 4.96086 2.897432 13.75853 5.003903 2.897374 13.76494 4.950337 2.897447 13.77121 4.992473 2.89739 13.78208 4.938545 2.897463 13.78272 4.979314 2.897408 13.79794 4.925615 2.89748 13.79293 4.911689 2.897499 13.80174 4.96457 2.897427 13.81233 4.896917 2.897519 13.80904 4.881464 2.89754 13.81476 4.948402 2.897449 13.8251 4.865497 2.897561 13.81884 4.849192 2.897583 13.82122 4.734152 2.897738 13.83374 4.930988 2.897473 13.83612 4.752396 2.897713 13.84332 4.912517 2.897498 13.84525 4.771542 2.897688 13.85094 4.893193 2.897524 13.8524 4.791379 2.897661 13.85651 4.873228 2.897551 13.85749 4.81169 2.897634 13.85998 4.85284 2.897578 13.86047 4.832252 2.897606 13.8613 5.066817 2.89729 13.14295 4.888124 2.897531 13.15546 5.120058 2.897218 13.17008 4.834625 2.897603 13.15266 4.941036 2.897459 13.16384 4.992783 2.897389 13.17771 5.170171 2.89715 13.20263 5.042797 2.897322 13.1969 5.09053 2.897258 13.22122 5.216608 2.897088 13.24023 5.13546 2.897197 13.2504 5.258861 2.897031 13.28248 5.177093 2.897141 13.28412 5.296465 2.89698 13.32892 5.214974 2.89709 13.322 5.248688 2.897045 13.36363 5.329009 2.896936 13.37903 5.277866 2.897005 13.40856 5.356137 2.8969 13.43227 5.302187 2.896972 13.45629 5.369703 2.896881 13.46762 5.306533 2.896967 13.46762 4.274583 2.898448 13.5562 4.441191 2.898146 13.5562 4.276234 2.898355 13.54578 4.410682 2.898187 13.5562 4.322548 2.898473 13.5562 4.276234 2.898355 13.78316 4.322548 2.898434 13.77273 4.274583 2.898428 13.77273 4.441191 2.898168 13.77273 4.313113 2.898306 13.89666 4.362717 2.898239 13.86132 4.299547 2.898324 13.86132 4.367063 2.898233 13.87264 4.391384 2.8982 13.92037 4.340241 2.898269 13.9499 4.420561 2.898161 13.9653 4.372785 2.898225 14.00001 4.454275 2.898115 14.00693 4.410389 2.898174 14.04645 4.492157 2.898064 14.04482 4.53379 2.898008 14.07853 4.452641 2.898117 14.0887 4.57872 2.897948 14.10771 4.499078 2.898055 14.12631 4.626453 2.897883 14.13203 4.549192 2.897987 14.15885 4.676467 2.897816 14.15123 4.728213 2.897746 14.16509 4.602433 2.897916 14.18598 4.781126 2.897675 14.17347 4.834625 2.897603 14.17628 5.149585 2.897178 13.64478 5.149585 2.897178 13.46762 5.228059 2.897284 13.5562 5.37755 2.896871 13.48806 5.393016 2.89685 13.54578 5.394666 2.896892 13.5562 5.228059 2.897284 13.77273 5.149585 2.897178 13.68415 4.991376 2.897391 13.6499 4.99204 2.89739 13.66636 4.991056 2.897392 13.68162 5.149585 2.897178 13.86132 5.306533 2.897178 13.77273 5.393016 2.89685 13.78316 5.37755 2.896871 13.84087 5.369703 2.896881 13.86132 5.306533 2.896967 13.86132 5.302187 2.896972 13.87264 5.356137 2.8969 13.89666 5.277866 2.897005 13.92037 5.329009 2.896936 13.9499 5.248688 2.897045 13.9653 5.296465 2.89698 14.00001 5.214974 2.89709 14.00693 5.258861 2.897031 14.04645 5.177093 2.897141 14.04482 5.13546 2.897197 14.07853 5.216608 2.897088 14.0887 5.09053 2.897258 14.10771 5.170171 2.89715 14.12631 5.042797 2.897322 14.13203 5.120058 2.897218 14.15885 4.992783 2.897389 14.15123 4.941036 2.897459 14.16509 5.066817 2.89729 14.18598 4.888124 2.897531 14.17347 4.658218 2.89784 14.20739 5.011032 2.897365 14.20739 4.715935 2.897763 14.22286 4.953314 2.897443 14.22286 4.774953 2.897683 14.23221 4.894297 2.897522 14.23221 4.834625 2.897603 14.23533 4.774953 2.897683 13.09673 4.894297 2.897522 13.09673 4.834625 2.897603 13.0936 4.715935 2.897763 13.10607 4.953314 2.897443 13.10607 4.658218 2.89784 13.12154 5.011032 2.897365 13.12154 4.602433 2.897916 13.14295 4.781126 2.897675 13.15546 4.549192 2.897987 13.17008 4.728213 2.897746 13.16384 4.676467 2.897816 13.17771 4.499078 2.898055 13.20263 4.626453 2.897883 13.1969 4.57872 2.897948 13.22122 4.452641 2.898117 13.24023 4.53379 2.898008 13.2504 4.410389 2.898174 13.28248 4.492157 2.898064 13.28412 4.372785 2.898225 13.32892 4.454275 2.898115 13.322 4.420561 2.898161 13.36363 4.340241 2.898269 13.37903 4.391384 2.8982 13.40856 4.313113 2.898306 13.43227 4.367063 2.898233 13.45629 4.299547 2.898324 13.46762 4.362717 2.898239 13.46762 4.291699 2.898334 13.48806 4.519664 2.898027 13.46762 4.519664 2.898027 13.64478 4.638906 2.897866 13.64478 4.678271 2.897813 13.64612 4.678194 2.897813 13.64732 4.67721 2.897815 13.66257 4.519664 2.898027 13.86132 4.291699 2.898334 13.84087 4.410681 2.89817 13.77273 5.394667 2.896914 13.77273 4.952242 2.897444 13.50662 4.852967 2.897578 13.50811 4.968097 2.897423 13.51978 4.836523 2.8976 13.50705 4.86921 2.897556 13.51089 4.885074 2.897535 13.51534 4.900385 2.897514 13.52143 4.98249 2.897403 13.53452 4.914976 2.897494 13.52909 4.928686 2.897476 13.53823 4.995263 2.897386 13.55069 4.941366 2.897459 13.54875 4.952877 2.897443 13.56055 5.006276 2.897371 13.5681 4.963092 2.897429 13.57348 5.015409 2.897359 13.58657 4.971899 2.897418 13.5874 5.02256 2.897349 13.6059 4.979202 2.897408 13.60217 4.984922 2.8974 13.61763 5.027653 2.897342 13.62586 4.988994 2.897395 13.63359 5.030416 2.897339 13.64478 4.81641 2.897627 13.46846 4.85756 2.897572 13.46896 4.836998 2.897599 13.46763 4.796022 2.897655 13.47144 4.877871 2.897544 13.47242 4.776056 2.897682 13.47653 4.897707 2.897518 13.478 4.756732 2.897708 13.48368 4.916853 2.897492 13.48561 4.738262 2.897733 13.49281 4.935098 2.897467 13.49519 4.720848 2.897756 13.50383 4.820058 2.897622 13.50772 4.70468 2.897778 13.5166 4.803753 2.897644 13.5101 4.787786 2.897666 13.51417 4.772332 2.897687 13.51989 4.689935 2.897798 13.53099 4.757561 2.897707 13.52719 4.743634 2.897725 13.536 4.676776 2.897815 13.54685 4.730704 2.897743 13.54621 4.718913 2.897759 13.55772 4.665347 2.897831 13.56399 4.708389 2.897773 13.5704 4.655772 2.897844 13.58224 4.699249 2.897785 13.58412 4.648156 2.897854 13.60138 4.691591 2.897795 13.59871 4.685501 2.897804 13.61402 4.642584 2.897861 13.62122 4.681045 2.89781 13.62988 4.639115 2.897866 13.64153 5.306533 2.897178 13.5562 5.228059 2.897284 13.5562 5.394666 2.896892 13.5562 5.306533 2.897178 13.5562 4.638906 2.897866 13.64478 4.639115 2.897866 13.64153 4.678271 2.897813 13.64612 4.681045 2.89781 13.62988 4.642584 2.897861 13.62122 4.685501 2.897804 13.61402 4.648156 2.897854 13.60138 4.691591 2.897795 13.59871 4.699249 2.897785 13.58412 4.655772 2.897844 13.58224 4.708389 2.897773 13.5704 4.665347 2.897831 13.56399 4.718913 2.897759 13.55772 4.676776 2.897815 13.54685 4.730704 2.897743 13.54621 4.743634 2.897725 13.536 4.689935 2.897798 13.53099 4.757561 2.897707 13.52719 4.772332 2.897687 13.51989 4.70468 2.897778 13.5166 4.787786 2.897666 13.51417 4.803753 2.897644 13.5101 4.820058 2.897622 13.50772 4.720848 2.897756 13.50383 4.836523 2.8976 13.50705 4.952242 2.897444 13.50662 4.935098 2.897467 13.49519 4.738262 2.897733 13.49281 4.916853 2.897492 13.48561 4.756732 2.897708 13.48368 4.897707 2.897518 13.478 4.776056 2.897682 13.47653 4.877871 2.897544 13.47242 4.796022 2.897655 13.47144 4.85756 2.897572 13.46896 4.81641 2.897627 13.46846 4.836998 2.897599 13.46763 5.149585 2.897178 13.64478 4.991376 2.897391 13.6499 5.030416 2.897339 13.64478 4.988994 2.897395 13.63359 5.027653 2.897342 13.62586 4.984922 2.8974 13.61763 5.02256 2.897349 13.6059 4.979202 2.897408 13.60217 4.971899 2.897418 13.5874 5.015409 2.897359 13.58657 4.963092 2.897429 13.57348 5.006276 2.897371 13.5681 4.952877 2.897443 13.56055 4.995263 2.897386 13.55069 4.941366 2.897459 13.54875 4.928686 2.897476 13.53823 4.98249 2.897403 13.53452 4.914976 2.897494 13.52909 4.900385 2.897514 13.52143 4.968097 2.897423 13.51978 4.885074 2.897535 13.51534 4.86921 2.897556 13.51089 4.852967 2.897578 13.50811 5.306533 2.897178 13.77273 5.394667 2.896914 13.77273 5.393016 2.89685 13.78316 4.322548 2.898434 13.77273 4.410681 2.89817 13.77273 4.441191 2.898168 13.77273 4.362717 2.898239 13.86132 4.299547 2.898324 13.86132 4.519664 2.898027 13.86132 4.291699 2.898334 13.84087 4.276234 2.898355 13.78316 4.519664 2.898027 13.68415 4.677874 2.897814 13.67903 4.67721 2.897815 13.66257 4.678194 2.897813 13.64732 4.519664 2.898027 13.64478 4.441191 2.898146 13.5562 4.276234 2.898355 13.54578 4.291699 2.898334 13.48806 4.519664 2.898027 13.46762 4.362717 2.898239 13.46762 4.299547 2.898324 13.46762 4.367063 2.898233 13.45629 4.313113 2.898306 13.43227 4.391384 2.8982 13.40856 4.340241 2.898269 13.37903 4.420561 2.898161 13.36363 4.372785 2.898225 13.32892 4.454275 2.898115 13.322 4.492157 2.898064 13.28412 4.410389 2.898174 13.28248 4.53379 2.898008 13.2504 4.452641 2.898117 13.24023 4.57872 2.897948 13.22122 4.499078 2.898055 13.20263 4.626453 2.897883 13.1969 4.676467 2.897816 13.17771 4.549192 2.897987 13.17008 4.728213 2.897746 13.16384 4.781126 2.897675 13.15546 4.602433 2.897916 13.14295 4.834625 2.897603 13.15266 5.066817 2.89729 13.14295 5.011032 2.897365 13.12154 4.658218 2.89784 13.12154 4.953314 2.897443 13.10607 4.715935 2.897763 13.10607 4.894297 2.897522 13.09673 4.774953 2.897683 13.09673 4.834625 2.897603 13.0936 4.834625 2.897603 14.23533 4.774953 2.897683 14.23221 4.894297 2.897522 14.23221 4.953314 2.897443 14.22286 4.715935 2.897763 14.22286 5.011032 2.897365 14.20739 4.658218 2.89784 14.20739 5.066817 2.89729 14.18598 4.602433 2.897916 14.18598 4.834625 2.897603 14.17628 4.888124 2.897531 14.17347 4.941036 2.897459 14.16509 5.120058 2.897218 14.15885 4.992783 2.897389 14.15123 5.042797 2.897322 14.13203 5.170171 2.89715 14.12631 5.09053 2.897258 14.10771 5.216608 2.897088 14.0887 5.13546 2.897197 14.07853 5.258861 2.897031 14.04645 5.177093 2.897141 14.04482 5.214974 2.89709 14.00693 5.296465 2.89698 14.00001 5.248688 2.897045 13.9653 5.329009 2.896936 13.9499 5.277866 2.897005 13.92037 5.356137 2.8969 13.89666 5.302187 2.896972 13.87264 5.369703 2.896881 13.86132 5.306533 2.896967 13.86132 5.149585 2.897178 13.86132 5.37755 2.896871 13.84087 5.228059 2.897284 13.77273 5.149585 2.897178 13.68415 5.030344 2.897339 13.68415 4.990979 2.897392 13.68281 4.991056 2.897392 13.68162 4.99204 2.89739 13.66636 5.393016 2.89685 13.54578 5.37755 2.896871 13.48806 5.369703 2.896881 13.46762 5.306533 2.896967 13.46762 5.149585 2.897178 13.46762 4.781126 2.897675 14.17347 4.728213 2.897746 14.16509 4.549192 2.897987 14.15885 4.676467 2.897816 14.15123 4.626453 2.897883 14.13203 4.499078 2.898055 14.12631 4.57872 2.897948 14.10771 4.452641 2.898117 14.0887 4.53379 2.898008 14.07853 4.410389 2.898174 14.04645 4.492157 2.898064 14.04482 4.454275 2.898115 14.00693 4.372785 2.898225 14.00001 4.420561 2.898161 13.9653 4.340241 2.898269 13.9499 4.391384 2.8982 13.92037 4.313113 2.898306 13.89666 4.367063 2.898233 13.87264 4.274583 2.898428 13.77273 4.322548 2.898473 13.5562 4.274583 2.898448 13.5562 4.410682 2.898187 13.5562 5.302187 2.896972 13.45629 5.356137 2.8969 13.43227 5.277866 2.897005 13.40856 5.329009 2.896936 13.37903 5.248688 2.897045 13.36363 5.296465 2.89698 13.32892 5.214974 2.89709 13.322 5.177093 2.897141 13.28412 5.258861 2.897031 13.28248 5.13546 2.897197 13.2504 5.216608 2.897088 13.24023 5.09053 2.897258 13.22122 5.170171 2.89715 13.20263 5.042797 2.897322 13.1969 4.992783 2.897389 13.17771 5.120058 2.897218 13.17008 4.941036 2.897459 13.16384 4.888124 2.897531 13.15546 4.832252 2.897606 13.8613 4.81169 2.897634 13.85998 4.85284 2.897578 13.86047 4.873228 2.897551 13.85749 4.791379 2.897661 13.85651 4.893193 2.897524 13.8524 4.771542 2.897688 13.85094 4.912517 2.897498 13.84525 4.752396 2.897713 13.84332 4.930988 2.897473 13.83612 4.734152 2.897738 13.83374 4.948402 2.897449 13.8251 4.717008 2.897761 13.82232 4.832727 2.897605 13.82188 4.849192 2.897583 13.82122 4.865497 2.897561 13.81884 4.881464 2.89754 13.81476 4.96457 2.897427 13.81233 4.896917 2.897519 13.80904 4.911689 2.897499 13.80174 4.979314 2.897408 13.79794 4.925615 2.89748 13.79293 4.938545 2.897463 13.78272 4.992473 2.89739 13.78208 4.950337 2.897447 13.77121 5.003903 2.897374 13.76494 4.96086 2.897432 13.75853 5.013478 2.897362 13.74669 4.970001 2.89742 13.74482 4.977658 2.89741 13.73023 5.021094 2.897351 13.72755 4.983749 2.897402 13.71492 5.026666 2.897344 13.70771 4.988205 2.897396 13.69905 5.030134 2.897339 13.6874 4.816283 2.897627 13.82082 4.80004 2.897649 13.81805 4.784176 2.897671 13.81359 4.701152 2.897783 13.80916 4.768865 2.897691 13.8075 4.754274 2.897711 13.79984 4.686759 2.897802 13.79441 4.740563 2.897729 13.7907 4.727883 2.897747 13.78018 4.673986 2.897819 13.77824 4.716373 2.897762 13.76839 4.662973 2.897834 13.76083 4.706158 2.897776 13.75546 4.653841 2.897846 13.74236 4.697351 2.897788 13.74153 4.690047 2.897797 13.72676 4.646689 2.897856 13.72303 4.684328 2.897805 13.71131 4.641597 2.897863 13.70307 4.680255 2.897811 13.69534 4.638834 2.897867 13.68415 4.441191 2.898168 13.77273 4.441191 2.898146 13.5562 4.410681 2.89817 13.77273 4.322548 2.898434 13.77273 4.274583 2.898428 13.77273 4.276234 2.898355 13.78316 4.291699 2.898334 13.84087 4.299547 2.898324 13.86132 4.313113 2.898306 13.89666 4.340241 2.898269 13.9499 4.372785 2.898225 14.00001 4.410389 2.898174 14.04645 4.452641 2.898117 14.0887 4.499078 2.898055 14.12631 4.549192 2.897987 14.15885 4.602433 2.897916 14.18598 4.658218 2.89784 14.20739 4.715935 2.897763 14.22286 4.774953 2.897683 14.23221 4.834625 2.897603 14.23533 4.894297 2.897522 14.23221 4.953314 2.897443 14.22286 5.011032 2.897365 14.20739 5.066817 2.89729 14.18598 5.120058 2.897218 14.15885 5.170171 2.89715 14.12631 5.216608 2.897088 14.0887 5.258861 2.897031 14.04645 5.296465 2.89698 14.00001 5.329009 2.896936 13.9499 5.356137 2.8969 13.89666 5.369703 2.896881 13.86132 5.37755 2.896871 13.84087 5.393016 2.89685 13.78316 5.394667 2.896914 13.77273 5.306533 2.897178 13.77273 5.228059 2.897284 13.77273 5.228059 2.897284 13.5562 5.306533 2.897178 13.5562 4.322548 2.898473 13.5562 4.410682 2.898187 13.5562 4.881464 2.89754 13.81476 4.896917 2.897519 13.80904 4.865497 2.897561 13.81884 4.849192 2.897583 13.82122 4.832727 2.897605 13.82188 4.816283 2.897627 13.82082 4.80004 2.897649 13.81805 4.784176 2.897671 13.81359 4.768865 2.897691 13.8075 4.754274 2.897711 13.79984 4.740563 2.897729 13.7907 4.727883 2.897747 13.78018 4.716373 2.897762 13.76839 4.706158 2.897776 13.75546 4.697351 2.897788 13.74153 4.690047 2.897797 13.72676 4.684328 2.897805 13.71131 4.680255 2.897811 13.69534 4.677874 2.897814 13.67903 4.67721 2.897815 13.66257 4.678194 2.897813 13.64732 4.678271 2.897813 13.64612 4.681045 2.89781 13.62988 4.685501 2.897804 13.61402 4.691591 2.897795 13.59871 4.699249 2.897785 13.58412 4.708389 2.897773 13.5704 4.718913 2.897759 13.55772 4.730704 2.897743 13.54621 4.743634 2.897725 13.536 4.757561 2.897707 13.52719 4.772332 2.897687 13.51989 4.787786 2.897666 13.51417 4.803753 2.897644 13.5101 4.820058 2.897622 13.50772 4.836523 2.8976 13.50705 4.852967 2.897578 13.50811 4.86921 2.897556 13.51089 4.885074 2.897535 13.51534 4.900385 2.897514 13.52143 4.914976 2.897494 13.52909 4.928686 2.897476 13.53823 4.941366 2.897459 13.54875 4.952877 2.897443 13.56055 4.963092 2.897429 13.57348 4.971899 2.897418 13.5874 4.979202 2.897408 13.60217 4.984922 2.8974 13.61763 4.988994 2.897395 13.63359 4.991376 2.897391 13.6499 4.99204 2.89739 13.66636 4.991056 2.897392 13.68162 4.990979 2.897392 13.68281 4.988205 2.897396 13.69905 4.983749 2.897402 13.71492 4.977658 2.89741 13.73023 4.970001 2.89742 13.74482 4.96086 2.897432 13.75853 4.950337 2.897447 13.77121 4.938545 2.897463 13.78272 4.925615 2.89748 13.79293 4.911689 2.897499 13.80174 4.519664 2.898027 13.46762 4.519664 2.898027 13.64478 4.362717 2.898239 13.46762 4.367063 2.898233 13.45629 4.391384 2.8982 13.40856 4.420561 2.898161 13.36363 4.454275 2.898115 13.322 4.492157 2.898064 13.28412 4.53379 2.898008 13.2504 4.57872 2.897948 13.22122 4.626453 2.897883 13.1969 4.676467 2.897816 13.17771 4.728213 2.897746 13.16384 4.781126 2.897675 13.15546 4.834625 2.897603 13.15266 4.888124 2.897531 13.15546 4.941036 2.897459 13.16384 4.992783 2.897389 13.17771 5.042797 2.897322 13.1969 5.09053 2.897258 13.22122 5.13546 2.897197 13.2504 5.177093 2.897141 13.28412 5.214974 2.89709 13.322 5.248688 2.897045 13.36363 5.277866 2.897005 13.40856 5.302187 2.896972 13.45629 5.306533 2.896967 13.46762 5.149585 2.897178 13.46762 5.149585 2.897178 13.64478 5.030416 2.897339 13.64478 5.027653 2.897342 13.62586 5.02256 2.897349 13.6059 5.015409 2.897359 13.58657 5.006276 2.897371 13.5681 4.995263 2.897386 13.55069 4.98249 2.897403 13.53452 4.968097 2.897423 13.51978 4.952242 2.897444 13.50662 4.935098 2.897467 13.49519 4.916853 2.897492 13.48561 4.897707 2.897518 13.478 4.877871 2.897544 13.47242 4.85756 2.897572 13.46896 4.836998 2.897599 13.46763 4.81641 2.897627 13.46846 4.796022 2.897655 13.47144 4.776056 2.897682 13.47653 4.756732 2.897708 13.48368 4.738262 2.897733 13.49281 4.720848 2.897756 13.50383 4.70468 2.897778 13.5166 4.689935 2.897798 13.53099 4.676776 2.897815 13.54685 4.665347 2.897831 13.56399 4.655772 2.897844 13.58224 4.648156 2.897854 13.60138 4.642584 2.897861 13.62122 4.639115 2.897866 13.64153 4.638906 2.897866 13.64478 4.367063 2.898233 13.87264 4.362717 2.898239 13.86132 4.519664 2.898027 13.86132 4.519664 2.898027 13.68415 4.638834 2.897867 13.68415 4.641597 2.897863 13.70307 4.646689 2.897856 13.72303 4.653841 2.897846 13.74236 4.662973 2.897834 13.76083 4.673986 2.897819 13.77824 4.686759 2.897802 13.79441 4.701152 2.897783 13.80916 4.717008 2.897761 13.82232 4.734152 2.897738 13.83374 4.752396 2.897713 13.84332 4.771542 2.897688 13.85094 4.791379 2.897661 13.85651 4.81169 2.897634 13.85998 4.832252 2.897606 13.8613 4.85284 2.897578 13.86047 4.873228 2.897551 13.85749 4.893193 2.897524 13.8524 4.912517 2.897498 13.84525 4.930988 2.897473 13.83612 4.948402 2.897449 13.8251 4.96457 2.897427 13.81233 4.979314 2.897408 13.79794 4.992473 2.89739 13.78208 5.003903 2.897374 13.76494 5.013478 2.897362 13.74669 5.021094 2.897351 13.72755 5.026666 2.897344 13.70771 5.030134 2.897339 13.6874 5.030344 2.897339 13.68415 5.149585 2.897178 13.68415 5.149585 2.897178 13.86132 5.306533 2.896967 13.86132 5.302187 2.896972 13.87264 5.277866 2.897005 13.92037 5.248688 2.897045 13.9653 5.214974 2.89709 14.00693 5.177093 2.897141 14.04482 5.13546 2.897197 14.07853 5.09053 2.897258 14.10771 5.042797 2.897322 14.13203 4.992783 2.897389 14.15123 4.941036 2.897459 14.16509 4.888124 2.897531 14.17347 4.834625 2.897603 14.17628 4.781126 2.897675 14.17347 4.728213 2.897746 14.16509 4.676467 2.897816 14.15123 4.626453 2.897883 14.13203 4.57872 2.897948 14.10771 4.53379 2.898008 14.07853 4.492157 2.898064 14.04482 4.454275 2.898115 14.00693 4.420561 2.898161 13.9653 4.391384 2.8982 13.92037 4.400228 2.386376 14.25502 4.244095 2.386587 14.27557 4.242748 2.386588 14.25502 4.400228 2.386376 14.4125 4.248114 2.386581 14.29578 4.254736 2.386572 14.31528 4.263847 2.38656 14.33376 4.275291 2.386545 14.35089 4.288873 2.386526 14.36637 4.304361 2.386505 14.37995 4.321488 2.386482 14.3914 4.339963 2.386457 14.40051 4.35947 2.386431 14.40713 4.379673 2.386404 14.41115 4.379673 2.386404 14.41115 4.400228 2.386376 14.4125 4.35947 2.386431 14.40713 4.339963 2.386457 14.40051 4.321488 2.386482 14.3914 4.304361 2.386505 14.37995 4.288873 2.386526 14.36637 4.275291 2.386545 14.35089 4.263847 2.38656 14.33376 4.254736 2.386572 14.31528 4.248114 2.386581 14.29578 4.244095 2.386587 14.27557 4.400228 2.386376 14.25502 4.242748 2.386588 14.25502 4.379673 2.386404 14.41115 4.400228 2.386376 14.4125 4.35947 2.386431 14.40713 4.339963 2.386457 14.40051 4.321488 2.386482 14.3914 4.304361 2.386505 14.37995 4.288873 2.386526 14.36637 4.275291 2.386545 14.35089 4.263847 2.38656 14.33376 4.254736 2.386572 14.31528 4.248114 2.386581 14.29578 4.24822 2.465321 14.29578 4.248114 2.386581 14.29578 4.24822 2.465321 14.29578 4.248114 2.386581 14.29578 4.24822 2.465321 14.29578 4.244202 2.465327 14.27557 4.400335 2.465116 14.25502 4.242854 2.465329 14.25502 4.400335 2.465116 14.4125 4.24822 2.465321 14.29578 4.254842 2.465312 14.31528 4.263953 2.4653 14.33376 4.275397 2.465285 14.35089 4.288979 2.465266 14.36637 4.304467 2.465245 14.37995 4.321594 2.465222 14.3914 4.340069 2.465198 14.40051 4.359576 2.465171 14.40713 4.379779 2.465144 14.41115 4.379779 2.465144 14.41115 4.359576 2.465171 14.40713 4.400335 2.465116 14.4125 4.340069 2.465198 14.40051 4.321594 2.465222 14.3914 4.304467 2.465245 14.37995 4.288979 2.465266 14.36637 4.275397 2.465285 14.35089 4.263953 2.4653 14.33376 4.254842 2.465312 14.31528 4.24822 2.465321 14.29578 4.244202 2.465327 14.27557 4.400335 2.465116 14.25502 4.242854 2.465329 14.25502 4.379779 2.465144 14.41115 4.400335 2.465116 14.4125 4.254842 2.465312 14.31528 4.263953 2.4653 14.33376 4.275397 2.465285 14.35089 4.288979 2.465266 14.36637 4.304467 2.465245 14.37995 4.321594 2.465222 14.3914 4.340069 2.465198 14.40051 4.359576 2.465171 14.40713 4.401343 2.740706 14.4125 4.400335 2.465116 14.25502 4.400335 2.465116 14.4125 4.401343 2.740706 14.25502 4.401343 2.740706 14.25502 4.401343 2.740706 14.4125 4.400335 2.465116 14.25502 4.400335 2.465116 14.4125 4.401343 2.740706 14.4125 4.401343 2.740706 14.4125 4.243863 2.740918 14.25502 4.401343 2.740706 14.25502 4.244361 2.740917 14.27557 4.24838 2.740911 14.29578 4.255002 2.740902 14.31528 4.264112 2.74089 14.33376 4.275557 2.740875 14.35088 4.289139 2.740856 14.36637 4.304626 2.740835 14.37995 4.321754 2.740812 14.3914 4.340229 2.740787 14.40051 4.359735 2.740761 14.40713 4.379939 2.740734 14.41115 4.379939 2.740734 14.41115 4.401343 2.740706 14.4125 4.359735 2.740761 14.40713 4.340229 2.740787 14.40051 4.321754 2.740812 14.3914 4.304626 2.740835 14.37995 4.289139 2.740856 14.36637 4.275557 2.740875 14.35088 4.264112 2.74089 14.33376 4.255002 2.740902 14.31528 4.24838 2.740911 14.29578 4.244361 2.740917 14.27557 4.243863 2.740918 14.25502 4.401343 2.740706 14.25502 4.379939 2.740734 14.41115 4.359735 2.740761 14.40713 4.340229 2.740787 14.40051 4.321754 2.740812 14.3914 4.304626 2.740835 14.37995 4.289139 2.740856 14.36637 4.275557 2.740875 14.35088 4.264112 2.74089 14.33376 4.255002 2.740902 14.31528 4.24838 2.740911 14.29578 4.248486 2.819651 14.29578 4.24838 2.740911 14.29578 4.248486 2.819651 14.29578 4.24838 2.740911 14.29578 4.401343 2.740706 14.4125 4.380045 2.819474 14.41115 4.379939 2.740734 14.41115 4.401449 2.819446 14.4125 4.401449 2.819446 14.4125 4.401343 2.740706 14.4125 4.380045 2.819474 14.41115 4.379939 2.740734 14.41115 5.266529 2.030878 14.4125 5.266263 2.070461 14.4125 5.266263 1.834028 14.4125 5.266702 2.14893 14.4125 5.266477 2.739751 14.41252 5.266745 2.385421 14.41251 5.266813 2.464161 14.41252 4.400122 2.071416 14.4125 4.400122 1.835195 14.4125 4.400228 2.150156 14.4125 4.400335 2.465116 14.4125 4.401343 2.740706 14.4125 4.401449 2.819446 14.4125 5.266529 2.818491 14.4125 4.400228 2.386376 14.4125 4.400228 2.150156 14.4125 4.400228 2.386376 14.4125 4.400335 2.465116 14.4125 5.266529 2.818491 14.4125 5.266477 2.739751 14.41252 4.401449 2.819446 14.4125 5.266263 2.070461 14.4125 5.266263 1.834028 14.4125 4.401343 2.740706 14.4125 4.400122 2.071416 14.4125 4.400122 1.835195 14.4125 5.266813 2.464161 14.41252 5.266745 2.385421 14.41251 5.266702 2.14893 14.4125 5.266529 2.030878 14.4125 4.400122 1.835195 14.4125 5.266263 1.834028 14.4125 5.266529 2.030878 14.4125 5.266263 2.070461 14.4125 5.266702 2.14893 14.4125 5.266745 2.385421 14.41251 5.266813 2.464161 14.41252 5.266477 2.739751 14.41252 4.400228 2.150156 14.4125 4.400122 2.071416 14.4125 5.287032 2.739723 14.41118 5.26759 2.818279 14.4125 5.267538 2.739539 14.41252 5.287084 2.818463 14.41115 5.287084 2.818463 14.41115 5.287032 2.739723 14.41118 5.26759 2.818279 14.4125 5.267538 2.739539 14.41252 5.267538 2.739539 14.41252 5.287032 2.739723 14.41118 5.307236 2.739696 14.40716 5.307287 2.818436 14.40713 5.307287 2.818436 14.40713 5.307236 2.739696 14.40716 5.307236 2.739696 14.40716 5.326742 2.73967 14.40054 5.326794 2.81841 14.40051 5.326794 2.81841 14.40051 5.326742 2.73967 14.40054 5.326742 2.73967 14.40054 5.345217 2.739645 14.39143 5.345269 2.818385 14.3914 5.345269 2.818385 14.3914 5.345217 2.739645 14.39143 5.345217 2.739645 14.39143 5.362345 2.739622 14.37998 5.362396 2.818362 14.37995 5.362396 2.818362 14.37995 5.362345 2.739622 14.37998 5.362345 2.739622 14.37998 5.377832 2.739601 14.3664 5.377884 2.818341 14.36637 5.377884 2.818341 14.36637 5.377832 2.739601 14.3664 5.377832 2.739601 14.3664 5.391466 2.818323 14.35089 5.391414 2.739583 14.35091 5.391466 2.818323 14.35089 5.391414 2.739583 14.35091 5.391414 2.739583 14.35091 5.40291 2.818307 14.33376 5.402859 2.739567 14.33378 5.40291 2.818307 14.33376 5.402859 2.739567 14.33378 5.402859 2.739567 14.33378 5.412021 2.818295 14.31528 5.411969 2.739555 14.31531 5.412021 2.818295 14.31528 5.411969 2.739555 14.31531 5.411969 2.739555 14.31531 5.418643 2.818286 14.29578 5.418591 2.739546 14.2958 5.418643 2.818286 14.29578 5.418591 2.739546 14.2958 5.418591 2.739546 14.2958 5.422661 2.818281 14.27557 5.42261 2.739541 14.2756 5.422661 2.818281 14.27557 5.42261 2.739541 14.2756 5.42261 2.739541 14.2756 5.424009 2.818279 14.25502 5.423957 2.739539 14.25504 5.424009 2.818279 14.25502 5.423957 2.739539 14.25504 5.423957 2.739539 14.25504 5.423961 2.46422 14.25504 5.267538 2.739539 14.25504 5.266481 2.464432 14.25504 5.423957 2.739539 14.25504 5.42507 2.818067 14.25502 5.424009 2.818279 14.25502 5.423957 2.739539 14.25504 5.424009 2.818279 14.25502 5.42507 2.818067 14.25502 5.423961 2.46422 14.25504 5.267538 2.739539 14.25504 5.266481 2.464432 14.25504 5.267538 2.739539 14.25504 5.266481 2.464432 14.25504 5.423961 2.46422 14.25504 5.423743 1.833816 14.25502 5.423622 1.912897 14.16532 5.423743 2.070248 14.25502 5.423622 1.896687 14.15288 5.42363 1.884249 14.13667 5.423646 1.87643 14.11779 5.423668 1.873763 14.09754 5.423631 1.931774 14.17314 5.423647 1.952032 14.17581 5.42367 1.97229 14.17314 5.423698 1.991167 14.16532 5.423729 2.007377 14.15288 5.423761 2.019815 14.13667 5.423791 2.027634 14.11779 5.423819 2.030301 14.09754 5.424091 1.833815 13.77273 5.423695 1.87643 14.07728 5.423726 1.884249 14.0584 5.423758 1.896687 14.04219 5.423789 1.912897 14.02975 5.423817 1.931774 14.02193 5.42507 2.772045 13.77273 5.42384 1.952032 14.01927 5.423856 1.972289 14.02193 5.423865 1.991166 14.02975 5.423865 2.007377 14.04219 5.423857 2.019815 14.0584 5.423841 2.027634 14.07728 5.423917 2.227864 14.02935 5.423886 2.211556 14.04186 5.423854 2.199043 14.05817 5.423823 2.191177 14.07716 5.42385 2.148988 14.25502 5.423795 2.188494 14.09754 5.423945 2.246855 14.02149 5.423968 2.267234 14.0188 5.423984 2.287613 14.02149 5.423993 2.306604 14.02935 5.423993 2.322912 14.04186 5.423985 2.335425 14.05817 5.423969 2.343291 14.07716 5.423947 2.345974 14.09754 5.423974 2.546202 14.04186 5.423942 2.533688 14.05817 5.423892 2.38548 14.25503 5.423911 2.525822 14.07716 5.423961 2.46422 14.25504 5.423883 2.523139 14.09754 5.424005 2.562509 14.02935 5.424033 2.5815 14.02149 5.424056 2.601879 14.0188 5.424072 2.622259 14.02149 5.424081 2.641249 14.02935 5.424081 2.657557 14.04186 5.424073 2.67007 14.05817 5.424057 2.677936 14.07716 5.424035 2.680619 14.09754 5.423957 2.739539 14.25504 5.42507 2.818067 14.25502 5.42507 2.818172 13.77273 5.423837 2.562509 14.16573 5.423837 2.546202 14.15322 5.423845 2.533689 14.13691 5.423861 2.525822 14.11792 5.423846 2.5815 14.1736 5.423862 2.601879 14.17628 5.423885 2.622259 14.1736 5.423913 2.641249 14.16573 5.423944 2.657557 14.15322 5.423976 2.67007 14.13691 5.424007 2.677936 14.11792 5.423749 2.227864 14.16573 5.423749 2.211557 14.15322 5.423757 2.199043 14.13691 5.423773 2.191177 14.11792 5.423758 2.246855 14.1736 5.423774 2.267234 14.17628 5.423797 2.287614 14.1736 5.423825 2.306604 14.16573 5.423856 2.322912 14.15322 5.423888 2.335425 14.13691 5.423919 2.343291 14.11792 5.423947 2.345974 14.09754 5.423919 2.343291 14.11792 5.423892 2.38548 14.25503 5.423888 2.335425 14.13691 5.423856 2.322912 14.15322 5.423825 2.306604 14.16573 5.423797 2.287614 14.1736 5.423774 2.267234 14.17628 5.423758 2.246855 14.1736 5.423749 2.227864 14.16573 5.423795 2.188494 14.09754 5.42385 2.148988 14.25502 5.423773 2.191177 14.11792 5.423757 2.199043 14.13691 5.423749 2.211557 14.15322 5.424035 2.680619 14.09754 5.424007 2.677936 14.11792 5.423957 2.739539 14.25504 5.423976 2.67007 14.13691 5.423944 2.657557 14.15322 5.423913 2.641249 14.16573 5.423885 2.622259 14.1736 5.423862 2.601879 14.17628 5.423846 2.5815 14.1736 5.423837 2.562509 14.16573 5.423883 2.523139 14.09754 5.423961 2.46422 14.25504 5.423861 2.525822 14.11792 5.423845 2.533689 14.13691 5.423837 2.546202 14.15322 5.42507 2.818172 13.77273 5.42507 2.772045 13.77273 5.42507 2.818067 14.25502 5.424057 2.677936 14.07716 5.424073 2.67007 14.05817 5.424081 2.657557 14.04186 5.424081 2.641249 14.02935 5.424072 2.622259 14.02149 5.424056 2.601879 14.0188 5.424033 2.5815 14.02149 5.424005 2.562509 14.02935 5.423974 2.546202 14.04186 5.423911 2.525822 14.07716 5.423942 2.533688 14.05817 5.423969 2.343291 14.07716 5.423985 2.335425 14.05817 5.423993 2.322912 14.04186 5.423993 2.306604 14.02935 5.423984 2.287613 14.02149 5.423968 2.267234 14.0188 5.423945 2.246855 14.02149 5.423917 2.227864 14.02935 5.423823 2.191177 14.07716 5.423743 2.070248 14.25502 5.423854 2.199043 14.05817 5.423819 2.030301 14.09754 5.423886 2.211556 14.04186 5.423841 2.027634 14.07728 5.423857 2.019815 14.0584 5.423865 2.007377 14.04219 5.423865 1.991166 14.02975 5.423856 1.972289 14.02193 5.42384 1.952032 14.01927 5.423817 1.931774 14.02193 5.423668 1.873763 14.09754 5.423695 1.87643 14.07728 5.423743 1.833816 14.25502 5.424091 1.833815 13.77273 5.423789 1.912897 14.02975 5.423758 1.896687 14.04219 5.423726 1.884249 14.0584 5.423791 2.027634 14.11779 5.423761 2.019815 14.13667 5.423729 2.007377 14.15288 5.423698 1.991167 14.16532 5.42367 1.97229 14.17314 5.423647 1.952032 14.17581 5.423631 1.931774 14.17314 5.423622 1.912897 14.16532 5.423646 1.87643 14.11779 5.42363 1.884249 14.13667 5.423622 1.896687 14.15288 5.423743 2.070248 14.25502 5.423743 1.833816 14.25502 5.424091 1.833815 13.77273 5.42507 2.772045 13.77273 5.423892 2.38548 14.25503 5.42385 2.148988 14.25502 5.423758 2.246855 14.1736 5.423774 2.267234 14.17628 5.423797 2.287614 14.1736 5.423825 2.306604 14.16573 5.423856 2.322912 14.15322 5.423888 2.335425 14.13691 5.423919 2.343291 14.11792 5.423947 2.345974 14.09754 5.423969 2.343291 14.07716 5.423985 2.335425 14.05817 5.423993 2.322912 14.04186 5.423993 2.306604 14.02935 5.423984 2.287613 14.02149 5.423968 2.267234 14.0188 5.423945 2.246855 14.02149 5.423917 2.227864 14.02935 5.423886 2.211556 14.04186 5.423854 2.199043 14.05817 5.423823 2.191177 14.07716 5.423795 2.188494 14.09754 5.423773 2.191177 14.11792 5.423757 2.199043 14.13691 5.423749 2.211557 14.15322 5.423749 2.227864 14.16573 5.423846 2.5815 14.1736 5.423862 2.601879 14.17628 5.423885 2.622259 14.1736 5.423913 2.641249 14.16573 5.423944 2.657557 14.15322 5.423976 2.67007 14.13691 5.424007 2.677936 14.11792 5.424035 2.680619 14.09754 5.424057 2.677936 14.07716 5.424073 2.67007 14.05817 5.424081 2.657557 14.04186 5.424081 2.641249 14.02935 5.424072 2.622259 14.02149 5.424056 2.601879 14.0188 5.424033 2.5815 14.02149 5.424005 2.562509 14.02935 5.423974 2.546202 14.04186 5.423942 2.533688 14.05817 5.423911 2.525822 14.07716 5.423883 2.523139 14.09754 5.423861 2.525822 14.11792 5.423845 2.533689 14.13691 5.423837 2.546202 14.15322 5.423837 2.562509 14.16573 5.423631 1.931774 14.17314 5.423647 1.952032 14.17581 5.42367 1.97229 14.17314 5.423698 1.991167 14.16532 5.423729 2.007377 14.15288 5.423761 2.019815 14.13667 5.423791 2.027634 14.11779 5.423819 2.030301 14.09754 5.423841 2.027634 14.07728 5.423857 2.019815 14.0584 5.423865 2.007377 14.04219 5.423865 1.991166 14.02975 5.423856 1.972289 14.02193 5.42384 1.952032 14.01927 5.423817 1.931774 14.02193 5.423789 1.912897 14.02975 5.423758 1.896687 14.04219 5.423726 1.884249 14.0584 5.423695 1.87643 14.07728 5.423668 1.873763 14.09754 5.423646 1.87643 14.11779 5.42363 1.884249 14.13667 5.423622 1.896687 14.15288 5.423622 1.912897 14.16532 5.394561 2.818174 13.77273 5.393016 2.89685 13.78316 5.39291 2.81811 13.78316 5.394667 2.896914 13.77273 5.394667 2.896914 13.77273 5.394561 2.818174 13.77273 5.393016 2.89685 13.78316 5.39291 2.81811 13.78316 5.377445 2.818131 13.84087 5.37755 2.896871 13.84087 5.37755 2.896871 13.84087 5.377445 2.818131 13.84087 5.369597 2.818141 13.86132 5.369703 2.896881 13.86132 5.369703 2.896881 13.86132 5.369597 2.818141 13.86132 5.369703 2.896881 13.86132 5.356031 2.81816 13.89666 5.369597 2.818141 13.86132 5.356137 2.8969 13.89666 5.356137 2.8969 13.89666 5.369703 2.896881 13.86132 5.356031 2.81816 13.89666 5.369597 2.818141 13.86132 5.328903 2.818196 13.9499 5.329009 2.896936 13.9499 5.329009 2.896936 13.9499 5.328903 2.818196 13.9499 5.296359 2.81824 14.00001 5.296465 2.89698 14.00001 5.296465 2.89698 14.00001 5.296359 2.81824 14.00001 5.258755 2.818291 14.04645 5.258861 2.897031 14.04645 5.258861 2.897031 14.04645 5.258755 2.818291 14.04645 5.216608 2.897088 14.0887 5.216503 2.818348 14.0887 5.216608 2.897088 14.0887 5.216503 2.818348 14.0887 5.170171 2.89715 14.12631 5.170066 2.81841 14.12631 5.170171 2.89715 14.12631 5.170066 2.81841 14.12631 5.120058 2.897218 14.15885 5.119952 2.818478 14.15885 5.120058 2.897218 14.15885 5.119952 2.818478 14.15885 5.066817 2.89729 14.18598 5.066711 2.81855 14.18598 5.066817 2.89729 14.18598 5.066711 2.81855 14.18598 5.011032 2.897365 14.20739 5.010926 2.818625 14.20739 5.011032 2.897365 14.20739 5.010926 2.818625 14.20739 4.953314 2.897443 14.22286 4.953209 2.818703 14.22286 4.953314 2.897443 14.22286 4.953209 2.818703 14.22286 4.894297 2.897522 14.23221 4.894191 2.818782 14.23221 4.894297 2.897522 14.23221 4.894191 2.818782 14.23221 4.834625 2.897603 14.23533 4.834519 2.818863 14.23533 4.834625 2.897603 14.23533 4.834519 2.818863 14.23533 4.774953 2.897683 14.23221 4.774848 2.818943 14.23221 4.774953 2.897683 14.23221 4.774848 2.818943 14.23221 4.715935 2.897763 14.22286 4.71583 2.819023 14.22286 4.715935 2.897763 14.22286 4.71583 2.819023 14.22286 4.658218 2.89784 14.20739 4.658112 2.8191 14.20739 4.658218 2.89784 14.20739 4.658112 2.8191 14.20739 4.602433 2.897916 14.18598 4.602327 2.819175 14.18598 4.602433 2.897916 14.18598 4.602327 2.819175 14.18598 4.549192 2.897987 14.15885 4.549087 2.819247 14.15885 4.549192 2.897987 14.15885 4.549087 2.819247 14.15885 4.499078 2.898055 14.12631 4.498973 2.819315 14.12631 4.499078 2.898055 14.12631 4.498973 2.819315 14.12631 4.452641 2.898117 14.0887 4.452536 2.819377 14.0887 4.452641 2.898117 14.0887 4.452536 2.819377 14.0887 4.410389 2.898174 14.04645 4.410283 2.819434 14.04645 4.410389 2.898174 14.04645 4.410283 2.819434 14.04645 4.372679 2.819485 14.00001 4.372785 2.898225 14.00001 4.372785 2.898225 14.00001 4.372679 2.819485 14.00001 4.340135 2.819529 13.9499 4.340241 2.898269 13.9499 4.340241 2.898269 13.9499 4.340135 2.819529 13.9499 4.313008 2.819565 13.89666 4.313113 2.898306 13.89666 4.313113 2.898306 13.89666 4.313008 2.819565 13.89666 4.299441 2.819584 13.86132 4.299547 2.898324 13.86132 4.299547 2.898324 13.86132 4.299441 2.819584 13.86132 4.299547 2.898324 13.86132 4.291594 2.819594 13.84087 4.299441 2.819584 13.86132 4.291699 2.898334 13.84087 4.291699 2.898334 13.84087 4.299547 2.898324 13.86132 4.291594 2.819594 13.84087 4.299441 2.819584 13.86132 4.276128 2.819615 13.78316 4.276234 2.898355 13.78316 4.276234 2.898355 13.78316 4.276128 2.819615 13.78316 4.274478 2.819688 13.77273 4.274583 2.898428 13.77273 4.274583 2.898428 13.77273 4.274478 2.819688 13.77273 4.255107 2.819642 14.31528 4.255002 2.740902 14.31528 4.255107 2.819642 14.31528 4.255002 2.740902 14.31528 4.264218 2.81963 14.33376 4.264112 2.74089 14.33376 4.264218 2.81963 14.33376 4.264112 2.74089 14.33376 4.275662 2.819615 14.35089 4.275557 2.740875 14.35088 4.275662 2.819615 14.35089 4.275557 2.740875 14.35088 4.289245 2.819596 14.36637 4.289139 2.740856 14.36637 4.289245 2.819596 14.36637 4.289139 2.740856 14.36637 4.304626 2.740835 14.37995 4.304732 2.819575 14.37995 4.304732 2.819575 14.37995 4.304626 2.740835 14.37995 4.321754 2.740812 14.3914 4.32186 2.819552 14.3914 4.32186 2.819552 14.3914 4.321754 2.740812 14.3914 4.340229 2.740787 14.40051 4.340335 2.819527 14.40051 4.340335 2.819527 14.40051 4.340229 2.740787 14.40051 4.359735 2.740761 14.40713 4.359841 2.819501 14.40713 4.359841 2.819501 14.40713 4.359735 2.740761 14.40713 4.400122 2.071416 14.4125 4.400122 1.835195 14.25502 4.400122 1.835195 14.4125 4.400122 2.071416 14.25502 4.400122 2.071416 14.25502 4.400122 2.071416 14.4125 4.400122 1.835195 14.25502 4.400122 1.835195 14.4125 4.400122 2.071416 14.25502 4.243989 2.071626 14.27557 4.242642 2.071628 14.25502 4.400122 2.071416 14.4125 4.248008 2.071621 14.29578 4.25463 2.071612 14.31528 4.26374 2.071599 14.33376 4.275185 2.071584 14.35089 4.288767 2.071566 14.36637 4.304254 2.071545 14.37995 4.321382 2.071522 14.3914 4.339857 2.071497 14.40051 4.359363 2.071471 14.40713 4.379567 2.071443 14.41115 4.379567 2.071443 14.41115 4.400122 2.071416 14.4125 4.359363 2.071471 14.40713 4.339857 2.071497 14.40051 4.321382 2.071522 14.3914 4.304254 2.071545 14.37995 4.288767 2.071566 14.36637 4.275185 2.071584 14.35089 4.26374 2.071599 14.33376 4.25463 2.071612 14.31528 4.248008 2.071621 14.29578 4.243989 2.071626 14.27557 4.400122 2.071416 14.25502 4.242642 2.071628 14.25502 4.379567 2.071443 14.41115 4.359363 2.071471 14.40713 4.339857 2.071497 14.40051 4.321382 2.071522 14.3914 4.304254 2.071545 14.37995 4.288767 2.071566 14.36637 4.275185 2.071584 14.35089 4.26374 2.071599 14.33376 4.25463 2.071612 14.31528 4.248008 2.071621 14.29578 4.400122 1.835195 14.25502 4.243989 1.835406 14.27557 4.242642 1.835407 14.25502 4.400122 1.835195 14.4125 4.248008 1.8354 14.29578 4.25463 1.835391 14.31528 4.26374 1.835379 14.33376 4.275185 1.835364 14.35089 4.288767 1.835345 14.36637 4.304254 1.835324 14.37995 4.321382 1.835301 14.3914 4.339857 1.835276 14.40051 4.359363 1.83525 14.40713 4.379567 1.835223 14.41115 4.379567 1.835223 14.41115 4.400122 1.835195 14.4125 4.359363 1.83525 14.40713 4.339857 1.835276 14.40051 4.321382 1.835301 14.3914 4.304254 1.835324 14.37995 4.288767 1.835345 14.36637 4.275185 1.835364 14.35089 4.26374 1.835379 14.33376 4.25463 1.835391 14.31528 4.248008 1.8354 14.29578 4.243989 1.835406 14.27557 4.400122 1.835195 14.25502 4.242642 1.835407 14.25502 4.379567 1.835223 14.41115 4.359363 1.83525 14.40713 4.339857 1.835276 14.40051 4.321382 1.835301 14.3914 4.304254 1.835324 14.37995 4.288767 1.835345 14.36637 4.275185 1.835364 14.35089 4.26374 1.835379 14.33376 4.25463 1.835391 14.31528 4.248008 1.8354 14.29578 4.243989 1.835406 14.27557 4.248114 2.150361 14.29578 4.248008 2.071621 14.29578 4.248114 2.150361 14.29578 4.248008 2.071621 14.29578 4.248114 2.150361 14.29578 4.244095 2.150366 14.27557 4.400228 2.150156 14.25502 4.242748 2.150368 14.25502 4.400228 2.150156 14.4125 4.248114 2.150361 14.29578 4.254736 2.150352 14.31528 4.263847 2.15034 14.33376 4.275291 2.150324 14.35089 4.288873 2.150306 14.36637 4.304361 2.150285 14.37995 4.321488 2.150262 14.3914 4.339963 2.150237 14.40051 4.35947 2.150211 14.40713 4.379673 2.150183 14.41115 4.379673 2.150183 14.41115 4.35947 2.150211 14.40713 4.400228 2.150156 14.4125 4.339963 2.150237 14.40051 4.321488 2.150262 14.3914 4.304361 2.150285 14.37995 4.288873 2.150306 14.36637 4.275291 2.150324 14.35089 4.263847 2.15034 14.33376 4.254736 2.150352 14.31528 4.248114 2.150361 14.29578 4.244095 2.150366 14.27557 4.400228 2.150156 14.25502 4.242748 2.150368 14.25502 4.379673 2.150183 14.41115 4.254736 2.150352 14.31528 4.263847 2.15034 14.33376 4.275291 2.150324 14.35089 4.288873 2.150306 14.36637 4.304361 2.150285 14.37995 4.321488 2.150262 14.3914 4.339963 2.150237 14.40051 4.35947 2.150211 14.40713 4.400228 2.386376 14.4125 4.400228 2.150156 14.25502 4.400228 2.150156 14.4125 4.400228 2.386376 14.25502 4.400228 2.386376 14.25502 4.400228 2.386376 14.4125 4.400228 2.150156 14.25502 4.400228 2.150156 14.4125 4.400228 2.386376 14.4125 4.379779 2.465144 14.41115 4.379673 2.386404 14.41115 4.400335 2.465116 14.4125 4.400335 2.465116 14.4125 4.400228 2.386376 14.4125 4.379779 2.465144 14.41115 4.379673 2.386404 14.41115 4.359576 2.465171 14.40713 4.35947 2.386431 14.40713 4.359576 2.465171 14.40713 4.35947 2.386431 14.40713 4.340069 2.465198 14.40051 4.339963 2.386457 14.40051 4.340069 2.465198 14.40051 4.339963 2.386457 14.40051 4.321594 2.465222 14.3914 4.321488 2.386482 14.3914 4.321594 2.465222 14.3914 4.321488 2.386482 14.3914 4.304467 2.465245 14.37995 4.304361 2.386505 14.37995 4.304467 2.465245 14.37995 4.304361 2.386505 14.37995 4.288979 2.465266 14.36637 4.288873 2.386526 14.36637 4.288979 2.465266 14.36637 4.288873 2.386526 14.36637 4.275291 2.386545 14.35089 4.275397 2.465285 14.35089 4.275397 2.465285 14.35089 4.275291 2.386545 14.35089 4.263847 2.38656 14.33376 4.263953 2.4653 14.33376 4.263953 2.4653 14.33376 4.263847 2.38656 14.33376 4.254736 2.386572 14.31528 4.254842 2.465312 14.31528 4.254842 2.465312 14.31528 4.254736 2.386572 14.31528 5.266529 2.030878 14.25502 5.266263 1.834028 14.4125 5.266263 1.834028 14.25502 5.266529 2.030878 14.4125 5.266263 2.070461 14.25502 5.266263 2.070461 14.4125 5.266263 2.070461 14.4125 5.266263 2.070461 14.25502 5.266529 2.030878 14.4125 5.266529 2.030878 14.25502 5.266263 1.834028 14.4125 5.266263 1.834028 14.25502 5.266529 2.030878 14.25502 5.266263 2.070461 14.25502 5.266263 1.834028 14.25502 5.286819 2.070433 14.41115 5.266702 2.14893 14.4125 5.266263 2.070461 14.4125 5.286925 2.149173 14.41115 5.286925 2.149173 14.41115 5.286819 2.070433 14.41115 5.266702 2.14893 14.4125 5.266263 2.070461 14.4125 5.286819 2.070433 14.41115 5.286925 2.149173 14.41115 5.266369 2.149201 14.25502 5.266745 2.385421 14.41251 5.266702 2.14893 14.4125 5.266412 2.385692 14.25503 5.266412 2.385692 14.25503 5.266369 2.149201 14.25502 5.266745 2.385421 14.41251 5.266702 2.14893 14.4125 5.266369 2.149201 14.25502 5.266412 2.385692 14.25503 5.286968 2.385664 14.41116 5.266813 2.464161 14.41252 5.266745 2.385421 14.41251 5.287036 2.464405 14.41117 5.287036 2.464405 14.41117 5.286968 2.385664 14.41116 5.266813 2.464161 14.41252 5.266745 2.385421 14.41251 5.286968 2.385664 14.41116 5.287036 2.464405 14.41117 4.400122 2.071416 14.4125 4.379673 2.150183 14.41115 4.379567 2.071443 14.41115 4.400228 2.150156 14.4125 4.400228 2.150156 14.4125 4.400122 2.071416 14.4125 4.379673 2.150183 14.41115 4.379567 2.071443 14.41115 5.423957 2.739539 14.25504 5.267538 2.739539 14.41252 5.267538 2.739539 14.25504 5.42261 2.739541 14.2756 5.418591 2.739546 14.2958 5.411969 2.739555 14.31531 5.402859 2.739567 14.33378 5.391414 2.739583 14.35091 5.377832 2.739601 14.3664 5.362345 2.739622 14.37998 5.345217 2.739645 14.39143 5.326742 2.73967 14.40054 5.307236 2.739696 14.40716 5.287032 2.739723 14.41118 5.287032 2.739723 14.41118 5.307236 2.739696 14.40716 5.267538 2.739539 14.41252 5.326742 2.73967 14.40054 5.345217 2.739645 14.39143 5.362345 2.739622 14.37998 5.377832 2.739601 14.3664 5.391414 2.739583 14.35091 5.402859 2.739567 14.33378 5.411969 2.739555 14.31531 5.418591 2.739546 14.2958 5.42261 2.739541 14.2756 5.423957 2.739539 14.25504 5.267538 2.739539 14.25504 5.266481 2.464432 14.25504 5.267538 2.739539 14.41252 5.266813 2.464161 14.41252 5.267538 2.739539 14.25504 5.267538 2.739539 14.25504 5.266481 2.464432 14.25504 5.267538 2.739539 14.41252 5.266813 2.464161 14.41252 5.266481 2.464432 14.25504 5.422614 2.464222 14.2756 5.423961 2.46422 14.25504 5.266813 2.464161 14.41252 5.418595 2.464227 14.2958 5.411974 2.464236 14.31531 5.402863 2.464248 14.33378 5.391418 2.464264 14.35091 5.377836 2.464282 14.3664 5.362349 2.464303 14.37998 5.345221 2.464326 14.39142 5.326746 2.464351 14.40053 5.30724 2.464377 14.40715 5.287036 2.464405 14.41117 5.287036 2.464405 14.41117 5.266813 2.464161 14.41252 5.30724 2.464377 14.40715 5.326746 2.464351 14.40053 5.345221 2.464326 14.39142 5.362349 2.464303 14.37998 5.377836 2.464282 14.3664 5.391418 2.464264 14.35091 5.402863 2.464248 14.33378 5.411974 2.464236 14.31531 5.418595 2.464227 14.2958 5.422614 2.464222 14.2756 5.266481 2.464432 14.25504 5.423961 2.46422 14.25504 5.30724 2.464377 14.40715 5.326746 2.464351 14.40053 5.345221 2.464326 14.39142 5.362349 2.464303 14.37998 5.377836 2.464282 14.3664 5.391418 2.464264 14.35091 5.402863 2.464248 14.33378 5.411974 2.464236 14.31531 5.418595 2.464227 14.2958 5.422614 2.464222 14.2756 5.266263 1.834028 14.25502 5.28804 1.936747 14.25502 5.266529 2.030878 14.25502 5.29394 1.922504 14.25502 5.303325 1.910274 14.25502 5.315555 1.900889 14.25502 5.423743 1.833816 14.25502 5.286028 1.952032 14.25502 5.329798 1.894989 14.25502 5.345083 1.892977 14.25502 5.360367 1.894989 14.25502 5.37461 1.900889 14.25502 5.386841 1.910274 14.25502 5.396226 1.922504 14.25502 5.402126 1.936747 14.25502 5.404138 1.952032 14.25502 5.423743 2.070248 14.25502 5.266263 2.070461 14.25502 5.315555 2.003175 14.25502 5.303325 1.99379 14.25502 5.29394 1.981559 14.25502 5.28804 1.967316 14.25502 5.329798 2.009075 14.25502 5.345083 2.011087 14.25502 5.360367 2.009075 14.25502 5.37461 2.003175 14.25502 5.386841 1.99379 14.25502 5.396226 1.981559 14.25502 5.402126 1.967316 14.25502 5.423743 1.833816 14.25502 5.404138 1.952032 14.25502 5.423743 2.070248 14.25502 5.402126 1.967316 14.25502 5.396226 1.981559 14.25502 5.386841 1.99379 14.25502 5.37461 2.003175 14.25502 5.360367 2.009075 14.25502 5.345083 2.011087 14.25502 5.329798 2.009075 14.25502 5.315555 2.003175 14.25502 5.286028 1.952032 14.25502 5.266529 2.030878 14.25502 5.28804 1.967316 14.25502 5.29394 1.981559 14.25502 5.303325 1.99379 14.25502 5.266263 2.070461 14.25502 5.402126 1.936747 14.25502 5.396226 1.922504 14.25502 5.386841 1.910274 14.25502 5.37461 1.900889 14.25502 5.360367 1.894989 14.25502 5.345083 1.892977 14.25502 5.329798 1.894989 14.25502 5.315555 1.900889 14.25502 5.28804 1.936747 14.25502 5.266263 1.834028 14.25502 5.303325 1.910274 14.25502 5.29394 1.922504 14.25502 5.28804 1.936747 14.25502 5.286028 1.952032 14.25502 5.28804 1.967316 14.25502 5.29394 1.981559 14.25502 5.303325 1.99379 14.25502 5.315555 2.003175 14.25502 5.329798 2.009075 14.25502 5.345083 2.011087 14.25502 5.360367 2.009075 14.25502 5.37461 2.003175 14.25502 5.386841 1.99379 14.25502 5.396226 1.981559 14.25502 5.402126 1.967316 14.25502 5.404138 1.952032 14.25502 5.402126 1.936747 14.25502 5.396226 1.922504 14.25502 5.386841 1.910274 14.25502 5.37461 1.900889 14.25502 5.360367 1.894989 14.25502 5.345083 1.892977 14.25502 5.329798 1.894989 14.25502 5.315555 1.900889 14.25502 5.303325 1.910274 14.25502 5.29394 1.922504 14.25502 5.423961 2.46422 14.25504 5.422545 2.385482 14.27558 5.423892 2.38548 14.25503 5.422614 2.464222 14.2756 5.422614 2.464222 14.2756 5.423961 2.46422 14.25504 5.422545 2.385482 14.27558 5.423892 2.38548 14.25503 5.422545 2.385482 14.27558 5.266369 2.149201 14.25502 5.288067 2.252133 14.25502 5.266412 2.385692 14.25503 5.293948 2.237882 14.25502 5.303316 2.225638 14.25502 5.315534 2.216237 14.25502 5.42385 2.148988 14.25502 5.286076 2.26742 14.25502 5.329769 2.210318 14.25502 5.345051 2.208285 14.25502 5.360339 2.210277 14.25502 5.37459 2.216157 14.25502 5.386833 2.225526 14.25502 5.396234 2.237744 14.25502 5.402153 2.251979 14.25502 5.404186 2.267261 14.25502 5.315672 2.318523 14.25503 5.423892 2.38548 14.25503 5.303429 2.309155 14.25502 5.294028 2.296937 14.25502 5.288109 2.282702 14.25502 5.329923 2.324404 14.25503 5.345211 2.326395 14.25503 5.360492 2.324362 14.25503 5.374727 2.318444 14.25503 5.386945 2.309042 14.25502 5.396314 2.296799 14.25502 5.402194 2.282548 14.25502 5.42385 2.148988 14.25502 5.404186 2.267261 14.25502 5.423892 2.38548 14.25503 5.402194 2.282548 14.25502 5.396314 2.296799 14.25502 5.386945 2.309042 14.25502 5.374727 2.318444 14.25503 5.360492 2.324362 14.25503 5.345211 2.326395 14.25503 5.329923 2.324404 14.25503 5.315672 2.318523 14.25503 5.286076 2.26742 14.25502 5.266412 2.385692 14.25503 5.288109 2.282702 14.25502 5.294028 2.296937 14.25502 5.303429 2.309155 14.25502 5.402153 2.251979 14.25502 5.396234 2.237744 14.25502 5.386833 2.225526 14.25502 5.37459 2.216157 14.25502 5.360339 2.210277 14.25502 5.345051 2.208285 14.25502 5.329769 2.210318 14.25502 5.315534 2.216237 14.25502 5.288067 2.252133 14.25502 5.266369 2.149201 14.25502 5.303316 2.225638 14.25502 5.293948 2.237882 14.25502 5.288067 2.252133 14.25502 5.286076 2.26742 14.25502 5.288109 2.282702 14.25502 5.294028 2.296937 14.25502 5.303429 2.309155 14.25502 5.315672 2.318523 14.25503 5.329923 2.324404 14.25503 5.345211 2.326395 14.25503 5.360492 2.324362 14.25503 5.374727 2.318444 14.25503 5.386945 2.309042 14.25502 5.396314 2.296799 14.25502 5.402194 2.282548 14.25502 5.404186 2.267261 14.25502 5.402153 2.251979 14.25502 5.396234 2.237744 14.25502 5.386833 2.225526 14.25502 5.37459 2.216157 14.25502 5.360339 2.210277 14.25502 5.345051 2.208285 14.25502 5.329769 2.210318 14.25502 5.315534 2.216237 14.25502 5.303316 2.225638 14.25502 5.293948 2.237882 14.25502 5.42385 2.148988 14.25502 5.422396 2.07025 14.27557 5.423743 2.070248 14.25502 5.422502 2.14899 14.27557 5.422502 2.14899 14.27557 5.42385 2.148988 14.25502 5.422396 2.07025 14.27557 5.423743 2.070248 14.25502 5.422396 2.07025 14.27557 5.422502 2.14899 14.27557 4.35947 2.150211 14.40713 4.359363 2.071471 14.40713 4.35947 2.150211 14.40713 4.359363 2.071471 14.40713 4.339963 2.150237 14.40051 4.339857 2.071497 14.40051 4.339963 2.150237 14.40051 4.339857 2.071497 14.40051 4.321488 2.150262 14.3914 4.321382 2.071522 14.3914 4.321488 2.150262 14.3914 4.321382 2.071522 14.3914 4.304361 2.150285 14.37995 4.304254 2.071545 14.37995 4.304361 2.150285 14.37995 4.304254 2.071545 14.37995 4.288873 2.150306 14.36637 4.288767 2.071566 14.36637 4.288873 2.150306 14.36637 4.288767 2.071566 14.36637 4.275185 2.071584 14.35089 4.275291 2.150324 14.35089 4.275291 2.150324 14.35089 4.275185 2.071584 14.35089 4.26374 2.071599 14.33376 4.263847 2.15034 14.33376 4.263847 2.15034 14.33376 4.26374 2.071599 14.33376 4.25463 2.071612 14.31528 4.254736 2.150352 14.31528 4.254736 2.150352 14.31528 4.25463 2.071612 14.31528 5.422396 2.07025 14.27557 5.266263 2.070461 14.25502 5.423743 2.070248 14.25502 5.266263 2.070461 14.4125 5.418377 2.070255 14.29578 5.411756 2.070264 14.31528 5.402645 2.070277 14.33376 5.391201 2.070292 14.35089 5.377619 2.07031 14.36637 5.362131 2.070331 14.37995 5.345003 2.070354 14.3914 5.326528 2.070379 14.40051 5.307022 2.070406 14.40713 5.286819 2.070433 14.41115 5.286819 2.070433 14.41115 5.307022 2.070406 14.40713 5.266263 2.070461 14.4125 5.326528 2.070379 14.40051 5.345003 2.070354 14.3914 5.362131 2.070331 14.37995 5.377619 2.07031 14.36637 5.391201 2.070292 14.35089 5.402645 2.070277 14.33376 5.411756 2.070264 14.31528 5.418377 2.070255 14.29578 5.422396 2.07025 14.27557 5.266263 2.070461 14.25502 5.423743 2.070248 14.25502 5.418377 2.070255 14.29578 5.411756 2.070264 14.31528 5.402645 2.070277 14.33376 5.391201 2.070292 14.35089 5.377619 2.07031 14.36637 5.362131 2.070331 14.37995 5.345003 2.070354 14.3914 5.326528 2.070379 14.40051 5.307022 2.070406 14.40713 5.422396 1.833817 14.27557 5.266263 1.834028 14.25502 5.423743 1.833816 14.25502 5.266263 1.834028 14.4125 5.418377 1.833823 14.29578 5.411756 1.833832 14.31528 5.402645 1.833844 14.33376 5.391201 1.833859 14.35089 5.377619 1.833878 14.36637 5.362131 1.833899 14.37995 5.345003 1.833922 14.3914 5.326528 1.833947 14.40051 5.307022 1.833973 14.40713 5.286819 1.834 14.41115 5.286819 1.834 14.41115 5.307022 1.833973 14.40713 5.266263 1.834028 14.4125 5.326528 1.833947 14.40051 5.345003 1.833922 14.3914 5.362131 1.833899 14.37995 5.377619 1.833878 14.36637 5.391201 1.833859 14.35089 5.402645 1.833844 14.33376 5.411756 1.833832 14.31528 5.418377 1.833823 14.29578 5.422396 1.833817 14.27557 5.266263 1.834028 14.25502 5.423743 1.833816 14.25502 5.422396 1.833817 14.27557 5.418377 1.833823 14.29578 5.411756 1.833832 14.31528 5.402645 1.833844 14.33376 5.391201 1.833859 14.35089 5.377619 1.833878 14.36637 5.362131 1.833899 14.37995 5.345003 1.833922 14.3914 5.326528 1.833947 14.40051 5.307022 1.833973 14.40713 5.286819 1.834 14.41115 5.307022 2.070406 14.40713 5.307128 2.149146 14.40713 5.307128 2.149146 14.40713 5.307022 2.070406 14.40713 5.307128 2.149146 14.40713 5.266369 2.149201 14.25502 5.422502 2.14899 14.27557 5.42385 2.148988 14.25502 5.266702 2.14893 14.4125 5.418484 2.148996 14.29578 5.411862 2.149005 14.31528 5.402751 2.149017 14.33376 5.391307 2.149032 14.35089 5.377725 2.149051 14.36637 5.362237 2.149071 14.37995 5.345109 2.149094 14.3914 5.326634 2.149119 14.40051 5.307128 2.149146 14.40713 5.286925 2.149173 14.41115 5.286925 2.149173 14.41115 5.266702 2.14893 14.4125 5.307128 2.149146 14.40713 5.326634 2.149119 14.40051 5.345109 2.149094 14.3914 5.362237 2.149071 14.37995 5.377725 2.149051 14.36637 5.391307 2.149032 14.35089 5.402751 2.149017 14.33376 5.411862 2.149005 14.31528 5.418484 2.148996 14.29578 5.422502 2.14899 14.27557 5.266369 2.149201 14.25502 5.42385 2.148988 14.25502 5.326634 2.149119 14.40051 5.345109 2.149094 14.3914 5.362237 2.149071 14.37995 5.377725 2.149051 14.36637 5.391307 2.149032 14.35089 5.402751 2.149017 14.33376 5.411862 2.149005 14.31528 5.418484 2.148996 14.29578 5.422545 2.385482 14.27558 5.266412 2.385692 14.25503 5.423892 2.38548 14.25503 5.266745 2.385421 14.41251 5.418526 2.385487 14.29579 5.411905 2.385496 14.31529 5.402794 2.385508 14.33377 5.39135 2.385524 14.3509 5.377768 2.385542 14.36638 5.36228 2.385563 14.37997 5.345152 2.385586 14.39141 5.326677 2.385611 14.40052 5.307171 2.385637 14.40714 5.286968 2.385664 14.41116 5.286968 2.385664 14.41116 5.307171 2.385637 14.40714 5.266745 2.385421 14.41251 5.326677 2.385611 14.40052 5.345152 2.385586 14.39141 5.36228 2.385563 14.37997 5.377768 2.385542 14.36638 5.39135 2.385524 14.3509 5.402794 2.385508 14.33377 5.411905 2.385496 14.31529 5.418526 2.385487 14.29579 5.422545 2.385482 14.27558 5.266412 2.385692 14.25503 5.423892 2.38548 14.25503 5.418526 2.385487 14.29579 5.411905 2.385496 14.31529 5.402794 2.385508 14.33377 5.39135 2.385524 14.3509 5.377768 2.385542 14.36638 5.36228 2.385563 14.37997 5.345152 2.385586 14.39141 5.326677 2.385611 14.40052 5.307171 2.385637 14.40714 5.307171 2.385637 14.40714 5.30724 2.464377 14.40715 5.30724 2.464377 14.40715 5.307171 2.385637 14.40714 5.326677 2.385611 14.40052 5.326746 2.464351 14.40053 5.326746 2.464351 14.40053 5.326677 2.385611 14.40052 5.345152 2.385586 14.39141 5.345221 2.464326 14.39142 5.345221 2.464326 14.39142 5.345152 2.385586 14.39141 5.36228 2.385563 14.37997 5.362349 2.464303 14.37998 5.362349 2.464303 14.37998 5.36228 2.385563 14.37997 5.377768 2.385542 14.36638 5.377836 2.464282 14.3664 5.377836 2.464282 14.3664 5.377768 2.385542 14.36638 5.391418 2.464264 14.35091 5.39135 2.385524 14.3509 5.391418 2.464264 14.35091 5.39135 2.385524 14.3509 5.402863 2.464248 14.33378 5.402794 2.385508 14.33377 5.402863 2.464248 14.33378 5.402794 2.385508 14.33377 5.411974 2.464236 14.31531 5.411905 2.385496 14.31529 5.411974 2.464236 14.31531 5.411905 2.385496 14.31529 5.418595 2.464227 14.2958 5.418526 2.385487 14.29579 5.418595 2.464227 14.2958 5.418526 2.385487 14.29579 5.418377 2.070255 14.29578 5.418484 2.148996 14.29578 5.418484 2.148996 14.29578 5.418377 2.070255 14.29578 5.411756 2.070264 14.31528 5.411862 2.149005 14.31528 5.411862 2.149005 14.31528 5.411756 2.070264 14.31528 5.402645 2.070277 14.33376 5.402751 2.149017 14.33376 5.402751 2.149017 14.33376 5.402645 2.070277 14.33376 5.391201 2.070292 14.35089 5.391307 2.149032 14.35089 5.391307 2.149032 14.35089 5.391201 2.070292 14.35089 5.377619 2.07031 14.36637 5.377725 2.149051 14.36637 5.377725 2.149051 14.36637 5.377619 2.07031 14.36637 5.362237 2.149071 14.37995 5.362131 2.070331 14.37995 5.362237 2.149071 14.37995 5.362131 2.070331 14.37995 5.345109 2.149094 14.3914 5.345003 2.070354 14.3914 5.345109 2.149094 14.3914 5.345003 2.070354 14.3914 5.326634 2.149119 14.40051 5.326528 2.070379 14.40051 5.326634 2.149119 14.40051 5.326528 2.070379 14.40051</float_array>
                    <technique_common>
                        <accessor count="3111" source="#ID51" stride="3">
                            <param name="X" type="float" />
                            <param name="Y" type="float" />
                            <param name="Z" type="float" />
                        </accessor>
                    </technique_common>
                </source>
                <source id="ID47">
                    <float_array id="ID52" count="9333">0.9912032 -0.001335932 -0.1323418 0.9975919 -0.001344542 -0.0693442 0.9975919 -0.001344542 -0.0693442 0.9912032 -0.001335932 -0.1323418 -0.9912032 0.001335932 0.1323418 -0.9912032 0.001335932 0.1323418 -0.9975919 0.001344542 0.0693442 -0.9975919 0.001344542 0.0693442 0 0 0 0 0 0 0 0 0 0 0 0 0.9659957 -0.001301957 -0.258555 0.9659957 -0.001301957 -0.258555 -0.9659957 0.001301957 0.258555 -0.9659957 0.001301957 0.258555 0 0 0 0 0 0 0.001355819 0.9999991 -5.303671e-05 0.001355819 0.9999991 -5.303671e-05 0.001355819 0.9999991 -5.303671e-05 0.001355819 0.9999991 -5.303671e-05 0.001355819 0.9999991 -5.303671e-05 0.001355819 0.9999991 -5.303671e-05 0.001355819 0.9999991 -5.303671e-05 0.001355819 0.9999991 -5.303671e-05 0.001355819 0.9999991 -5.303671e-05 0.001355819 0.9999991 -5.303671e-05 0.001355819 0.9999991 -5.303671e-05 0.001355819 0.9999991 -5.303671e-05 0.001355819 0.9999991 -5.303671e-05 0.001355819 0.9999991 -5.303671e-05 0.001355819 0.9999991 -5.303671e-05 0.001355819 0.9999991 -5.303671e-05 0.001355819 0.9999991 -5.303671e-05 0.001355819 0.9999991 -5.303671e-05 0.001355819 0.9999991 -5.303671e-05 0.001355819 0.9999991 -5.303671e-05 0.001355819 0.9999991 -5.303671e-05 0.001355819 0.9999991 -5.303671e-05 0.001355819 0.9999991 -5.303671e-05 0.001355819 0.9999991 -5.303671e-05 0.001355819 0.9999991 -5.303671e-05 0.001355819 0.9999991 -5.303671e-05 0.001355819 0.9999991 -5.303671e-05 0.001355819 0.9999991 -5.303671e-05 0.001355819 0.9999991 -5.303671e-05 0.001355819 0.9999991 -5.303671e-05 0.001355819 0.9999991 -5.303671e-05 0.001355819 0.9999991 -5.303671e-05 0.001355819 0.9999991 -5.303671e-05 0.001355819 0.9999991 -5.303671e-05 0.001355819 0.9999991 -5.303671e-05 0.001355819 0.9999991 -5.303671e-05 0.001355819 0.9999991 -5.303671e-05 0.001355819 0.9999991 -5.303671e-05 0.001355819 0.9999991 -5.303671e-05 0.001355819 0.9999991 -5.303671e-05 0.001355819 0.9999991 -5.303671e-05 0.001355819 0.9999991 -5.303671e-05 0.001355819 0.9999991 -5.303671e-05 0.001355819 0.9999991 -5.303671e-05 0.001355819 0.9999991 -5.303671e-05 0.001355819 0.9999991 -5.303671e-05 0.001355819 0.9999991 -5.303671e-05 0.001355819 0.9999991 -5.303671e-05 0.001355819 0.9999991 -5.303671e-05 0.001355819 0.9999991 -5.303671e-05 0.001355819 0.9999991 -5.303671e-05 0.001355819 0.9999991 -5.303671e-05 0.001355819 0.9999991 -5.303671e-05 0.001355819 0.9999991 -5.303671e-05 0.001355819 0.9999991 -5.303671e-05 0.001355819 0.9999991 -5.303671e-05 0.001355819 0.9999991 -5.303671e-05 0.001355819 0.9999991 -5.303671e-05 0.001355819 0.9999991 -5.303671e-05 -0.001355819 -0.9999991 5.303671e-05 -0.001355819 -0.9999991 5.303671e-05 -0.001355819 -0.9999991 5.303671e-05 -0.001355819 -0.9999991 5.303671e-05 -0.001355819 -0.9999991 5.303671e-05 -0.001355819 -0.9999991 5.303671e-05 -0.001355819 -0.9999991 5.303671e-05 -0.001355819 -0.9999991 5.303671e-05 -0.001355819 -0.9999991 5.303671e-05 -0.001355819 -0.9999991 5.303671e-05 -0.001355819 -0.9999991 5.303671e-05 -0.001355819 -0.9999991 5.303671e-05 -0.001355819 -0.9999991 5.303671e-05 -0.001355819 -0.9999991 5.303671e-05 -0.001355819 -0.9999991 5.303671e-05 -0.001355819 -0.9999991 5.303671e-05 -0.001355819 -0.9999991 5.303671e-05 -0.001355819 -0.9999991 5.303671e-05 -0.001355819 -0.9999991 5.303671e-05 -0.001355819 -0.9999991 5.303671e-05 -0.001355819 -0.9999991 5.303671e-05 -0.001355819 -0.9999991 5.303671e-05 -0.001355819 -0.9999991 5.303671e-05 -0.001355819 -0.9999991 5.303671e-05 -0.001355819 -0.9999991 5.303671e-05 -0.001355819 -0.9999991 5.303671e-05 -0.001355819 -0.9999991 5.303671e-05 -0.001355819 -0.9999991 5.303671e-05 -0.001355819 -0.9999991 5.303671e-05 -0.001355819 -0.9999991 5.303671e-05 -0.001355819 -0.9999991 5.303671e-05 -0.001355819 -0.9999991 5.303671e-05 -0.001355819 -0.9999991 5.303671e-05 -0.001355819 -0.9999991 5.303671e-05 -0.001355819 -0.9999991 5.303671e-05 -0.001355819 -0.9999991 5.303671e-05 -0.001355819 -0.9999991 5.303671e-05 -0.001355819 -0.9999991 5.303671e-05 -0.001355819 -0.9999991 5.303671e-05 -0.001355819 -0.9999991 5.303671e-05 -0.001355819 -0.9999991 5.303671e-05 -0.001355819 -0.9999991 5.303671e-05 -0.001355819 -0.9999991 5.303671e-05 -0.001355819 -0.9999991 5.303671e-05 -0.001355819 -0.9999991 5.303671e-05 -0.001355819 -0.9999991 5.303671e-05 -0.001355819 -0.9999991 5.303671e-05 -0.001355819 -0.9999991 5.303671e-05 -0.001355819 -0.9999991 5.303671e-05 -0.001355819 -0.9999991 5.303671e-05 -0.001355819 -0.9999991 5.303671e-05 -0.001355819 -0.9999991 5.303671e-05 -0.001355819 -0.9999991 5.303671e-05 -0.001355819 -0.9999991 5.303671e-05 -0.001355819 -0.9999991 5.303671e-05 -0.001355819 -0.9999991 5.303671e-05 -0.001355819 -0.9999991 5.303671e-05 -0.001355819 -0.9999991 5.303671e-05 -0.001355819 -0.9999991 5.303671e-05 0 0 0 0 0 0 0 0 0 0 0 0 0 0 0 0 0 0 0 0 0 0 0 0 0 0 0 0 0 0 0 0 0 0 0 0 0 0 0 0 0 0 0 0 0 0 0 0 0 0 0 0 0 0 0 0 0 0 0 0 0 0 0 0 0 0 0 0 0 0 0 0 0 0 0 0 0 0 0 0 0 0 0 0 0 0 0 0 0 0 0 0 0 0 0 0 0 0 0 0 0 0 0 0 0 0 0 0 0 0 0 0 0 0 0 0 0 0 0 0 0 0 0 0 0 0 0 0 0 0 0 0 0 0 0 0 0 0 0 0 0 0 0 0 0 0 0 0 0 0 0 0 0 0 0 0 0 0 0 0 0 0 0 0 0 0 0 0 0.9999993 -0.001163638 -0.0002754517 0.9999993 -0.001163638 -0.0002754517 0.9999993 -0.001163638 -0.0002754517 0.9999993 -0.001163638 -0.0002754517 0.9999993 -0.001163638 -0.0002754517 -0.9999993 0.001163638 0.0002754517 -0.9999993 0.001163638 0.0002754517 -0.9999993 0.001163638 0.0002754517 -0.9999993 0.001163638 0.0002754517 -0.9999993 0.001163638 0.0002754517 0 0 0 0 0 0 0.9239728 -0.00124532 -0.3824561 0.9239728 -0.00124532 -0.3824561 -0.9239728 0.00124532 0.3824561 -0.9239728 0.00124532 0.3824561 0 0 0 -0.9999989 0.001478879 -0.0002670962 -0.9999989 0.001478879 -0.0002670962 -0.9999989 0.001478879 -0.0002670962 -0.9999989 0.001478879 -0.0002670962 -0.9999989 0.001478879 -0.0002670962 -0.9999989 0.001478879 -0.0002670962 -0.9999989 0.001478879 -0.0002670962 -0.9999989 0.001478879 -0.0002670962 -0.9999989 0.001478879 -0.0002670962 -0.9999989 0.001478879 -0.0002670962 -0.9999989 0.001478879 -0.0002670962 -0.9999989 0.001478879 -0.0002670962 -0.9999989 0.001478879 -0.0002670962 -0.9999989 0.001478879 -0.0002670962 -0.9999989 0.001478879 -0.0002670962 -0.9999989 0.001478879 -0.0002670962 -0.9999989 0.001478879 -0.0002670962 -0.9999989 0.001478879 -0.0002670962 -0.9999989 0.001478879 -0.0002670962 -0.9999989 0.001478879 -0.0002670962 -0.9999989 0.001478879 -0.0002670962 -0.9999989 0.001478879 -0.0002670962 -0.9999989 0.001478879 -0.0002670962 -0.9999989 0.001478879 -0.0002670962 -0.9999989 0.001478879 -0.0002670962 -0.9999989 0.001478879 -0.0002670962 -0.9999989 0.001478879 -0.0002670962 -0.9999989 0.001478879 -0.0002670962 -0.9999989 0.001478879 -0.0002670962 -0.9999989 0.001478879 -0.0002670962 -0.9999989 0.001478879 -0.0002670962 -0.9999989 0.001478879 -0.0002670962 -0.9999989 0.001478879 -0.0002670962 -0.9999989 0.001478879 -0.0002670962 -0.9999989 0.001478879 -0.0002670962 -0.9999989 0.001478879 -0.0002670962 -0.9999989 0.001478879 -0.0002670962 -0.9999989 0.001478879 -0.0002670962 -0.9999989 0.001478879 -0.0002670962 -0.9999989 0.001478879 -0.0002670962 -0.9999989 0.001478879 -0.0002670962 -0.9999989 0.001478879 -0.0002670962 -0.9999989 0.001478879 -0.0002670962 -0.9999989 0.001478879 -0.0002670962 -0.9999989 0.001478879 -0.0002670962 -0.9999989 0.001478879 -0.0002670962 -0.9999989 0.001478879 -0.0002670962 -0.9999989 0.001478879 -0.0002670962 -0.9999989 0.001478879 -0.0002670962 -0.9999989 0.001478879 -0.0002670962 -0.9999989 0.001478879 -0.0002670962 -0.9999989 0.001478879 -0.0002670962 -0.9999989 0.001478879 -0.0002670962 -0.9999989 0.001478879 -0.0002670962 -0.9999989 0.001478879 -0.0002670962 -0.9999989 0.001478879 -0.0002670962 -0.9999989 0.001478879 -0.0002670962 -0.9999989 0.001478879 -0.0002670962 -0.9999989 0.001478879 -0.0002670962 -0.9999989 0.001478879 -0.0002670962 -0.9999989 0.001478879 -0.0002670962 -0.9999989 0.001478879 -0.0002670962 -0.9999989 0.001478879 -0.0002670962 -0.9999989 0.001478879 -0.0002670962 -0.9999989 0.001478879 -0.0002670962 -0.9999989 0.001478879 -0.0002670962 -0.9999989 0.001478879 -0.0002670962 -0.9999989 0.001478879 -0.0002670962 -0.9999989 0.001478879 -0.0002670962 -0.9999989 0.001478879 -0.0002670962 -0.9999989 0.001478879 -0.0002670962 -0.9999989 0.001478879 -0.0002670962 -0.9999989 0.001478879 -0.0002670962 -0.9999989 0.001478879 -0.0002670962 -0.9999989 0.001478879 -0.0002670962 -0.9999989 0.001478879 -0.0002670962 -0.9999989 0.001478879 -0.0002670962 -0.9999989 0.001478879 -0.0002670962 -0.9999989 0.001478879 -0.0002670962 -0.9999989 0.001478879 -0.0002670962 -0.9999989 0.001478879 -0.0002670962 -0.9999989 0.001478879 -0.0002670962 -0.9999989 0.001478879 -0.0002670962 -0.9999989 0.001478879 -0.0002670962 -0.9999989 0.001478879 -0.0002670962 0.9999989 -0.001478879 0.0002670962 0.9999989 -0.001478879 0.0002670962 0.9999989 -0.001478879 0.0002670962 0.9999989 -0.001478879 0.0002670962 0.9999989 -0.001478879 0.0002670962 0.9999989 -0.001478879 0.0002670962 0.9999989 -0.001478879 0.0002670962 0.9999989 -0.001478879 0.0002670962 0.9999989 -0.001478879 0.0002670962 0.9999989 -0.001478879 0.0002670962 0.9999989 -0.001478879 0.0002670962 0.9999989 -0.001478879 0.0002670962 0.9999989 -0.001478879 0.0002670962 0.9999989 -0.001478879 0.0002670962 0.9999989 -0.001478879 0.0002670962 0.9999989 -0.001478879 0.0002670962 0.9999989 -0.001478879 0.0002670962 0.9999989 -0.001478879 0.0002670962 0.9999989 -0.001478879 0.0002670962 0.9999989 -0.001478879 0.0002670962 0.9999989 -0.001478879 0.0002670962 0.9999989 -0.001478879 0.0002670962 0.9999989 -0.001478879 0.0002670962 0.9999989 -0.001478879 0.0002670962 0.9999989 -0.001478879 0.0002670962 0.9999989 -0.001478879 0.0002670962 0.9999989 -0.001478879 0.0002670962 0.9999989 -0.001478879 0.0002670962 0.9999989 -0.001478879 0.0002670962 0.9999989 -0.001478879 0.0002670962 0.9999989 -0.001478879 0.0002670962 0.9999989 -0.001478879 0.0002670962 0.9999989 -0.001478879 0.0002670962 0.9999989 -0.001478879 0.0002670962 0.9999989 -0.001478879 0.0002670962 0.9999989 -0.001478879 0.0002670962 0.9999989 -0.001478879 0.0002670962 0.9999989 -0.001478879 0.0002670962 0.9999989 -0.001478879 0.0002670962 0.9999989 -0.001478879 0.0002670962 0.9999989 -0.001478879 0.0002670962 0.9999989 -0.001478879 0.0002670962 0.9999989 -0.001478879 0.0002670962 0.9999989 -0.001478879 0.0002670962 0.9999989 -0.001478879 0.0002670962 0.9999989 -0.001478879 0.0002670962 0.9999989 -0.001478879 0.0002670962 0.9999989 -0.001478879 0.0002670962 0.9999989 -0.001478879 0.0002670962 0.9999989 -0.001478879 0.0002670962 0.9999989 -0.001478879 0.0002670962 0.9999989 -0.001478879 0.0002670962 0.9999989 -0.001478879 0.0002670962 0.9999989 -0.001478879 0.0002670962 0.9999989 -0.001478879 0.0002670962 0.9999989 -0.001478879 0.0002670962 0.9999989 -0.001478879 0.0002670962 0.9999989 -0.001478879 0.0002670962 0.9999989 -0.001478879 0.0002670962 0.9999989 -0.001478879 0.0002670962 0.9999989 -0.001478879 0.0002670962 0.9999989 -0.001478879 0.0002670962 0.9999989 -0.001478879 0.0002670962 0.9999989 -0.001478879 0.0002670962 0.9999989 -0.001478879 0.0002670962 0.9999989 -0.001478879 0.0002670962 0.9999989 -0.001478879 0.0002670962 0.9999989 -0.001478879 0.0002670962 0.9999989 -0.001478879 0.0002670962 0.9999989 -0.001478879 0.0002670962 0.9999989 -0.001478879 0.0002670962 0.9999989 -0.001478879 0.0002670962 0.9999989 -0.001478879 0.0002670962 0.9999989 -0.001478879 0.0002670962 0.9999989 -0.001478879 0.0002670962 0.9999989 -0.001478879 0.0002670962 0.9999989 -0.001478879 0.0002670962 0.9999989 -0.001478879 0.0002670962 0.9999989 -0.001478879 0.0002670962 0.9999989 -0.001478879 0.0002670962 0.9999989 -0.001478879 0.0002670962 0.9999989 -0.001478879 0.0002670962 0.9999989 -0.001478879 0.0002670962 0.9999989 -0.001478879 0.0002670962 0.9999989 -0.001478879 0.0002670962 0 0 0 0 0 0 0 0 0 0 0 0 0 0 0 0 0 0 0 0 0 0 0 0 0 0 0 0 0 0 0 0 0 0 0 0 0 0 0 0 0 0 0 0 0 0 0 0 0 0 0 0 0 0 0 0 0 0 0 0 0 0 0 0 0 0 0 0 0 0 0 0 0 0 0 0 0 0 0 0 0 0 0 0 0 0 0 0 0 0 0 0 0 0 0 0 0 0 0 0 0 0 0 0 0 0 0 0 0 0 0 0 0 0 0 0 0 0 0 0 0 0 0 0 0 0 0 0 0 0 0 0 0 0 0 0 0 0 0 0 0 0 0 0 0 0 0 0 0 0 0 0 0 0 0 0 0 0 0 0 0 0 0 0 0 0 0 0 0 0 0 0 0 0 0 0 0 0 0 0 0 0 0 0 0 0 0 0 0 0 0 0 0 0 0 0 0 0 0 0 0 0 0 0 0 0 0 0 0 0 0 0 0 0 0 0 0 0 0 0 0 0 0 0 0 0 0 0 0 0 0 0 0 0 0 0 0 0 0 0 0 0 0 0 0 0 0 0 0 -0.9876875 0.001323525 -0.1564344 -0.9781763 0.001310783 -0.2077724 -0.978117 0.001310703 -0.2080516 -0.9876875 0.001323525 -0.1564344 0.9876875 -0.001323525 0.1564344 0.9876875 -0.001323525 0.1564344 0.9781763 -0.001310783 0.2077724 0.978117 -0.001310703 0.2080516 0 0 0 0 0 0 -0.9510557 0.001274447 -0.3090169 -0.9510556 0.001274447 -0.3090171 0.9510557 -0.001274447 0.3090169 0.9510556 -0.001274447 0.3090171 0 0 0 -0.9335796 0.001251032 -0.3583679 -0.9335796 0.001251032 -0.3583679 0.9335796 -0.001251032 0.3583679 0.9335796 -0.001251032 0.3583679 0 0 0 -0.9335796 0.001251032 -0.3583679 -0.9135447 0.001224188 -0.4067365 -0.9135446 0.001224188 -0.4067367 -0.9335796 0.001251032 -0.3583679 0.9335796 -0.001251032 0.3583679 0.9335796 -0.001251032 0.3583679 0.9135447 -0.001224188 0.4067365 0.9135446 -0.001224188 0.4067367 0 0 0 -0.8660247 0.001160517 -0.4999999 -0.8660246 0.001160517 -0.5000001 0.8660247 -0.001160517 0.4999999 0.8660246 -0.001160517 0.5000001 0 0 0 -0.8090164 0.001084131 -0.5877851 -0.8090162 0.00108413 -0.5877854 0.8090164 -0.001084131 0.5877851 0.8090162 -0.00108413 0.5877854 0 0 0 -0.7431443 0.0009958663 -0.6691305 -0.743144 0.000995866 -0.6691307 0.7431443 -0.0009958663 0.6691305 0.743144 -0.000995866 0.6691307 0 0 0 -0.6691299 0.0008966907 -0.743145 -0.6691301 0.0008966911 -0.7431447 0.6691301 -0.0008966911 0.7431447 0.6691299 -0.0008966907 0.743145 0 0 0 -0.5877846 0.0007876911 -0.8090171 -0.5877849 0.0007876916 -0.8090169 0.5877849 -0.0007876916 0.8090169 0.5877846 -0.0007876911 0.8090171 0 0 0 -0.4999994 0.0006700615 -0.8660255 -0.4999997 0.000670062 -0.8660253 0.4999997 -0.000670062 0.8660253 0.4999994 -0.0006700615 0.8660255 0 0 0 -0.4067361 0.0005450904 -0.9135456 -0.4067365 0.000545091 -0.9135454 0.4067365 -0.000545091 0.9135454 0.4067361 -0.0005450904 0.9135456 0 0 0 -0.3090165 0.0004141473 -0.9510566 -0.309017 0.0004141479 -0.9510564 0.309017 -0.0004141479 0.9510564 0.3090165 -0.0004141473 0.9510566 0 0 0 -0.2079113 0.0002786666 -0.9781477 -0.2079118 0.0002786673 -0.9781475 0.2079118 -0.0002786673 0.9781475 0.2079113 -0.0002786666 0.9781477 0 0 0 -0.1045281 0.0001401329 -0.9945219 -0.1045286 0.0001401336 -0.9945219 0.1045286 -0.0001401336 0.9945219 0.1045281 -0.0001401329 0.9945219 0 0 0 2.591181e-07 6.380196e-08 -1 -2.589452e-07 6.449618e-08 -1 2.589452e-07 -6.449618e-08 1 -2.591181e-07 -6.380196e-08 1 0 0 0 0.1045286 -0.000140006 -0.9945219 0.1045281 -0.0001400053 -0.9945219 -0.1045281 0.0001400053 0.9945219 -0.1045286 0.000140006 0.9945219 0 0 0 0.2079118 -0.0002785418 -0.9781475 0.2079113 -0.0002785411 -0.9781477 -0.2079113 0.0002785411 0.9781477 -0.2079118 0.0002785418 0.9781475 0 0 0 0.309017 -0.0004140259 -0.9510564 0.3090165 -0.0004140253 -0.9510566 -0.3090165 0.0004140253 0.9510566 -0.309017 0.0004140259 0.9510564 0 0 0 0.4067365 -0.0005449738 -0.9135454 0.4067361 -0.0005449732 -0.9135456 -0.4067361 0.0005449732 0.9135456 -0.4067365 0.0005449738 0.9135454 0 0 0 0.4999997 -0.0006699509 -0.8660253 0.4999994 -0.0006699503 -0.8660255 -0.4999994 0.0006699503 0.8660255 -0.4999997 0.0006699509 0.8660253 0 0 0 0.5877849 -0.0007875878 -0.8090169 0.5877846 -0.0007875874 -0.8090171 -0.5877846 0.0007875874 0.8090171 -0.5877849 0.0007875878 0.8090169 0 0 0 0.6691301 -0.0008965958 -0.7431447 0.6691299 -0.0008965954 -0.743145 -0.6691299 0.0008965954 0.743145 -0.6691301 0.0008965958 0.7431447 0 0 0 0.7431443 -0.0009957804 -0.6691305 0.743144 -0.0009957801 -0.6691307 -0.743144 0.0009957801 0.6691307 -0.7431443 0.0009957804 0.6691305 0 0 0 0.8090162 -0.001084055 -0.5877854 0.8090164 -0.001084055 -0.5877851 -0.8090162 0.001084055 0.5877854 -0.8090164 0.001084055 0.5877851 0 0 0 0.8660246 -0.001160453 -0.5000001 0.8660247 -0.001160453 -0.4999999 -0.8660246 0.001160453 0.5000001 -0.8660247 0.001160453 0.4999999 0 0 0 0.9135446 -0.001224136 -0.4067367 0.9135447 -0.001224136 -0.4067365 -0.9135446 0.001224136 0.4067367 -0.9135447 0.001224136 0.4067365 0 0 0 0.9335796 -0.001250986 -0.3583679 0.9335796 -0.001250986 -0.3583679 -0.9335796 0.001250986 0.3583679 -0.9335796 0.001250986 0.3583679 0 0 0 0.9335796 -0.001250986 -0.3583679 0.9510556 -0.001274408 -0.3090171 0.9510557 -0.001274408 -0.3090169 0.9335796 -0.001250986 -0.3583679 -0.9335796 0.001250986 0.3583679 -0.9335796 0.001250986 0.3583679 -0.9510556 0.001274408 0.3090171 -0.9510557 0.001274408 0.3090169 0 0 0 0.9781605 -0.001310735 -0.207847 0.9781317 -0.001310696 -0.2079823 -0.9781605 0.001310735 0.207847 -0.9781317 0.001310696 0.2079823 0 0 0 0.9876865 -0.001323503 -0.1564403 0.9876865 -0.001323503 -0.1564403 -0.9876865 0.001323503 0.1564403 -0.9876865 0.001323503 0.1564403 0 0 0 0.866134 -0.001167365 -0.4998106 0.866134 -0.001167365 -0.4998106 -0.866134 0.001167365 0.4998106 -0.866134 0.001167365 0.4998106 0 0 0 0.7934691 -0.001069428 -0.6086096 0.7934691 -0.001069428 -0.6086096 -0.7934691 0.001069428 0.6086096 -0.7934691 0.001069428 0.6086096 0 0 0 0.7072221 -0.0009531855 -0.7069908 0.7072221 -0.0009531855 -0.7069908 -0.7072221 0.0009531855 0.7069908 -0.7072221 0.0009531855 0.7069908 0 0 0 0.6088693 -0.0008206268 -0.7932701 0.6088693 -0.0008206268 -0.7932701 -0.6088693 0.0008206268 0.7932701 -0.6088693 0.0008206268 0.7932701 0 0 0 0.5000942 -0.000674021 -0.8659707 0.5000942 -0.000674021 -0.8659707 -0.5000942 0.000674021 0.8659707 -0.5000942 0.000674021 0.8659707 0 0 0 0.3827589 -0.0005158778 -0.9238481 0.3827589 -0.0005158778 -0.9238481 -0.3827589 0.0005158778 0.9238481 -0.3827589 0.0005158778 0.9238481 0 0 0 0.2588716 -0.0003489041 -0.9659117 0.2588716 -0.0003489041 -0.9659117 -0.2588716 0.0003489041 0.9659117 -0.2588716 0.0003489041 0.9659117 0 0 0 0.1325805 -0.0001786904 -0.9911722 0.1325805 -0.0001786904 -0.9911722 -0.1325805 0.0001786904 0.9911722 -0.1325805 0.0001786904 0.9911722 0 0 0 0.0694975 -9.36679e-05 -0.9975821 0.0694975 -9.36679e-05 -0.9975821 -0.0694975 9.36679e-05 0.9975821 -0.0694975 9.36679e-05 0.9975821 0 0 0 3.501423e-18 2.597903e-15 -1 3.501423e-18 2.597903e-15 -1 3.501423e-18 2.597903e-15 -1 3.501423e-18 2.597903e-15 -1 -3.501423e-18 -2.597903e-15 1 -3.501423e-18 -2.597903e-15 1 -3.501423e-18 -2.597903e-15 1 -3.501423e-18 -2.597903e-15 1 0 0 0 -0.1325271 0.0001786185 -0.9911794 -0.06947194 9.363345e-05 -0.9975839 -0.1325271 0.0001786185 -0.9911794 -0.06947194 9.363345e-05 -0.9975839 0.06947194 -9.363345e-05 0.9975839 0.1325271 -0.0001786185 0.9911794 0.06947194 -9.363345e-05 0.9975839 0.1325271 -0.0001786185 0.9911794 0 0 0 -0.258766 0.0003487617 -0.96594 -0.258766 0.0003487617 -0.96594 0.258766 -0.0003487617 0.96594 0.258766 -0.0003487617 0.96594 0 0 0 -0.3826073 0.0005156736 -0.9239109 -0.3826073 0.0005156736 -0.9239109 0.3826073 -0.0005156736 0.9239109 0.3826073 -0.0005156736 0.9239109 0 0 0 -0.4999048 0.0006737658 -0.8660801 -0.4999048 0.0006737658 -0.8660801 0.4999048 -0.0006737658 0.8660801 0.4999048 -0.0006737658 0.8660801 0 0 0 -0.6086524 0.0008203345 -0.7934365 -0.6086524 0.0008203345 -0.7934365 0.6086524 -0.0008203345 0.7934365 0.6086524 -0.0008203345 0.7934365 0 0 0 -0.7069901 0.0009528729 -0.7072228 -0.7069901 0.0009528729 -0.7072228 0.7069901 -0.0009528729 0.7072228 0.7069901 -0.0009528729 0.7072228 0 0 0 -0.7932361 0.001069114 -0.6089132 -0.7932361 0.001069114 -0.6089132 0.7932361 -0.001069114 0.6089132 0.7932361 -0.001069114 0.6089132 0 0 0 -0.8659152 0.00116707 -0.5001894 -0.8659152 0.00116707 -0.5001894 0.8659152 -0.00116707 0.5001894 0.8659152 -0.00116707 0.5001894 0 0 0 -0.9237845 0.001245066 -0.3829107 -0.9237845 0.001245066 -0.3829107 0.9237845 -0.001245066 0.3829107 0.9237845 -0.001245066 0.3829107 0 0 0 -0.9658542 0.001301767 -0.2590831 -0.9658542 0.001301767 -0.2590831 0.9658542 -0.001301767 0.2590831 0.9658542 -0.001301767 0.2590831 0 0 0 -0.9911465 0.001335855 -0.132766 -0.9911465 0.001335855 -0.132766 0.9911465 -0.001335855 0.132766 0.9911465 -0.001335855 0.132766 0 0 0 -0.9975723 0.001344516 -0.0696254 -0.9975723 0.001344516 -0.0696254 0.9975723 -0.001344516 0.0696254 0.9975723 -0.001344516 0.0696254 -0.991444 0.001336215 0.1305262 -0.997858 0.001344862 0.06540313 -0.991444 0.001336215 0.1305262 -0.997858 0.001344862 0.06540313 0.997858 -0.001344862 -0.06540313 0.991444 -0.001336215 -0.1305262 0.997858 -0.001344862 -0.06540313 0.991444 -0.001336215 -0.1305262 0 0 0 0 0 0 -1.388575e-08 1.513065e-06 1 -1.388575e-08 1.513065e-06 1 -1.388575e-08 1.513065e-06 1 -1.388575e-08 1.513065e-06 1 1.388575e-08 -1.513065e-06 -1 1.388575e-08 -1.513065e-06 -1 1.388575e-08 -1.513065e-06 -1 1.388575e-08 -1.513065e-06 -1 0 0 0 0 0 0 -0.9939232 0.001332668 0.1100679 -0.9997054 0.001340963 0.0242332 -0.9939229 0.001332668 0.1100703 -0.9997054 0.001340963 0.0242332 0.9997054 -0.001340963 -0.0242332 0.9939232 -0.001332668 -0.1100679 0.9997054 -0.001340963 -0.0242332 0.9939229 -0.001332668 -0.1100703 0 0 0 0 0 0 0.001248253 0.9999992 -0.000122106 0.001248253 0.9999992 -0.000122106 0.001248253 0.9999992 -0.000122106 0.001248253 0.9999992 -0.000122106 0.001248253 0.9999992 -0.000122106 0.001248253 0.9999992 -0.000122106 0.001248253 0.9999992 -0.000122106 0.001248253 0.9999992 -0.000122106 0.001248253 0.9999992 -0.000122106 0.001248253 0.9999992 -0.000122106 0.001248253 0.9999992 -0.000122106 0.001248253 0.9999992 -0.000122106 0.001248253 0.9999992 -0.000122106 0.001248253 0.9999992 -0.000122106 0.001248253 0.9999992 -0.000122106 0.001248253 0.9999992 -0.000122106 0.001248253 0.9999992 -0.000122106 0.001248253 0.9999992 -0.000122106 0.001248253 0.9999992 -0.000122106 0.001248253 0.9999992 -0.000122106 0.001248253 0.9999992 -0.000122106 0.001248253 0.9999992 -0.000122106 0.001248253 0.9999992 -0.000122106 0.001248253 0.9999992 -0.000122106 0.001248253 0.9999992 -0.000122106 0.001248253 0.9999992 -0.000122106 0.001248253 0.9999992 -0.000122106 0.001248253 0.9999992 -0.000122106 0.001248253 0.9999992 -0.000122106 0.001248253 0.9999992 -0.000122106 0.001248253 0.9999992 -0.000122106 0.001248253 0.9999992 -0.000122106 0.001248253 0.9999992 -0.000122106 0.001248253 0.9999992 -0.000122106 0.001248253 0.9999992 -0.000122106 0.001248253 0.9999992 -0.000122106 0.001248253 0.9999992 -0.000122106 0.001248253 0.9999992 -0.000122106 0.001248253 0.9999992 -0.000122106 0.001248253 0.9999992 -0.000122106 0.001248253 0.9999992 -0.000122106 0.001248253 0.9999992 -0.000122106 0.001248253 0.9999992 -0.000122106 0.001248253 0.9999992 -0.000122106 0.001248253 0.9999992 -0.000122106 0.001248253 0.9999992 -0.000122106 0.001248253 0.9999992 -0.000122106 0.001248253 0.9999992 -0.000122106 0.001248253 0.9999992 -0.000122106 0.001248253 0.9999992 -0.000122106 0.001248253 0.9999992 -0.000122106 0.001248253 0.9999992 -0.000122106 0.001248253 0.9999992 -0.000122106 0.001248253 0.9999992 -0.000122106 0.001248253 0.9999992 -0.000122106 0.001248253 0.9999992 -0.000122106 0.001248253 0.9999992 -0.000122106 0.001248253 0.9999992 -0.000122106 0.001248253 0.9999992 -0.000122106 0.001248253 0.9999992 -0.000122106 0.001248253 0.9999992 -0.000122106 -0.001248253 -0.9999992 0.000122106 -0.001248253 -0.9999992 0.000122106 -0.001248253 -0.9999992 0.000122106 -0.001248253 -0.9999992 0.000122106 -0.001248253 -0.9999992 0.000122106 -0.001248253 -0.9999992 0.000122106 -0.001248253 -0.9999992 0.000122106 -0.001248253 -0.9999992 0.000122106 -0.001248253 -0.9999992 0.000122106 -0.001248253 -0.9999992 0.000122106 -0.001248253 -0.9999992 0.000122106 -0.001248253 -0.9999992 0.000122106 -0.001248253 -0.9999992 0.000122106 -0.001248253 -0.9999992 0.000122106 -0.001248253 -0.9999992 0.000122106 -0.001248253 -0.9999992 0.000122106 -0.001248253 -0.9999992 0.000122106 -0.001248253 -0.9999992 0.000122106 -0.001248253 -0.9999992 0.000122106 -0.001248253 -0.9999992 0.000122106 -0.001248253 -0.9999992 0.000122106 -0.001248253 -0.9999992 0.000122106 -0.001248253 -0.9999992 0.000122106 -0.001248253 -0.9999992 0.000122106 -0.001248253 -0.9999992 0.000122106 -0.001248253 -0.9999992 0.000122106 -0.001248253 -0.9999992 0.000122106 -0.001248253 -0.9999992 0.000122106 -0.001248253 -0.9999992 0.000122106 -0.001248253 -0.9999992 0.000122106 -0.001248253 -0.9999992 0.000122106 -0.001248253 -0.9999992 0.000122106 -0.001248253 -0.9999992 0.000122106 -0.001248253 -0.9999992 0.000122106 -0.001248253 -0.9999992 0.000122106 -0.001248253 -0.9999992 0.000122106 -0.001248253 -0.9999992 0.000122106 -0.001248253 -0.9999992 0.000122106 -0.001248253 -0.9999992 0.000122106 -0.001248253 -0.9999992 0.000122106 -0.001248253 -0.9999992 0.000122106 -0.001248253 -0.9999992 0.000122106 -0.001248253 -0.9999992 0.000122106 -0.001248253 -0.9999992 0.000122106 -0.001248253 -0.9999992 0.000122106 -0.001248253 -0.9999992 0.000122106 -0.001248253 -0.9999992 0.000122106 -0.001248253 -0.9999992 0.000122106 -0.001248253 -0.9999992 0.000122106 -0.001248253 -0.9999992 0.000122106 -0.001248253 -0.9999992 0.000122106 -0.001248253 -0.9999992 0.000122106 -0.001248253 -0.9999992 0.000122106 -0.001248253 -0.9999992 0.000122106 -0.001248253 -0.9999992 0.000122106 -0.001248253 -0.9999992 0.000122106 -0.001248253 -0.9999992 0.000122106 -0.001248253 -0.9999992 0.000122106 -0.001248253 -0.9999992 0.000122106 -0.001248253 -0.9999992 0.000122106 -0.001248253 -0.9999992 0.000122106 0 0 0 0 0 0 0 0 0 0 0 0 0 0 0 0 0 0 0 0 0 0 0 0 0 0 0 0 0 0 0 0 0 0 0 0 0 0 0 0 0 0 0 0 0 0 0 0 0 0 0 0 0 0 0 0 0 0 0 0 0 0 0 0 0 0 0 0 0 0 0 0 0 0 0 0 0 0 0 0 0 0 0 0 0 0 0 0 0 0 0 0 0 0 0 0 0 0 0 0 0 0 0 0 0 0 0 0 0 0 0 0 0 0 0 0 0 0 0 0 0 0 0 0 0 0 0 0 0 0 0 0 0 0 0 0 0 0 0 0 0 0 0 0 0 0 0 0 0 0 0 0 0 0 0 0 0 0 0 0 0 0 0 0 0 0 0 0 0 0 0 0 0 0 -2.467129e-08 7.891303e-22 1 -2.467129e-08 7.891303e-22 1 -2.467129e-08 7.891303e-22 1 -2.467129e-08 7.891303e-22 1 2.467129e-08 -7.891303e-22 -1 2.467129e-08 -7.891303e-22 -1 2.467129e-08 -7.891303e-22 -1 2.467129e-08 -7.891303e-22 -1 0 0 0 0 0 0 -0.991444 0.001336215 0.1305262 -0.997858 0.001344862 0.06540313 -0.991444 0.001336215 0.1305262 -0.997858 0.001344862 0.06540313 0.997858 -0.001344862 -0.06540313 0.991444 -0.001336215 -0.1305262 0.997858 -0.001344862 -0.06540313 0.991444 -0.001336215 -0.1305262 0 0 0 0 0 0 -2.467129e-08 -1.091878e-22 1 -2.467129e-08 -1.091878e-22 1 -2.467129e-08 -1.091878e-22 1 -2.467129e-08 -1.091878e-22 1 2.467129e-08 1.091878e-22 -1 2.467129e-08 1.091878e-22 -1 2.467129e-08 1.091878e-22 -1 2.467129e-08 1.091878e-22 -1 0 0 0 0 0 0 0.001333826 0.9999991 3.488333e-07 0.001333826 0.9999991 3.488333e-07 0.001333826 0.9999991 3.488333e-07 0.001333826 0.9999991 3.488333e-07 0.001333826 0.9999991 3.488333e-07 0.001333826 0.9999991 3.488333e-07 0.001333826 0.9999991 3.488333e-07 0.001333826 0.9999991 3.488333e-07 0.001333826 0.9999991 3.488333e-07 0.001333826 0.9999991 3.488333e-07 0.001333826 0.9999991 3.488333e-07 0.001333826 0.9999991 3.488333e-07 0.001333826 0.9999991 3.488333e-07 0.001333826 0.9999991 3.488333e-07 0.001333826 0.9999991 3.488333e-07 0.001333826 0.9999991 3.488333e-07 0.001333826 0.9999991 3.488333e-07 0.001333826 0.9999991 3.488333e-07 0.001333826 0.9999991 3.488333e-07 0.001333826 0.9999991 3.488333e-07 0.001333826 0.9999991 3.488333e-07 0.001333826 0.9999991 3.488333e-07 0.001333826 0.9999991 3.488333e-07 0.001333826 0.9999991 3.488333e-07 0.001333826 0.9999991 3.488333e-07 0.001333826 0.9999991 3.488333e-07 0.001333826 0.9999991 3.488333e-07 0.001333826 0.9999991 3.488333e-07 0.001333826 0.9999991 3.488333e-07 0.001333826 0.9999991 3.488333e-07 0.001333826 0.9999991 3.488333e-07 0.001333826 0.9999991 3.488333e-07 0.001333826 0.9999991 3.488333e-07 0.001333826 0.9999991 3.488333e-07 0.001333826 0.9999991 3.488333e-07 0.001333826 0.9999991 3.488333e-07 0.001333826 0.9999991 3.488333e-07 0.001333826 0.9999991 3.488333e-07 0.001333826 0.9999991 3.488333e-07 0.001333826 0.9999991 3.488333e-07 0.001333826 0.9999991 3.488333e-07 0.001333826 0.9999991 3.488333e-07 0.001333826 0.9999991 3.488333e-07 0.001333826 0.9999991 3.488333e-07 0.001333826 0.9999991 3.488333e-07 0.001333826 0.9999991 3.488333e-07 0.001333826 0.9999991 3.488333e-07 0.001333826 0.9999991 3.488333e-07 0.001333826 0.9999991 3.488333e-07 0.001333826 0.9999991 3.488333e-07 0.001333826 0.9999991 3.488333e-07 0.001333826 0.9999991 3.488333e-07 0.001333826 0.9999991 3.488333e-07 0.001333826 0.9999991 3.488333e-07 0.001333826 0.9999991 3.488333e-07 0.001333826 0.9999991 3.488333e-07 0.001333826 0.9999991 3.488333e-07 0.001333826 0.9999991 3.488333e-07 0.001333826 0.9999991 3.488333e-07 0.001333826 0.9999991 3.488333e-07 0.001333826 0.9999991 3.488333e-07 0.001333826 0.9999991 3.488333e-07 0.001333826 0.9999991 3.488333e-07 0.001333826 0.9999991 3.488333e-07 0.001333826 0.9999991 3.488333e-07 0.001333826 0.9999991 3.488333e-07 0.001333826 0.9999991 3.488333e-07 0.001333826 0.9999991 3.488333e-07 0.001333826 0.9999991 3.488333e-07 0.001333826 0.9999991 3.488333e-07 0.001333826 0.9999991 3.488333e-07 0.001333826 0.9999991 3.488333e-07 0.001333826 0.9999991 3.488333e-07 0.001333826 0.9999991 3.488333e-07 0.001333826 0.9999991 3.488333e-07 0.001333826 0.9999991 3.488333e-07 0.001333826 0.9999991 3.488333e-07 0.001333826 0.9999991 3.488333e-07 0.001333826 0.9999991 3.488333e-07 0.001333826 0.9999991 3.488333e-07 0.001333826 0.9999991 3.488333e-07 0.001333826 0.9999991 3.488333e-07 0.001333826 0.9999991 3.488333e-07 0.001333826 0.9999991 3.488333e-07 0.001333826 0.9999991 3.488333e-07 0.001333826 0.9999991 3.488333e-07 0.001333826 0.9999991 3.488333e-07 0.001333826 0.9999991 3.488333e-07 0.001333826 0.9999991 3.488333e-07 0.001333826 0.9999991 3.488333e-07 0.001333826 0.9999991 3.488333e-07 0.001333826 0.9999991 3.488333e-07 0.001333826 0.9999991 3.488333e-07 0.001333826 0.9999991 3.488333e-07 0.001333826 0.9999991 3.488333e-07 0.001333826 0.9999991 3.488333e-07 0.001333826 0.9999991 3.488333e-07 0.001333826 0.9999991 3.488333e-07 0.001333826 0.9999991 3.488333e-07 0.001333826 0.9999991 3.488333e-07 0.001333826 0.9999991 3.488333e-07 0.001333826 0.9999991 3.488333e-07 0.001333826 0.9999991 3.488333e-07 0.001333826 0.9999991 3.488333e-07 0.001333826 0.9999991 3.488333e-07 0.001333826 0.9999991 3.488333e-07 0.001333826 0.9999991 3.488333e-07 0.001333826 0.9999991 3.488333e-07 0.001333826 0.9999991 3.488333e-07 0.001333826 0.9999991 3.488333e-07 0.001333826 0.9999991 3.488333e-07 0.001333826 0.9999991 3.488333e-07 0.001333826 0.9999991 3.488333e-07 0.001333826 0.9999991 3.488333e-07 0.001333826 0.9999991 3.488333e-07 0.001333826 0.9999991 3.488333e-07 0.001333826 0.9999991 3.488333e-07 0.001333826 0.9999991 3.488333e-07 0.001333826 0.9999991 3.488333e-07 0.001333826 0.9999991 3.488333e-07 0.001333826 0.9999991 3.488333e-07 0.001333826 0.9999991 3.488333e-07 0.001333826 0.9999991 3.488333e-07 0.001333826 0.9999991 3.488333e-07 0.001333826 0.9999991 3.488333e-07 0.001333826 0.9999991 3.488333e-07 0.001333826 0.9999991 3.488333e-07 0.001333826 0.9999991 3.488333e-07 0.001333826 0.9999991 3.488333e-07 0.001333826 0.9999991 3.488333e-07 0.001333826 0.9999991 3.488333e-07 0.001333826 0.9999991 3.488333e-07 0.001333826 0.9999991 3.488333e-07 0.001333826 0.9999991 3.488333e-07 0.001333826 0.9999991 3.488333e-07 0.001333826 0.9999991 3.488333e-07 0.001333826 0.9999991 3.488333e-07 0.001333826 0.9999991 3.488333e-07 0.001333826 0.9999991 3.488333e-07 0.001333826 0.9999991 3.488333e-07 0.001333826 0.9999991 3.488333e-07 0.001333826 0.9999991 3.488333e-07 0.001333826 0.9999991 3.488333e-07 0.001333826 0.9999991 3.488333e-07 0.001333826 0.9999991 3.488333e-07 0.001333826 0.9999991 3.488333e-07 0.001333826 0.9999991 3.488333e-07 0.001333826 0.9999991 3.488333e-07 0.001333826 0.9999991 3.488333e-07 0.001333826 0.9999991 3.488333e-07 0.001333826 0.9999991 3.488333e-07 0.001333826 0.9999991 3.488333e-07 0.001333826 0.9999991 3.488333e-07 0.001333826 0.9999991 3.488333e-07 0.001333826 0.9999991 3.488333e-07 0.001333826 0.9999991 3.488333e-07 0.001333826 0.9999991 3.488333e-07 0.001333826 0.9999991 3.488333e-07 0.001333826 0.9999991 3.488333e-07 0.001333826 0.9999991 3.488333e-07 0.001333826 0.9999991 3.488333e-07 0.001333826 0.9999991 3.488333e-07 0.001333826 0.9999991 3.488333e-07 0.001333826 0.9999991 3.488333e-07 0.001333826 0.9999991 3.488333e-07 0.001333826 0.9999991 3.488333e-07 0.001333826 0.9999991 3.488333e-07 0.001333826 0.9999991 3.488333e-07 0.001333826 0.9999991 3.488333e-07 0.001333826 0.9999991 3.488333e-07 0.001333826 0.9999991 3.488333e-07 0.001333826 0.9999991 3.488333e-07 0.001333826 0.9999991 3.488333e-07 0.001333826 0.9999991 3.488333e-07 0.001333826 0.9999991 3.488333e-07 0.001333826 0.9999991 3.488333e-07 0.001333826 0.9999991 3.488333e-07 0.001333826 0.9999991 3.488333e-07 0.001333826 0.9999991 3.488333e-07 0.001333826 0.9999991 3.488333e-07 0.001333826 0.9999991 3.488333e-07 0.001333826 0.9999991 3.488333e-07 0.001333826 0.9999991 3.488333e-07 0.001333826 0.9999991 3.488333e-07 0.001333826 0.9999991 3.488333e-07 0.001333826 0.9999991 3.488333e-07 0.001333826 0.9999991 3.488333e-07 0.001333826 0.9999991 3.488333e-07 0.001333826 0.9999991 3.488333e-07 0.001333826 0.9999991 3.488333e-07 0.001333826 0.9999991 3.488333e-07 0.001333826 0.9999991 3.488333e-07 0.001333826 0.9999991 3.488333e-07 0.001333826 0.9999991 3.488333e-07 0.001333826 0.9999991 3.488333e-07 0.001333826 0.9999991 3.488333e-07 0.001333826 0.9999991 3.488333e-07 0.001333826 0.9999991 3.488333e-07 0.001333826 0.9999991 3.488333e-07 0.001333826 0.9999991 3.488333e-07 0.001333826 0.9999991 3.488333e-07 0.001333826 0.9999991 3.488333e-07 0.001333826 0.9999991 3.488333e-07 0.001333826 0.9999991 3.488333e-07 0.001333826 0.9999991 3.488333e-07 0.001333826 0.9999991 3.488333e-07 0.001333826 0.9999991 3.488333e-07 0.001333826 0.9999991 3.488333e-07 0.001333826 0.9999991 3.488333e-07 0.001333826 0.9999991 3.488333e-07 0.001333826 0.9999991 3.488333e-07 0.001333826 0.9999991 3.488333e-07 0.001333826 0.9999991 3.488333e-07 0.001333826 0.9999991 3.488333e-07 0.001333826 0.9999991 3.488333e-07 0.001333826 0.9999991 3.488333e-07 0.001333826 0.9999991 3.488333e-07 0.001333826 0.9999991 3.488333e-07 0.001333826 0.9999991 3.488333e-07 0.001333826 0.9999991 3.488333e-07 0.001333826 0.9999991 3.488333e-07 0.001333826 0.9999991 3.488333e-07 0.001333826 0.9999991 3.488333e-07 0.001333826 0.9999991 3.488333e-07 0.001333826 0.9999991 3.488333e-07 0.001333826 0.9999991 3.488333e-07 0.001333826 0.9999991 3.488333e-07 0.001333826 0.9999991 3.488333e-07 0.001333826 0.9999991 3.488333e-07 0.001333826 0.9999991 3.488333e-07 0.001333826 0.9999991 3.488333e-07 0.001333826 0.9999991 3.488333e-07 0.001333826 0.9999991 3.488333e-07 0.001333826 0.9999991 3.488333e-07 0.001333826 0.9999991 3.488333e-07 0.001333826 0.9999991 3.488333e-07 0.001333826 0.9999991 3.488333e-07 0.001333826 0.9999991 3.488333e-07 0.001333826 0.9999991 3.488333e-07 0.001333826 0.9999991 3.488333e-07 0.001333826 0.9999991 3.488333e-07 0.001333826 0.9999991 3.488333e-07 0.001333826 0.9999991 3.488333e-07 0.001333826 0.9999991 3.488333e-07 0.001333826 0.9999991 3.488333e-07 0.001333826 0.9999991 3.488333e-07 0.001333826 0.9999991 3.488333e-07 0.001333826 0.9999991 3.488333e-07 0.001333826 0.9999991 3.488333e-07 0.001333826 0.9999991 3.488333e-07 0.001333826 0.9999991 3.488333e-07 0.001333826 0.9999991 3.488333e-07 -0.001333826 -0.9999991 -3.488333e-07 -0.001333826 -0.9999991 -3.488333e-07 -0.001333826 -0.9999991 -3.488333e-07 -0.001333826 -0.9999991 -3.488333e-07 -0.001333826 -0.9999991 -3.488333e-07 -0.001333826 -0.9999991 -3.488333e-07 -0.001333826 -0.9999991 -3.488333e-07 -0.001333826 -0.9999991 -3.488333e-07 -0.001333826 -0.9999991 -3.488333e-07 -0.001333826 -0.9999991 -3.488333e-07 -0.001333826 -0.9999991 -3.488333e-07 -0.001333826 -0.9999991 -3.488333e-07 -0.001333826 -0.9999991 -3.488333e-07 -0.001333826 -0.9999991 -3.488333e-07 -0.001333826 -0.9999991 -3.488333e-07 -0.001333826 -0.9999991 -3.488333e-07 -0.001333826 -0.9999991 -3.488333e-07 -0.001333826 -0.9999991 -3.488333e-07 -0.001333826 -0.9999991 -3.488333e-07 -0.001333826 -0.9999991 -3.488333e-07 -0.001333826 -0.9999991 -3.488333e-07 -0.001333826 -0.9999991 -3.488333e-07 -0.001333826 -0.9999991 -3.488333e-07 -0.001333826 -0.9999991 -3.488333e-07 -0.001333826 -0.9999991 -3.488333e-07 -0.001333826 -0.9999991 -3.488333e-07 -0.001333826 -0.9999991 -3.488333e-07 -0.001333826 -0.9999991 -3.488333e-07 -0.001333826 -0.9999991 -3.488333e-07 -0.001333826 -0.9999991 -3.488333e-07 -0.001333826 -0.9999991 -3.488333e-07 -0.001333826 -0.9999991 -3.488333e-07 -0.001333826 -0.9999991 -3.488333e-07 -0.001333826 -0.9999991 -3.488333e-07 -0.001333826 -0.9999991 -3.488333e-07 -0.001333826 -0.9999991 -3.488333e-07 -0.001333826 -0.9999991 -3.488333e-07 -0.001333826 -0.9999991 -3.488333e-07 -0.001333826 -0.9999991 -3.488333e-07 -0.001333826 -0.9999991 -3.488333e-07 -0.001333826 -0.9999991 -3.488333e-07 -0.001333826 -0.9999991 -3.488333e-07 -0.001333826 -0.9999991 -3.488333e-07 -0.001333826 -0.9999991 -3.488333e-07 -0.001333826 -0.9999991 -3.488333e-07 -0.001333826 -0.9999991 -3.488333e-07 -0.001333826 -0.9999991 -3.488333e-07 -0.001333826 -0.9999991 -3.488333e-07 -0.001333826 -0.9999991 -3.488333e-07 -0.001333826 -0.9999991 -3.488333e-07 -0.001333826 -0.9999991 -3.488333e-07 -0.001333826 -0.9999991 -3.488333e-07 -0.001333826 -0.9999991 -3.488333e-07 -0.001333826 -0.9999991 -3.488333e-07 -0.001333826 -0.9999991 -3.488333e-07 -0.001333826 -0.9999991 -3.488333e-07 -0.001333826 -0.9999991 -3.488333e-07 -0.001333826 -0.9999991 -3.488333e-07 -0.001333826 -0.9999991 -3.488333e-07 -0.001333826 -0.9999991 -3.488333e-07 -0.001333826 -0.9999991 -3.488333e-07 -0.001333826 -0.9999991 -3.488333e-07 -0.001333826 -0.9999991 -3.488333e-07 -0.001333826 -0.9999991 -3.488333e-07 -0.001333826 -0.9999991 -3.488333e-07 -0.001333826 -0.9999991 -3.488333e-07 -0.001333826 -0.9999991 -3.488333e-07 -0.001333826 -0.9999991 -3.488333e-07 -0.001333826 -0.9999991 -3.488333e-07 -0.001333826 -0.9999991 -3.488333e-07 -0.001333826 -0.9999991 -3.488333e-07 -0.001333826 -0.9999991 -3.488333e-07 -0.001333826 -0.9999991 -3.488333e-07 -0.001333826 -0.9999991 -3.488333e-07 -0.001333826 -0.9999991 -3.488333e-07 -0.001333826 -0.9999991 -3.488333e-07 -0.001333826 -0.9999991 -3.488333e-07 -0.001333826 -0.9999991 -3.488333e-07 -0.001333826 -0.9999991 -3.488333e-07 -0.001333826 -0.9999991 -3.488333e-07 -0.001333826 -0.9999991 -3.488333e-07 -0.001333826 -0.9999991 -3.488333e-07 -0.001333826 -0.9999991 -3.488333e-07 -0.001333826 -0.9999991 -3.488333e-07 -0.001333826 -0.9999991 -3.488333e-07 -0.001333826 -0.9999991 -3.488333e-07 -0.001333826 -0.9999991 -3.488333e-07 -0.001333826 -0.9999991 -3.488333e-07 -0.001333826 -0.9999991 -3.488333e-07 -0.001333826 -0.9999991 -3.488333e-07 -0.001333826 -0.9999991 -3.488333e-07 -0.001333826 -0.9999991 -3.488333e-07 -0.001333826 -0.9999991 -3.488333e-07 -0.001333826 -0.9999991 -3.488333e-07 -0.001333826 -0.9999991 -3.488333e-07 -0.001333826 -0.9999991 -3.488333e-07 -0.001333826 -0.9999991 -3.488333e-07 -0.001333826 -0.9999991 -3.488333e-07 -0.001333826 -0.9999991 -3.488333e-07 -0.001333826 -0.9999991 -3.488333e-07 -0.001333826 -0.9999991 -3.488333e-07 -0.001333826 -0.9999991 -3.488333e-07 -0.001333826 -0.9999991 -3.488333e-07 -0.001333826 -0.9999991 -3.488333e-07 -0.001333826 -0.9999991 -3.488333e-07 -0.001333826 -0.9999991 -3.488333e-07 -0.001333826 -0.9999991 -3.488333e-07 -0.001333826 -0.9999991 -3.488333e-07 -0.001333826 -0.9999991 -3.488333e-07 -0.001333826 -0.9999991 -3.488333e-07 -0.001333826 -0.9999991 -3.488333e-07 -0.001333826 -0.9999991 -3.488333e-07 -0.001333826 -0.9999991 -3.488333e-07 -0.001333826 -0.9999991 -3.488333e-07 -0.001333826 -0.9999991 -3.488333e-07 -0.001333826 -0.9999991 -3.488333e-07 -0.001333826 -0.9999991 -3.488333e-07 -0.001333826 -0.9999991 -3.488333e-07 -0.001333826 -0.9999991 -3.488333e-07 -0.001333826 -0.9999991 -3.488333e-07 -0.001333826 -0.9999991 -3.488333e-07 -0.001333826 -0.9999991 -3.488333e-07 -0.001333826 -0.9999991 -3.488333e-07 -0.001333826 -0.9999991 -3.488333e-07 -0.001333826 -0.9999991 -3.488333e-07 -0.001333826 -0.9999991 -3.488333e-07 -0.001333826 -0.9999991 -3.488333e-07 -0.001333826 -0.9999991 -3.488333e-07 -0.001333826 -0.9999991 -3.488333e-07 -0.001333826 -0.9999991 -3.488333e-07 -0.001333826 -0.9999991 -3.488333e-07 -0.001333826 -0.9999991 -3.488333e-07 -0.001333826 -0.9999991 -3.488333e-07 -0.001333826 -0.9999991 -3.488333e-07 -0.001333826 -0.9999991 -3.488333e-07 -0.001333826 -0.9999991 -3.488333e-07 -0.001333826 -0.9999991 -3.488333e-07 -0.001333826 -0.9999991 -3.488333e-07 -0.001333826 -0.9999991 -3.488333e-07 -0.001333826 -0.9999991 -3.488333e-07 -0.001333826 -0.9999991 -3.488333e-07 -0.001333826 -0.9999991 -3.488333e-07 -0.001333826 -0.9999991 -3.488333e-07 -0.001333826 -0.9999991 -3.488333e-07 -0.001333826 -0.9999991 -3.488333e-07 -0.001333826 -0.9999991 -3.488333e-07 -0.001333826 -0.9999991 -3.488333e-07 -0.001333826 -0.9999991 -3.488333e-07 -0.001333826 -0.9999991 -3.488333e-07 -0.001333826 -0.9999991 -3.488333e-07 -0.001333826 -0.9999991 -3.488333e-07 -0.001333826 -0.9999991 -3.488333e-07 -0.001333826 -0.9999991 -3.488333e-07 -0.001333826 -0.9999991 -3.488333e-07 -0.001333826 -0.9999991 -3.488333e-07 -0.001333826 -0.9999991 -3.488333e-07 -0.001333826 -0.9999991 -3.488333e-07 -0.001333826 -0.9999991 -3.488333e-07 -0.001333826 -0.9999991 -3.488333e-07 -0.001333826 -0.9999991 -3.488333e-07 -0.001333826 -0.9999991 -3.488333e-07 -0.001333826 -0.9999991 -3.488333e-07 -0.001333826 -0.9999991 -3.488333e-07 -0.001333826 -0.9999991 -3.488333e-07 -0.001333826 -0.9999991 -3.488333e-07 -0.001333826 -0.9999991 -3.488333e-07 -0.001333826 -0.9999991 -3.488333e-07 -0.001333826 -0.9999991 -3.488333e-07 -0.001333826 -0.9999991 -3.488333e-07 -0.001333826 -0.9999991 -3.488333e-07 -0.001333826 -0.9999991 -3.488333e-07 -0.001333826 -0.9999991 -3.488333e-07 -0.001333826 -0.9999991 -3.488333e-07 -0.001333826 -0.9999991 -3.488333e-07 -0.001333826 -0.9999991 -3.488333e-07 -0.001333826 -0.9999991 -3.488333e-07 -0.001333826 -0.9999991 -3.488333e-07 -0.001333826 -0.9999991 -3.488333e-07 -0.001333826 -0.9999991 -3.488333e-07 -0.001333826 -0.9999991 -3.488333e-07 -0.001333826 -0.9999991 -3.488333e-07 -0.001333826 -0.9999991 -3.488333e-07 -0.001333826 -0.9999991 -3.488333e-07 -0.001333826 -0.9999991 -3.488333e-07 -0.001333826 -0.9999991 -3.488333e-07 -0.001333826 -0.9999991 -3.488333e-07 -0.001333826 -0.9999991 -3.488333e-07 -0.001333826 -0.9999991 -3.488333e-07 -0.001333826 -0.9999991 -3.488333e-07 -0.001333826 -0.9999991 -3.488333e-07 -0.001333826 -0.9999991 -3.488333e-07 -0.001333826 -0.9999991 -3.488333e-07 -0.001333826 -0.9999991 -3.488333e-07 -0.001333826 -0.9999991 -3.488333e-07 -0.001333826 -0.9999991 -3.488333e-07 -0.001333826 -0.9999991 -3.488333e-07 -0.001333826 -0.9999991 -3.488333e-07 -0.001333826 -0.9999991 -3.488333e-07 -0.001333826 -0.9999991 -3.488333e-07 -0.001333826 -0.9999991 -3.488333e-07 -0.001333826 -0.9999991 -3.488333e-07 -0.001333826 -0.9999991 -3.488333e-07 -0.001333826 -0.9999991 -3.488333e-07 -0.001333826 -0.9999991 -3.488333e-07 -0.001333826 -0.9999991 -3.488333e-07 -0.001333826 -0.9999991 -3.488333e-07 -0.001333826 -0.9999991 -3.488333e-07 -0.001333826 -0.9999991 -3.488333e-07 -0.001333826 -0.9999991 -3.488333e-07 -0.001333826 -0.9999991 -3.488333e-07 -0.001333826 -0.9999991 -3.488333e-07 -0.001333826 -0.9999991 -3.488333e-07 -0.001333826 -0.9999991 -3.488333e-07 -0.001333826 -0.9999991 -3.488333e-07 -0.001333826 -0.9999991 -3.488333e-07 -0.001333826 -0.9999991 -3.488333e-07 -0.001333826 -0.9999991 -3.488333e-07 -0.001333826 -0.9999991 -3.488333e-07 -0.001333826 -0.9999991 -3.488333e-07 -0.001333826 -0.9999991 -3.488333e-07 -0.001333826 -0.9999991 -3.488333e-07 -0.001333826 -0.9999991 -3.488333e-07 -0.001333826 -0.9999991 -3.488333e-07 -0.001333826 -0.9999991 -3.488333e-07 -0.001333826 -0.9999991 -3.488333e-07 -0.001333826 -0.9999991 -3.488333e-07 -0.001333826 -0.9999991 -3.488333e-07 -0.001333826 -0.9999991 -3.488333e-07 -0.001333826 -0.9999991 -3.488333e-07 -0.001333826 -0.9999991 -3.488333e-07 -0.001333826 -0.9999991 -3.488333e-07 -0.001333826 -0.9999991 -3.488333e-07 -0.001333826 -0.9999991 -3.488333e-07 -0.001333826 -0.9999991 -3.488333e-07 -0.001333826 -0.9999991 -3.488333e-07 -0.001333826 -0.9999991 -3.488333e-07 -0.001333826 -0.9999991 -3.488333e-07 -0.001333826 -0.9999991 -3.488333e-07 -0.001333826 -0.9999991 -3.488333e-07 -0.001333826 -0.9999991 -3.488333e-07 -0.001333826 -0.9999991 -3.488333e-07 -0.001333826 -0.9999991 -3.488333e-07 -0.001333826 -0.9999991 -3.488333e-07 -0.001333826 -0.9999991 -3.488333e-07 -0.001333826 -0.9999991 -3.488333e-07 -0.001333826 -0.9999991 -3.488333e-07 -0.001333826 -0.9999991 -3.488333e-07 -0.001333826 -0.9999991 -3.488333e-07 -0.001333826 -0.9999991 -3.488333e-07 -0.001333826 -0.9999991 -3.488333e-07 -0.001333826 -0.9999991 -3.488333e-07 -0.001333826 -0.9999991 -3.488333e-07 0 0 0 0 0 0 0 0 0 0 0 0 0 0 0 0 0 0 0 0 0 0 0 0 0 0 0 0 0 0 0 0 0 0 0 0 0 0 0 0 0 0 0 0 0 0 0 0 0 0 0 0 0 0 0 0 0 0 0 0 0 0 0 0 0 0 0 0 0 0 0 0 0 0 0 0 0 0 0 0 0 0 0 0 0 0 0 0 0 0 0 0 0 0 0 0 0 0 0 0 0 0 0 0 0 0 0 0 0 0 0 0 0 0 0 0 0 0 0 0 0 0 0 0 0 0 0 0 0 0 0 0 0 0 0 0 0 0 0 0 0 0 0 0 0 0 0 0 0 0 0 0 0 0 0 0 0 0 0 0 0 0 0 0 0 0 0 0 0 0 0 0 0 0 0 0 0 0 0 0 0 0 0 0 0 0 0 0 0 0 0 0 0 0 0 0 0 0 0 0 0 0 0 0 0 0 0 0 0 0 0 0 0 0 0 0 0 0 0 0 0 0 0 0 0 0 0 0 0 0 0 0 0 0 0 0 0 0 0 0 0 0 0 0 0 0 0 0 0 0 0 0 0 0 0 0 0 0 0 0 0 0 0 0 0 0 0 0 0 0 0 0 0 0 0 0 0 0 0 0 0 0 0 0 0 0 0 0 0 0 0 0 0 0 0 0 0 0 0 0 0 0 0 0 0 0 0 0 0 0 0 0 0 0 0 0 0 0 0 0 0 0 0 0 0 0 0 0 0 0 0 0 0 0 0 0 0 0 0 0 0 0 0 0 0 0 0 0 0 0 0 0 0 0 0 0 0 0 0 0 0 0 0 0 0 0 0 0 0 0 0 0 0 0 0 0 0 0 0 0 0 0 0 0 0 0 0 0 0 0 0 0 0 0 0 0 0 0 0 0 0 0 0 0 0 0 0 0 0 0 0 0 0 0 0 0 0 0 0 0 0 0 0 0 0 0 0 0 0 0 0 0 0 0 0 0 0 0 0 0 0 0 0 0 0 0 0 0 0 0 0 0 0 0 0 0 0 0 0 0 0 0 0 0 0 0 0 0 0 0 0 0 0 0 0 0 0 0 0 0 0 0 0 0 0 0 0 0 0 0 0 0 0 0 0 0 0 0 0 0 0 0 0 0 0 0 0 0 0 0 0 0 0 0 0 0 0 0 0 0 0 0 0 0 0 0 0 0 0 0 0 0 0 0 0 0 0 0 0 0 0 0 0 0 0 0 0 0 0 0 0 0 0 0 0 0 0 0 0 0 0 0 0 0 0 0 0 0 0 0 0 0 0 0 0 0 0 0 0 0 0 0 0 0 0 0 0 0 0 0 0 0 0 0 0 0 0 0 0 0 0 0 0 0 0 0 0 0 0 0 0 0 0 0 0 0 0 0 0 0 0 0 0 0 0 0 0 0 0 0 0 0 0 0 0 0 0 0 0 0 0 0 0 0 0 0 0 0 0 0 0 0 0 0 0 0 0 0 0 0 0 0 0 -0.00134775 -0.9999991 -3.653043e-08 -0.00134775 -0.9999991 -3.653043e-08 -0.00134775 -0.9999991 -3.653043e-08 -0.00134775 -0.9999991 -3.653043e-08 -0.00134775 -0.9999991 -3.653043e-08 -0.00134775 -0.9999991 -3.653043e-08 -0.00134775 -0.9999991 -3.653043e-08 -0.00134775 -0.9999991 -3.653043e-08 -0.00134775 -0.9999991 -3.653043e-08 -0.00134775 -0.9999991 -3.653043e-08 -0.00134775 -0.9999991 -3.653043e-08 -0.00134775 -0.9999991 -3.653043e-08 -0.00134775 -0.9999991 -3.653043e-08 -0.00134775 -0.9999991 -3.653043e-08 0.00134775 0.9999991 3.653043e-08 0.00134775 0.9999991 3.653043e-08 0.00134775 0.9999991 3.653043e-08 0.00134775 0.9999991 3.653043e-08 0.00134775 0.9999991 3.653043e-08 0.00134775 0.9999991 3.653043e-08 0.00134775 0.9999991 3.653043e-08 0.00134775 0.9999991 3.653043e-08 0.00134775 0.9999991 3.653043e-08 0.00134775 0.9999991 3.653043e-08 0.00134775 0.9999991 3.653043e-08 0.00134775 0.9999991 3.653043e-08 0.00134775 0.9999991 3.653043e-08 0.00134775 0.9999991 3.653043e-08 0 0 0 0 0 0 0 0 0 0 0 0 0 0 0 0 0 0 0 0 0 0 0 0 0 0 0 0 0 0 0 0 0 -0.9659249 0.001301817 0.258819 -0.9659249 0.001301817 0.258819 0.9659249 -0.001301817 -0.258819 0.9659249 -0.001301817 -0.258819 0 0 0 0.00134775 0.9999991 3.653043e-08 0.00134775 0.9999991 3.653043e-08 0.00134775 0.9999991 3.653043e-08 0.00134775 0.9999991 3.653043e-08 0.00134775 0.9999991 3.653043e-08 0.00134775 0.9999991 3.653043e-08 0.00134775 0.9999991 3.653043e-08 0.00134775 0.9999991 3.653043e-08 0.00134775 0.9999991 3.653043e-08 0.00134775 0.9999991 3.653043e-08 0.00134775 0.9999991 3.653043e-08 0.00134775 0.9999991 3.653043e-08 0.00134775 0.9999991 3.653043e-08 0.00134775 0.9999991 3.653043e-08 -0.00134775 -0.9999991 -3.653043e-08 -0.00134775 -0.9999991 -3.653043e-08 -0.00134775 -0.9999991 -3.653043e-08 -0.00134775 -0.9999991 -3.653043e-08 -0.00134775 -0.9999991 -3.653043e-08 -0.00134775 -0.9999991 -3.653043e-08 -0.00134775 -0.9999991 -3.653043e-08 -0.00134775 -0.9999991 -3.653043e-08 -0.00134775 -0.9999991 -3.653043e-08 -0.00134775 -0.9999991 -3.653043e-08 -0.00134775 -0.9999991 -3.653043e-08 -0.00134775 -0.9999991 -3.653043e-08 -0.00134775 -0.9999991 -3.653043e-08 -0.00134775 -0.9999991 -3.653043e-08 0 0 0 0 0 0 0 0 0 0 0 0 0 0 0 0 0 0 0 0 0 0 0 0 0 0 0 0 0 0 -0.9999933 0.003660059 -3.308034e-08 -0.9999933 0.003660059 -3.308034e-08 -0.9999933 0.003660059 -3.308034e-08 -0.9999933 0.003660059 -3.308034e-08 0.9999933 -0.003660059 3.308034e-08 0.9999933 -0.003660059 3.308034e-08 0.9999933 -0.003660059 3.308034e-08 0.9999933 -0.003660059 3.308034e-08 0 0 0 -0.001341508 -0.9999991 -6.263137e-06 -0.001341508 -0.9999991 -6.263137e-06 -0.001341508 -0.9999991 -6.263137e-06 -0.001341508 -0.9999991 -6.263137e-06 -0.001341508 -0.9999991 -6.263137e-06 -0.001341508 -0.9999991 -6.263137e-06 -0.001341508 -0.9999991 -6.263137e-06 -0.001341508 -0.9999991 -6.263137e-06 -0.001341508 -0.9999991 -6.263137e-06 -0.001341508 -0.9999991 -6.263137e-06 -0.001341508 -0.9999991 -6.263137e-06 -0.001341508 -0.9999991 -6.263137e-06 -0.001341508 -0.9999991 -6.263137e-06 -0.001341508 -0.9999991 -6.263137e-06 0.001341508 0.9999991 6.263137e-06 0.001341508 0.9999991 6.263137e-06 0.001341508 0.9999991 6.263137e-06 0.001341508 0.9999991 6.263137e-06 0.001341508 0.9999991 6.263137e-06 0.001341508 0.9999991 6.263137e-06 0.001341508 0.9999991 6.263137e-06 0.001341508 0.9999991 6.263137e-06 0.001341508 0.9999991 6.263137e-06 0.001341508 0.9999991 6.263137e-06 0.001341508 0.9999991 6.263137e-06 0.001341508 0.9999991 6.263137e-06 0.001341508 0.9999991 6.263137e-06 0.001341508 0.9999991 6.263137e-06 0 0 0 0 0 0 0 0 0 0 0 0 0 0 0 0 0 0 0 0 0 0 0 0 0 0 0 0 0 0 -0.9659249 0.001294176 0.2588192 -0.965925 0.001294177 0.2588189 0.9659249 -0.001294176 -0.2588192 0.965925 -0.001294177 -0.2588189 -0.06281932 7.802194e-05 0.9980249 -0.1292416 0.0001671682 0.9916131 -0.1292434 0.0001671706 0.9916129 -0.06281932 7.802194e-05 0.9980249 0.06281932 -7.802194e-05 -0.9980249 0.06281932 -7.802194e-05 -0.9980249 0.1292416 -0.0001671682 -0.9916131 0.1292434 -0.0001671706 -0.9916129 -1.014212e-05 -9.530532e-06 1 -1.014212e-05 -9.530532e-06 1 -1.014212e-05 -9.530532e-06 1 -1.014212e-05 -9.530532e-06 1 -1.014212e-05 -9.530532e-06 1 -1.014212e-05 -9.530532e-06 1 -1.014212e-05 -9.530532e-06 1 -1.014212e-05 -9.530532e-06 1 -1.014212e-05 -9.530532e-06 1 -1.014212e-05 -9.530532e-06 1 -1.014212e-05 -9.530532e-06 1 -1.014212e-05 -9.530532e-06 1 -1.014212e-05 -9.530532e-06 1 -1.014212e-05 -9.530532e-06 1 -1.014212e-05 -9.530532e-06 1 1.014212e-05 9.530532e-06 -1 1.014212e-05 9.530532e-06 -1 1.014212e-05 9.530532e-06 -1 1.014212e-05 9.530532e-06 -1 1.014212e-05 9.530532e-06 -1 1.014212e-05 9.530532e-06 -1 1.014212e-05 9.530532e-06 -1 1.014212e-05 9.530532e-06 -1 1.014212e-05 9.530532e-06 -1 1.014212e-05 9.530532e-06 -1 1.014212e-05 9.530532e-06 -1 1.014212e-05 9.530532e-06 -1 1.014212e-05 9.530532e-06 -1 1.014212e-05 9.530532e-06 -1 1.014212e-05 9.530532e-06 -1 0 0 0 0 0 0 0 0 0 0 0 0 0 0 0 0 0 0 0 0 0 0 0 0 0 0 0 0 0 0 0.132095 0.0002455819 0.991237 0.0689445 0.0002892728 0.9976205 0.0689445 0.0002892728 0.9976205 0.1324777 0.000245313 0.991186 -0.1324777 -0.000245313 -0.991186 -0.132095 -0.0002455819 -0.991237 -0.0689445 -0.0002892728 -0.9976205 -0.0689445 -0.0002892728 -0.9976205 0 0 0 0 0 0 0.2588428 0.0001536963 0.9659195 0.2587961 0.0001537312 0.9659319 -0.2587961 -0.0001537312 -0.9659319 -0.2588428 -0.0001536963 -0.9659195 0 0 0 0.3827034 5.809835e-05 0.9238713 0.3826642 5.812956e-05 0.9238875 -0.3826642 -5.812956e-05 -0.9238875 -0.3827034 -5.809835e-05 -0.9238713 0 0 0 0.5000158 -3.849339e-05 0.8660163 0.4999848 -3.8467e-05 0.8660342 -0.4999848 3.8467e-05 -0.8660342 -0.5000158 3.849339e-05 -0.8660163 0 0 0 0.608773 -0.0001344263 0.7933445 0.6087503 -0.0001344056 0.7933619 -0.6087503 0.0001344056 -0.7933619 -0.608773 0.0001344263 -0.7933445 0 0 0 0.7071143 -0.0002280591 0.7070992 0.7070996 -0.0002280444 0.707114 -0.7070996 0.0002280444 -0.707114 -0.7071143 0.0002280591 -0.7070992 0 0 0 0.7933495 -0.0003177813 0.6087663 0.7933573 -0.0003177899 0.6087562 -0.7933495 0.0003177813 -0.6087663 -0.7933573 0.0003177899 -0.6087562 0 0 0 0.8660243 -0.0004020806 0.5000018 0.8660265 -0.0004020834 0.4999979 -0.8660243 0.0004020806 -0.5000018 -0.8660265 0.0004020834 -0.4999979 0 0 0 0.9238802 -0.0004794998 0.3826816 0.9238787 -0.0004794976 0.3826851 -0.9238802 0.0004794998 -0.3826816 -0.9238787 0.0004794976 -0.3826851 0 0 0 0.9659273 -0.000548714 0.2588131 0.9659241 -0.000548708 0.2588248 -0.9659273 0.000548714 -0.2588131 -0.9659241 0.000548708 -0.2588248 0 0 0 0.991446 -0.000608539 0.1305161 0.9914434 -0.0006085305 0.1305362 -0.991446 0.000608539 -0.1305161 -0.9914434 0.0006085305 -0.1305362 0 0 0 0.9978587 -0.0006345992 0.06540311 0.9978587 -0.0006345992 0.06540311 -0.9978587 0.0006345992 -0.06540311 -0.9978587 0.0006345992 -0.06540311 0 0 0 3.702521e-05 3.297475e-05 1 3.702521e-05 3.297475e-05 1 3.702521e-05 3.297475e-05 1 3.702521e-05 3.297475e-05 1 3.702521e-05 3.297475e-05 1 3.702521e-05 3.297475e-05 1 -3.702521e-05 -3.297475e-05 -1 -3.702521e-05 -3.297475e-05 -1 -3.702521e-05 -3.297475e-05 -1 -3.702521e-05 -3.297475e-05 -1 -3.702521e-05 -3.297475e-05 -1 -3.702521e-05 -3.297475e-05 -1 0 0 0 0 0 0 0 0 0 0.9999988 -0.0009641359 0.001231638 0.9999988 -0.0009641359 0.001231638 0.9999988 -0.0009641359 0.001231638 0.9999988 -0.0009641359 0.001231638 0.9999988 -0.0009641359 0.001231638 0.9999988 -0.0009641359 0.001231638 0.9999988 -0.0009641359 0.001231638 0.9999988 -0.0009641359 0.001231638 0.9999988 -0.0009641359 0.001231638 0.9999988 -0.0009641359 0.001231638 0.9999988 -0.0009641359 0.001231638 0.9999988 -0.0009641359 0.001231638 0.9999988 -0.0009641359 0.001231638 0.9999988 -0.0009641359 0.001231638 0.9999988 -0.0009641359 0.001231638 0.9999988 -0.0009641359 0.001231638 0.9999988 -0.0009641359 0.001231638 0.9999988 -0.0009641359 0.001231638 0.9999988 -0.0009641359 0.001231638 0.9999988 -0.0009641359 0.001231638 0.9999988 -0.0009641359 0.001231638 0.9999988 -0.0009641359 0.001231638 0.9999988 -0.0009641359 0.001231638 0.9999988 -0.0009641359 0.001231638 0.9999988 -0.0009641359 0.001231638 0.9999988 -0.0009641359 0.001231638 0.9999988 -0.0009641359 0.001231638 0.9999988 -0.0009641359 0.001231638 0.9999988 -0.0009641359 0.001231638 0.9999988 -0.0009641359 0.001231638 0.9999988 -0.0009641359 0.001231638 0.9999988 -0.0009641359 0.001231638 0.9999988 -0.0009641359 0.001231638 0.9999988 -0.0009641359 0.001231638 0.9999988 -0.0009641359 0.001231638 0.9999988 -0.0009641359 0.001231638 0.9999988 -0.0009641359 0.001231638 0.9999988 -0.0009641359 0.001231638 0.9999988 -0.0009641359 0.001231638 0.9999988 -0.0009641359 0.001231638 0.9999988 -0.0009641359 0.001231638 0.9999988 -0.0009641359 0.001231638 0.9999988 -0.0009641359 0.001231638 0.9999988 -0.0009641359 0.001231638 0.9999988 -0.0009641359 0.001231638 0.9999988 -0.0009641359 0.001231638 0.9999988 -0.0009641359 0.001231638 0.9999988 -0.0009641359 0.001231638 0.9999988 -0.0009641359 0.001231638 0.9999988 -0.0009641359 0.001231638 0.9999988 -0.0009641359 0.001231638 0.9999988 -0.0009641359 0.001231638 0.9999988 -0.0009641359 0.001231638 0.9999988 -0.0009641359 0.001231638 0.9999988 -0.0009641359 0.001231638 0.9999988 -0.0009641359 0.001231638 0.9999988 -0.0009641359 0.001231638 0.9999988 -0.0009641359 0.001231638 0.9999988 -0.0009641359 0.001231638 0.9999988 -0.0009641359 0.001231638 0.9999988 -0.0009641359 0.001231638 0.9999988 -0.0009641359 0.001231638 0.9999988 -0.0009641359 0.001231638 0.9999988 -0.0009641359 0.001231638 0.9999988 -0.0009641359 0.001231638 0.9999988 -0.0009641359 0.001231638 0.9999988 -0.0009641359 0.001231638 0.9999988 -0.0009641359 0.001231638 0.9999988 -0.0009641359 0.001231638 0.9999988 -0.0009641359 0.001231638 0.9999988 -0.0009641359 0.001231638 0.9999988 -0.0009641359 0.001231638 0.9999988 -0.0009641359 0.001231638 0.9999988 -0.0009641359 0.001231638 0.9999988 -0.0009641359 0.001231638 0.9999988 -0.0009641359 0.001231638 0.9999988 -0.0009641359 0.001231638 0.9999988 -0.0009641359 0.001231638 0.9999988 -0.0009641359 0.001231638 0.9999988 -0.0009641359 0.001231638 0.9999988 -0.0009641359 0.001231638 0.9999988 -0.0009641359 0.001231638 -0.9999988 0.0009641359 -0.001231638 -0.9999988 0.0009641359 -0.001231638 -0.9999988 0.0009641359 -0.001231638 -0.9999988 0.0009641359 -0.001231638 -0.9999988 0.0009641359 -0.001231638 -0.9999988 0.0009641359 -0.001231638 -0.9999988 0.0009641359 -0.001231638 -0.9999988 0.0009641359 -0.001231638 -0.9999988 0.0009641359 -0.001231638 -0.9999988 0.0009641359 -0.001231638 -0.9999988 0.0009641359 -0.001231638 -0.9999988 0.0009641359 -0.001231638 -0.9999988 0.0009641359 -0.001231638 -0.9999988 0.0009641359 -0.001231638 -0.9999988 0.0009641359 -0.001231638 -0.9999988 0.0009641359 -0.001231638 -0.9999988 0.0009641359 -0.001231638 -0.9999988 0.0009641359 -0.001231638 -0.9999988 0.0009641359 -0.001231638 -0.9999988 0.0009641359 -0.001231638 -0.9999988 0.0009641359 -0.001231638 -0.9999988 0.0009641359 -0.001231638 -0.9999988 0.0009641359 -0.001231638 -0.9999988 0.0009641359 -0.001231638 -0.9999988 0.0009641359 -0.001231638 -0.9999988 0.0009641359 -0.001231638 -0.9999988 0.0009641359 -0.001231638 -0.9999988 0.0009641359 -0.001231638 -0.9999988 0.0009641359 -0.001231638 -0.9999988 0.0009641359 -0.001231638 -0.9999988 0.0009641359 -0.001231638 -0.9999988 0.0009641359 -0.001231638 -0.9999988 0.0009641359 -0.001231638 -0.9999988 0.0009641359 -0.001231638 -0.9999988 0.0009641359 -0.001231638 -0.9999988 0.0009641359 -0.001231638 -0.9999988 0.0009641359 -0.001231638 -0.9999988 0.0009641359 -0.001231638 -0.9999988 0.0009641359 -0.001231638 -0.9999988 0.0009641359 -0.001231638 -0.9999988 0.0009641359 -0.001231638 -0.9999988 0.0009641359 -0.001231638 -0.9999988 0.0009641359 -0.001231638 -0.9999988 0.0009641359 -0.001231638 -0.9999988 0.0009641359 -0.001231638 -0.9999988 0.0009641359 -0.001231638 -0.9999988 0.0009641359 -0.001231638 -0.9999988 0.0009641359 -0.001231638 -0.9999988 0.0009641359 -0.001231638 -0.9999988 0.0009641359 -0.001231638 -0.9999988 0.0009641359 -0.001231638 -0.9999988 0.0009641359 -0.001231638 -0.9999988 0.0009641359 -0.001231638 -0.9999988 0.0009641359 -0.001231638 -0.9999988 0.0009641359 -0.001231638 -0.9999988 0.0009641359 -0.001231638 -0.9999988 0.0009641359 -0.001231638 -0.9999988 0.0009641359 -0.001231638 -0.9999988 0.0009641359 -0.001231638 -0.9999988 0.0009641359 -0.001231638 -0.9999988 0.0009641359 -0.001231638 -0.9999988 0.0009641359 -0.001231638 -0.9999988 0.0009641359 -0.001231638 -0.9999988 0.0009641359 -0.001231638 -0.9999988 0.0009641359 -0.001231638 -0.9999988 0.0009641359 -0.001231638 -0.9999988 0.0009641359 -0.001231638 -0.9999988 0.0009641359 -0.001231638 -0.9999988 0.0009641359 -0.001231638 -0.9999988 0.0009641359 -0.001231638 -0.9999988 0.0009641359 -0.001231638 -0.9999988 0.0009641359 -0.001231638 -0.9999988 0.0009641359 -0.001231638 -0.9999988 0.0009641359 -0.001231638 -0.9999988 0.0009641359 -0.001231638 -0.9999988 0.0009641359 -0.001231638 -0.9999988 0.0009641359 -0.001231638 -0.9999988 0.0009641359 -0.001231638 -0.9999988 0.0009641359 -0.001231638 -0.9999988 0.0009641359 -0.001231638 -0.9999988 0.0009641359 -0.001231638 -0.9999988 0.0009641359 -0.001231638 0 0 0 0 0 0 0 0 0 0 0 0 0 0 0 0 0 0 0 0 0 0 0 0 0 0 0 0 0 0 0 0 0 0 0 0 0 0 0 0 0 0 0 0 0 0 0 0 0 0 0 0 0 0 0 0 0 0 0 0 0 0 0 0 0 0 0 0 0 0 0 0 0 0 0 0 0 0 0 0 0 0 0 0 0 0 0 0 0 0 0 0 0 0 0 0 0 0 0 0 0 0 0 0 0 0 0 0 0 0 0 0 0 0 0 0 0 0 0 0 0 0 0 0 0 0 0 0 0 0 0 0 0 0 0 0 0 0 0 0 0 0 0 0 0 0 0 0 0 0 0 0 0 0 0 0 0 0 0 0 0 0 0 0 0 0 0 0 0 0 0 0 0 0 0 0 0 0 0 0 0 0 0 0 0 0 0 0 0 0 0 0 0 0 0 0 0 0 0 0 0 0 0 0 0 0 0 0 0 0 0 0 0 0 0 0 0 0 0 0 0 0 0 0 0 0 0 0 0 0 0 0 0 0 0.9876866 -0.001323523 0.1564401 0.9781679 -0.001310772 0.207812 0.9781242 -0.001310713 0.2080174 0.9876866 -0.001323523 0.1564401 -0.9876866 0.001323523 -0.1564401 -0.9876866 0.001323523 -0.1564401 -0.9781679 0.001310772 -0.207812 -0.9781242 0.001310713 -0.2080174 0.9510557 -0.001274447 0.3090169 0.9510556 -0.001274447 0.3090171 -0.9510556 0.001274447 -0.3090171 -0.9510557 0.001274447 -0.3090169 0.9335796 -0.001251032 0.3583679 0.9335796 -0.001251032 0.3583679 -0.9335796 0.001251032 -0.3583679 -0.9335796 0.001251032 -0.3583679 0.9335796 -0.001251032 0.3583679 0.9135447 -0.001224188 0.4067365 0.9335796 -0.001251032 0.3583679 0.9135446 -0.001224188 0.4067367 -0.9135446 0.001224188 -0.4067367 -0.9335796 0.001251032 -0.3583679 -0.9135447 0.001224188 -0.4067365 -0.9335796 0.001251032 -0.3583679 0.8660247 -0.001160517 0.4999999 0.8660246 -0.001160517 0.5000001 -0.8660246 0.001160517 -0.5000001 -0.8660247 0.001160517 -0.4999999 0.8090164 -0.001084131 0.5877851 0.8090162 -0.00108413 0.5877854 -0.8090162 0.00108413 -0.5877854 -0.8090164 0.001084131 -0.5877851 0.7431443 -0.0009958663 0.6691305 0.743144 -0.000995866 0.6691307 -0.743144 0.000995866 -0.6691307 -0.7431443 0.0009958663 -0.6691305 0.6691299 -0.0008966907 0.743145 0.6691301 -0.0008966911 0.7431447 -0.6691299 0.0008966907 -0.743145 -0.6691301 0.0008966911 -0.7431447 0.5877846 -0.0007876911 0.8090171 0.5877849 -0.0007876916 0.8090169 -0.5877846 0.0007876911 -0.8090171 -0.5877849 0.0007876916 -0.8090169 0.4999994 -0.0006700615 0.8660255 0.4999997 -0.000670062 0.8660253 -0.4999994 0.0006700615 -0.8660255 -0.4999997 0.000670062 -0.8660253 0.4067361 -0.0005450904 0.9135456 0.4067365 -0.000545091 0.9135454 -0.4067361 0.0005450904 -0.9135456 -0.4067365 0.000545091 -0.9135454 0.3090165 -0.0004141473 0.9510566 0.309017 -0.0004141479 0.9510564 -0.3090165 0.0004141473 -0.9510566 -0.309017 0.0004141479 -0.9510564 0.2079113 -0.0002786666 0.9781477 0.2079118 -0.0002786673 0.9781475 -0.2079113 0.0002786666 -0.9781477 -0.2079118 0.0002786673 -0.9781475 0.1045281 -0.0001401329 0.9945219 0.1045286 -0.0001401336 0.9945219 -0.1045281 0.0001401329 -0.9945219 -0.1045286 0.0001401336 -0.9945219 -2.591181e-07 -6.380196e-08 1 2.589452e-07 -6.449618e-08 1 2.591181e-07 6.380196e-08 -1 -2.589452e-07 6.449618e-08 -1 -0.1045286 0.000140006 0.9945219 -0.1045281 0.0001400053 0.9945219 0.1045286 -0.000140006 -0.9945219 0.1045281 -0.0001400053 -0.9945219 -0.2079118 0.0002785418 0.9781475 -0.2079113 0.0002785411 0.9781477 0.2079118 -0.0002785418 -0.9781475 0.2079113 -0.0002785411 -0.9781477 -0.309017 0.0004140259 0.9510564 -0.3090165 0.0004140253 0.9510566 0.309017 -0.0004140259 -0.9510564 0.3090165 -0.0004140253 -0.9510566 -0.4067365 0.0005449738 0.9135454 -0.4067361 0.0005449732 0.9135456 0.4067365 -0.0005449738 -0.9135454 0.4067361 -0.0005449732 -0.9135456 -0.4999997 0.0006699509 0.8660253 -0.4999994 0.0006699503 0.8660255 0.4999997 -0.0006699509 -0.8660253 0.4999994 -0.0006699503 -0.8660255 -0.5877849 0.0007875878 0.8090169 -0.5877846 0.0007875874 0.8090171 0.5877849 -0.0007875878 -0.8090169 0.5877846 -0.0007875874 -0.8090171 -0.6691301 0.0008965958 0.7431447 -0.6691299 0.0008965954 0.743145 0.6691301 -0.0008965958 -0.7431447 0.6691299 -0.0008965954 -0.743145 -0.7431443 0.0009957804 0.6691305 -0.743144 0.0009957801 0.6691307 0.7431443 -0.0009957804 -0.6691305 0.743144 -0.0009957801 -0.6691307 -0.8090162 0.001084055 0.5877854 -0.8090164 0.001084055 0.5877851 0.8090164 -0.001084055 -0.5877851 0.8090162 -0.001084055 -0.5877854 -0.8660246 0.001160453 0.5000001 -0.8660247 0.001160453 0.4999999 0.8660247 -0.001160453 -0.4999999 0.8660246 -0.001160453 -0.5000001 -0.9135446 0.001224136 0.4067367 -0.9135447 0.001224136 0.4067365 0.9135447 -0.001224136 -0.4067365 0.9135446 -0.001224136 -0.4067367 -0.9335796 0.001250986 0.3583679 -0.9335796 0.001250986 0.3583679 0.9335796 -0.001250986 -0.3583679 0.9335796 -0.001250986 -0.3583679 -0.9335796 0.001250986 0.3583679 -0.9510556 0.001274408 0.3090171 -0.9335796 0.001250986 0.3583679 -0.9510557 0.001274408 0.3090169 0.9510557 -0.001274408 -0.3090169 0.9335796 -0.001250986 -0.3583679 0.9510556 -0.001274408 -0.3090171 0.9335796 -0.001250986 -0.3583679 -0.9781235 0.001310685 0.2080208 -0.9781698 0.001310747 0.207803 0.9781698 -0.001310747 -0.207803 0.9781235 -0.001310685 -0.2080208 -0.9876875 0.001323505 0.1564344 -0.9876875 0.001323505 0.1564344 0.9876875 -0.001323505 -0.1564344 0.9876875 -0.001323505 -0.1564344 -0.9238787 0.001236995 0.3826836 -0.9238788 0.001236995 0.3826833 0.9238787 -0.001236995 -0.3826836 0.9238788 -0.001236995 -0.3826833 -0.8660246 0.001158649 0.5000001 -0.8660247 0.001158649 0.4999999 0.8660246 -0.001158649 -0.5000001 0.8660247 -0.001158649 -0.4999999 -0.7933526 0.001060477 0.6087615 -0.7933527 0.001060477 0.6087614 0.7933526 -0.001060477 -0.6087615 0.7933527 -0.001060477 -0.6087614 -0.7071062 0.0009441609 0.7071068 -0.7071062 0.0009441609 0.7071068 0.7071062 -0.0009441609 -0.7071068 0.7071062 -0.0009441609 -0.7071068 -0.6087608 0.0008116895 0.7933534 -0.6087609 0.0008116897 0.7933533 0.6087609 -0.0008116897 -0.7933533 0.6087608 -0.0008116895 -0.7933534 -0.4999995 0.00066533 0.8660255 -0.4999996 0.0006653302 0.8660254 0.4999996 -0.0006653302 -0.8660254 0.4999995 -0.00066533 -0.8660255 -0.382683 0.0005075864 0.9238796 -0.3826832 0.0005075868 0.9238795 0.3826832 -0.0005075868 -0.9238795 0.382683 -0.0005075864 -0.9238796 -0.2588186 0.0003411579 0.9659259 -0.258819 0.0003411584 0.9659258 0.258819 -0.0003411584 -0.9659258 0.2588186 -0.0003411579 -0.9659259 -1 3.180789e-14 -6.635751e-08 -1 3.180789e-14 -6.635751e-08 -1 3.180789e-14 -6.635751e-08 -1 3.180789e-14 -6.635751e-08 1 -3.180789e-14 6.635751e-08 1 -3.180789e-14 6.635751e-08 1 -3.180789e-14 6.635751e-08 1 -3.180789e-14 6.635751e-08 -0.00134775 -0.9999991 -3.653044e-08 -0.00134775 -0.9999991 -3.653044e-08 -0.00134775 -0.9999991 -3.653044e-08 -0.00134775 -0.9999991 -3.653044e-08 -0.00134775 -0.9999991 -3.653044e-08 -0.00134775 -0.9999991 -3.653044e-08 -0.00134775 -0.9999991 -3.653044e-08 -0.00134775 -0.9999991 -3.653044e-08 -0.00134775 -0.9999991 -3.653044e-08 -0.00134775 -0.9999991 -3.653044e-08 -0.00134775 -0.9999991 -3.653044e-08 -0.00134775 -0.9999991 -3.653044e-08 -0.00134775 -0.9999991 -3.653044e-08 -0.00134775 -0.9999991 -3.653044e-08 0.00134775 0.9999991 3.653044e-08 0.00134775 0.9999991 3.653044e-08 0.00134775 0.9999991 3.653044e-08 0.00134775 0.9999991 3.653044e-08 0.00134775 0.9999991 3.653044e-08 0.00134775 0.9999991 3.653044e-08 0.00134775 0.9999991 3.653044e-08 0.00134775 0.9999991 3.653044e-08 0.00134775 0.9999991 3.653044e-08 0.00134775 0.9999991 3.653044e-08 0.00134775 0.9999991 3.653044e-08 0.00134775 0.9999991 3.653044e-08 0.00134775 0.9999991 3.653044e-08 0.00134775 0.9999991 3.653044e-08 0 0 0 0 0 0 0 0 0 0 0 0 0 0 0 0 0 0 0 0 0 0 0 0 0 0 0 0 0 0 -0.00134775 -0.9999991 -3.653045e-08 -0.00134775 -0.9999991 -3.653045e-08 -0.00134775 -0.9999991 -3.653045e-08 -0.00134775 -0.9999991 -3.653045e-08 -0.00134775 -0.9999991 -3.653045e-08 -0.00134775 -0.9999991 -3.653045e-08 -0.00134775 -0.9999991 -3.653045e-08 -0.00134775 -0.9999991 -3.653045e-08 -0.00134775 -0.9999991 -3.653045e-08 -0.00134775 -0.9999991 -3.653045e-08 -0.00134775 -0.9999991 -3.653045e-08 -0.00134775 -0.9999991 -3.653045e-08 -0.00134775 -0.9999991 -3.653045e-08 -0.00134775 -0.9999991 -3.653045e-08 0.00134775 0.9999991 3.653045e-08 0.00134775 0.9999991 3.653045e-08 0.00134775 0.9999991 3.653045e-08 0.00134775 0.9999991 3.653045e-08 0.00134775 0.9999991 3.653045e-08 0.00134775 0.9999991 3.653045e-08 0.00134775 0.9999991 3.653045e-08 0.00134775 0.9999991 3.653045e-08 0.00134775 0.9999991 3.653045e-08 0.00134775 0.9999991 3.653045e-08 0.00134775 0.9999991 3.653045e-08 0.00134775 0.9999991 3.653045e-08 0.00134775 0.9999991 3.653045e-08 0.00134775 0.9999991 3.653045e-08 0 0 0 0 0 0 0 0 0 0 0 0 0 0 0 0 0 0 0 0 0 0 0 0 0 0 0 0 0 0 0 0 0 -0.9659249 0.001301817 0.258819 -0.9659249 0.001301817 0.258819 0.9659249 -0.001301817 -0.258819 0.9659249 -0.001301817 -0.258819 0 0 0 0.00134775 0.9999991 3.653044e-08 0.00134775 0.9999991 3.653044e-08 0.00134775 0.9999991 3.653044e-08 0.00134775 0.9999991 3.653044e-08 0.00134775 0.9999991 3.653044e-08 0.00134775 0.9999991 3.653044e-08 0.00134775 0.9999991 3.653044e-08 0.00134775 0.9999991 3.653044e-08 0.00134775 0.9999991 3.653044e-08 0.00134775 0.9999991 3.653044e-08 0.00134775 0.9999991 3.653044e-08 0.00134775 0.9999991 3.653044e-08 0.00134775 0.9999991 3.653044e-08 0.00134775 0.9999991 3.653044e-08 -0.00134775 -0.9999991 -3.653044e-08 -0.00134775 -0.9999991 -3.653044e-08 -0.00134775 -0.9999991 -3.653044e-08 -0.00134775 -0.9999991 -3.653044e-08 -0.00134775 -0.9999991 -3.653044e-08 -0.00134775 -0.9999991 -3.653044e-08 -0.00134775 -0.9999991 -3.653044e-08 -0.00134775 -0.9999991 -3.653044e-08 -0.00134775 -0.9999991 -3.653044e-08 -0.00134775 -0.9999991 -3.653044e-08 -0.00134775 -0.9999991 -3.653044e-08 -0.00134775 -0.9999991 -3.653044e-08 -0.00134775 -0.9999991 -3.653044e-08 -0.00134775 -0.9999991 -3.653044e-08 0 0 0 0 0 0 0 0 0 0 0 0 0 0 0 0 0 0 0 0 0 0 0 0 0 0 0 -1 -4.052314e-15 -6.635752e-08 -1 -4.052314e-15 -6.635752e-08 -1 -4.052314e-15 -6.635752e-08 -1 -4.052314e-15 -6.635752e-08 1 4.052314e-15 6.635752e-08 1 4.052314e-15 6.635752e-08 1 4.052314e-15 6.635752e-08 1 4.052314e-15 6.635752e-08 -0.06540307 8.811063e-05 0.9978589 -0.1305261 0.0001758805 0.9914449 -0.1305261 0.0001758805 0.9914449 -0.06540307 8.811063e-05 0.9978589 0.06540307 -8.811063e-05 -0.9978589 0.06540307 -8.811063e-05 -0.9978589 0.1305261 -0.0001758805 -0.9914449 0.1305261 -0.0001758805 -0.9914449 -0.2588188 0.0003487882 0.9659258 -0.2588188 0.0003487882 0.9659258 0.2588188 -0.0003487882 -0.9659258 0.2588188 -0.0003487882 -0.9659258 -0.3826831 0.000515728 0.9238795 -0.3826831 0.000515728 0.9238795 0.3826831 -0.000515728 -0.9238795 0.3826831 -0.000515728 -0.9238795 -0.4999995 0.0006738435 0.8660254 -0.4999995 0.0006738435 0.8660254 0.4999995 -0.0006738435 -0.8660254 0.4999995 -0.0006738435 -0.8660254 -0.6087609 0.0008204294 0.7933533 -0.6087609 0.0008204294 0.7933533 0.6087609 -0.0008204294 -0.7933533 0.6087609 -0.0008204294 -0.7933533 -0.7071061 0.0009529775 0.7071068 -0.7071061 0.0009529775 0.7071068 0.7071061 -0.0009529775 -0.7071068 0.7071061 -0.0009529775 -0.7071068 -0.7933526 0.00106922 0.6087614 -0.7933526 0.00106922 0.6087614 0.7933526 -0.00106922 -0.6087614 0.7933526 -0.00106922 -0.6087614 -0.8660246 0.001167168 0.5 -0.8660246 0.001167168 0.5 0.8660246 -0.001167168 -0.5 0.8660246 -0.001167168 -0.5 -0.9238787 0.001245145 0.3826834 -0.9238787 0.001245145 0.3826834 0.9238787 -0.001245145 -0.3826834 0.9238787 -0.001245145 -0.3826834 0.9999999 -0.0004339965 5.723858e-12 0.9999999 -0.0004339965 5.723858e-12 0.9999999 -0.0004339965 5.723858e-12 0.9999999 -0.0004339965 5.723858e-12 0.9999999 -0.0004339965 5.723858e-12 0.9999999 -0.0004339965 5.723858e-12 -0.9999999 0.0004339965 -5.723858e-12 -0.9999999 0.0004339965 -5.723858e-12 -0.9999999 0.0004339965 -5.723858e-12 -0.9999999 0.0004339965 -5.723858e-12 -0.9999999 0.0004339965 -5.723858e-12 -0.9999999 0.0004339965 -5.723858e-12 0 0 0 0 0 0 0 0 0 0.1308146 -0.0002531272 0.9914068 0.06598384 -0.0002422399 0.9978207 0.06598384 -0.0002422399 0.9978207 0.1310907 -0.0002531715 0.9913703 -0.1310907 0.0002531715 -0.9913703 -0.1308146 0.0002531272 -0.9914068 -0.06598384 0.0002422399 -0.9978207 -0.06598384 0.0002422399 -0.9978207 0 0 0 0 0 0 0.9999978 -0.0001815283 -0.002110161 0.9999978 -0.0001815283 -0.002110161 0.9999978 -0.0001815283 -0.002110161 0.9999978 -0.0001815283 -0.002110161 -0.9999978 0.0001815283 0.002110161 -0.9999978 0.0001815283 0.002110161 -0.9999978 0.0001815283 0.002110161 -0.9999978 0.0001815283 0.002110161 0 0 0 0 0 0 0.1308601 -0.0002706774 0.9914008 0.0665837 -0.0002157222 0.9977808 0.0665837 -0.0002157222 0.9977808 0.1313671 -0.0002711082 0.9913338 -0.1313671 0.0002711082 -0.9913338 -0.1308601 0.0002706774 -0.9914008 -0.0665837 0.0002157222 -0.9977808 -0.0665837 0.0002157222 -0.9977808 0 0 0 0 0 0 -0.06540307 8.811063e-05 0.9978589 -0.1305261 0.0001758805 0.9914449 -0.1305261 0.0001758805 0.9914449 -0.06540307 8.811063e-05 0.9978589 0.06540307 -8.811063e-05 -0.9978589 0.06540307 -8.811063e-05 -0.9978589 0.1305261 -0.0001758805 -0.9914449 0.1305261 -0.0001758805 -0.9914449 -6.498669e-05 -0.9999997 0.0007859952 -6.498669e-05 -0.9999997 0.0007859952 -6.498669e-05 -0.9999997 0.0007859952 -6.498669e-05 -0.9999997 0.0007859952 -6.498669e-05 -0.9999997 0.0007859952 -6.498669e-05 -0.9999997 0.0007859952 -6.498669e-05 -0.9999997 0.0007859952 -6.498669e-05 -0.9999997 0.0007859952 -6.498669e-05 -0.9999997 0.0007859952 -6.498669e-05 -0.9999997 0.0007859952 -6.498669e-05 -0.9999997 0.0007859952 -6.498669e-05 -0.9999997 0.0007859952 -6.498669e-05 -0.9999997 0.0007859952 -6.498669e-05 -0.9999997 0.0007859952 6.498669e-05 0.9999997 -0.0007859952 6.498669e-05 0.9999997 -0.0007859952 6.498669e-05 0.9999997 -0.0007859952 6.498669e-05 0.9999997 -0.0007859952 6.498669e-05 0.9999997 -0.0007859952 6.498669e-05 0.9999997 -0.0007859952 6.498669e-05 0.9999997 -0.0007859952 6.498669e-05 0.9999997 -0.0007859952 6.498669e-05 0.9999997 -0.0007859952 6.498669e-05 0.9999997 -0.0007859952 6.498669e-05 0.9999997 -0.0007859952 6.498669e-05 0.9999997 -0.0007859952 6.498669e-05 0.9999997 -0.0007859952 6.498669e-05 0.9999997 -0.0007859952 0.9999942 -0.003236881 -0.001057721 0.9999942 -0.003236881 -0.001057721 0.9999942 -0.003236881 -0.001057721 0.9999942 -0.003236881 -0.001057721 -0.9999942 0.003236881 0.001057721 -0.9999942 0.003236881 0.001057721 -0.9999942 0.003236881 0.001057721 -0.9999942 0.003236881 0.001057721 0.0008706741 0.9999996 0.0001581003 0.0008706741 0.9999996 0.0001581003 0.0008706741 0.9999996 0.0001581003 0.0008706741 0.9999996 0.0001581003 0.0008706741 0.9999996 0.0001581003 0.0008706741 0.9999996 0.0001581003 0.0008706741 0.9999996 0.0001581003 0.0008706741 0.9999996 0.0001581003 0.0008706741 0.9999996 0.0001581003 0.0008706741 0.9999996 0.0001581003 0.0008706741 0.9999996 0.0001581003 0.0008706741 0.9999996 0.0001581003 0.0008706741 0.9999996 0.0001581003 0.0008706741 0.9999996 0.0001581003 -0.0008706741 -0.9999996 -0.0001581003 -0.0008706741 -0.9999996 -0.0001581003 -0.0008706741 -0.9999996 -0.0001581003 -0.0008706741 -0.9999996 -0.0001581003 -0.0008706741 -0.9999996 -0.0001581003 -0.0008706741 -0.9999996 -0.0001581003 -0.0008706741 -0.9999996 -0.0001581003 -0.0008706741 -0.9999996 -0.0001581003 -0.0008706741 -0.9999996 -0.0001581003 -0.0008706741 -0.9999996 -0.0001581003 -0.0008706741 -0.9999996 -0.0001581003 -0.0008706741 -0.9999996 -0.0001581003 -0.0008706741 -0.9999996 -0.0001581003 -0.0008706741 -0.9999996 -0.0001581003 0 0 0 0 0 0 0 0 0 0 0 0 0 0 0 0 0 0 0 0 0 0 0 0 0 0 0 0 0 0 1.105949e-12 -7.717854e-13 1 1.105949e-12 -7.717854e-13 1 1.105949e-12 -7.717854e-13 1 1.105949e-12 -7.717854e-13 1 1.105949e-12 -7.717854e-13 1 1.105949e-12 -7.717854e-13 1 1.105949e-12 -7.717854e-13 1 1.105949e-12 -7.717854e-13 1 1.105949e-12 -7.717854e-13 1 1.105949e-12 -7.717854e-13 1 1.105949e-12 -7.717854e-13 1 1.105949e-12 -7.717854e-13 1 1.105949e-12 -7.717854e-13 1 1.105949e-12 -7.717854e-13 1 1.105949e-12 -7.717854e-13 1 1.105949e-12 -7.717854e-13 1 1.105949e-12 -7.717854e-13 1 1.105949e-12 -7.717854e-13 1 1.105949e-12 -7.717854e-13 1 1.105949e-12 -7.717854e-13 1 1.105949e-12 -7.717854e-13 1 1.105949e-12 -7.717854e-13 1 1.105949e-12 -7.717854e-13 1 1.105949e-12 -7.717854e-13 1 1.105949e-12 -7.717854e-13 1 1.105949e-12 -7.717854e-13 1 1.105949e-12 -7.717854e-13 1 1.105949e-12 -7.717854e-13 1 1.105949e-12 -7.717854e-13 1 -1.105949e-12 7.717854e-13 -1 -1.105949e-12 7.717854e-13 -1 -1.105949e-12 7.717854e-13 -1 -1.105949e-12 7.717854e-13 -1 -1.105949e-12 7.717854e-13 -1 -1.105949e-12 7.717854e-13 -1 -1.105949e-12 7.717854e-13 -1 -1.105949e-12 7.717854e-13 -1 -1.105949e-12 7.717854e-13 -1 -1.105949e-12 7.717854e-13 -1 -1.105949e-12 7.717854e-13 -1 -1.105949e-12 7.717854e-13 -1 -1.105949e-12 7.717854e-13 -1 -1.105949e-12 7.717854e-13 -1 -1.105949e-12 7.717854e-13 -1 -1.105949e-12 7.717854e-13 -1 -1.105949e-12 7.717854e-13 -1 -1.105949e-12 7.717854e-13 -1 -1.105949e-12 7.717854e-13 -1 -1.105949e-12 7.717854e-13 -1 -1.105949e-12 7.717854e-13 -1 -1.105949e-12 7.717854e-13 -1 -1.105949e-12 7.717854e-13 -1 -1.105949e-12 7.717854e-13 -1 -1.105949e-12 7.717854e-13 -1 -1.105949e-12 7.717854e-13 -1 -1.105949e-12 7.717854e-13 -1 -1.105949e-12 7.717854e-13 -1 -1.105949e-12 7.717854e-13 -1 0 0 0 0 0 0 0 0 0 0 0 0 0 0 0 0 0 0 0 0 0 0 0 0 0 0 0 0 0 0 0 0 0 0 0 0 0 0 0 0 0 0 0 0 0 0 0 0 0 0 0 0 0 0 0 0 0 0 0 0 0 0 0 0 0 0 0 0 0 0 0 0 0.9978585 -0.0008791502 0.06540312 0.9914457 -0.0008838612 0.1305171 0.9978585 -0.0008791502 0.06540312 0.9914433 -0.000883862 0.1305352 -0.9914433 0.000883862 -0.1305352 -0.9978585 0.0008791502 -0.06540312 -0.9914457 0.0008838612 -0.1305171 -0.9978585 0.0008791502 -0.06540312 0 0 0 -6.020797e-08 -4.467313e-05 1 -6.020797e-08 -4.467313e-05 1 -6.020797e-08 -4.467313e-05 1 -6.020797e-08 -4.467313e-05 1 -6.020797e-08 -4.467313e-05 1 -6.020797e-08 -4.467313e-05 1 -6.020797e-08 -4.467313e-05 1 -6.020797e-08 -4.467313e-05 1 -6.020797e-08 -4.467313e-05 1 -6.020797e-08 -4.467313e-05 1 -6.020797e-08 -4.467313e-05 1 -6.020797e-08 -4.467313e-05 1 -6.020797e-08 -4.467313e-05 1 -6.020797e-08 -4.467313e-05 1 -6.020797e-08 -4.467313e-05 1 -6.020797e-08 -4.467313e-05 1 -6.020797e-08 -4.467313e-05 1 -6.020797e-08 -4.467313e-05 1 -6.020797e-08 -4.467313e-05 1 -6.020797e-08 -4.467313e-05 1 -6.020797e-08 -4.467313e-05 1 -6.020797e-08 -4.467313e-05 1 -6.020797e-08 -4.467313e-05 1 -6.020797e-08 -4.467313e-05 1 -6.020797e-08 -4.467313e-05 1 -6.020797e-08 -4.467313e-05 1 -6.020797e-08 -4.467313e-05 1 -6.020797e-08 -4.467313e-05 1 6.020797e-08 4.467313e-05 -1 6.020797e-08 4.467313e-05 -1 6.020797e-08 4.467313e-05 -1 6.020797e-08 4.467313e-05 -1 6.020797e-08 4.467313e-05 -1 6.020797e-08 4.467313e-05 -1 6.020797e-08 4.467313e-05 -1 6.020797e-08 4.467313e-05 -1 6.020797e-08 4.467313e-05 -1 6.020797e-08 4.467313e-05 -1 6.020797e-08 4.467313e-05 -1 6.020797e-08 4.467313e-05 -1 6.020797e-08 4.467313e-05 -1 6.020797e-08 4.467313e-05 -1 6.020797e-08 4.467313e-05 -1 6.020797e-08 4.467313e-05 -1 6.020797e-08 4.467313e-05 -1 6.020797e-08 4.467313e-05 -1 6.020797e-08 4.467313e-05 -1 6.020797e-08 4.467313e-05 -1 6.020797e-08 4.467313e-05 -1 6.020797e-08 4.467313e-05 -1 6.020797e-08 4.467313e-05 -1 6.020797e-08 4.467313e-05 -1 6.020797e-08 4.467313e-05 -1 6.020797e-08 4.467313e-05 -1 6.020797e-08 4.467313e-05 -1 6.020797e-08 4.467313e-05 -1 0 0 0 0 0 0 0 0 0 0 0 0 0 0 0 0 0 0 0 0 0 0 0 0 0 0 0 0 0 0 0 0 0 0 0 0 0 0 0 0 0 0 0 0 0 0 0 0 0 0 0 0 0 0 0 0 0 0 0 0 0 0 0 0 0 0 0 0 0 0 0 0 0.997858 -0.001344901 0.06540313 0.991444 -0.001336256 0.1305262 0.997858 -0.001344901 0.06540313 0.991444 -0.001336256 0.1305262 -0.991444 0.001336256 -0.1305262 -0.997858 0.001344901 -0.06540313 -0.991444 0.001336256 -0.1305262 -0.997858 0.001344901 -0.06540313 0 0 0 0 0 0 -0.2588188 0.0003487882 0.9659258 -0.2588188 0.0003487882 0.9659258 0.2588188 -0.0003487882 -0.9659258 0.2588188 -0.0003487882 -0.9659258 -0.3826831 0.000515728 0.9238795 -0.3826831 0.000515728 0.9238795 0.3826831 -0.000515728 -0.9238795 0.3826831 -0.000515728 -0.9238795 -0.4999995 0.0006738435 0.8660254 -0.4999995 0.0006738435 0.8660254 0.4999995 -0.0006738435 -0.8660254 0.4999995 -0.0006738435 -0.8660254 -0.6087609 0.0008204294 0.7933533 -0.6087609 0.0008204294 0.7933533 0.6087609 -0.0008204294 -0.7933533 0.6087609 -0.0008204294 -0.7933533 -0.7071061 0.0009529775 0.7071068 -0.7071061 0.0009529775 0.7071068 0.7071061 -0.0009529775 -0.7071068 0.7071061 -0.0009529775 -0.7071068 -0.7933526 0.00106922 0.6087614 -0.7933526 0.00106922 0.6087614 0.7933526 -0.00106922 -0.6087614 0.7933526 -0.00106922 -0.6087614 -0.8660246 0.001167168 0.5 -0.8660246 0.001167168 0.5 0.8660246 -0.001167168 -0.5 0.8660246 -0.001167168 -0.5 -0.9238787 0.001245145 0.3826834 -0.9238787 0.001245145 0.3826834 0.9238787 -0.001245145 -0.3826834 0.9238787 -0.001245145 -0.3826834 -0.001347787 -0.9999991 -6.049044e-13 -0.001347787 -0.9999991 -6.049044e-13 -0.001347787 -0.9999991 -6.049044e-13 -0.001347787 -0.9999991 -6.049044e-13 -0.001347787 -0.9999991 -6.049044e-13 -0.001347787 -0.9999991 -6.049044e-13 -0.001347787 -0.9999991 -6.049044e-13 -0.001347787 -0.9999991 -6.049044e-13 -0.001347787 -0.9999991 -6.049044e-13 -0.001347787 -0.9999991 -6.049044e-13 -0.001347787 -0.9999991 -6.049044e-13 -0.001347787 -0.9999991 -6.049044e-13 -0.001347787 -0.9999991 -6.049044e-13 -0.001347787 -0.9999991 -6.049044e-13 0.001347787 0.9999991 6.049044e-13 0.001347787 0.9999991 6.049044e-13 0.001347787 0.9999991 6.049044e-13 0.001347787 0.9999991 6.049044e-13 0.001347787 0.9999991 6.049044e-13 0.001347787 0.9999991 6.049044e-13 0.001347787 0.9999991 6.049044e-13 0.001347787 0.9999991 6.049044e-13 0.001347787 0.9999991 6.049044e-13 0.001347787 0.9999991 6.049044e-13 0.001347787 0.9999991 6.049044e-13 0.001347787 0.9999991 6.049044e-13 0.001347787 0.9999991 6.049044e-13 0.001347787 0.9999991 6.049044e-13 0 0 0 0 0 0 0 0 0 0 0 0 0 0 0 0 0 0 0 0 0 0 0 0 0 0 0 -0.001347787 -0.9999991 -5.099072e-13 -0.001347787 -0.9999991 -5.099072e-13 -0.001347787 -0.9999991 -5.099072e-13 -0.001347787 -0.9999991 -5.099072e-13 -0.001347787 -0.9999991 -5.099072e-13 -0.001347787 -0.9999991 -5.099072e-13 -0.001347787 -0.9999991 -5.099072e-13 -0.001347787 -0.9999991 -5.099072e-13 -0.001347787 -0.9999991 -5.099072e-13 -0.001347787 -0.9999991 -5.099072e-13 -0.001347787 -0.9999991 -5.099072e-13 -0.001347787 -0.9999991 -5.099072e-13 -0.001347787 -0.9999991 -5.099072e-13 -0.001347787 -0.9999991 -5.099072e-13 0.001347787 0.9999991 5.099072e-13 0.001347787 0.9999991 5.099072e-13 0.001347787 0.9999991 5.099072e-13 0.001347787 0.9999991 5.099072e-13 0.001347787 0.9999991 5.099072e-13 0.001347787 0.9999991 5.099072e-13 0.001347787 0.9999991 5.099072e-13 0.001347787 0.9999991 5.099072e-13 0.001347787 0.9999991 5.099072e-13 0.001347787 0.9999991 5.099072e-13 0.001347787 0.9999991 5.099072e-13 0.001347787 0.9999991 5.099072e-13 0.001347787 0.9999991 5.099072e-13 0.001347787 0.9999991 5.099072e-13 0 0 0 0 0 0 0 0 0 0 0 0 0 0 0 0 0 0 0 0 0 0 0 0 0 0 0 0 0 0 0 0 0 0.2588188 -0.0003488329 0.9659258 0.2588188 -0.0003488329 0.9659258 -0.2588188 0.0003488329 -0.9659258 -0.2588188 0.0003488329 -0.9659258 0 0 0 0.0008706741 0.9999996 0.0001581003 0.0008706741 0.9999996 0.0001581003 0.0008706741 0.9999996 0.0001581003 0.0008706741 0.9999996 0.0001581003 0.0008706741 0.9999996 0.0001581003 0.0008706741 0.9999996 0.0001581003 0.0008706741 0.9999996 0.0001581003 0.0008706741 0.9999996 0.0001581003 0.0008706741 0.9999996 0.0001581003 0.0008706741 0.9999996 0.0001581003 0.0008706741 0.9999996 0.0001581003 0.0008706741 0.9999996 0.0001581003 0.0008706741 0.9999996 0.0001581003 0.0008706741 0.9999996 0.0001581003 -0.0008706741 -0.9999996 -0.0001581003 -0.0008706741 -0.9999996 -0.0001581003 -0.0008706741 -0.9999996 -0.0001581003 -0.0008706741 -0.9999996 -0.0001581003 -0.0008706741 -0.9999996 -0.0001581003 -0.0008706741 -0.9999996 -0.0001581003 -0.0008706741 -0.9999996 -0.0001581003 -0.0008706741 -0.9999996 -0.0001581003 -0.0008706741 -0.9999996 -0.0001581003 -0.0008706741 -0.9999996 -0.0001581003 -0.0008706741 -0.9999996 -0.0001581003 -0.0008706741 -0.9999996 -0.0001581003 -0.0008706741 -0.9999996 -0.0001581003 -0.0008706741 -0.9999996 -0.0001581003 0 0 0 0 0 0 0 0 0 0 0 0 0 0 0 0 0 0 0 0 0 0 0 0 -0.0008706741 -0.9999996 -0.0001581003 -0.0008706741 -0.9999996 -0.0001581003 -0.0008706741 -0.9999996 -0.0001581003 -0.0008706741 -0.9999996 -0.0001581003 -0.0008706741 -0.9999996 -0.0001581003 -0.0008706741 -0.9999996 -0.0001581003 -0.0008706741 -0.9999996 -0.0001581003 -0.0008706741 -0.9999996 -0.0001581003 -0.0008706741 -0.9999996 -0.0001581003 -0.0008706741 -0.9999996 -0.0001581003 -0.0008706741 -0.9999996 -0.0001581003 -0.0008706741 -0.9999996 -0.0001581003 -0.0008706741 -0.9999996 -0.0001581003 -0.0008706741 -0.9999996 -0.0001581003 0.0008706741 0.9999996 0.0001581003 0.0008706741 0.9999996 0.0001581003 0.0008706741 0.9999996 0.0001581003 0.0008706741 0.9999996 0.0001581003 0.0008706741 0.9999996 0.0001581003 0.0008706741 0.9999996 0.0001581003 0.0008706741 0.9999996 0.0001581003 0.0008706741 0.9999996 0.0001581003 0.0008706741 0.9999996 0.0001581003 0.0008706741 0.9999996 0.0001581003 0.0008706741 0.9999996 0.0001581003 0.0008706741 0.9999996 0.0001581003 0.0008706741 0.9999996 0.0001581003 0.0008706741 0.9999996 0.0001581003 0 0 0 0 0 0 0 0 0 0 0 0 0 0 0 0 0 0 0 0 0 0 0 0 0 0 0 0.258839 -0.0003780768 0.9659204 0.2587986 -0.0003780433 0.9659312 -0.2587986 0.0003780433 -0.9659312 -0.258839 0.0003780768 -0.9659204 0.3827024 -0.0004792736 0.9238715 0.3826638 -0.0004792425 0.9238875 -0.3826638 0.0004792425 -0.9238875 -0.3827024 0.0004792736 -0.9238715 0.5000174 -0.0005722697 0.8660152 0.4999819 -0.000572242 0.8660356 -0.4999819 0.000572242 -0.8660356 -0.5000174 0.0005722697 -0.8660152 0.6087768 -0.0006554739 0.7933413 0.6087454 -0.0006554504 0.7933654 -0.6087454 0.0006554504 -0.7933654 -0.6087768 0.0006554739 -0.7933413 0.7071196 -0.0007274627 0.7070935 0.7070932 -0.0007274439 0.70712 -0.7070932 0.0007274439 -0.70712 -0.7071196 0.0007274627 -0.7070935 0.7933424 -0.0007869905 0.6087751 0.7933635 -0.0007870045 0.6087477 -0.7933424 0.0007869905 -0.6087751 -0.7933635 0.0007870045 -0.6087477 0.8660172 -0.0008330713 0.5000135 0.8660328 -0.0008330806 0.4999864 -0.8660172 0.0008330713 -0.5000135 -0.8660328 0.0008330806 -0.4999864 0.9238739 -0.0008648977 0.382696 0.9238844 -0.0008649029 0.3826708 -0.9238739 0.0008648977 -0.382696 -0.9238844 0.0008649029 -0.3826708 0.9659225 -0.0008819251 0.2588301 0.9659284 -0.0008819268 0.2588079 -0.9659225 0.0008819251 -0.2588301 -0.9659284 0.0008819268 -0.2588079 0.9659249 -0.001301862 0.258819 0.9659249 -0.001301862 0.258819 -0.9659249 0.001301862 -0.258819 -0.9659249 0.001301862 -0.258819 0.9238787 -0.001245193 0.3826834 0.9238787 -0.001245193 0.3826834 -0.9238787 0.001245193 -0.3826834 -0.9238787 0.001245193 -0.3826834 0.8660246 -0.001167218 0.5 0.8660246 -0.001167218 0.5 -0.8660246 0.001167218 -0.5 -0.8660246 0.001167218 -0.5 0.7933526 -0.001069271 0.6087614 0.7933526 -0.001069271 0.6087614 -0.7933526 0.001069271 -0.6087614 -0.7933526 0.001069271 -0.6087614 0.7071061 -0.0009530292 0.7071068 0.7071061 -0.0009530292 0.7071068 -0.7071061 0.0009530292 -0.7071068 -0.7071061 0.0009530292 -0.7071068 0.6087609 -0.0008204806 0.7933533 0.6087609 -0.0008204806 0.7933533 -0.6087609 0.0008204806 -0.7933533 -0.6087609 0.0008204806 -0.7933533 0.4999995 -0.0006738934 0.8660254 0.4999995 -0.0006738934 0.8660254 -0.4999995 0.0006738934 -0.8660254 -0.4999995 0.0006738934 -0.8660254 0.3826831 -0.0005157757 0.9238795 0.3826831 -0.0005157757 0.9238795 -0.3826831 0.0005157757 -0.9238795 -0.3826831 0.0005157757 -0.9238795</float_array>
                    <technique_common>
                        <accessor count="3111" source="#ID52" stride="3">
                            <param name="X" type="float" />
                            <param name="Y" type="float" />
                            <param name="Z" type="float" />
                        </accessor>
                    </technique_common>
                </source>
                <vertices id="ID48">
                    <input semantic="POSITION" source="#ID46" />
                    <input semantic="NORMAL" source="#ID47" />
                </vertices>
                <triangles count="1101" material="Material4">
                    <input offset="0" semantic="VERTEX" source="#ID48" />
                    <p>0 1 2 1 0 3 12 3 0 3 12 13 18 19 20 19 18 21 21 18 22 21 22 23 23 22 24 23 24 25 25 24 26 25 26 27 27 26 28 27 28 29 29 28 30 29 30 31 31 30 32 31 32 33 33 32 34 33 34 35 35 34 36 35 36 37 37 36 38 37 38 39 39 38 40 39 40 41 41 40 42 41 42 43 43 42 44 44 42 45 45 42 46 46 42 47 47 42 48 48 42 49 49 42 50 50 42 51 51 42 52 52 42 53 53 42 54 54 42 55 54 55 56 56 55 57 57 55 58 58 55 59 59 55 60 43 61 62 61 43 63 63 43 64 64 43 65 65 43 66 66 43 67 67 43 68 68 43 69 69 43 70 70 43 71 71 43 44 62 61 72 62 72 73 62 73 74 62 74 75 62 75 76 192 193 194 193 192 195 193 195 196 204 13 12 13 204 205 209 210 211 210 209 212 212 209 213 213 209 214 214 209 215 214 215 216 216 215 217 217 215 218 218 215 219 219 215 220 220 215 221 221 215 222 222 215 223 224 225 226 225 224 227 227 224 228 228 224 229 229 224 230 229 230 231 231 230 232 232 230 233 233 230 234 234 230 235 235 230 236 236 230 237 237 230 238 239 240 241 240 239 242 242 239 243 243 239 244 244 239 245 244 245 246 246 245 247 247 245 248 248 245 249 249 245 250 250 245 251 251 245 252 252 245 253 245 254 255 254 245 256 254 256 257 258 259 260 259 258 261 261 258 262 262 258 209 262 209 211 260 259 263 260 263 264 260 264 265 260 265 266 260 266 267 260 267 268 260 268 269 260 269 270 260 270 223 260 223 215 260 215 271 271 215 272 272 215 224 272 224 226 260 271 273 260 273 274 260 274 275 260 275 276 260 276 277 260 277 278 260 278 279 260 279 280 260 280 281 260 281 238 260 238 230 260 230 239 260 239 282 282 239 241 260 282 283 260 283 284 260 284 285 260 285 286 260 286 287 260 287 288 260 288 289 260 289 290 260 290 291 260 291 292 260 292 253 260 253 255 255 253 245 260 255 293 462 463 464 463 462 465 464 472 473 472 464 463 473 477 478 477 473 472 482 483 484 483 482 485 484 491 492 491 484 483 492 496 497 496 492 491 497 501 502 501 497 496 501 506 502 506 501 507 507 511 506 511 507 512 512 516 511 516 512 517 517 521 516 521 517 522 522 526 521 526 522 527 527 531 526 531 527 532 532 536 531 536 532 537 537 541 536 541 537 542 542 546 541 546 542 547 547 551 546 551 547 552 552 556 551 556 552 557 557 561 556 561 557 562 562 566 561 566 562 567 567 571 566 571 567 572 572 576 571 576 572 577 577 581 576 581 577 582 581 586 587 586 581 582 587 591 592 591 587 586 592 596 597 596 592 591 597 601 602 601 597 596 606 607 608 607 606 609 608 615 616 615 608 607 615 620 616 620 615 621 625 205 204 205 625 626 630 626 625 626 630 631 635 631 630 631 635 636 640 635 641 635 640 636 645 641 646 641 645 640 650 646 651 646 650 645 655 651 656 651 655 650 660 656 661 656 660 655 665 661 666 661 665 660 670 671 672 671 670 673 679 680 681 680 679 682 688 681 689 681 688 679 693 689 694 689 693 688 698 694 699 694 698 693 703 699 704 699 703 698 708 704 709 704 708 703 713 708 709 708 713 714 718 714 713 714 718 719 723 719 718 719 723 724 728 724 723 724 728 729 733 729 728 729 733 734 738 734 733 734 738 739 742 743 744 743 742 745 752 753 754 753 752 755 762 763 764 763 762 765 772 773 774 773 772 775 775 772 776 776 772 777 777 772 778 778 772 779 779 772 780 780 772 781 781 772 782 782 772 783 783 772 784 784 772 785 785 772 786 786 772 787 787 772 788 788 772 789 790 791 792 791 790 793 793 790 794 793 794 795 793 795 796 793 796 797 793 797 798 793 798 799 793 799 800 793 800 801 793 801 802 793 802 803 793 803 804 793 804 805 793 805 806 793 806 789 793 789 772 793 772 807 807 772 808 807 808 809 809 808 810 809 810 811 811 810 812 811 812 813 813 812 814 813 814 815 815 814 816 815 816 817 817 816 818 817 818 819 819 818 820 819 820 821 821 820 822 821 822 823 823 822 824 823 824 825 825 824 826 825 826 827 827 826 828 827 828 829 829 828 830 829 830 831 831 830 832 952 953 954 953 952 955 962 963 964 963 962 965 972 973 974 973 972 975 982 983 984 983 982 985 984 983 986 984 986 987 987 986 988 987 988 989 989 988 990 989 990 991 991 990 992 992 990 993 992 993 994 994 993 995 994 995 996 996 995 997 996 997 998 998 997 999 999 997 1000 999 1000 1001 1001 1000 1002 1002 1000 1003 1002 1003 1004 1004 1003 1005 1005 1003 1006 1007 1008 1009 1008 1007 1010 1010 1007 1011 1011 1007 1012 1011 1012 1013 1013 1012 1014 1013 1014 1015 1015 1014 1016 1015 1016 1017 1015 1017 1018 1018 1017 1019 1018 1019 1020 1020 1019 1021 1020 1021 1022 1022 1021 1023 1022 1023 1024 1022 1024 1025 1025 1024 1026 1025 1026 1027 1025 1027 1028 1028 1027 1029 1028 1029 1030 1028 1030 1006 1028 1006 1003 1028 1003 1031 1028 1031 1032 1032 1031 1033 1032 1033 1034 1034 1033 1035 1034 1035 1036 1036 1035 1037 1036 1037 1038 1038 1037 1039 1038 1039 1040 1040 1039 1041 1042 1043 1044 1043 1042 1045 1044 1043 1046 1044 1046 1047 1044 1047 1048 1048 1047 1049 1048 1049 1050 1048 1050 1051 1051 1050 1052 1051 1052 1053 1053 1052 1054 1053 1054 1055 1055 1054 1056 1055 1056 1057 1055 1057 1058 1058 1057 1059 1058 1059 1060 1060 1059 1061 1060 1061 1062 1062 1061 1063 1064 1065 1066 1065 1064 1067 1067 1064 1068 1069 1070 1071 1070 1069 1072 1073 1074 1075 1074 1073 1076 1076 1073 1077 1077 1073 1078 1077 1078 1079 1079 1078 1080 1079 1080 1081 1081 1080 1082 1081 1082 1083 1083 1082 1084 1084 1082 1085 1084 1085 1086 1086 1085 1087 1086 1087 1088 1088 1087 1089 1088 1089 1090 1090 1089 1091 1091 1089 1092 1091 1092 1093 1093 1092 1094 1095 1063 1096 1063 1095 1097 1063 1097 1062 1062 1097 1098 1098 1097 1099 1099 1097 1100 1097 1095 1101 1101 1095 1102 1102 1095 1103 1102 1103 1104 1102 1104 1105 1102 1105 1009 1102 1009 1008 1101 1102 1106 1101 1106 1107 1107 1106 1108 1108 1106 1109 1109 1106 1110 1110 1106 1111 1110 1111 1112 1110 1112 1113 1113 1112 1114 1113 1114 1115 1115 1114 1116 1115 1116 1117 1117 1116 1118 1117 1118 1119 1119 1118 1120 1119 1120 1121 1119 1121 1122 1122 1121 1123 1122 1123 1124 1124 1123 1125 1124 1125 1126 1126 1125 1127 1126 1127 1128 1126 1128 1129 1129 1128 1130 1129 1130 1094 1129 1094 1092 1129 1092 1131 1129 1131 1132 1132 1131 1133 1132 1133 1134 1134 1133 1135 1134 1135 1136 1136 1135 1137 1138 1139 1140 1139 1138 1141 1139 1141 1142 1142 1141 1143 1142 1143 1144 1144 1143 1145 1144 1145 1042 1042 1145 1045 1045 1145 1146 1146 1145 1147 1146 1147 1148 1148 1147 1149 1149 1147 1150 1149 1150 1151 1151 1150 1152 1152 1150 1153 1152 1153 1154 1154 1153 1155 1154 1155 1156 1156 1155 1157 1156 1157 1158 1158 1157 1159 1159 1157 1160 1159 1160 1161 1161 1160 1162 1161 1162 1163 1163 1162 1164 1163 1164 1165 1165 1164 1166 1165 1166 1167 1167 1166 1065 1167 1065 1168 1065 1166 1066 1168 1065 1072 1168 1072 985 1168 985 1169 1169 985 1170 1170 985 1171 1171 985 1172 1172 985 982 985 1072 1173 1173 1072 1069 1173 1069 1174 1173 1174 1075 1173 1075 1074 1072 1175 1070 1108 1176 1107 1177 1178 1179 1178 1177 1180 1179 1178 1181 1179 1181 1182 1179 1182 1183 1179 1183 1184 1184 1183 1185 1184 1185 1186 1184 1186 1187 1187 1186 1188 1187 1188 1189 1187 1189 1190 1190 1189 1191 1190 1191 1192 1192 1191 1193 1192 1193 1194 1194 1193 1195 1194 1195 1196 1194 1196 1197 1197 1196 1198 1197 1198 1199 1199 1198 1103 1199 1103 1095 1200 1201 1202 1201 1200 1203 1201 1203 1204 1204 1203 1205 1204 1205 1206 1206 1205 1207 1206 1207 1208 1208 1207 1209 1208 1209 1210 1210 1209 1211 1210 1211 1177 1177 1211 1180 1180 1211 1212 1212 1211 1213 1212 1213 1214 1214 1213 1215 1215 1213 1216 1216 1213 1217 1216 1217 1218 1218 1217 1219 1219 1217 1220 1219 1220 1221 1221 1220 1222 1222 1220 1223 1222 1223 1224 1224 1223 1225 1224 1225 1226 1226 1225 1227 1226 1227 1228 1228 1227 1229 1229 1227 1230 1229 1230 1231 1231 1230 1232 1231 1232 1170 1170 1232 1169 1233 1100 1097 1707 1708 1709 1708 1707 1710 1708 1710 1711 1711 1710 1712 1712 1710 1713 1713 1710 1714 1714 1710 1715 1715 1710 1716 1716 1710 1717 1717 1710 1718 1718 1710 1719 1719 1710 1720 1746 744 1747 744 1746 742 1751 1752 1753 1752 1751 1754 1754 1751 1755 1754 1755 1756 1754 1756 1757 1754 1757 1758 1754 1758 1759 1754 1759 1760 1754 1760 1761 1754 1761 1762 1754 1762 1763 1754 1763 1764 1789 1790 1791 1790 1789 1792 1798 1799 1800 1799 1798 1801 1801 1798 1802 1802 1798 1803 1803 1798 1804 1804 1798 1805 1805 1798 1806 1806 1798 1807 1807 1798 1808 1808 1798 1809 1809 1798 1810 1810 1798 1811 1836 764 1837 764 1836 762 1840 1841 1842 1841 1840 1843 1848 1849 1850 1851 1852 1849 1852 1851 1853 1852 1853 1854 1850 1855 1856 1855 1850 1857 1857 1850 1858 1858 1850 1859 1859 1850 1860 1860 1850 1849 1860 1849 1852 1860 1852 1861 1858 1862 1857 1888 1889 1890 1889 1888 1891 1898 1891 1888 1891 1898 1899 1903 1899 1898 1899 1903 1904 1908 1904 1903 1904 1908 1909 1913 1909 1908 1909 1913 1914 1918 1914 1913 1914 1918 1919 1923 1918 1924 1918 1923 1919 1928 1924 1929 1924 1928 1923 1933 1929 1934 1929 1933 1928 1938 1934 1939 1934 1938 1933 1943 1939 1944 1939 1943 1938 1948 1944 1949 1944 1948 1943 1953 1954 1955 1954 1953 1956 1957 1958 1956 1968 1969 1970 1969 1968 1971 1971 1968 1972 1972 1968 1973 1973 1968 1974 1970 1969 1975 1970 1975 1976 1970 1976 1977 1970 1977 1978 1970 1978 1979 1970 1979 1980 1970 1980 1981 1970 1981 1982 1983 1984 1968 1984 1983 1985 1985 1983 1986 1986 1983 1987 1987 1983 1988 1988 1983 1989 1968 1984 1974 1988 1989 1990 1990 1989 1991 1991 1989 1992 1992 1989 1993 1993 1989 1994 1994 1989 1995 1995 1989 1982 1982 1989 1996 1982 1996 1997 1982 1997 1998 1982 1998 1970 1970 1998 1999 1970 1999 2000 2000 1999 2001 1996 1989 2002 2002 1989 2003 2003 1989 2004 2004 1989 2005 2005 1989 2006 2006 1989 2007 2007 1989 2008 2008 1989 2009 2009 1989 2010 2009 2010 2011 2009 2011 2012 2012 2011 2013 2012 2013 2014 2014 2013 2015 2010 1989 2016 2016 1989 2017 2017 1989 2018 2018 1989 2019 2019 1989 2020 2020 1989 2021 2021 1989 2022 2022 1989 2023 2023 1989 2024 2024 1989 2025 2025 1989 2026 2026 1989 2027 2014 2028 2025 2028 2014 2029 2029 2014 2030 2030 2014 2031 2031 2014 2015 2025 2028 2032 2025 2032 2033 2025 2033 2034 2025 2034 2035 2025 2035 2036 2025 2036 2037 2025 2037 2038 2025 2038 2024 2000 2039 2012 2039 2000 2040 2040 2000 2041 2041 2000 2042 2042 2000 2001 2012 2039 2043 2012 2043 2044 2012 2044 2045 2012 2045 2046 2012 2046 2047 2012 2047 2048 2012 2048 2049 2012 2049 2009 2210 2211 2212 2211 2210 2213 2211 2218 2212 2218 2211 2219 2219 2222 2218 2222 2219 2223 2226 2227 2228 2227 2226 2229 2229 2234 2227 2234 2229 2235 2235 2238 2234 2238 2235 2239 2239 2242 2238 2242 2239 2243 2242 2246 2247 2246 2242 2243 2247 2250 2251 2250 2247 2246 2251 2254 2255 2254 2251 2250 2255 2258 2259 2258 2255 2254 2259 2262 2263 2262 2259 2258 2263 2266 2267 2266 2263 2262 2267 2270 2271 2270 2267 2266 2271 2274 2275 2274 2271 2270 2275 2278 2279 2278 2275 2274 2279 2282 2283 2282 2279 2278 2283 2286 2287 2286 2283 2282 2287 2290 2291 2290 2287 2286 2291 2294 2295 2294 2291 2290 2295 2298 2299 2298 2295 2294 2299 2302 2303 2302 2299 2298 2303 2306 2307 2306 2303 2302 2306 2310 2307 2310 2306 2311 2311 2314 2310 2314 2311 2315 2315 2318 2314 2318 2315 2319 2319 2322 2318 2322 2319 2323 2326 2327 2328 2327 2326 2329 2329 2334 2327 2334 2329 2335 2335 2338 2334 2338 2335 2339 2342 1837 2343 1837 2342 1836 2346 2343 2347 2343 2346 2342 2350 2347 2351 2347 2350 2346 2354 2351 2355 2351 2354 2350 2358 2354 2355 2354 2358 2359 2362 2359 2358 2359 2362 2363 2366 2363 2362 2363 2366 2367 2370 2367 2366 2367 2370 2371 1842 2371 2370 2371 1842 1841 2374 2375 2376 2375 2374 2377 2382 2383 2384 2383 2382 2385 2383 2385 2386 2386 2385 2387 2387 2385 2388 2388 2385 2389 2389 2385 2390 2390 2385 2391 2391 2385 2392 2392 2385 2393 2393 2385 2394 2394 2385 2395 2434 2435 2436 2436 2435 2437 2437 2435 2438 2438 2435 2439 2439 2435 2440 2440 2435 2441 2441 2435 2442 2442 2435 2443 2443 2435 2444 2444 2435 2445 2435 2446 2445 2447 2445 2446 2459 964 2460 964 2459 962 2464 2465 2466 2465 2464 2467 2467 2464 2468 2467 2468 2469 2467 2469 2470 2467 2470 2471 2467 2471 2472 2467 2472 2473 2467 2473 2474 2467 2474 2475 2467 2475 2476 2467 2476 2477 2501 2502 2503 2502 2501 2504 2509 2510 2511 2510 2509 2512 2511 2517 2518 2517 2511 2510 2518 2521 2522 2521 2518 2517 2522 2525 2526 2525 2522 2521 2526 2529 2530 2529 2526 2525 2530 2533 2534 2533 2530 2529 2533 2537 2534 2537 2533 2538 2538 2541 2537 2541 2538 2542 2542 2545 2541 2545 2542 2546 2546 1747 2545 1747 2546 1746 2549 2550 2551 2550 2549 2552 2552 2549 2553 2552 2553 2554 2564 2565 2566 2565 2564 2567 2574 2575 2576 2575 2574 2577 2584 2585 2586 2585 2584 2587 2594 2595 2596 2595 2594 2597 2602 2603 2604 2603 2602 2605 2603 2605 2606 2603 2606 2607 2603 2607 2608 2603 2608 2609 2603 2609 2610 2603 2610 2611 2603 2611 2612 2603 2612 2613 2603 2613 2614 2603 2614 2615 2630 2631 2632 2631 2630 2633 2638 2639 2640 2639 2638 2641 2639 2641 2642 2642 2641 2643 2643 2641 2644 2644 2641 2645 2645 2641 2646 2646 2641 2647 2647 2641 2648 2648 2641 2649 2649 2641 2650 2650 2641 2651 2676 2677 2678 2677 2676 2679 2679 2676 2680 2680 2676 2681 2681 2676 2682 2678 2677 2683 2681 2682 2684 2684 2682 2685 2685 2682 2686 2686 2682 2687 2687 2682 2688 2688 2682 2689 2689 2682 2690 2690 2682 2691 2678 2692 2693 2692 2678 2694 2694 2678 2695 2695 2678 2696 2696 2678 2697 2697 2678 2683 2692 2694 2698 2692 2698 2699 2692 2699 2700 2692 2700 2701 2692 2701 2702 2692 2702 2703 2692 2703 2704 2692 2704 2691 2692 2691 2682 2758 2759 2760 2759 2758 2761 2767 2768 2769 2768 2767 2770 2770 2767 2771 2771 2767 2772 2772 2767 2773 2769 2768 2774 2772 2773 2775 2775 2773 2776 2776 2773 2777 2777 2773 2778 2778 2773 2779 2779 2773 2780 2780 2773 2781 2781 2773 2782 2769 2783 2784 2783 2769 2785 2785 2769 2786 2786 2769 2787 2787 2769 2774 2784 2783 2788 2784 2788 2789 2784 2789 2790 2784 2790 2791 2784 2791 2792 2784 2792 2793 2784 2793 2794 2784 2794 2782 2784 2782 2773 2847 2848 2849 2848 2847 2850 2596 2857 2858 2857 2596 2595 2858 2861 2862 2861 2858 2857 2862 2865 2866 2865 2862 2861 2866 2869 2870 2869 2866 2865 2870 2873 2874 2873 2870 2869 2873 2877 2874 2877 2873 2878 2878 2881 2877 2881 2878 2882 2882 2885 2881 2885 2882 2886 2886 2460 2885 2460 2886 2459 2889 2890 2891 2890 2889 2892 2892 2889 2893 2892 2893 2894 2892 2894 2895 2892 2895 2896 2892 2896 2897 2892 2897 2898 2892 2898 2899 2892 2899 2900 2892 2900 2901 2892 2901 2902 2940 2941 2942 2941 2943 2942 2943 2944 2942 2944 2945 2942 2945 2946 2942 2946 2947 2942 2947 2948 2942 2948 2949 2942 2949 2950 2942 2950 2951 2942 2942 2951 2952 2953 2952 2951 2965 2567 2564 2567 2965 2966 2970 2971 2972 2971 2970 2973 2971 2973 2974 2974 2973 2975 2975 2973 2976 2976 2973 2977 2977 2973 2978 2978 2973 2979 2979 2973 2980 2980 2973 2981 2981 2973 2982 2982 2973 2983 3006 3007 3008 3007 3006 3009 3009 3006 3010 3009 3010 3011 3009 3011 3012 3009 3012 3013 3009 3013 3014 3009 3014 3015 3009 3015 3016 3009 3016 3017 3009 3017 3018 3009 3018 3019 3043 2587 2584 2587 3043 3044 3047 3044 3043 3044 3047 3048 3051 3048 3047 3048 3051 3052 3055 3052 3051 3052 3055 3056 3059 3056 3055 3056 3059 3060 3063 3059 3064 3059 3063 3060 3067 3064 3068 3064 3067 3063 3071 3068 3072 3068 3071 3067 3075 3072 3076 3072 3075 3071 2761 3076 2759 3076 2761 3075 2850 3079 2848 3079 2850 3080 3080 3083 3079 3083 3080 3084 3084 3087 3083 3087 3084 3088 3088 3091 3087 3091 3088 3092 3092 3095 3091 3095 3092 3096 3095 3099 3100 3099 3095 3096 3100 3103 3104 3103 3100 3099 3104 3107 3108 3107 3104 3103 3108 2966 2965 2966 3108 3107</p>
                </triangles>
                <triangles count="1077" material="Material2">
                    <input offset="0" semantic="VERTEX" source="#ID48" />
                    <p>4 5 6 7 6 5 14 15 4 5 4 15 77 78 79 78 80 79 80 81 79 81 82 79 82 83 79 84 85 86 86 85 87 87 85 88 88 85 89 89 85 90 90 85 91 91 85 92 92 85 93 93 85 94 94 85 83 79 83 85 95 96 97 97 96 98 98 96 99 99 96 100 100 96 101 96 102 101 101 102 103 103 102 104 104 102 105 105 102 106 106 102 107 107 102 108 108 102 109 109 102 110 110 102 111 111 102 84 84 102 85 85 102 112 102 113 112 112 113 114 113 115 114 114 115 116 115 117 116 116 117 118 117 119 118 118 119 120 119 121 120 120 121 122 121 123 122 122 123 124 123 125 124 124 125 126 125 127 126 126 127 128 127 129 128 128 129 130 129 131 130 130 131 132 131 133 132 132 133 134 135 134 133 197 198 199 198 200 199 201 199 200 206 207 14 15 14 207 294 295 296 297 298 295 295 298 296 298 299 296 299 300 296 300 301 296 301 302 296 302 303 296 303 304 296 304 305 296 305 306 296 306 307 296 307 308 296 308 309 296 310 311 309 309 311 296 311 312 296 312 313 296 313 314 296 314 315 296 315 316 296 316 317 296 317 318 296 318 319 296 319 320 296 320 321 296 321 322 296 322 323 296 324 325 326 325 327 326 326 327 323 323 327 296 327 328 296 328 329 296 329 330 296 330 331 296 331 332 296 332 333 296 333 334 296 334 335 296 335 336 296 336 337 296 338 339 340 339 341 340 340 341 342 342 341 337 296 337 341 343 344 345 344 297 345 295 345 297 298 297 346 346 297 347 347 297 348 348 297 349 349 297 350 350 297 351 351 297 352 352 297 353 297 311 353 353 311 354 354 311 355 355 311 356 310 356 311 313 312 357 357 312 358 358 312 359 359 312 360 360 312 361 361 312 362 362 312 363 363 312 364 312 325 364 364 325 365 365 325 366 366 325 367 324 367 325 328 327 368 368 327 369 369 327 370 370 327 371 371 327 372 372 327 373 373 327 374 374 327 375 327 339 375 375 339 376 376 339 377 377 339 378 338 378 339 466 467 468 469 468 467 468 469 474 475 474 469 474 475 479 480 479 475 486 487 488 489 488 487 488 489 493 494 493 489 493 494 498 499 498 494 498 499 503 504 503 499 508 503 509 504 509 503 513 508 514 509 514 508 518 513 519 514 519 513 523 518 524 519 524 518 528 523 529 524 529 523 533 528 534 529 534 528 538 533 539 534 539 533 543 538 544 539 544 538 548 543 549 544 549 543 553 548 554 549 554 548 558 553 559 554 559 553 563 558 564 559 564 558 568 563 569 564 569 563 573 568 574 569 574 568 578 573 579 574 579 573 583 578 584 579 584 578 583 584 588 589 588 584 588 589 593 594 593 589 593 594 598 599 598 594 598 599 603 604 603 599 610 611 612 613 612 611 612 613 617 618 617 613 622 617 623 618 623 617 627 628 206 207 206 628 632 633 627 628 627 633 637 638 632 633 632 638 637 642 638 643 638 642 642 647 643 648 643 647 647 652 648 653 648 652 652 657 653 658 653 657 657 662 658 663 658 662 662 667 663 668 663 667 674 675 676 677 676 675 683 684 685 686 685 684 684 690 686 691 686 690 690 695 691 696 691 695 695 700 696 701 696 700 700 705 701 706 701 705 705 710 706 711 706 710 715 716 710 711 710 716 720 721 715 716 715 721 725 726 720 721 720 726 730 731 725 726 725 731 735 736 730 731 730 736 740 741 735 736 735 741 746 747 748 749 748 747 756 757 758 759 758 757 766 767 768 769 768 767 833 834 835 835 834 836 834 837 836 836 837 838 837 839 838 838 839 840 839 841 840 840 841 842 841 843 842 842 843 844 843 845 844 844 845 846 845 847 846 846 847 848 847 849 848 848 849 850 849 851 850 850 851 852 851 853 852 852 853 854 853 855 854 854 855 856 855 857 856 856 857 858 857 859 858 858 859 860 859 861 860 861 862 860 862 863 860 863 864 860 864 865 860 865 866 860 866 867 860 867 868 860 868 869 860 869 870 860 870 871 860 871 872 860 872 873 860 873 874 860 874 875 860 860 875 876 877 876 875 861 859 878 878 859 879 879 859 880 880 859 881 881 859 882 882 859 883 883 859 884 884 859 885 885 859 886 886 859 887 887 859 888 888 859 889 889 859 890 890 859 891 891 859 892 893 892 859 956 957 958 959 958 957 966 967 968 969 968 967 976 977 978 979 978 977 1234 1235 1236 1237 1238 1239 1239 1238 1240 1238 1241 1240 1240 1241 1242 1241 1243 1242 1242 1243 1244 1244 1243 1245 1243 1246 1245 1245 1246 1247 1246 1248 1247 1247 1248 1249 1248 1250 1249 1249 1250 1251 1251 1250 1252 1250 1253 1252 1252 1253 1254 1254 1253 1255 1253 1256 1255 1255 1256 1257 1257 1256 1258 1258 1256 1259 1256 1260 1259 1259 1260 1261 1261 1260 1262 1262 1260 1263 1260 1264 1263 1263 1264 1265 1264 1266 1265 1265 1266 1267 1266 1268 1267 1267 1268 1269 1268 1270 1269 1269 1270 1271 1270 1272 1271 1273 1271 1272 1274 1275 1276 1275 1277 1276 1276 1277 1278 1277 1279 1278 1278 1279 1280 1279 1281 1280 1281 1282 1280 1280 1282 1283 1282 1284 1283 1283 1284 1285 1284 1286 1285 1285 1286 1287 1286 1288 1287 1288 1289 1287 1287 1289 1290 1289 1291 1290 1291 1292 1290 1290 1292 1293 1292 1294 1293 1294 1295 1293 1295 1296 1293 1261 1262 1296 1293 1296 1262 1297 1298 1299 1300 1301 1302 1303 1304 1305 1304 1306 1305 1306 1307 1305 1307 1302 1305 1305 1302 1308 1309 1308 1310 1310 1308 1311 1311 1308 1239 1239 1308 1237 1237 1308 1312 1308 1302 1312 1302 1313 1312 1314 1315 1313 1312 1313 1316 1313 1315 1316 1316 1315 1317 1315 1318 1317 1317 1318 1319 1318 1320 1319 1319 1320 1321 1320 1322 1321 1321 1322 1323 1322 1324 1323 1323 1324 1325 1325 1324 1326 1324 1327 1326 1326 1327 1328 1327 1329 1328 1328 1329 1330 1329 1331 1330 1330 1331 1332 1332 1331 1333 1331 1334 1333 1333 1334 1335 1335 1334 1336 1334 1337 1336 1336 1337 1338 1338 1337 1339 1339 1337 1340 1337 1341 1340 1340 1341 1342 1341 1343 1342 1342 1343 1344 1343 1345 1344 1346 1344 1345 1347 1348 1349 1349 1348 1350 1348 1351 1350 1350 1351 1352 1351 1353 1352 1352 1353 1354 1353 1355 1354 1355 1356 1354 1356 1357 1354 1357 1358 1354 1354 1358 1359 1358 1360 1359 1360 1361 1359 1359 1361 1362 1361 1363 1362 1362 1363 1364 1363 1365 1364 1364 1365 1366 1365 1367 1366 1367 1368 1366 1366 1368 1369 1368 1370 1369 1369 1370 1371 1370 1372 1371 1371 1372 1373 1372 1374 1373 1373 1374 1375 1374 1376 1375 1376 1377 1375 1375 1377 1378 1378 1377 1299 1299 1377 1297 1297 1377 1379 1377 1380 1379 1381 1382 1380 1382 1383 1380 1383 1384 1380 1384 1275 1380 1275 1274 1380 1380 1274 1379 1379 1274 1234 1235 1234 1385 1385 1234 1386 1386 1234 1387 1387 1234 1388 1234 1274 1388 1389 1388 1274 1356 1355 1390 1390 1355 1391 1355 1392 1391 1391 1392 1393 1393 1392 1394 1392 1395 1394 1394 1395 1396 1395 1397 1396 1396 1397 1398 1397 1399 1398 1398 1399 1400 1400 1399 1401 1399 1402 1401 1401 1402 1403 1402 1404 1403 1403 1404 1405 1404 1406 1405 1405 1406 1407 1407 1406 1303 1304 1303 1406 1302 1307 1300 1408 1300 1307 1409 1410 1411 1411 1410 1313 1314 1313 1410 1388 1412 1387 1387 1412 1413 1412 1414 1413 1413 1414 1415 1414 1416 1415 1415 1416 1417 1416 1418 1417 1418 1419 1417 1417 1419 1420 1419 1421 1420 1420 1421 1422 1421 1423 1422 1422 1423 1424 1423 1425 1424 1425 1426 1424 1424 1426 1427 1426 1428 1427 1428 1429 1427 1338 1339 1429 1427 1429 1339 1430 1431 1432 1432 1431 1433 1431 1434 1433 1433 1434 1435 1434 1436 1435 1435 1436 1437 1436 1438 1437 1437 1438 1439 1438 1440 1439 1439 1440 1441 1440 1442 1441 1442 1443 1441 1443 1444 1441 1444 1445 1441 1445 1446 1441 1441 1446 1447 1446 1448 1447 1448 1449 1447 1447 1449 1450 1449 1451 1450 1451 1452 1450 1450 1452 1453 1452 1454 1453 1453 1454 1455 1454 1456 1455 1455 1456 1457 1456 1458 1457 1458 1459 1457 1457 1459 1460 1459 1461 1460 1460 1461 1462 1461 1463 1462 1462 1463 1464 1464 1463 1381 1382 1381 1463 1443 1442 1465 1465 1442 1466 1466 1442 1467 1442 1468 1467 1467 1468 1469 1469 1468 1470 1468 1471 1470 1470 1471 1472 1472 1471 1473 1471 1474 1473 1473 1474 1475 1474 1476 1475 1475 1476 1477 1476 1478 1477 1477 1478 1479 1479 1478 1480 1478 1481 1480 1480 1481 1482 1481 1483 1482 1482 1483 1484 1483 1485 1484 1308 1309 1485 1484 1485 1309 1721 1722 1723 1723 1722 1724 1724 1722 1725 1725 1722 1726 1726 1722 1727 1727 1722 1728 1728 1722 1729 1729 1722 1730 1730 1722 1731 1731 1722 1732 1722 1733 1732 1734 1732 1733 747 1748 749 1749 749 1748 1765 1766 1767 1766 1768 1767 1768 1769 1767 1769 1770 1767 1770 1771 1767 1771 1772 1767 1772 1773 1767 1773 1774 1767 1774 1775 1767 1775 1776 1767 1767 1776 1777 1778 1777 1776 1793 1794 1795 1796 1795 1794 1812 1813 1814 1814 1813 1815 1815 1813 1816 1816 1813 1817 1817 1813 1818 1818 1813 1819 1819 1813 1820 1820 1813 1821 1821 1813 1822 1822 1813 1823 1823 1813 1824 1825 1824 1813 767 1838 769 1839 769 1838 1844 1845 1846 1847 1846 1845 1863 1864 1865 1866 1867 1868 1867 1869 1868 1869 1870 1868 1868 1870 1871 1871 1870 1865 1865 1870 1863 1863 1870 1872 1873 1872 1870 1874 1875 1867 1875 1876 1867 1869 1867 1876 1870 1869 1877 1892 1893 1894 1895 1894 1893 1900 1901 1892 1893 1892 1901 1905 1906 1900 1901 1900 1906 1910 1911 1905 1906 1905 1911 1915 1916 1910 1911 1910 1916 1920 1921 1915 1916 1915 1921 1920 1925 1921 1926 1921 1925 1925 1930 1926 1931 1926 1930 1930 1935 1931 1936 1931 1935 1935 1940 1936 1941 1936 1940 1940 1945 1941 1946 1941 1945 1945 1950 1946 1951 1946 1950 1959 1960 1961 1959 1962 1963 1964 1963 1962 2050 2051 2052 2051 2053 2052 2053 2054 2052 2054 2055 2052 2055 2056 2052 2056 2057 2052 2057 2058 2052 2058 2059 2052 2060 2061 2062 2062 2061 2063 2063 2061 2064 2064 2061 2059 2052 2059 2061 2065 2066 2067 2066 2068 2067 2068 2069 2067 2069 2070 2067 2070 2071 2067 2071 2072 2067 2072 2073 2067 2073 2074 2067 2075 2076 2077 2077 2076 2078 2078 2076 2079 2079 2076 2074 2067 2074 2076 2080 2081 2082 2082 2081 2067 2067 2081 2065 2065 2081 2083 2083 2081 2084 2084 2081 2085 2085 2081 2086 2086 2081 2087 2087 2081 2088 2088 2081 2089 2089 2081 2090 2090 2081 2091 2075 2092 2076 2076 2092 2052 2092 2093 2052 2052 2093 2050 2093 2091 2050 2091 2081 2050 2050 2081 2094 2094 2081 2095 2095 2081 2096 2096 2081 2097 2097 2081 2098 2098 2081 2099 2099 2081 2100 2100 2081 2101 2060 2102 2061 2061 2102 2103 2102 2104 2103 2103 2104 2105 2104 2106 2105 2106 2101 2105 2101 2081 2105 2105 2081 2107 2107 2081 2108 2108 2081 2109 2109 2081 2110 2110 2081 2111 2111 2081 2112 2112 2081 2113 2114 2115 2116 2081 2117 2113 2113 2117 2118 2118 2117 2119 2119 2117 2120 2120 2117 2115 2116 2115 2117 2105 2121 2103 2121 2122 2103 2122 2123 2103 2123 2124 2103 2124 2125 2103 2125 2126 2103 2126 2127 2103 2127 2128 2103 2114 2116 2129 2129 2116 2130 2130 2116 2131 2131 2116 2128 2103 2128 2116 2214 2215 2216 2217 2216 2215 2220 2216 2221 2217 2221 2216 2224 2220 2225 2221 2225 2220 2230 2231 2232 2233 2232 2231 2236 2230 2237 2232 2237 2230 2240 2236 2241 2237 2241 2236 2244 2240 2245 2241 2245 2240 2244 2245 2248 2249 2248 2245 2248 2249 2252 2253 2252 2249 2252 2253 2256 2257 2256 2253 2256 2257 2260 2261 2260 2257 2260 2261 2264 2265 2264 2261 2264 2265 2268 2269 2268 2265 2268 2269 2272 2273 2272 2269 2272 2273 2276 2277 2276 2273 2276 2277 2280 2281 2280 2277 2280 2281 2284 2285 2284 2281 2284 2285 2288 2289 2288 2285 2288 2289 2292 2293 2292 2289 2292 2293 2296 2297 2296 2293 2296 2297 2300 2301 2300 2297 2300 2301 2304 2305 2304 2301 2304 2305 2308 2309 2308 2305 2312 2308 2313 2309 2313 2308 2316 2312 2317 2313 2317 2312 2320 2316 2321 2317 2321 2316 2324 2320 2325 2321 2325 2320 2330 2331 2332 2333 2332 2331 2336 2330 2337 2332 2337 2330 2340 2336 2341 2337 2341 2336 1838 2344 1839 2345 1839 2344 2344 2348 2345 2349 2345 2348 2348 2352 2349 2353 2349 2352 2352 2356 2353 2357 2353 2356 2360 2361 2356 2357 2356 2361 2364 2365 2360 2361 2360 2365 2368 2369 2364 2365 2364 2369 2372 2373 2368 2369 2368 2373 1846 1847 2372 2373 2372 1847 2378 2379 2380 2381 2380 2379 2396 2397 2398 2398 2397 2399 2399 2397 2400 2400 2397 2401 2401 2397 2402 2402 2397 2403 2403 2397 2404 2404 2397 2405 2405 2397 2406 2406 2397 2407 2397 2408 2407 2409 2407 2408 967 2461 969 2462 969 2461 2478 2479 2480 2479 2481 2480 2481 2482 2480 2482 2483 2480 2483 2484 2480 2484 2485 2480 2485 2486 2480 2486 2487 2480 2487 2488 2480 2488 2489 2480 2480 2489 2490 2491 2490 2489 2505 2506 2507 2508 2507 2506 2513 2514 2515 2516 2515 2514 2515 2516 2519 2520 2519 2516 2519 2520 2523 2524 2523 2520 2523 2524 2527 2528 2527 2524 2527 2528 2531 2532 2531 2528 2531 2532 2535 2536 2535 2532 2539 2535 2540 2536 2540 2535 2543 2539 2544 2540 2544 2539 2547 2543 2548 2544 2548 2543 1748 2547 1749 2548 1749 2547 2555 2556 2557 2556 2558 2557 2557 2558 2559 2560 2559 2558 2568 2569 2570 2571 2570 2569 2578 2579 2580 2581 2580 2579 2588 2589 2590 2591 2590 2589 2598 2599 2600 2601 2600 2599 2616 2617 2618 2617 2619 2618 2619 2620 2618 2620 2621 2618 2621 2622 2618 2622 2623 2618 2623 2624 2618 2624 2625 2618 2625 2626 2618 2626 2627 2618 2627 2628 2618 2629 2618 2628 2634 2635 2636 2637 2636 2635 2652 2653 2654 2654 2653 2655 2655 2653 2656 2656 2653 2657 2657 2653 2658 2658 2653 2659 2659 2653 2660 2660 2653 2661 2661 2653 2662 2662 2653 2663 2653 2664 2663 2665 2663 2664 2705 2706 2707 2706 2708 2707 2708 2709 2707 2709 2710 2707 2710 2711 2707 2711 2712 2707 2712 2713 2707 2713 2714 2707 2714 2715 2707 2716 2717 2718 2718 2717 2719 2719 2717 2720 2720 2717 2715 2715 2717 2707 2721 2707 2717 2706 2705 2722 2722 2705 2723 2723 2705 2724 2724 2705 2725 2725 2705 2726 2726 2705 2727 2727 2705 2728 2728 2705 2729 2716 2730 2717 2705 2731 2729 2729 2731 2732 2732 2731 2733 2733 2731 2730 2717 2730 2731 2762 2763 2764 2765 2764 2763 2795 2796 2797 2796 2798 2797 2798 2799 2797 2799 2800 2797 2800 2801 2797 2801 2802 2797 2802 2803 2797 2803 2804 2797 2804 2805 2797 2806 2807 2808 2808 2807 2809 2809 2807 2810 2810 2807 2805 2797 2805 2807 2796 2795 2811 2811 2795 2812 2812 2795 2813 2813 2795 2814 2814 2795 2815 2815 2795 2816 2816 2795 2817 2817 2795 2818 2806 2819 2807 2795 2820 2818 2818 2820 2821 2821 2820 2822 2822 2820 2819 2807 2819 2820 2851 2852 2853 2854 2853 2852 2600 2601 2859 2860 2859 2601 2859 2860 2863 2864 2863 2860 2863 2864 2867 2868 2867 2864 2867 2868 2871 2872 2871 2868 2871 2872 2875 2876 2875 2872 2879 2875 2880 2876 2880 2875 2883 2879 2884 2880 2884 2879 2887 2883 2888 2884 2888 2883 2461 2887 2462 2888 2462 2887 2903 2904 2905 2904 2906 2905 2906 2907 2905 2907 2908 2905 2908 2909 2905 2909 2910 2905 2910 2911 2905 2911 2912 2905 2912 2913 2905 2913 2914 2905 2905 2914 2915 2916 2915 2914 2967 2968 2568 2569 2568 2968 2984 2985 2986 2986 2985 2987 2987 2985 2988 2988 2985 2989 2989 2985 2990 2990 2985 2991 2991 2985 2992 2992 2985 2993 2993 2985 2994 2994 2985 2995 2985 2996 2995 2997 2995 2996 3020 3021 3022 3021 3023 3022 3023 3024 3022 3024 3025 3022 3025 3026 3022 3026 3027 3022 3027 3028 3022 3028 3029 3022 3029 3030 3022 3030 3031 3022 3022 3031 3032 3033 3032 3031 3045 3046 2588 2589 2588 3046 3049 3050 3045 3046 3045 3050 3053 3054 3049 3050 3049 3054 3057 3058 3053 3054 3053 3058 3061 3062 3057 3058 3057 3062 3061 3065 3062 3066 3062 3065 3065 3069 3066 3070 3066 3069 3069 3073 3070 3074 3070 3073 3073 3077 3074 3078 3074 3077 3077 2762 3078 2764 3078 2762 3081 2851 3082 2853 3082 2851 3085 3081 3086 3082 3086 3081 3089 3085 3090 3086 3090 3085 3093 3089 3094 3090 3094 3089 3097 3093 3098 3094 3098 3093 3097 3098 3101 3102 3101 3098 3101 3102 3105 3106 3105 3102 3105 3106 3109 3110 3109 3106 3109 3110 2967 2968 2967 3110</p>
                </triangles>
                <lines count="890" material="Material5">
                    <input offset="0" semantic="VERTEX" source="#ID48" />
                    <p>8 9 11 10 8 11 9 16 10 17 136 137 138 137 138 139 139 140 140 141 141 142 142 143 143 144 144 145 145 146 146 147 147 148 148 149 149 150 150 151 151 152 152 153 153 154 154 155 155 156 156 157 157 158 158 159 159 160 160 161 161 162 162 163 163 164 164 165 165 166 166 167 167 168 168 169 169 11 17 170 170 171 171 172 172 173 173 174 174 175 175 176 176 177 177 178 178 179 179 180 181 180 182 181 183 182 184 183 185 184 186 185 187 186 188 187 189 188 190 189 191 190 136 191 169 202 202 203 203 8 16 208 379 380 381 379 382 381 383 382 383 384 385 384 137 385 386 136 386 387 388 387 389 388 380 389 390 391 391 392 392 393 393 394 394 395 395 396 396 397 397 398 398 399 399 400 400 401 401 402 402 403 403 404 404 405 405 406 406 407 407 408 408 409 409 410 410 411 411 412 412 413 413 390 414 415 415 416 416 417 417 418 418 419 419 420 420 421 421 422 422 423 423 424 424 425 425 426 426 427 427 428 428 429 429 430 430 431 431 432 432 433 433 434 434 435 435 436 436 437 437 414 438 439 439 440 440 441 441 442 442 443 443 444 444 445 445 446 446 447 447 448 448 449 449 450 450 451 451 452 452 453 453 454 454 455 455 456 456 457 457 458 458 459 459 460 460 461 461 438 138 470 470 471 471 476 476 481 481 490 490 495 495 500 500 505 505 510 510 515 515 520 520 525 525 530 530 535 535 540 540 545 545 550 550 555 555 560 560 565 565 570 570 575 575 580 580 585 585 590 590 595 595 600 600 605 605 614 614 619 619 624 168 624 208 629 629 634 634 639 639 644 644 649 649 654 654 659 659 664 664 669 669 179 669 678 678 180 687 678 692 687 697 692 702 697 707 702 712 707 717 712 722 717 727 722 732 727 737 732 386 737 379 751 379 760 761 760 381 761 382 770 381 771 894 895 895 896 897 896 898 897 899 898 900 899 901 900 902 901 903 902 904 903 905 904 906 905 907 906 908 907 909 908 910 909 910 911 912 911 912 913 913 914 914 915 915 916 916 917 917 918 918 919 919 920 920 921 921 922 922 923 923 924 924 925 925 926 926 927 927 928 928 929 929 930 930 931 931 932 932 933 933 934 934 935 935 936 936 937 937 938 938 939 939 940 940 941 941 942 383 942 770 943 943 944 944 945 945 946 946 947 947 948 948 949 949 950 950 951 951 894 960 961 388 960 387 961 388 970 389 971 980 981 380 980 389 981 1486 1487 1488 1486 1489 1488 1490 1489 1491 1490 1492 1491 1493 1492 1494 1493 1495 1494 1496 1495 1497 1496 1498 1497 1499 1498 1500 1499 1501 1500 1502 1501 1503 1502 1504 1503 1505 1504 1506 1505 1507 1506 1508 1507 1509 1508 1510 1509 1511 1510 1512 1511 1513 1512 1514 1513 1515 1514 1516 1515 1517 1516 1518 1517 1519 1518 1520 1519 1521 1520 1522 1521 1522 1523 1524 1523 1524 624 1525 470 1525 1526 1526 1487 1527 1528 1529 1527 1530 1529 1531 1530 1532 1531 1533 1532 1534 1533 1535 1534 1536 1535 1537 1536 1538 1537 1539 1538 1540 1539 1541 1540 1542 1541 1543 1542 1544 1543 1545 1544 1546 1545 1547 1546 1548 1547 1549 1548 1550 1549 1551 1550 1552 1551 1553 1552 1554 1553 1555 1554 1556 1555 1557 1556 1558 1557 1559 1558 1560 1559 1561 1560 1562 1561 1563 1562 1564 1563 1565 1564 1566 1565 1567 1566 1568 1567 1569 1568 1570 1569 1571 1570 1572 1571 1573 1572 1574 1573 1575 1574 1576 1575 1577 1576 1578 1577 1579 1578 1580 1579 1581 1580 1582 1581 1583 1582 1584 1583 1585 1584 1586 1585 1587 1586 1588 1587 1528 1588 1589 1590 1591 1589 1591 1592 1592 1593 1593 1594 1594 1595 1595 1596 1596 1597 1597 1598 1598 1599 1599 1600 1600 1601 1601 1602 1602 1603 1603 1604 1604 1605 1605 1606 1606 1607 1607 1608 1608 1609 1609 1610 1610 1611 1611 1612 1612 1613 1613 1614 1614 1615 1615 1616 1616 1617 1617 1618 1647 1590 1650 1649 1651 1650 1651 1652 1653 1652 1654 1653 1655 1654 1656 1655 1657 1656 1658 1657 1659 1658 1660 1659 1661 1660 1662 1661 1663 1662 1664 1663 1665 1664 1666 1665 1667 1666 1668 1667 1669 1668 1670 1669 1671 1670 1672 1671 1673 1672 1674 1673 1675 1674 1676 1675 1677 1676 1678 1677 1679 1678 1680 1679 1681 1680 1681 1682 1683 1684 980 1736 751 1750 1779 1780 760 1780 1750 1781 1781 1782 1782 1783 1783 1784 1784 1785 1785 1786 1786 1787 1787 1788 1788 1779 1797 1780 761 1797 1826 1797 1827 1826 1828 1827 1829 1828 1830 1829 1831 1830 1832 1831 1833 1832 1834 1833 1835 1834 771 1835 895 1797 1878 1879 1879 1880 1880 1881 1881 1882 1882 1883 1883 1884 1885 1884 896 1885 1780 1736 1736 1886 1886 1887 1887 1878 897 1896 1897 1896 1902 1897 1907 1902 1912 1907 1917 1912 1922 1917 1927 1922 1932 1927 1937 1932 1942 1937 1947 1942 1952 1947 909 1952 1965 1966 1967 1966 1952 1967 910 1952 1952 1965 2132 2133 2133 2134 2135 2134 2135 911 1967 2136 2136 2137 2137 2132 2138 2139 2139 2140 2140 2141 2141 2142 2142 2143 2143 2144 2144 2145 2145 2146 2146 2147 2147 2148 2148 2149 2149 2150 2150 2151 2151 2152 2152 2153 2153 2154 2154 2155 2155 2156 2156 2157 2157 2158 2158 2159 2159 2160 2160 2161 2161 2138 2162 2163 2163 2164 2164 2165 2165 2166 2166 2167 2167 2168 2168 2169 2169 2170 2170 2171 2171 2172 2172 2173 2173 2174 2174 2175 2175 2176 2176 2177 2177 2178 2178 2179 2179 2180 2180 2181 2181 2182 2182 2183 2183 2184 2184 2185 2185 2162 2186 2187 2187 2188 2188 2189 2189 2190 2190 2191 2191 2192 2192 2193 2193 2194 2194 2195 2195 2196 2196 2197 2197 2198 2198 2199 2199 2200 2200 2201 2201 2202 2202 2203 2203 2204 2204 2205 2205 2206 2206 2207 2207 2208 2208 2209 2209 2186 912 1520 939 1493 942 1490 960 1887 961 1878 2410 1887 2411 2410 2412 2411 2413 2412 2414 2413 2415 2414 2416 2415 2417 2416 2418 2417 2419 2418 970 2419 2448 1878 2449 2448 2450 2449 2451 2450 2452 2451 2453 2452 2454 2453 2455 2454 2456 2455 2457 2456 2458 2457 387 2458 971 2463 2492 1886 981 1886 2463 2493 2493 2494 2494 2495 2495 2496 2496 2497 2497 2498 2498 2499 2499 2500 2500 2492 2561 2562 2563 1879 2561 2563 2572 1881 2573 1882 2582 2583 2583 1883 2582 1882 2592 1883 2593 1884 1896 1965 1884 1896 1966 1884 2666 2593 2667 2666 2668 2667 2669 2668 2670 2669 2671 2670 2672 2671 2673 2672 2674 2673 2675 2674 1967 2675 2133 2563 2132 2562 2734 2735 2735 2736 2736 2737 2737 2738 2738 2739 2739 2740 2740 2741 2741 2742 2742 2743 2743 2744 2744 2745 2745 2746 2746 2747 2747 2748 2748 2749 2749 2750 2750 2751 2751 2752 2752 2753 2753 2754 2754 2755 2755 2756 2756 2757 2757 2734 2136 2766 2136 2583 2137 2582 2823 2824 2824 2825 2825 2826 2826 2827 2827 2828 2828 2829 2829 2830 2830 2831 2831 2832 2832 2833 2833 2834 2834 2835 2835 2836 2836 2837 2837 2838 2838 2839 2839 2840 2840 2841 2841 2842 2842 2843 2843 2844 2844 2845 2845 2846 2846 2823 2132 2855 2137 2856 2855 2917 2917 2918 2918 2919 2919 2920 2920 2921 2921 2922 2922 2923 2923 2924 2924 2925 2925 2572 2133 2954 2954 2955 2955 2956 2956 2957 2957 2958 2958 2959 2959 2960 2960 2961 2961 2962 2962 2963 2963 2964 2964 1879 2969 2573 2998 2969 2999 2998 3000 2999 3001 3000 3002 3001 3003 3002 3004 3003 3005 3004 2856 3005 2766 3034 3034 3035 3035 3036 3036 3037 3037 3038 3038 3039 3039 3040 3040 3041 3041 3042 3042 2592</p>
                </lines>
                <lines count="67" material="Material6">
                    <input offset="0" semantic="VERTEX" source="#ID48" />
                    <p>380 750 1619 1618 1620 1619 1621 1620 1622 1621 1623 1622 1624 1623 1625 1624 1626 1625 1627 1626 1628 1627 1629 1628 1630 1629 1631 1630 1632 1631 1633 1632 1634 1633 1635 1634 1636 1635 1637 1636 1638 1637 1639 1638 1640 1639 1641 1640 1642 1641 1643 1642 1644 1643 1645 1644 1646 1645 1647 1646 1648 1649 1682 1683 1684 1685 1685 1686 1686 1687 1687 1688 1688 1689 1689 1690 1690 1691 1691 1692 1692 1693 1693 1694 1694 1695 1695 1696 1696 1697 1697 1698 1698 1699 1699 1700 1700 1701 1701 1702 1702 1703 1703 1704 1704 1705 1705 1706 1706 1648 1735 1736 1737 1735 1738 1737 1739 1738 1740 1739 1741 1740 1742 1741 1743 1742 1744 1743 1745 1744 750 1745 2562 1881</p>
                </lines>
                <triangles count="24" material="Material3">
                    <input offset="0" semantic="VERTEX" source="#ID48" />
                    <p>2420 2421 2422 2421 2420 2423 2421 2423 2424 2424 2423 2425 2425 2423 2426 2426 2423 2427 2427 2423 2428 2428 2423 2429 2429 2423 2430 2430 2423 2431 2431 2423 2432 2432 2423 2433 2926 2927 2928 2927 2926 2929 2929 2926 2930 2929 2930 2931 2929 2931 2932 2929 2932 2933 2929 2933 2934 2929 2934 2935 2929 2935 2936 2929 2936 2937 2929 2937 2938 2929 2938 2939</p>
                </triangles>
            </mesh>
        </geometry>
        <geometry id="ID53">
            <mesh>
                <source id="ID54">
                    <float_array id="ID57" count="429">4.243895 2.764874 13.77273 4.243969 2.819839 13.5562 4.243969 2.764874 13.5562 4.243969 2.819799 13.77273 4.243969 2.819799 13.77273 4.243895 2.764874 13.77273 4.243969 2.819839 13.5562 4.243969 2.764874 13.5562 4.243969 2.819799 13.77273 4.243895 2.764874 13.77273 4.243969 2.819839 13.5562 4.243969 2.764874 13.5562 4.266781 2.819628 13.60479 4.243969 2.819839 13.5562 4.274478 2.819708 13.5562 4.243969 2.819799 13.77273 4.263654 2.819632 13.66447 4.266781 2.819628 13.72414 4.274478 2.819688 13.77273 4.274478 2.819688 13.77273 4.266781 2.819628 13.72414 4.243969 2.819799 13.77273 4.263654 2.819632 13.66447 4.266781 2.819628 13.60479 4.243969 2.819839 13.5562 4.274478 2.819708 13.5562 4.274478 2.819708 13.5562 4.266781 2.819628 13.60479 4.263654 2.819632 13.66447 4.266781 2.819628 13.72414 4.274478 2.819688 13.77273 4.243969 2.764874 13.5562 4.238729 1.835443 13.77265 4.238803 1.835443 13.55611 4.243895 2.764874 13.77273 4.243895 2.764874 13.77273 4.243969 2.764874 13.5562 4.238729 1.835443 13.77265 4.238803 1.835443 13.55611 4.238729 1.835443 13.77265 4.238803 1.835443 13.55611 4.441085 2.819428 13.77273 4.410576 2.819447 13.5562 4.441085 2.819406 13.5562 4.322443 2.819733 13.5562 4.274478 2.819708 13.5562 4.266781 2.819628 13.60479 4.263654 2.819632 13.66447 4.266781 2.819628 13.72414 4.410576 2.81943 13.77273 4.274478 2.819688 13.77273 4.322443 2.819693 13.77273 4.322443 2.819693 13.77273 4.410576 2.81943 13.77273 4.274478 2.819688 13.77273 4.266781 2.819628 13.72414 4.441085 2.819428 13.77273 4.263654 2.819632 13.66447 4.266781 2.819628 13.60479 4.274478 2.819708 13.5562 4.322443 2.819733 13.5562 4.410576 2.819447 13.5562 4.441085 2.819406 13.5562 4.441085 2.819428 13.77273 4.441085 2.819406 13.5562 4.410576 2.81943 13.77273 4.322443 2.819693 13.77273 4.322443 2.819733 13.5562 4.410576 2.819447 13.5562 4.238803 1.835443 13.55611 4.199153 1.835643 13.77264 4.199153 1.835683 13.5561 4.238729 1.835443 13.77265 4.238729 1.835443 13.77265 4.238803 1.835443 13.55611 4.199153 1.835643 13.77264 4.199153 1.835683 13.5561 4.199153 1.835643 13.77264 4.199153 1.835683 13.5561 4.441085 2.819428 13.77273 4.441191 2.898146 13.5562 4.441085 2.819406 13.5562 4.441191 2.898168 13.77273 4.441191 2.898168 13.77273 4.441085 2.819428 13.77273 4.441191 2.898146 13.5562 4.441085 2.819406 13.5562 4.441191 2.898168 13.77273 4.441191 2.898146 13.5562 4.441085 2.819428 13.77273 4.410681 2.89817 13.77273 4.410576 2.81943 13.77273 4.441191 2.898168 13.77273 4.441191 2.898168 13.77273 4.441085 2.819428 13.77273 4.410681 2.89817 13.77273 4.410576 2.81943 13.77273 4.410681 2.89817 13.77273 4.410576 2.81943 13.77273 4.322548 2.898434 13.77273 4.322443 2.819693 13.77273 4.410681 2.89817 13.77273 4.410681 2.89817 13.77273 4.410576 2.81943 13.77273 4.322548 2.898434 13.77273 4.322443 2.819693 13.77273 4.322548 2.898434 13.77273 4.322443 2.819693 13.77273 4.274583 2.898428 13.77273 4.274478 2.819688 13.77273 4.322548 2.898434 13.77273 4.322548 2.898434 13.77273 4.322443 2.819693 13.77273 4.274583 2.898428 13.77273 4.274478 2.819688 13.77273 4.274583 2.898428 13.77273 4.274583 2.898448 13.5562 4.322443 2.819733 13.5562 4.274478 2.819708 13.5562 4.322548 2.898473 13.5562 4.322548 2.898473 13.5562 4.274583 2.898448 13.5562 4.322443 2.819733 13.5562 4.274478 2.819708 13.5562 4.274583 2.898448 13.5562 4.322548 2.898473 13.5562 4.322548 2.898473 13.5562 4.410576 2.819447 13.5562 4.322443 2.819733 13.5562 4.410682 2.898187 13.5562 4.410682 2.898187 13.5562 4.322548 2.898473 13.5562 4.410576 2.819447 13.5562 4.322443 2.819733 13.5562 4.410682 2.898187 13.5562 4.410682 2.898187 13.5562 4.441085 2.819406 13.5562 4.410576 2.819447 13.5562 4.441191 2.898146 13.5562 4.441191 2.898146 13.5562 4.410682 2.898187 13.5562 4.441085 2.819406 13.5562 4.410576 2.819447 13.5562</float_array>
                    <technique_common>
                        <accessor count="143" source="#ID57" stride="3">
                            <param name="X" type="float" />
                            <param name="Y" type="float" />
                            <param name="Z" type="float" />
                        </accessor>
                    </technique_common>
                </source>
                <source id="ID55">
                    <float_array id="ID58" count="429">-0.9999998 0.0006734604 -0.0001713246 -0.9999998 0.0006734604 -0.0001713246 -0.9999998 0.0006734604 -0.0001713246 -0.9999998 0.0006734604 -0.0001713246 0.9999998 -0.0006734604 0.0001713246 0.9999998 -0.0006734604 0.0001713246 0.9999998 -0.0006734604 0.0001713246 0.9999998 -0.0006734604 0.0001713246 0 0 0 0 0 0 0 0 0 0 0 0 -0.005109973 -0.9999869 -0.0001194433 -0.005109973 -0.9999869 -0.0001194433 -0.005109973 -0.9999869 -0.0001194433 -0.005109973 -0.9999869 -0.0001194433 -0.005109973 -0.9999869 -0.0001194433 -0.005109973 -0.9999869 -0.0001194433 -0.005109973 -0.9999869 -0.0001194433 0.005109973 0.9999869 0.0001194433 0.005109973 0.9999869 0.0001194433 0.005109973 0.9999869 0.0001194433 0.005109973 0.9999869 0.0001194433 0.005109973 0.9999869 0.0001194433 0.005109973 0.9999869 0.0001194433 0.005109973 0.9999869 0.0001194433 0 0 0 0 0 0 0 0 0 0 0 0 0 0 0 0.9999845 -0.005557575 0.0003423033 0.9999845 -0.005557575 0.0003423033 0.9999845 -0.005557575 0.0003423033 0.9999845 -0.005557575 0.0003423033 -0.9999845 0.005557575 -0.0003423033 -0.9999845 0.005557575 -0.0003423033 -0.9999845 0.005557575 -0.0003423033 -0.9999845 0.005557575 -0.0003423033 0 0 0 0 0 0 -0.001498515 -0.9999989 -5.922157e-05 -0.001498515 -0.9999989 -5.922157e-05 -0.001498515 -0.9999989 -5.922157e-05 -0.001498515 -0.9999989 -5.922157e-05 -0.001498515 -0.9999989 -5.922157e-05 -0.001498515 -0.9999989 -5.922157e-05 -0.001498515 -0.9999989 -5.922157e-05 -0.001498515 -0.9999989 -5.922157e-05 -0.001498515 -0.9999989 -5.922157e-05 -0.001498515 -0.9999989 -5.922157e-05 -0.001498515 -0.9999989 -5.922157e-05 0.001498515 0.9999989 5.922157e-05 0.001498515 0.9999989 5.922157e-05 0.001498515 0.9999989 5.922157e-05 0.001498515 0.9999989 5.922157e-05 0.001498515 0.9999989 5.922157e-05 0.001498515 0.9999989 5.922157e-05 0.001498515 0.9999989 5.922157e-05 0.001498515 0.9999989 5.922157e-05 0.001498515 0.9999989 5.922157e-05 0.001498515 0.9999989 5.922157e-05 0.001498515 0.9999989 5.922157e-05 0 0 0 0 0 0 0 0 0 0 0 0 0 0 0 0 0 0 -0.005557544 -0.9999846 -9.244471e-05 -0.005557544 -0.9999846 -9.244471e-05 -0.005557544 -0.9999846 -9.244471e-05 -0.005557544 -0.9999846 -9.244471e-05 0.005557544 0.9999846 9.244471e-05 0.005557544 0.9999846 9.244471e-05 0.005557544 0.9999846 9.244471e-05 0.005557544 0.9999846 9.244471e-05 0 0 0 0 0 0 -0.9999991 0.001340012 -2.958213e-09 -0.9999991 0.001340012 -2.958213e-09 -0.9999991 0.001340012 -2.958213e-09 -0.9999991 0.001340012 -2.958213e-09 0.9999991 -0.001340012 2.958213e-09 0.9999991 -0.001340012 2.958213e-09 0.9999991 -0.001340012 2.958213e-09 0.9999991 -0.001340012 2.958213e-09 0 0 0 0 0 0 -3.076791e-07 -6.37369e-08 1 -3.076791e-07 -6.37369e-08 1 -3.076791e-07 -6.37369e-08 1 -3.076791e-07 -6.37369e-08 1 3.076791e-07 6.37369e-08 -1 3.076791e-07 6.37369e-08 -1 3.076791e-07 6.37369e-08 -1 3.076791e-07 6.37369e-08 -1 0 0 0 1.063154e-07 -6.429166e-08 1 1.063154e-07 -6.429166e-08 1 1.063154e-07 -6.429166e-08 1 1.063154e-07 -6.429166e-08 1 -1.063154e-07 6.429166e-08 -1 -1.063154e-07 6.429166e-08 -1 -1.063154e-07 6.429166e-08 -1 -1.063154e-07 6.429166e-08 -1 0 0 0 7.666357e-12 -6.414921e-08 1 7.666357e-12 -6.414921e-08 1 7.666357e-12 -6.414921e-08 1 7.666357e-12 -6.414921e-08 1 -7.666357e-12 6.414921e-08 -1 -7.666357e-12 6.414921e-08 -1 -7.666357e-12 6.414921e-08 -1 -7.666357e-12 6.414921e-08 -1 0 0 0 -3.422942e-11 6.414924e-08 -1 -3.422942e-11 6.414924e-08 -1 -3.422942e-11 6.414924e-08 -1 -3.422942e-11 6.414924e-08 -1 3.422942e-11 -6.414924e-08 1 3.422942e-11 -6.414924e-08 1 3.422942e-11 -6.414924e-08 1 3.422942e-11 -6.414924e-08 1 0 0 0 0 0 0 -3.181307e-08 6.419183e-08 -1 -3.181307e-08 6.419183e-08 -1 -3.181307e-08 6.419183e-08 -1 -3.181307e-08 6.419183e-08 -1 3.181307e-08 -6.419183e-08 1 3.181307e-08 -6.419183e-08 1 3.181307e-08 -6.419183e-08 1 3.181307e-08 -6.419183e-08 1 0 0 0 -4.62292e-07 6.476867e-08 -1 -4.62292e-07 6.476867e-08 -1 -4.62292e-07 6.476867e-08 -1 -4.62292e-07 6.476867e-08 -1 4.62292e-07 -6.476867e-08 1 4.62292e-07 -6.476867e-08 1 4.62292e-07 -6.476867e-08 1 4.62292e-07 -6.476867e-08 1</float_array>
                    <technique_common>
                        <accessor count="143" source="#ID58" stride="3">
                            <param name="X" type="float" />
                            <param name="Y" type="float" />
                            <param name="Z" type="float" />
                        </accessor>
                    </technique_common>
                </source>
                <vertices id="ID56">
                    <input semantic="POSITION" source="#ID54" />
                    <input semantic="NORMAL" source="#ID55" />
                </vertices>
                <triangles count="34" material="Material3">
                    <input offset="0" semantic="VERTEX" source="#ID56" />
                    <p>0 1 2 1 0 3 12 13 14 13 12 15 15 12 16 15 16 17 15 17 18 31 32 33 32 31 34 41 42 43 42 41 44 44 41 45 45 41 46 46 41 47 47 41 48 48 41 49 49 50 48 50 49 51 69 70 71 70 69 72 79 80 81 80 79 82 89 90 91 90 89 92 98 99 100 99 98 101 107 108 109 108 107 110 116 117 118 117 116 119 126 127 128 127 126 129 135 136 137 136 135 138</p>
                </triangles>
                <triangles count="34" material="Material2">
                    <input offset="0" semantic="VERTEX" source="#ID56" />
                    <p>4 5 6 7 6 5 19 20 21 20 22 21 22 23 21 21 23 24 25 24 23 35 36 37 38 37 36 52 53 54 55 54 53 53 56 55 55 56 57 57 56 58 58 56 59 59 56 60 60 56 61 62 61 56 73 74 75 76 75 74 83 84 85 86 85 84 93 94 95 96 95 94 102 103 104 105 104 103 111 112 113 114 113 112 120 121 122 123 122 121 130 131 132 133 132 131 139 140 141 142 141 140</p>
                </triangles>
                <lines count="38" material="Material4">
                    <input offset="0" semantic="VERTEX" source="#ID56" />
                    <p>8 9 10 8 10 11 11 9 26 10 27 26 28 27 29 28 30 29 8 30 9 39 40 39 11 40 63 64 65 63 66 65 30 66 67 26 67 68 68 64 39 77 78 77 40 78 63 87 87 88 64 88 97 87 65 97 106 97 66 106 115 106 30 115 26 124 125 124 67 125 125 134 68 134 134 88</p>
                </lines>
            </mesh>
        </geometry>
        <geometry id="ID59">
            <mesh>
                <source id="ID60">
                    <float_array id="ID63" count="219">5.394561 2.818174 13.77273 5.306533 2.897178 13.77273 5.306428 2.818438 13.77273 5.394667 2.896914 13.77273 5.394667 2.896914 13.77273 5.394561 2.818174 13.77273 5.306533 2.897178 13.77273 5.306428 2.818438 13.77273 5.306428 2.818438 13.77273 5.394561 2.818174 13.77273 5.394667 2.896914 13.77273 5.306533 2.897178 13.77273 5.227954 2.818544 13.77273 5.306428 2.818438 13.5562 5.227954 2.818544 13.5562 5.402258 2.818097 13.60479 5.405385 2.818093 13.66447 5.402258 2.818097 13.72414 5.394561 2.818174 13.77273 5.306428 2.818438 13.77273 5.394561 2.818152 13.5562 5.306428 2.818438 13.5562 5.394561 2.818152 13.5562 5.402258 2.818097 13.60479 5.306428 2.818438 13.77273 5.227954 2.818544 13.77273 5.394561 2.818174 13.77273 5.402258 2.818097 13.72414 5.405385 2.818093 13.66447 5.227954 2.818544 13.5562 5.306428 2.818438 13.5562 5.394561 2.818152 13.5562 5.227954 2.818544 13.5562 5.227954 2.818544 13.77273 5.402258 2.818097 13.72414 5.405385 2.818093 13.66447 5.402258 2.818097 13.60479 5.306428 2.818438 13.77273 5.228059 2.897284 13.77273 5.227954 2.818544 13.77273 5.306533 2.897178 13.77273 5.306533 2.897178 13.77273 5.306428 2.818438 13.77273 5.228059 2.897284 13.77273 5.227954 2.818544 13.77273 5.228059 2.897284 13.77273 5.306533 2.897178 13.5562 5.394561 2.818152 13.5562 5.306428 2.818438 13.5562 5.394666 2.896892 13.5562 5.394666 2.896892 13.5562 5.306533 2.897178 13.5562 5.394561 2.818152 13.5562 5.306428 2.818438 13.5562 5.306533 2.897178 13.5562 5.394666 2.896892 13.5562 5.228059 2.897284 13.5562 5.306428 2.818438 13.5562 5.227954 2.818544 13.5562 5.306533 2.897178 13.5562 5.306533 2.897178 13.5562 5.228059 2.897284 13.5562 5.306428 2.818438 13.5562 5.227954 2.818544 13.5562 5.228059 2.897284 13.5562 5.227954 2.818544 13.5562 5.228059 2.897284 13.77273 5.227954 2.818544 13.77273 5.228059 2.897284 13.5562 5.228059 2.897284 13.5562 5.227954 2.818544 13.5562 5.228059 2.897284 13.77273 5.227954 2.818544 13.77273</float_array>
                    <technique_common>
                        <accessor count="73" source="#ID63" stride="3">
                            <param name="X" type="float" />
                            <param name="Y" type="float" />
                            <param name="Z" type="float" />
                        </accessor>
                    </technique_common>
                </source>
                <source id="ID61">
                    <float_array id="ID64" count="219">1.063154e-07 -6.429166e-08 1 1.063154e-07 -6.429166e-08 1 1.063154e-07 -6.429166e-08 1 1.063154e-07 -6.429166e-08 1 -1.063154e-07 6.429166e-08 -1 -1.063154e-07 6.429166e-08 -1 -1.063154e-07 6.429166e-08 -1 -1.063154e-07 6.429166e-08 -1 0 0 0 0 0 0 0 0 0 0 0 0 0.002592259 0.9999966 -3.174076e-05 0.002592259 0.9999966 -3.174076e-05 0.002592259 0.9999966 -3.174076e-05 0.002592259 0.9999966 -3.174076e-05 0.002592259 0.9999966 -3.174076e-05 0.002592259 0.9999966 -3.174076e-05 0.002592259 0.9999966 -3.174076e-05 0.002592259 0.9999966 -3.174076e-05 0.002592259 0.9999966 -3.174076e-05 -0.002592259 -0.9999966 3.174076e-05 -0.002592259 -0.9999966 3.174076e-05 -0.002592259 -0.9999966 3.174076e-05 -0.002592259 -0.9999966 3.174076e-05 -0.002592259 -0.9999966 3.174076e-05 -0.002592259 -0.9999966 3.174076e-05 -0.002592259 -0.9999966 3.174076e-05 -0.002592259 -0.9999966 3.174076e-05 -0.002592259 -0.9999966 3.174076e-05 0 0 0 0 0 0 0 0 0 0 0 0 0 0 0 0 0 0 0 0 0 -8.645936e-11 -6.414908e-08 1 -8.645936e-11 -6.414908e-08 1 -8.645936e-11 -6.414908e-08 1 -8.645936e-11 -6.414908e-08 1 8.645936e-11 6.414908e-08 -1 8.645936e-11 6.414908e-08 -1 8.645936e-11 6.414908e-08 -1 8.645936e-11 6.414908e-08 -1 0 0 0 -3.181307e-08 6.419183e-08 -1 -3.181307e-08 6.419183e-08 -1 -3.181307e-08 6.419183e-08 -1 -3.181307e-08 6.419183e-08 -1 3.181307e-08 -6.419183e-08 1 3.181307e-08 -6.419183e-08 1 3.181307e-08 -6.419183e-08 1 3.181307e-08 -6.419183e-08 1 0 0 0 0 0 0 8.645936e-11 6.414908e-08 -1 8.645936e-11 6.414908e-08 -1 8.645936e-11 6.414908e-08 -1 8.645936e-11 6.414908e-08 -1 -8.645936e-11 -6.414908e-08 1 -8.645936e-11 -6.414908e-08 1 -8.645936e-11 -6.414908e-08 1 -8.645936e-11 -6.414908e-08 1 0 0 0 0.9999991 -0.001340012 -6.35689e-15 0.9999991 -0.001340012 -6.35689e-15 0.9999991 -0.001340012 -6.35689e-15 0.9999991 -0.001340012 -6.35689e-15 -0.9999991 0.001340012 6.35689e-15 -0.9999991 0.001340012 6.35689e-15 -0.9999991 0.001340012 6.35689e-15 -0.9999991 0.001340012 6.35689e-15</float_array>
                    <technique_common>
                        <accessor count="73" source="#ID64" stride="3">
                            <param name="X" type="float" />
                            <param name="Y" type="float" />
                            <param name="Z" type="float" />
                        </accessor>
                    </technique_common>
                </source>
                <vertices id="ID62">
                    <input semantic="POSITION" source="#ID60" />
                    <input semantic="NORMAL" source="#ID61" />
                </vertices>
                <triangles count="17" material="Material3">
                    <input offset="0" semantic="VERTEX" source="#ID62" />
                    <p>0 1 2 1 0 3 12 13 14 13 12 15 15 12 16 16 12 17 17 12 18 18 12 19 15 20 13 37 38 39 38 37 40 46 47 48 47 46 49 56 57 58 57 56 59 65 66 67 66 65 68</p>
                </triangles>
                <triangles count="17" material="Material2">
                    <input offset="0" semantic="VERTEX" source="#ID62" />
                    <p>4 5 6 7 6 5 21 22 23 24 25 26 26 25 27 27 25 28 28 25 23 23 25 21 29 21 25 41 42 43 44 43 42 50 51 52 53 52 51 60 61 62 63 62 61 69 70 71 72 71 70</p>
                </triangles>
                <lines count="20" material="Material4">
                    <input offset="0" semantic="VERTEX" source="#ID62" />
                    <p>8 9 9 10 11 10 8 11 30 31 30 32 33 32 33 8 34 9 35 34 36 35 31 36 45 11 33 45 30 54 54 55 31 55 32 64 54 64 45 64</p>
                </lines>
            </mesh>
        </geometry>
        <geometry id="ID65">
            <mesh>
                <source id="ID66">
                    <float_array id="ID69" count="1536">4.819952 2.818882 13.50772 4.852861 2.818838 13.50811 4.836417 2.81886 13.50705 4.803647 2.818904 13.5101 4.869104 2.818816 13.51089 4.787681 2.818926 13.51417 4.884968 2.818795 13.51534 4.772227 2.818947 13.51989 4.900279 2.818774 13.52143 4.757456 2.818966 13.52719 4.91487 2.818754 13.52909 4.743529 2.818985 13.536 4.928581 2.818736 13.53823 4.730599 2.819003 13.54621 4.941261 2.818719 13.54875 4.718807 2.819019 13.55772 4.952771 2.818703 13.56055 4.708284 2.819033 13.5704 4.962986 2.818689 13.57348 4.699143 2.819045 13.58412 4.971793 2.818678 13.5874 4.691486 2.819055 13.59871 4.979097 2.818668 13.60217 4.685396 2.819064 13.61402 4.984816 2.81866 13.61763 4.680939 2.81907 13.62988 4.988889 2.818654 13.63359 4.678165 2.819073 13.64612 4.99127 2.818651 13.6499 4.678088 2.819073 13.64732 4.677105 2.819075 13.66257 4.991934 2.81865 13.66636 4.677769 2.819074 13.67903 4.99095 2.818652 13.68162 4.68015 2.819071 13.69534 4.990873 2.818652 13.68281 4.9881 2.818656 13.69905 4.684223 2.819065 13.71131 4.983643 2.818662 13.71492 4.689942 2.819057 13.72676 4.977553 2.81867 13.73023 4.697245 2.819048 13.74153 4.969895 2.81868 13.74482 4.706053 2.819036 13.75546 4.960755 2.818692 13.75853 4.716267 2.819022 13.76839 4.950231 2.818707 13.77121 4.727778 2.819006 13.78018 4.93844 2.818722 13.78272 4.740458 2.818989 13.7907 4.92551 2.81874 13.79293 4.754168 2.818971 13.79984 4.911583 2.818759 13.80174 4.768759 2.818951 13.8075 4.896812 2.818779 13.80904 4.78407 2.818931 13.81359 4.881358 2.818799 13.81476 4.799935 2.818909 13.81805 4.865391 2.818821 13.81884 4.816177 2.818887 13.82082 4.849086 2.818843 13.82122 4.832621 2.818865 13.82188 4.832621 2.818865 13.82188 4.816177 2.818887 13.82082 4.849086 2.818843 13.82122 4.865391 2.818821 13.81884 4.799935 2.818909 13.81805 4.881358 2.818799 13.81476 4.78407 2.818931 13.81359 4.896812 2.818779 13.80904 4.768759 2.818951 13.8075 4.911583 2.818759 13.80174 4.754168 2.818971 13.79984 4.92551 2.81874 13.79293 4.740458 2.818989 13.7907 4.93844 2.818722 13.78272 4.727778 2.819006 13.78018 4.950231 2.818707 13.77121 4.716267 2.819022 13.76839 4.960755 2.818692 13.75853 4.706053 2.819036 13.75546 4.969895 2.81868 13.74482 4.697245 2.819048 13.74153 4.977553 2.81867 13.73023 4.689942 2.819057 13.72676 4.983643 2.818662 13.71492 4.684223 2.819065 13.71131 4.9881 2.818656 13.69905 4.68015 2.819071 13.69534 4.990873 2.818652 13.68281 4.99095 2.818652 13.68162 4.677769 2.819074 13.67903 4.991934 2.81865 13.66636 4.677105 2.819075 13.66257 4.99127 2.818651 13.6499 4.678088 2.819073 13.64732 4.678165 2.819073 13.64612 4.988889 2.818654 13.63359 4.680939 2.81907 13.62988 4.984816 2.81866 13.61763 4.685396 2.819064 13.61402 4.979097 2.818668 13.60217 4.691486 2.819055 13.59871 4.971793 2.818678 13.5874 4.699143 2.819045 13.58412 4.962986 2.818689 13.57348 4.708284 2.819033 13.5704 4.952771 2.818703 13.56055 4.718807 2.819019 13.55772 4.941261 2.818719 13.54875 4.730599 2.819003 13.54621 4.928581 2.818736 13.53823 4.743529 2.818985 13.536 4.91487 2.818754 13.52909 4.757456 2.818966 13.52719 4.900279 2.818774 13.52143 4.772227 2.818947 13.51989 4.884968 2.818795 13.51534 4.787681 2.818926 13.51417 4.869104 2.818816 13.51089 4.803647 2.818904 13.5101 4.852861 2.818838 13.50811 4.819952 2.818882 13.50772 4.836417 2.81886 13.50705 4.881358 2.818799 13.81476 4.896812 2.818779 13.80904 4.911583 2.818759 13.80174 4.92551 2.81874 13.79293 4.93844 2.818722 13.78272 4.950231 2.818707 13.77121 4.960755 2.818692 13.75853 4.969895 2.81868 13.74482 4.977553 2.81867 13.73023 4.983643 2.818662 13.71492 4.9881 2.818656 13.69905 4.990873 2.818652 13.68281 4.99095 2.818652 13.68162 4.991934 2.81865 13.66636 4.99127 2.818651 13.6499 4.988889 2.818654 13.63359 4.984816 2.81866 13.61763 4.979097 2.818668 13.60217 4.971793 2.818678 13.5874 4.962986 2.818689 13.57348 4.952771 2.818703 13.56055 4.941261 2.818719 13.54875 4.928581 2.818736 13.53823 4.91487 2.818754 13.52909 4.900279 2.818774 13.52143 4.884968 2.818795 13.51534 4.869104 2.818816 13.51089 4.852861 2.818838 13.50811 4.836417 2.81886 13.50705 4.819952 2.818882 13.50772 4.803647 2.818904 13.5101 4.787681 2.818926 13.51417 4.772227 2.818947 13.51989 4.757456 2.818966 13.52719 4.743529 2.818985 13.536 4.730599 2.819003 13.54621 4.718807 2.819019 13.55772 4.708284 2.819033 13.5704 4.699143 2.819045 13.58412 4.691486 2.819055 13.59871 4.685396 2.819064 13.61402 4.680939 2.81907 13.62988 4.678165 2.819073 13.64612 4.678088 2.819073 13.64732 4.677105 2.819075 13.66257 4.677769 2.819074 13.67903 4.68015 2.819071 13.69534 4.684223 2.819065 13.71131 4.689942 2.819057 13.72676 4.697245 2.819048 13.74153 4.706053 2.819036 13.75546 4.716267 2.819022 13.76839 4.727778 2.819006 13.78018 4.740458 2.818989 13.7907 4.754168 2.818971 13.79984 4.768759 2.818951 13.8075 4.78407 2.818931 13.81359 4.799935 2.818909 13.81805 4.816177 2.818887 13.82082 4.832621 2.818865 13.82188 4.849086 2.818843 13.82122 4.865391 2.818821 13.81884 4.881464 2.89754 13.81476 4.896812 2.818779 13.80904 4.881358 2.818799 13.81476 4.896917 2.897519 13.80904 4.896917 2.897519 13.80904 4.881464 2.89754 13.81476 4.896812 2.818779 13.80904 4.881358 2.818799 13.81476 4.881464 2.89754 13.81476 4.896917 2.897519 13.80904 4.911583 2.818759 13.80174 4.911689 2.897499 13.80174 4.911689 2.897499 13.80174 4.911583 2.818759 13.80174 4.911689 2.897499 13.80174 4.92551 2.81874 13.79293 4.925615 2.89748 13.79293 4.925615 2.89748 13.79293 4.92551 2.81874 13.79293 4.925615 2.89748 13.79293 4.93844 2.818722 13.78272 4.938545 2.897463 13.78272 4.938545 2.897463 13.78272 4.93844 2.818722 13.78272 4.938545 2.897463 13.78272 4.950231 2.818707 13.77121 4.950337 2.897447 13.77121 4.950337 2.897447 13.77121 4.950231 2.818707 13.77121 4.950337 2.897447 13.77121 4.96086 2.897432 13.75853 4.960755 2.818692 13.75853 4.96086 2.897432 13.75853 4.960755 2.818692 13.75853 4.96086 2.897432 13.75853 4.970001 2.89742 13.74482 4.969895 2.81868 13.74482 4.970001 2.89742 13.74482 4.969895 2.81868 13.74482 4.970001 2.89742 13.74482 4.977658 2.89741 13.73023 4.977553 2.81867 13.73023 4.977658 2.89741 13.73023 4.977553 2.81867 13.73023 4.977658 2.89741 13.73023 4.983749 2.897402 13.71492 4.983643 2.818662 13.71492 4.983749 2.897402 13.71492 4.983643 2.818662 13.71492 4.983749 2.897402 13.71492 4.988205 2.897396 13.69905 4.9881 2.818656 13.69905 4.988205 2.897396 13.69905 4.9881 2.818656 13.69905 4.988205 2.897396 13.69905 4.990979 2.897392 13.68281 4.990873 2.818652 13.68281 4.990979 2.897392 13.68281 4.990873 2.818652 13.68281 4.990979 2.897392 13.68281 4.991056 2.897392 13.68162 4.99095 2.818652 13.68162 4.991056 2.897392 13.68162 4.99095 2.818652 13.68162 4.991056 2.897392 13.68162 4.99095 2.818652 13.68162 4.99204 2.89739 13.66636 4.991934 2.81865 13.66636 4.991056 2.897392 13.68162 4.991056 2.897392 13.68162 4.99095 2.818652 13.68162 4.99204 2.89739 13.66636 4.991934 2.81865 13.66636 4.99204 2.89739 13.66636 4.99127 2.818651 13.6499 4.991376 2.897391 13.6499 4.991376 2.897391 13.6499 4.99127 2.818651 13.6499 4.991376 2.897391 13.6499 4.991376 2.897391 13.6499 4.988889 2.818654 13.63359 4.99127 2.818651 13.6499 4.988994 2.897395 13.63359 4.988994 2.897395 13.63359 4.991376 2.897391 13.6499 4.988889 2.818654 13.63359 4.99127 2.818651 13.6499 4.988994 2.897395 13.63359 4.984816 2.81866 13.61763 4.984922 2.8974 13.61763 4.984922 2.8974 13.61763 4.984816 2.81866 13.61763 4.984922 2.8974 13.61763 4.979097 2.818668 13.60217 4.979202 2.897408 13.60217 4.979202 2.897408 13.60217 4.979097 2.818668 13.60217 4.979202 2.897408 13.60217 4.971793 2.818678 13.5874 4.971899 2.897418 13.5874 4.971899 2.897418 13.5874 4.971793 2.818678 13.5874 4.971899 2.897418 13.5874 4.962986 2.818689 13.57348 4.963092 2.897429 13.57348 4.963092 2.897429 13.57348 4.962986 2.818689 13.57348 4.963092 2.897429 13.57348 4.952771 2.818703 13.56055 4.952877 2.897443 13.56055 4.952877 2.897443 13.56055 4.952771 2.818703 13.56055 4.952877 2.897443 13.56055 4.941261 2.818719 13.54875 4.941366 2.897459 13.54875 4.941366 2.897459 13.54875 4.941261 2.818719 13.54875 4.941366 2.897459 13.54875 4.928686 2.897476 13.53823 4.928581 2.818736 13.53823 4.928686 2.897476 13.53823 4.928581 2.818736 13.53823 4.928686 2.897476 13.53823 4.914976 2.897494 13.52909 4.91487 2.818754 13.52909 4.914976 2.897494 13.52909 4.91487 2.818754 13.52909 4.914976 2.897494 13.52909 4.900385 2.897514 13.52143 4.900279 2.818774 13.52143 4.900385 2.897514 13.52143 4.900279 2.818774 13.52143 4.900385 2.897514 13.52143 4.885074 2.897535 13.51534 4.884968 2.818795 13.51534 4.885074 2.897535 13.51534 4.884968 2.818795 13.51534 4.885074 2.897535 13.51534 4.86921 2.897556 13.51089 4.869104 2.818816 13.51089 4.86921 2.897556 13.51089 4.869104 2.818816 13.51089 4.86921 2.897556 13.51089 4.852967 2.897578 13.50811 4.852861 2.818838 13.50811 4.852967 2.897578 13.50811 4.852861 2.818838 13.50811 4.852967 2.897578 13.50811 4.836523 2.8976 13.50705 4.836417 2.81886 13.50705 4.836523 2.8976 13.50705 4.836417 2.81886 13.50705 4.836523 2.8976 13.50705 4.820058 2.897622 13.50772 4.819952 2.818882 13.50772 4.820058 2.897622 13.50772 4.819952 2.818882 13.50772 4.820058 2.897622 13.50772 4.803753 2.897644 13.5101 4.803647 2.818904 13.5101 4.803753 2.897644 13.5101 4.803647 2.818904 13.5101 4.803753 2.897644 13.5101 4.787786 2.897666 13.51417 4.787681 2.818926 13.51417 4.787786 2.897666 13.51417 4.787681 2.818926 13.51417 4.787786 2.897666 13.51417 4.772332 2.897687 13.51989 4.772227 2.818947 13.51989 4.772332 2.897687 13.51989 4.772227 2.818947 13.51989 4.772332 2.897687 13.51989 4.757561 2.897707 13.52719 4.757456 2.818966 13.52719 4.757561 2.897707 13.52719 4.757456 2.818966 13.52719 4.757561 2.897707 13.52719 4.743634 2.897725 13.536 4.743529 2.818985 13.536 4.743634 2.897725 13.536 4.743529 2.818985 13.536 4.743634 2.897725 13.536 4.730704 2.897743 13.54621 4.730599 2.819003 13.54621 4.730704 2.897743 13.54621 4.730599 2.819003 13.54621 4.730704 2.897743 13.54621 4.718913 2.897759 13.55772 4.718807 2.819019 13.55772 4.718913 2.897759 13.55772 4.718807 2.819019 13.55772 4.718913 2.897759 13.55772 4.708284 2.819033 13.5704 4.708389 2.897773 13.5704 4.708389 2.897773 13.5704 4.708284 2.819033 13.5704 4.708389 2.897773 13.5704 4.699143 2.819045 13.58412 4.699249 2.897785 13.58412 4.699249 2.897785 13.58412 4.699143 2.819045 13.58412 4.699249 2.897785 13.58412 4.691486 2.819055 13.59871 4.691591 2.897795 13.59871 4.691591 2.897795 13.59871 4.691486 2.819055 13.59871 4.691591 2.897795 13.59871 4.685396 2.819064 13.61402 4.685501 2.897804 13.61402 4.685501 2.897804 13.61402 4.685396 2.819064 13.61402 4.685501 2.897804 13.61402 4.680939 2.81907 13.62988 4.681045 2.89781 13.62988 4.681045 2.89781 13.62988 4.680939 2.81907 13.62988 4.681045 2.89781 13.62988 4.678165 2.819073 13.64612 4.678271 2.897813 13.64612 4.678271 2.897813 13.64612 4.678165 2.819073 13.64612 4.678271 2.897813 13.64612 4.678088 2.819073 13.64732 4.678194 2.897813 13.64732 4.678194 2.897813 13.64732 4.678088 2.819073 13.64732 4.678194 2.897813 13.64732 4.678194 2.897813 13.64732 4.677105 2.819075 13.66257 4.678088 2.819073 13.64732 4.67721 2.897815 13.66257 4.67721 2.897815 13.66257 4.678194 2.897813 13.64732 4.677105 2.819075 13.66257 4.678088 2.819073 13.64732 4.67721 2.897815 13.66257 4.677874 2.897814 13.67903 4.677769 2.819074 13.67903 4.677874 2.897814 13.67903 4.677769 2.819074 13.67903 4.677874 2.897814 13.67903 4.677769 2.819074 13.67903 4.680255 2.897811 13.69534 4.68015 2.819071 13.69534 4.677874 2.897814 13.67903 4.677874 2.897814 13.67903 4.677769 2.819074 13.67903 4.680255 2.897811 13.69534 4.68015 2.819071 13.69534 4.680255 2.897811 13.69534 4.684328 2.897805 13.71131 4.684223 2.819065 13.71131 4.684328 2.897805 13.71131 4.684223 2.819065 13.71131 4.684328 2.897805 13.71131 4.690047 2.897797 13.72676 4.689942 2.819057 13.72676 4.690047 2.897797 13.72676 4.689942 2.819057 13.72676 4.690047 2.897797 13.72676 4.697351 2.897788 13.74153 4.697245 2.819048 13.74153 4.697351 2.897788 13.74153 4.697245 2.819048 13.74153 4.697351 2.897788 13.74153 4.706158 2.897776 13.75546 4.706053 2.819036 13.75546 4.706158 2.897776 13.75546 4.706053 2.819036 13.75546 4.706158 2.897776 13.75546 4.716373 2.897762 13.76839 4.716267 2.819022 13.76839 4.716373 2.897762 13.76839 4.716267 2.819022 13.76839 4.716373 2.897762 13.76839 4.727883 2.897747 13.78018 4.727778 2.819006 13.78018 4.727883 2.897747 13.78018 4.727778 2.819006 13.78018 4.727883 2.897747 13.78018 4.740458 2.818989 13.7907 4.740563 2.897729 13.7907 4.740563 2.897729 13.7907 4.740458 2.818989 13.7907 4.740563 2.897729 13.7907 4.754168 2.818971 13.79984 4.754274 2.897711 13.79984 4.754274 2.897711 13.79984 4.754168 2.818971 13.79984 4.754274 2.897711 13.79984 4.768759 2.818951 13.8075 4.768865 2.897691 13.8075 4.768865 2.897691 13.8075 4.768759 2.818951 13.8075 4.768865 2.897691 13.8075 4.78407 2.818931 13.81359 4.784176 2.897671 13.81359 4.784176 2.897671 13.81359 4.78407 2.818931 13.81359 4.784176 2.897671 13.81359 4.799935 2.818909 13.81805 4.80004 2.897649 13.81805 4.80004 2.897649 13.81805 4.799935 2.818909 13.81805 4.80004 2.897649 13.81805 4.816177 2.818887 13.82082 4.816283 2.897627 13.82082 4.816283 2.897627 13.82082 4.816177 2.818887 13.82082 4.816283 2.897627 13.82082 4.832621 2.818865 13.82188 4.832727 2.897605 13.82188 4.832727 2.897605 13.82188 4.832621 2.818865 13.82188 4.832727 2.897605 13.82188 4.849086 2.818843 13.82122 4.849192 2.897583 13.82122 4.849192 2.897583 13.82122 4.849086 2.818843 13.82122 4.849192 2.897583 13.82122 4.865391 2.818821 13.81884 4.865497 2.897561 13.81884 4.865497 2.897561 13.81884 4.865391 2.818821 13.81884 4.865497 2.897561 13.81884</float_array>
                    <technique_common>
                        <accessor count="512" source="#ID69" stride="3">
                            <param name="X" type="float" />
                            <param name="Y" type="float" />
                            <param name="Z" type="float" />
                        </accessor>
                    </technique_common>
                </source>
                <source id="ID67">
                    <float_array id="ID70" count="1536">0.001347787 0.9999991 -1.814481e-14 0.001347787 0.9999991 -1.814481e-14 0.001347787 0.9999991 -1.814481e-14 0.001347787 0.9999991 -1.814481e-14 0.001347787 0.9999991 -1.814481e-14 0.001347787 0.9999991 -1.814481e-14 0.001347787 0.9999991 -1.814481e-14 0.001347787 0.9999991 -1.814481e-14 0.001347787 0.9999991 -1.814481e-14 0.001347787 0.9999991 -1.814481e-14 0.001347787 0.9999991 -1.814481e-14 0.001347787 0.9999991 -1.814481e-14 0.001347787 0.9999991 -1.814481e-14 0.001347787 0.9999991 -1.814481e-14 0.001347787 0.9999991 -1.814481e-14 0.001347787 0.9999991 -1.814481e-14 0.001347787 0.9999991 -1.814481e-14 0.001347787 0.9999991 -1.814481e-14 0.001347787 0.9999991 -1.814481e-14 0.001347787 0.9999991 -1.814481e-14 0.001347787 0.9999991 -1.814481e-14 0.001347787 0.9999991 -1.814481e-14 0.001347787 0.9999991 -1.814481e-14 0.001347787 0.9999991 -1.814481e-14 0.001347787 0.9999991 -1.814481e-14 0.001347787 0.9999991 -1.814481e-14 0.001347787 0.9999991 -1.814481e-14 0.001347787 0.9999991 -1.814481e-14 0.001347787 0.9999991 -1.814481e-14 0.001347787 0.9999991 -1.814481e-14 0.001347787 0.9999991 -1.814481e-14 0.001347787 0.9999991 -1.814481e-14 0.001347787 0.9999991 -1.814481e-14 0.001347787 0.9999991 -1.814481e-14 0.001347787 0.9999991 -1.814481e-14 0.001347787 0.9999991 -1.814481e-14 0.001347787 0.9999991 -1.814481e-14 0.001347787 0.9999991 -1.814481e-14 0.001347787 0.9999991 -1.814481e-14 0.001347787 0.9999991 -1.814481e-14 0.001347787 0.9999991 -1.814481e-14 0.001347787 0.9999991 -1.814481e-14 0.001347787 0.9999991 -1.814481e-14 0.001347787 0.9999991 -1.814481e-14 0.001347787 0.9999991 -1.814481e-14 0.001347787 0.9999991 -1.814481e-14 0.001347787 0.9999991 -1.814481e-14 0.001347787 0.9999991 -1.814481e-14 0.001347787 0.9999991 -1.814481e-14 0.001347787 0.9999991 -1.814481e-14 0.001347787 0.9999991 -1.814481e-14 0.001347787 0.9999991 -1.814481e-14 0.001347787 0.9999991 -1.814481e-14 0.001347787 0.9999991 -1.814481e-14 0.001347787 0.9999991 -1.814481e-14 0.001347787 0.9999991 -1.814481e-14 0.001347787 0.9999991 -1.814481e-14 0.001347787 0.9999991 -1.814481e-14 0.001347787 0.9999991 -1.814481e-14 0.001347787 0.9999991 -1.814481e-14 0.001347787 0.9999991 -1.814481e-14 0.001347787 0.9999991 -1.814481e-14 -0.001347787 -0.9999991 1.814481e-14 -0.001347787 -0.9999991 1.814481e-14 -0.001347787 -0.9999991 1.814481e-14 -0.001347787 -0.9999991 1.814481e-14 -0.001347787 -0.9999991 1.814481e-14 -0.001347787 -0.9999991 1.814481e-14 -0.001347787 -0.9999991 1.814481e-14 -0.001347787 -0.9999991 1.814481e-14 -0.001347787 -0.9999991 1.814481e-14 -0.001347787 -0.9999991 1.814481e-14 -0.001347787 -0.9999991 1.814481e-14 -0.001347787 -0.9999991 1.814481e-14 -0.001347787 -0.9999991 1.814481e-14 -0.001347787 -0.9999991 1.814481e-14 -0.001347787 -0.9999991 1.814481e-14 -0.001347787 -0.9999991 1.814481e-14 -0.001347787 -0.9999991 1.814481e-14 -0.001347787 -0.9999991 1.814481e-14 -0.001347787 -0.9999991 1.814481e-14 -0.001347787 -0.9999991 1.814481e-14 -0.001347787 -0.9999991 1.814481e-14 -0.001347787 -0.9999991 1.814481e-14 -0.001347787 -0.9999991 1.814481e-14 -0.001347787 -0.9999991 1.814481e-14 -0.001347787 -0.9999991 1.814481e-14 -0.001347787 -0.9999991 1.814481e-14 -0.001347787 -0.9999991 1.814481e-14 -0.001347787 -0.9999991 1.814481e-14 -0.001347787 -0.9999991 1.814481e-14 -0.001347787 -0.9999991 1.814481e-14 -0.001347787 -0.9999991 1.814481e-14 -0.001347787 -0.9999991 1.814481e-14 -0.001347787 -0.9999991 1.814481e-14 -0.001347787 -0.9999991 1.814481e-14 -0.001347787 -0.9999991 1.814481e-14 -0.001347787 -0.9999991 1.814481e-14 -0.001347787 -0.9999991 1.814481e-14 -0.001347787 -0.9999991 1.814481e-14 -0.001347787 -0.9999991 1.814481e-14 -0.001347787 -0.9999991 1.814481e-14 -0.001347787 -0.9999991 1.814481e-14 -0.001347787 -0.9999991 1.814481e-14 -0.001347787 -0.9999991 1.814481e-14 -0.001347787 -0.9999991 1.814481e-14 -0.001347787 -0.9999991 1.814481e-14 -0.001347787 -0.9999991 1.814481e-14 -0.001347787 -0.9999991 1.814481e-14 -0.001347787 -0.9999991 1.814481e-14 -0.001347787 -0.9999991 1.814481e-14 -0.001347787 -0.9999991 1.814481e-14 -0.001347787 -0.9999991 1.814481e-14 -0.001347787 -0.9999991 1.814481e-14 -0.001347787 -0.9999991 1.814481e-14 -0.001347787 -0.9999991 1.814481e-14 -0.001347787 -0.9999991 1.814481e-14 -0.001347787 -0.9999991 1.814481e-14 -0.001347787 -0.9999991 1.814481e-14 -0.001347787 -0.9999991 1.814481e-14 -0.001347787 -0.9999991 1.814481e-14 -0.001347787 -0.9999991 1.814481e-14 -0.001347787 -0.9999991 1.814481e-14 -0.001347787 -0.9999991 1.814481e-14 0 0 0 0 0 0 0 0 0 0 0 0 0 0 0 0 0 0 0 0 0 0 0 0 0 0 0 0 0 0 0 0 0 0 0 0 0 0 0 0 0 0 0 0 0 0 0 0 0 0 0 0 0 0 0 0 0 0 0 0 0 0 0 0 0 0 0 0 0 0 0 0 0 0 0 0 0 0 0 0 0 0 0 0 0 0 0 0 0 0 0 0 0 0 0 0 0 0 0 0 0 0 0 0 0 0 0 0 0 0 0 0 0 0 0 0 0 0 0 0 0 0 0 0 0 0 0 0 0 0 0 0 0 0 0 0 0 0 0 0 0 0 0 0 0 0 0 0 0 0 0 0 0 0 0 0 0 0 0 0 0 0 0 0 0 0 0 0 0 0 0 0 0 0 0 0 0 0 0 0 0 0 0 0 0 0 -0.2975283 0.0003987532 -0.9547129 -0.3956934 0.0005302935 -0.9183825 -0.2975288 0.0003987538 -0.9547128 -0.395693 0.0005302929 -0.9183827 0.395693 -0.0005302929 0.9183827 0.2975283 -0.0003987532 0.9547129 0.3956934 -0.0005302935 0.9183825 0.2975288 -0.0003987538 0.9547128 0 0 0 0 0 0 -0.4895228 0.0006560231 -0.8719902 -0.4895224 0.0006560226 -0.8719905 0.4895224 -0.0006560226 0.8719905 0.4895228 -0.0006560231 0.8719902 0 0 0 -0.5779889 0.0007745652 -0.8160443 -0.5779885 0.0007745648 -0.8160445 0.5779885 -0.0007745648 0.8160445 0.5779889 -0.0007745652 0.8160443 0 0 0 -0.6601223 0.000884621 -0.7511576 -0.660122 0.0008846206 -0.7511578 0.660122 -0.0008846206 0.7511578 0.6601223 -0.000884621 0.7511576 0 0 0 -0.7350234 0.0009849848 -0.678041 -0.7350231 0.0009849844 -0.6780413 0.7350231 -0.0009849844 0.6780413 0.7350234 -0.0009849848 0.678041 0 0 0 -0.8018712 0.001074557 -0.597496 -0.8018714 0.001074557 -0.5974957 0.8018712 -0.001074557 0.597496 0.8018714 -0.001074557 0.5974957 0 0 0 -0.8599337 0.001152356 -0.5104044 -0.8599339 0.001152356 -0.5104042 0.8599337 -0.001152356 0.5104044 0.8599339 -0.001152356 0.5104042 0 0 0 -0.9085747 0.001217529 -0.4177207 -0.9085748 0.001217529 -0.4177205 0.9085747 -0.001217529 0.4177207 0.9085748 -0.001217529 0.4177205 0 0 0 -0.9472611 0.001269363 -0.3204604 -0.9472611 0.001269363 -0.3204602 0.9472611 -0.001269363 0.3204604 0.9472611 -0.001269363 0.3204602 0 0 0 -0.9755691 0.00130729 -0.219689 -0.9755691 0.00130729 -0.2196889 0.9755691 -0.00130729 0.219689 0.9755691 -0.00130729 0.2196889 0 0 0 -0.9931886 0.001330894 -0.1165106 -0.9931886 0.001330894 -0.1165106 0.9931886 -0.001330894 0.1165106 0.9931886 -0.001330894 0.1165106 0 0 0 -0.9979251 0.001337237 -0.06437142 -0.9979251 0.001337237 -0.06437142 0.9979251 -0.001337237 0.06437142 0.9979251 -0.001337237 0.06437142 0 0 0 -0.9979251 0.001337237 -0.06437142 -0.9999264 0.001339916 -0.01205579 -0.9999264 0.001339916 -0.01205578 -0.9979251 0.001337237 -0.06437142 0.9979251 -0.001337237 0.06437142 0.9979251 -0.001337237 0.06437142 0.9999264 -0.001339916 0.01205579 0.9999264 -0.001339916 0.01205578 0 0 0 -0.999187 0.001338922 0.04029289 -0.999187 0.001338922 0.04029289 0.999187 -0.001338922 -0.04029289 0.999187 -0.001338922 -0.04029289 0 0 0 -0.9895016 0.001325936 0.1445157 -0.9805822 0.001313981 0.1961042 -0.9895016 0.001325936 0.1445157 -0.9805822 0.001313981 0.1961043 0.9805822 -0.001313981 -0.1961043 0.9895016 -0.001325936 -0.1445157 0.9805822 -0.001313981 -0.1961042 0.9895016 -0.001325936 -0.1445157 0 0 0 -0.954712 0.001279308 0.2975287 -0.954712 0.001279308 0.2975289 0.954712 -0.001279308 -0.2975289 0.954712 -0.001279308 -0.2975287 0 0 0 -0.9183818 0.001230619 0.3956935 -0.9183817 0.001230619 0.3956937 0.9183817 -0.001230619 -0.3956937 0.9183818 -0.001230619 -0.3956935 0 0 0 -0.8719896 0.001168447 0.4895229 -0.8719895 0.001168446 0.4895232 0.8719895 -0.001168446 -0.4895232 0.8719896 -0.001168447 -0.4895229 0 0 0 -0.8160438 0.001093473 0.5779891 -0.8160436 0.001093472 0.5779893 0.8160436 -0.001093472 -0.5779893 0.8160438 -0.001093473 -0.5779891 0 0 0 -0.7511572 0.001006518 0.6601227 -0.7511569 0.001006518 0.6601229 0.7511569 -0.001006518 -0.6601229 0.7511572 -0.001006518 -0.6601227 0 0 0 -0.6780407 0.0009085366 0.7350238 -0.6780404 0.0009085362 0.7350241 0.6780404 -0.0009085362 -0.7350241 0.6780407 -0.0009085366 -0.7350238 0 0 0 -0.5974952 0.0008006002 0.8018721 -0.5974955 0.0008006006 0.8018719 0.5974952 -0.0008006002 -0.8018721 0.5974955 -0.0008006006 -0.8018719 0 0 0 -0.5104036 0.0006838926 0.8599347 -0.510404 0.0006838931 0.8599345 0.5104036 -0.0006838926 -0.8599347 0.510404 -0.0006838931 -0.8599345 0 0 0 -0.41772 0.0005596922 0.9085756 -0.4177204 0.0005596927 0.9085754 0.41772 -0.0005596922 -0.9085756 0.4177204 -0.0005596927 -0.9085754 0 0 0 -0.3204598 0.0004293596 0.947262 -0.3204602 0.0004293603 0.9472619 0.3204598 -0.0004293596 -0.947262 0.3204602 -0.0004293603 -0.9472619 0 0 0 -0.2196885 0.0002943229 0.97557 -0.219689 0.0002943236 0.9755699 0.2196885 -0.0002943229 -0.97557 0.219689 -0.0002943236 -0.9755699 0 0 0 -0.1165103 0.0001560616 0.9931895 -0.1165108 0.0001560623 0.9931894 0.1165103 -0.0001560616 -0.9931895 0.1165108 -0.0001560623 -0.9931894 0 0 0 -0.01205552 1.609041e-05 0.9999273 -0.01205603 1.60911e-05 0.9999273 0.01205552 -1.609041e-05 -0.9999273 0.01205603 -1.60911e-05 -0.9999273 0 0 0 0.0925313 -0.0001240571 0.9957098 0.09253078 -0.0001240564 0.9957098 -0.0925313 0.0001240571 -0.9957098 -0.09253078 0.0001240564 -0.9957098 0 0 0 0.1961043 -0.0002628453 0.980583 0.1961038 -0.0002628447 0.9805831 -0.1961043 0.0002628453 -0.980583 -0.1961038 0.0002628447 -0.9805831 0 0 0 0.2975288 -0.0003987538 0.9547128 0.2975283 -0.0003987532 0.9547129 -0.2975288 0.0003987538 -0.9547128 -0.2975283 0.0003987532 -0.9547129 0 0 0 0.3956934 -0.0005302935 0.9183825 0.395693 -0.0005302929 0.9183827 -0.3956934 0.0005302935 -0.9183825 -0.395693 0.0005302929 -0.9183827 0 0 0 0.4895228 -0.0006560231 0.8719902 0.4895224 -0.0006560226 0.8719905 -0.4895228 0.0006560231 -0.8719902 -0.4895224 0.0006560226 -0.8719905 0 0 0 0.5779889 -0.0007745652 0.8160443 0.5779885 -0.0007745648 0.8160445 -0.5779889 0.0007745652 -0.8160443 -0.5779885 0.0007745648 -0.8160445 0 0 0 0.6601223 -0.000884621 0.7511576 0.660122 -0.0008846206 0.7511578 -0.6601223 0.000884621 -0.7511576 -0.660122 0.0008846206 -0.7511578 0 0 0 0.7350234 -0.0009849848 0.678041 0.7350231 -0.0009849844 0.6780413 -0.7350234 0.0009849848 -0.678041 -0.7350231 0.0009849844 -0.6780413 0 0 0 0.8018712 -0.001074557 0.597496 0.8018714 -0.001074557 0.5974957 -0.8018714 0.001074557 -0.5974957 -0.8018712 0.001074557 -0.597496 0 0 0 0.8599337 -0.001152356 0.5104044 0.8599339 -0.001152356 0.5104042 -0.8599339 0.001152356 -0.5104042 -0.8599337 0.001152356 -0.5104044 0 0 0 0.9085747 -0.001217529 0.4177207 0.9085748 -0.001217529 0.4177205 -0.9085748 0.001217529 -0.4177205 -0.9085747 0.001217529 -0.4177207 0 0 0 0.9472611 -0.001269363 0.3204604 0.9472611 -0.001269363 0.3204602 -0.9472611 0.001269363 -0.3204602 -0.9472611 0.001269363 -0.3204604 0 0 0 0.9755691 -0.00130729 0.219689 0.9755691 -0.00130729 0.2196889 -0.9755691 0.00130729 -0.2196889 -0.9755691 0.00130729 -0.219689 0 0 0 0.9931886 -0.001330894 0.1165106 0.9931886 -0.001330894 0.1165106 -0.9931886 0.001330894 -0.1165106 -0.9931886 0.001330894 -0.1165106 0 0 0 0.9979251 -0.001337237 0.06437142 0.9979251 -0.001337237 0.06437142 -0.9979251 0.001337237 -0.06437142 -0.9979251 0.001337237 -0.06437142 0 0 0 0.9979251 -0.001337237 0.06437142 0.9999264 -0.001339916 0.01205579 0.9979251 -0.001337237 0.06437142 0.9999264 -0.001339916 0.01205578 -0.9999264 0.001339916 -0.01205578 -0.9979251 0.001337237 -0.06437142 -0.9999264 0.001339916 -0.01205579 -0.9979251 0.001337237 -0.06437142 0 0 0 0.999187 -0.001338922 -0.04029289 0.999187 -0.001338922 -0.04029289 -0.999187 0.001338922 0.04029289 -0.999187 0.001338922 0.04029289 0 0 0 0.9895016 -0.001325936 -0.1445157 0.9805822 -0.001313981 -0.1961042 0.9805822 -0.001313981 -0.1961043 0.9895016 -0.001325936 -0.1445157 -0.9895016 0.001325936 0.1445157 -0.9895016 0.001325936 0.1445157 -0.9805822 0.001313981 0.1961042 -0.9805822 0.001313981 0.1961043 0 0 0 0.954712 -0.001279308 -0.2975287 0.954712 -0.001279308 -0.2975289 -0.954712 0.001279308 0.2975287 -0.954712 0.001279308 0.2975289 0 0 0 0.9183818 -0.001230619 -0.3956935 0.9183817 -0.001230619 -0.3956937 -0.9183818 0.001230619 0.3956935 -0.9183817 0.001230619 0.3956937 0 0 0 0.8719896 -0.001168447 -0.4895229 0.8719895 -0.001168446 -0.4895232 -0.8719896 0.001168447 0.4895229 -0.8719895 0.001168446 0.4895232 0 0 0 0.8160438 -0.001093473 -0.5779891 0.8160436 -0.001093472 -0.5779893 -0.8160438 0.001093473 0.5779891 -0.8160436 0.001093472 0.5779893 0 0 0 0.7511572 -0.001006518 -0.6601227 0.7511569 -0.001006518 -0.6601229 -0.7511572 0.001006518 0.6601227 -0.7511569 0.001006518 0.6601229 0 0 0 0.6780407 -0.0009085366 -0.7350238 0.6780404 -0.0009085362 -0.7350241 -0.6780407 0.0009085366 0.7350238 -0.6780404 0.0009085362 0.7350241 0 0 0 0.5974952 -0.0008006002 -0.8018721 0.5974955 -0.0008006006 -0.8018719 -0.5974955 0.0008006006 0.8018719 -0.5974952 0.0008006002 0.8018721 0 0 0 0.5104036 -0.0006838926 -0.8599347 0.510404 -0.0006838931 -0.8599345 -0.510404 0.0006838931 0.8599345 -0.5104036 0.0006838926 0.8599347 0 0 0 0.41772 -0.0005596922 -0.9085756 0.4177204 -0.0005596927 -0.9085754 -0.4177204 0.0005596927 0.9085754 -0.41772 0.0005596922 0.9085756 0 0 0 0.3204598 -0.0004293596 -0.947262 0.3204602 -0.0004293603 -0.9472619 -0.3204602 0.0004293603 0.9472619 -0.3204598 0.0004293596 0.947262 0 0 0 0.2196885 -0.0002943229 -0.97557 0.219689 -0.0002943236 -0.9755699 -0.219689 0.0002943236 0.9755699 -0.2196885 0.0002943229 0.97557 0 0 0 0.1165103 -0.0001560616 -0.9931895 0.1165108 -0.0001560623 -0.9931894 -0.1165108 0.0001560623 0.9931894 -0.1165103 0.0001560616 0.9931895 0 0 0 0.01205552 -1.609041e-05 -0.9999273 0.01205603 -1.60911e-05 -0.9999273 -0.01205603 1.60911e-05 0.9999273 -0.01205552 1.609041e-05 0.9999273 0 0 0 -0.0925313 0.0001240571 -0.9957098 -0.09253078 0.0001240564 -0.9957098 0.09253078 -0.0001240564 0.9957098 0.0925313 -0.0001240571 0.9957098 0 0 0 -0.1961043 0.0002628453 -0.980583 -0.1961038 0.0002628447 -0.9805831 0.1961038 -0.0002628447 0.9805831 0.1961043 -0.0002628453 0.980583 0 0 0</float_array>
                    <technique_common>
                        <accessor count="512" source="#ID70" stride="3">
                            <param name="X" type="float" />
                            <param name="Y" type="float" />
                            <param name="Z" type="float" />
                        </accessor>
                    </technique_common>
                </source>
                <vertices id="ID68">
                    <input semantic="POSITION" source="#ID66" />
                    <input semantic="NORMAL" source="#ID67" />
                </vertices>
                <triangles count="184" material="Material3">
                    <input offset="0" semantic="VERTEX" source="#ID68" />
                    <p>0 1 2 1 0 3 1 3 4 4 3 5 4 5 6 6 5 7 6 7 8 8 7 9 8 9 10 10 9 11 10 11 12 12 11 13 12 13 14 14 13 15 14 15 16 16 15 17 16 17 18 18 17 19 18 19 20 20 19 21 20 21 22 22 21 23 22 23 24 24 23 25 24 25 26 26 25 27 26 27 28 28 27 29 28 29 30 28 30 31 31 30 32 31 32 33 33 32 34 33 34 35 35 34 36 36 34 37 36 37 38 38 37 39 38 39 40 40 39 41 40 41 42 42 41 43 42 43 44 44 43 45 44 45 46 46 45 47 46 47 48 48 47 49 48 49 50 50 49 51 50 51 52 52 51 53 52 53 54 54 53 55 54 55 56 56 55 57 56 57 58 58 57 59 58 59 60 60 59 61 186 187 188 187 186 189 189 196 187 196 189 197 197 201 196 201 197 202 202 206 201 206 202 207 207 211 206 211 207 212 211 216 217 216 211 212 217 221 222 221 217 216 222 226 227 226 222 221 227 231 232 231 227 226 232 236 237 236 232 231 237 241 242 241 237 236 242 246 247 246 242 241 251 252 253 252 251 254 252 260 253 260 252 261 265 266 267 266 265 268 268 274 266 274 268 275 275 279 274 279 275 280 280 284 279 284 280 285 285 289 284 289 285 290 290 294 289 294 290 295 295 299 294 299 295 300 299 304 305 304 299 300 305 309 310 309 305 304 310 314 315 314 310 309 315 319 320 319 315 314 320 324 325 324 320 319 325 329 330 329 325 324 330 334 335 334 330 329 335 339 340 339 335 334 340 344 345 344 340 339 345 349 350 349 345 344 350 354 355 354 350 349 355 359 360 359 355 354 360 364 365 364 360 359 365 369 370 369 365 364 370 374 375 374 370 369 374 379 375 379 374 380 380 384 379 384 380 385 385 389 384 389 385 390 390 394 389 394 390 395 395 399 394 399 395 400 400 404 399 404 400 405 405 409 404 409 405 410 414 415 416 415 414 417 415 423 424 423 415 417 428 429 430 429 428 431 430 437 438 437 430 429 438 442 443 442 438 437 443 447 448 447 443 442 448 452 453 452 448 447 453 457 458 457 453 452 458 462 463 462 458 457 462 467 463 467 462 468 468 472 467 472 468 473 473 477 472 477 473 478 478 482 477 482 478 483 483 487 482 487 483 488 488 492 487 492 488 493 493 497 492 497 493 498 498 502 497 502 498 503 503 507 502 507 503 508 508 188 507 188 508 186</p>
                </triangles>
                <triangles count="184" material="Material2">
                    <input offset="0" semantic="VERTEX" source="#ID68" />
                    <p>62 63 64 64 63 65 63 66 65 65 66 67 66 68 67 67 68 69 68 70 69 69 70 71 70 72 71 71 72 73 72 74 73 73 74 75 74 76 75 75 76 77 76 78 77 77 78 79 78 80 79 79 80 81 80 82 81 81 82 83 82 84 83 83 84 85 84 86 85 85 86 87 86 88 87 87 88 89 89 88 90 88 91 90 90 91 92 91 93 92 92 93 94 93 95 94 95 96 94 94 96 97 96 98 97 97 98 99 98 100 99 99 100 101 100 102 101 101 102 103 102 104 103 103 104 105 104 106 105 105 106 107 106 108 107 107 108 109 108 110 109 109 110 111 110 112 111 111 112 113 112 114 113 113 114 115 114 116 115 115 116 117 116 118 117 117 118 119 118 120 119 119 120 121 120 122 121 123 121 122 190 191 192 193 192 191 198 190 199 192 199 190 203 198 204 199 204 198 208 203 209 204 209 203 213 208 214 209 214 208 213 214 218 219 218 214 218 219 223 224 223 219 223 224 228 229 228 224 228 229 233 234 233 229 233 234 238 239 238 234 238 239 243 244 243 239 243 244 248 249 248 244 255 256 257 258 257 256 262 257 263 258 263 257 269 270 271 272 271 270 276 269 277 271 277 269 281 276 282 277 282 276 286 281 287 282 287 281 291 286 292 287 292 286 296 291 297 292 297 291 301 296 302 297 302 296 301 302 306 307 306 302 306 307 311 312 311 307 311 312 316 317 316 312 316 317 321 322 321 317 321 322 326 327 326 322 326 327 331 332 331 327 331 332 336 337 336 332 336 337 341 342 341 337 341 342 346 347 346 342 346 347 351 352 351 347 351 352 356 357 356 352 356 357 361 362 361 357 361 362 366 367 366 362 366 367 371 372 371 367 371 372 376 377 376 372 381 376 382 377 382 376 386 381 387 382 387 381 391 386 392 387 392 386 396 391 397 392 397 391 401 396 402 397 402 396 406 401 407 402 407 401 411 406 412 407 412 406 418 419 420 421 420 419 418 420 425 426 425 420 432 433 434 435 434 433 434 435 439 440 439 435 439 440 444 445 444 440 444 445 449 450 449 445 449 450 454 455 454 450 454 455 459 460 459 455 459 460 464 465 464 460 469 464 470 465 470 464 474 469 475 470 475 469 479 474 480 475 480 474 484 479 485 480 485 479 489 484 490 485 490 484 494 489 495 490 495 489 499 494 500 495 500 494 504 499 505 500 505 499 509 504 510 505 510 504 191 509 193 510 193 509</p>
                </triangles>
                <lines count="186" material="Material4">
                    <input offset="0" semantic="VERTEX" source="#ID68" />
                    <p>124 125 125 126 126 127 127 128 128 129 129 130 130 131 131 132 132 133 133 134 134 135 135 136 136 137 137 138 138 139 139 140 140 141 141 142 142 143 143 144 144 145 145 146 146 147 147 148 148 149 149 150 150 151 151 152 152 153 153 154 154 155 155 156 156 157 157 158 158 159 159 160 160 161 161 162 162 163 163 164 164 165 165 166 166 167 167 168 168 169 169 170 170 171 171 172 172 173 173 174 174 175 175 176 176 177 177 178 178 179 179 180 180 181 181 182 182 183 183 184 184 185 185 124 194 195 195 200 200 205 205 210 210 215 215 220 220 225 225 230 230 235 235 240 240 245 245 250 136 250 250 259 259 264 138 264 264 273 273 278 278 283 283 288 288 293 293 298 298 303 303 308 308 313 313 318 318 323 323 328 328 333 333 338 338 343 343 348 348 353 353 358 358 363 363 368 368 373 373 378 378 383 383 388 388 393 393 398 398 403 403 408 408 413 167 413 413 422 422 427 169 427 427 436 436 441 441 446 446 451 451 456 456 461 461 466 466 471 471 476 476 481 481 486 486 491 491 496 496 501 501 506 506 511 511 194</p>
                </lines>
            </mesh>
        </geometry>
        <geometry id="ID71">
            <mesh>
                <source id="ID72">
                    <float_array id="ID75" count="1512">4.519559 2.819287 13.86132 4.638728 2.819126 13.68415 4.519559 2.819287 13.68415 4.641491 2.819123 13.70307 4.646584 2.819116 13.72303 4.653736 2.819106 13.74236 4.662868 2.819094 13.76083 4.673881 2.819079 13.77824 4.686654 2.819062 13.79441 4.701047 2.819042 13.80916 4.716902 2.819021 13.82232 4.734046 2.818998 13.83374 4.752291 2.818973 13.84332 4.771437 2.818948 13.85094 4.791274 2.818921 13.85651 4.811584 2.818893 13.85998 4.832146 2.818866 13.8613 4.366957 2.819493 13.87264 4.362611 2.819499 13.86132 5.14948 2.818438 13.86132 5.306428 2.818227 13.86132 5.302082 2.818232 13.87264 4.391278 2.81946 13.92037 5.27776 2.818265 13.92037 4.420456 2.819421 13.9653 5.248583 2.818304 13.9653 4.45417 2.819375 14.00693 5.214869 2.81835 14.00693 4.492051 2.819324 14.04482 5.176987 2.818401 14.04482 4.533685 2.819268 14.07853 5.135354 2.818457 14.07853 4.578614 2.819207 14.10771 5.090425 2.818518 14.10771 4.626347 2.819143 14.13203 5.042691 2.818582 14.13203 4.676361 2.819076 14.15123 4.992677 2.818649 14.15123 4.728108 2.819006 14.16509 4.940931 2.818719 14.16509 4.781021 2.818935 14.17347 4.888018 2.81879 14.17347 4.834519 2.818863 14.17628 5.030029 2.818599 13.6874 5.14948 2.818438 13.68415 5.030239 2.818599 13.68415 5.02656 2.818604 13.70771 5.020988 2.818611 13.72755 5.013373 2.818621 13.74669 5.003798 2.818634 13.76494 4.992368 2.81865 13.78208 4.979209 2.818668 13.79794 4.964465 2.818687 13.81233 4.948297 2.818709 13.8251 4.930882 2.818733 13.83612 4.912412 2.818758 13.84525 4.893088 2.818784 13.8524 4.873122 2.818811 13.85749 4.852734 2.818838 13.86047 4.519559 2.819287 13.86132 4.832146 2.818866 13.8613 5.14948 2.818438 13.86132 4.852734 2.818838 13.86047 4.873122 2.818811 13.85749 4.893088 2.818784 13.8524 4.912412 2.818758 13.84525 4.930882 2.818733 13.83612 4.948297 2.818709 13.8251 4.964465 2.818687 13.81233 4.979209 2.818668 13.79794 4.992368 2.81865 13.78208 5.003798 2.818634 13.76494 5.013373 2.818621 13.74669 5.020988 2.818611 13.72755 5.02656 2.818604 13.70771 5.030029 2.818599 13.6874 5.14948 2.818438 13.68415 5.030239 2.818599 13.68415 4.834519 2.818863 14.17628 4.781021 2.818935 14.17347 4.888018 2.81879 14.17347 4.940931 2.818719 14.16509 4.728108 2.819006 14.16509 4.992677 2.818649 14.15123 4.676361 2.819076 14.15123 5.042691 2.818582 14.13203 4.626347 2.819143 14.13203 5.090425 2.818518 14.10771 4.578614 2.819207 14.10771 5.135354 2.818457 14.07853 4.533685 2.819268 14.07853 5.176987 2.818401 14.04482 4.492051 2.819324 14.04482 5.214869 2.81835 14.00693 4.45417 2.819375 14.00693 5.248583 2.818304 13.9653 4.420456 2.819421 13.9653 5.27776 2.818265 13.92037 4.391278 2.81946 13.92037 5.302082 2.818232 13.87264 4.366957 2.819493 13.87264 5.306428 2.818227 13.86132 4.362611 2.819499 13.86132 4.811584 2.818893 13.85998 4.791274 2.818921 13.85651 4.771437 2.818948 13.85094 4.752291 2.818973 13.84332 4.734046 2.818998 13.83374 4.716902 2.819021 13.82232 4.701047 2.819042 13.80916 4.686654 2.819062 13.79441 4.673881 2.819079 13.77824 4.662868 2.819094 13.76083 4.653736 2.819106 13.74236 4.646584 2.819116 13.72303 4.641491 2.819123 13.70307 4.638728 2.819126 13.68415 4.519559 2.819287 13.68415 5.14948 2.818438 13.68415 5.14948 2.818438 13.86132 5.030239 2.818599 13.68415 5.030029 2.818599 13.6874 5.02656 2.818604 13.70771 5.020988 2.818611 13.72755 5.013373 2.818621 13.74669 5.003798 2.818634 13.76494 4.992368 2.81865 13.78208 4.979209 2.818668 13.79794 4.964465 2.818687 13.81233 4.948297 2.818709 13.8251 4.930882 2.818733 13.83612 4.912412 2.818758 13.84525 4.893088 2.818784 13.8524 4.873122 2.818811 13.85749 4.852734 2.818838 13.86047 4.832146 2.818866 13.8613 4.811584 2.818893 13.85998 4.791274 2.818921 13.85651 4.771437 2.818948 13.85094 4.752291 2.818973 13.84332 4.734046 2.818998 13.83374 4.716902 2.819021 13.82232 4.701047 2.819042 13.80916 4.686654 2.819062 13.79441 4.673881 2.819079 13.77824 4.662868 2.819094 13.76083 4.653736 2.819106 13.74236 4.646584 2.819116 13.72303 4.641491 2.819123 13.70307 4.638728 2.819126 13.68415 4.519559 2.819287 13.68415 4.519559 2.819287 13.86132 4.362611 2.819499 13.86132 4.366957 2.819493 13.87264 4.391278 2.81946 13.92037 4.420456 2.819421 13.9653 4.45417 2.819375 14.00693 4.492051 2.819324 14.04482 4.533685 2.819268 14.07853 4.578614 2.819207 14.10771 4.626347 2.819143 14.13203 4.676361 2.819076 14.15123 4.728108 2.819006 14.16509 4.781021 2.818935 14.17347 4.834519 2.818863 14.17628 4.888018 2.81879 14.17347 4.940931 2.818719 14.16509 4.992677 2.818649 14.15123 5.042691 2.818582 14.13203 5.090425 2.818518 14.10771 5.135354 2.818457 14.07853 5.176987 2.818401 14.04482 5.214869 2.81835 14.00693 5.248583 2.818304 13.9653 5.27776 2.818265 13.92037 5.302082 2.818232 13.87264 5.306428 2.818227 13.86132 5.14948 2.818438 13.86132 5.149585 2.897178 13.68415 5.14948 2.818438 13.68415 5.149585 2.897178 13.86132 5.149585 2.897178 13.86132 5.14948 2.818438 13.86132 5.149585 2.897178 13.68415 5.14948 2.818438 13.68415 5.149585 2.897178 13.86132 5.149585 2.897178 13.68415 5.14948 2.818438 13.68415 5.030344 2.897339 13.68415 5.030239 2.818599 13.68415 5.149585 2.897178 13.68415 5.149585 2.897178 13.68415 5.14948 2.818438 13.68415 5.030344 2.897339 13.68415 5.030239 2.818599 13.68415 5.030344 2.897339 13.68415 5.030344 2.897339 13.68415 5.030029 2.818599 13.6874 5.030239 2.818599 13.68415 5.030134 2.897339 13.6874 5.030134 2.897339 13.6874 5.030344 2.897339 13.68415 5.030029 2.818599 13.6874 5.030239 2.818599 13.68415 5.030134 2.897339 13.6874 5.02656 2.818604 13.70771 5.026666 2.897344 13.70771 5.026666 2.897344 13.70771 5.02656 2.818604 13.70771 5.026666 2.897344 13.70771 5.020988 2.818611 13.72755 5.021094 2.897351 13.72755 5.021094 2.897351 13.72755 5.020988 2.818611 13.72755 5.021094 2.897351 13.72755 5.013373 2.818621 13.74669 5.013478 2.897362 13.74669 5.013478 2.897362 13.74669 5.013373 2.818621 13.74669 5.013478 2.897362 13.74669 5.003798 2.818634 13.76494 5.003903 2.897374 13.76494 5.003903 2.897374 13.76494 5.003798 2.818634 13.76494 5.003903 2.897374 13.76494 4.992368 2.81865 13.78208 4.992473 2.89739 13.78208 4.992473 2.89739 13.78208 4.992368 2.81865 13.78208 4.992473 2.89739 13.78208 4.979209 2.818668 13.79794 4.979314 2.897408 13.79794 4.979314 2.897408 13.79794 4.979209 2.818668 13.79794 4.979314 2.897408 13.79794 4.96457 2.897427 13.81233 4.964465 2.818687 13.81233 4.96457 2.897427 13.81233 4.964465 2.818687 13.81233 4.96457 2.897427 13.81233 4.948402 2.897449 13.8251 4.948297 2.818709 13.8251 4.948402 2.897449 13.8251 4.948297 2.818709 13.8251 4.948402 2.897449 13.8251 4.930988 2.897473 13.83612 4.930882 2.818733 13.83612 4.930988 2.897473 13.83612 4.930882 2.818733 13.83612 4.930988 2.897473 13.83612 4.912517 2.897498 13.84525 4.912412 2.818758 13.84525 4.912517 2.897498 13.84525 4.912412 2.818758 13.84525 4.912517 2.897498 13.84525 4.893193 2.897524 13.8524 4.893088 2.818784 13.8524 4.893193 2.897524 13.8524 4.893088 2.818784 13.8524 4.893193 2.897524 13.8524 4.873228 2.897551 13.85749 4.873122 2.818811 13.85749 4.873228 2.897551 13.85749 4.873122 2.818811 13.85749 4.873228 2.897551 13.85749 4.85284 2.897578 13.86047 4.852734 2.818838 13.86047 4.85284 2.897578 13.86047 4.852734 2.818838 13.86047 4.85284 2.897578 13.86047 4.832252 2.897606 13.8613 4.832146 2.818866 13.8613 4.832252 2.897606 13.8613 4.832146 2.818866 13.8613 4.832252 2.897606 13.8613 4.81169 2.897634 13.85998 4.811584 2.818893 13.85998 4.81169 2.897634 13.85998 4.811584 2.818893 13.85998 4.81169 2.897634 13.85998 4.791379 2.897661 13.85651 4.791274 2.818921 13.85651 4.791379 2.897661 13.85651 4.791274 2.818921 13.85651 4.791379 2.897661 13.85651 4.771542 2.897688 13.85094 4.771437 2.818948 13.85094 4.771542 2.897688 13.85094 4.771437 2.818948 13.85094 4.771542 2.897688 13.85094 4.752396 2.897713 13.84332 4.752291 2.818973 13.84332 4.752396 2.897713 13.84332 4.752291 2.818973 13.84332 4.752396 2.897713 13.84332 4.734152 2.897738 13.83374 4.734046 2.818998 13.83374 4.734152 2.897738 13.83374 4.734046 2.818998 13.83374 4.734152 2.897738 13.83374 4.717008 2.897761 13.82232 4.716902 2.819021 13.82232 4.717008 2.897761 13.82232 4.716902 2.819021 13.82232 4.717008 2.897761 13.82232 4.701152 2.897783 13.80916 4.701047 2.819042 13.80916 4.701152 2.897783 13.80916 4.701047 2.819042 13.80916 4.701152 2.897783 13.80916 4.686654 2.819062 13.79441 4.686759 2.897802 13.79441 4.686759 2.897802 13.79441 4.686654 2.819062 13.79441 4.686759 2.897802 13.79441 4.673881 2.819079 13.77824 4.673986 2.897819 13.77824 4.673986 2.897819 13.77824 4.673881 2.819079 13.77824 4.673986 2.897819 13.77824 4.662868 2.819094 13.76083 4.662973 2.897834 13.76083 4.662973 2.897834 13.76083 4.662868 2.819094 13.76083 4.662973 2.897834 13.76083 4.653736 2.819106 13.74236 4.653841 2.897846 13.74236 4.653841 2.897846 13.74236 4.653736 2.819106 13.74236 4.653841 2.897846 13.74236 4.646584 2.819116 13.72303 4.646689 2.897856 13.72303 4.646689 2.897856 13.72303 4.646584 2.819116 13.72303 4.646689 2.897856 13.72303 4.641491 2.819123 13.70307 4.641597 2.897863 13.70307 4.641597 2.897863 13.70307 4.641491 2.819123 13.70307 4.641597 2.897863 13.70307 4.638728 2.819126 13.68415 4.638834 2.897867 13.68415 4.638834 2.897867 13.68415 4.638728 2.819126 13.68415 4.638834 2.897867 13.68415 4.638728 2.819126 13.68415 4.519664 2.898027 13.68415 4.519559 2.819287 13.68415 4.638834 2.897867 13.68415 4.638834 2.897867 13.68415 4.638728 2.819126 13.68415 4.519664 2.898027 13.68415 4.519559 2.819287 13.68415 4.519664 2.898027 13.68415 4.519664 2.898027 13.68415 4.519559 2.819287 13.86132 4.519559 2.819287 13.68415 4.519664 2.898027 13.86132 4.519664 2.898027 13.86132 4.519664 2.898027 13.68415 4.519559 2.819287 13.86132 4.519559 2.819287 13.68415 4.519664 2.898027 13.86132 4.519559 2.819287 13.86132 4.362717 2.898239 13.86132 4.362611 2.819499 13.86132 4.519664 2.898027 13.86132 4.519664 2.898027 13.86132 4.519559 2.819287 13.86132 4.362717 2.898239 13.86132 4.362611 2.819499 13.86132 4.362717 2.898239 13.86132 4.362611 2.819499 13.86132 4.367063 2.898233 13.87264 4.366957 2.819493 13.87264 4.362717 2.898239 13.86132 4.362717 2.898239 13.86132 4.362611 2.819499 13.86132 4.367063 2.898233 13.87264 4.366957 2.819493 13.87264 4.367063 2.898233 13.87264 4.391384 2.8982 13.92037 4.391278 2.81946 13.92037 4.391384 2.8982 13.92037 4.391278 2.81946 13.92037 4.391384 2.8982 13.92037 4.420561 2.898161 13.9653 4.420456 2.819421 13.9653 4.420561 2.898161 13.9653 4.420456 2.819421 13.9653 4.420561 2.898161 13.9653 4.454275 2.898115 14.00693 4.45417 2.819375 14.00693 4.454275 2.898115 14.00693 4.45417 2.819375 14.00693 4.454275 2.898115 14.00693 4.492051 2.819324 14.04482 4.492157 2.898064 14.04482 4.492157 2.898064 14.04482 4.492051 2.819324 14.04482 4.492157 2.898064 14.04482 4.533685 2.819268 14.07853 4.53379 2.898008 14.07853 4.53379 2.898008 14.07853 4.533685 2.819268 14.07853 4.53379 2.898008 14.07853 4.578614 2.819207 14.10771 4.57872 2.897948 14.10771 4.57872 2.897948 14.10771 4.578614 2.819207 14.10771 4.57872 2.897948 14.10771 4.626347 2.819143 14.13203 4.626453 2.897883 14.13203 4.626453 2.897883 14.13203 4.626347 2.819143 14.13203 4.626453 2.897883 14.13203 4.676361 2.819076 14.15123 4.676467 2.897816 14.15123 4.676467 2.897816 14.15123 4.676361 2.819076 14.15123 4.676467 2.897816 14.15123 4.728108 2.819006 14.16509 4.728213 2.897746 14.16509 4.728213 2.897746 14.16509 4.728108 2.819006 14.16509 4.728213 2.897746 14.16509 4.781021 2.818935 14.17347 4.781126 2.897675 14.17347 4.781126 2.897675 14.17347 4.781021 2.818935 14.17347 4.781126 2.897675 14.17347 4.834519 2.818863 14.17628 4.834625 2.897603 14.17628 4.834625 2.897603 14.17628 4.834519 2.818863 14.17628 4.834625 2.897603 14.17628 4.888018 2.81879 14.17347 4.888124 2.897531 14.17347 4.888124 2.897531 14.17347 4.888018 2.81879 14.17347 4.888124 2.897531 14.17347 4.940931 2.818719 14.16509 4.941036 2.897459 14.16509 4.941036 2.897459 14.16509 4.940931 2.818719 14.16509 4.941036 2.897459 14.16509 4.992677 2.818649 14.15123 4.992783 2.897389 14.15123 4.992783 2.897389 14.15123 4.992677 2.818649 14.15123 4.992783 2.897389 14.15123 5.042691 2.818582 14.13203 5.042797 2.897322 14.13203 5.042797 2.897322 14.13203 5.042691 2.818582 14.13203 5.042797 2.897322 14.13203 5.090425 2.818518 14.10771 5.09053 2.897258 14.10771 5.09053 2.897258 14.10771 5.090425 2.818518 14.10771 5.09053 2.897258 14.10771 5.135354 2.818457 14.07853 5.13546 2.897197 14.07853 5.13546 2.897197 14.07853 5.135354 2.818457 14.07853 5.13546 2.897197 14.07853 5.176987 2.818401 14.04482 5.177093 2.897141 14.04482 5.177093 2.897141 14.04482 5.176987 2.818401 14.04482 5.177093 2.897141 14.04482 5.214869 2.81835 14.00693 5.214974 2.89709 14.00693 5.214974 2.89709 14.00693 5.214869 2.81835 14.00693 5.214974 2.89709 14.00693 5.248688 2.897045 13.9653 5.248583 2.818304 13.9653 5.248688 2.897045 13.9653 5.248583 2.818304 13.9653 5.248688 2.897045 13.9653 5.277866 2.897005 13.92037 5.27776 2.818265 13.92037 5.277866 2.897005 13.92037 5.27776 2.818265 13.92037 5.277866 2.897005 13.92037 5.302187 2.896972 13.87264 5.302082 2.818232 13.87264 5.302187 2.896972 13.87264 5.302082 2.818232 13.87264 5.302187 2.896972 13.87264 5.306533 2.896967 13.86132 5.306428 2.818227 13.86132 5.306533 2.896967 13.86132 5.306428 2.818227 13.86132 5.306533 2.896967 13.86132 5.306428 2.818227 13.86132 5.149585 2.897178 13.86132 5.14948 2.818438 13.86132 5.306533 2.896967 13.86132 5.306533 2.896967 13.86132 5.306428 2.818227 13.86132 5.149585 2.897178 13.86132 5.14948 2.818438 13.86132</float_array>
                    <technique_common>
                        <accessor count="504" source="#ID75" stride="3">
                            <param name="X" type="float" />
                            <param name="Y" type="float" />
                            <param name="Z" type="float" />
                        </accessor>
                    </technique_common>
                </source>
                <source id="ID73">
                    <float_array id="ID76" count="1512">0.001330525 0.9999991 1.754796e-05 0.001330525 0.9999991 1.754796e-05 0.001330525 0.9999991 1.754796e-05 0.001330525 0.9999991 1.754796e-05 0.001330525 0.9999991 1.754796e-05 0.001330525 0.9999991 1.754796e-05 0.001330525 0.9999991 1.754796e-05 0.001330525 0.9999991 1.754796e-05 0.001330525 0.9999991 1.754796e-05 0.001330525 0.9999991 1.754796e-05 0.001330525 0.9999991 1.754796e-05 0.001330525 0.9999991 1.754796e-05 0.001330525 0.9999991 1.754796e-05 0.001330525 0.9999991 1.754796e-05 0.001330525 0.9999991 1.754796e-05 0.001330525 0.9999991 1.754796e-05 0.001330525 0.9999991 1.754796e-05 0.001330525 0.9999991 1.754796e-05 0.001330525 0.9999991 1.754796e-05 0.001330525 0.9999991 1.754796e-05 0.001330525 0.9999991 1.754796e-05 0.001330525 0.9999991 1.754796e-05 0.001330525 0.9999991 1.754796e-05 0.001330525 0.9999991 1.754796e-05 0.001330525 0.9999991 1.754796e-05 0.001330525 0.9999991 1.754796e-05 0.001330525 0.9999991 1.754796e-05 0.001330525 0.9999991 1.754796e-05 0.001330525 0.9999991 1.754796e-05 0.001330525 0.9999991 1.754796e-05 0.001330525 0.9999991 1.754796e-05 0.001330525 0.9999991 1.754796e-05 0.001330525 0.9999991 1.754796e-05 0.001330525 0.9999991 1.754796e-05 0.001330525 0.9999991 1.754796e-05 0.001330525 0.9999991 1.754796e-05 0.001330525 0.9999991 1.754796e-05 0.001330525 0.9999991 1.754796e-05 0.001330525 0.9999991 1.754796e-05 0.001330525 0.9999991 1.754796e-05 0.001330525 0.9999991 1.754796e-05 0.001330525 0.9999991 1.754796e-05 0.001330525 0.9999991 1.754796e-05 0.001330525 0.9999991 1.754796e-05 0.001330525 0.9999991 1.754796e-05 0.001330525 0.9999991 1.754796e-05 0.001330525 0.9999991 1.754796e-05 0.001330525 0.9999991 1.754796e-05 0.001330525 0.9999991 1.754796e-05 0.001330525 0.9999991 1.754796e-05 0.001330525 0.9999991 1.754796e-05 0.001330525 0.9999991 1.754796e-05 0.001330525 0.9999991 1.754796e-05 0.001330525 0.9999991 1.754796e-05 0.001330525 0.9999991 1.754796e-05 0.001330525 0.9999991 1.754796e-05 0.001330525 0.9999991 1.754796e-05 0.001330525 0.9999991 1.754796e-05 0.001330525 0.9999991 1.754796e-05 -0.001330525 -0.9999991 -1.754796e-05 -0.001330525 -0.9999991 -1.754796e-05 -0.001330525 -0.9999991 -1.754796e-05 -0.001330525 -0.9999991 -1.754796e-05 -0.001330525 -0.9999991 -1.754796e-05 -0.001330525 -0.9999991 -1.754796e-05 -0.001330525 -0.9999991 -1.754796e-05 -0.001330525 -0.9999991 -1.754796e-05 -0.001330525 -0.9999991 -1.754796e-05 -0.001330525 -0.9999991 -1.754796e-05 -0.001330525 -0.9999991 -1.754796e-05 -0.001330525 -0.9999991 -1.754796e-05 -0.001330525 -0.9999991 -1.754796e-05 -0.001330525 -0.9999991 -1.754796e-05 -0.001330525 -0.9999991 -1.754796e-05 -0.001330525 -0.9999991 -1.754796e-05 -0.001330525 -0.9999991 -1.754796e-05 -0.001330525 -0.9999991 -1.754796e-05 -0.001330525 -0.9999991 -1.754796e-05 -0.001330525 -0.9999991 -1.754796e-05 -0.001330525 -0.9999991 -1.754796e-05 -0.001330525 -0.9999991 -1.754796e-05 -0.001330525 -0.9999991 -1.754796e-05 -0.001330525 -0.9999991 -1.754796e-05 -0.001330525 -0.9999991 -1.754796e-05 -0.001330525 -0.9999991 -1.754796e-05 -0.001330525 -0.9999991 -1.754796e-05 -0.001330525 -0.9999991 -1.754796e-05 -0.001330525 -0.9999991 -1.754796e-05 -0.001330525 -0.9999991 -1.754796e-05 -0.001330525 -0.9999991 -1.754796e-05 -0.001330525 -0.9999991 -1.754796e-05 -0.001330525 -0.9999991 -1.754796e-05 -0.001330525 -0.9999991 -1.754796e-05 -0.001330525 -0.9999991 -1.754796e-05 -0.001330525 -0.9999991 -1.754796e-05 -0.001330525 -0.9999991 -1.754796e-05 -0.001330525 -0.9999991 -1.754796e-05 -0.001330525 -0.9999991 -1.754796e-05 -0.001330525 -0.9999991 -1.754796e-05 -0.001330525 -0.9999991 -1.754796e-05 -0.001330525 -0.9999991 -1.754796e-05 -0.001330525 -0.9999991 -1.754796e-05 -0.001330525 -0.9999991 -1.754796e-05 -0.001330525 -0.9999991 -1.754796e-05 -0.001330525 -0.9999991 -1.754796e-05 -0.001330525 -0.9999991 -1.754796e-05 -0.001330525 -0.9999991 -1.754796e-05 -0.001330525 -0.9999991 -1.754796e-05 -0.001330525 -0.9999991 -1.754796e-05 -0.001330525 -0.9999991 -1.754796e-05 -0.001330525 -0.9999991 -1.754796e-05 -0.001330525 -0.9999991 -1.754796e-05 -0.001330525 -0.9999991 -1.754796e-05 -0.001330525 -0.9999991 -1.754796e-05 -0.001330525 -0.9999991 -1.754796e-05 -0.001330525 -0.9999991 -1.754796e-05 -0.001330525 -0.9999991 -1.754796e-05 -0.001330525 -0.9999991 -1.754796e-05 0 0 0 0 0 0 0 0 0 0 0 0 0 0 0 0 0 0 0 0 0 0 0 0 0 0 0 0 0 0 0 0 0 0 0 0 0 0 0 0 0 0 0 0 0 0 0 0 0 0 0 0 0 0 0 0 0 0 0 0 0 0 0 0 0 0 0 0 0 0 0 0 0 0 0 0 0 0 0 0 0 0 0 0 0 0 0 0 0 0 0 0 0 0 0 0 0 0 0 0 0 0 0 0 0 0 0 0 0 0 0 0 0 0 0 0 0 0 0 0 0 0 0 0 0 0 0 0 0 0 0 0 0 0 0 0 0 0 0 0 0 0 0 0 0 0 0 0 0 0 0 0 0 0 0 0 0 0 0 0 0 0 0 0 0 0 0 0 0 0 0 0 0 0 0 0 0 -0.9999991 0.001340012 -3.966722e-13 -0.9999991 0.001340012 -3.966722e-13 -0.9999991 0.001340012 -3.966722e-13 -0.9999991 0.001340012 -3.966722e-13 0.9999991 -0.001340012 3.966722e-13 0.9999991 -0.001340012 3.966722e-13 0.9999991 -0.001340012 3.966722e-13 0.9999991 -0.001340012 3.966722e-13 0 0 0 0 0 0 -8.645935e-11 -6.414907e-08 1 -8.645935e-11 -6.414907e-08 1 -8.645935e-11 -6.414907e-08 1 -8.645935e-11 -6.414907e-08 1 8.645935e-11 6.414907e-08 -1 8.645935e-11 6.414907e-08 -1 8.645935e-11 6.414907e-08 -1 8.645935e-11 6.414907e-08 -1 0 0 0 0.9979251 -0.001337237 0.06437142 0.9931886 -0.001330894 0.1165106 0.9979251 -0.001337237 0.06437142 0.9931886 -0.001330894 0.1165106 -0.9931886 0.001330894 -0.1165106 -0.9979251 0.001337237 -0.06437142 -0.9931886 0.001330894 -0.1165106 -0.9979251 0.001337237 -0.06437142 0 0 0 0.9755691 -0.00130729 0.2196889 0.9755691 -0.00130729 0.219689 -0.9755691 0.00130729 -0.219689 -0.9755691 0.00130729 -0.2196889 0 0 0 0.9472611 -0.001269363 0.3204602 0.9472611 -0.001269363 0.3204604 -0.9472611 0.001269363 -0.3204604 -0.9472611 0.001269363 -0.3204602 0 0 0 0.9085748 -0.001217529 0.4177205 0.9085747 -0.001217529 0.4177207 -0.9085747 0.001217529 -0.4177207 -0.9085748 0.001217529 -0.4177205 0 0 0 0.8599339 -0.001152356 0.5104042 0.8599337 -0.001152356 0.5104044 -0.8599337 0.001152356 -0.5104044 -0.8599339 0.001152356 -0.5104042 0 0 0 0.8018714 -0.001074557 0.5974957 0.8018712 -0.001074557 0.597496 -0.8018712 0.001074557 -0.597496 -0.8018714 0.001074557 -0.5974957 0 0 0 0.7350234 -0.0009849848 0.678041 0.7350231 -0.0009849844 0.6780413 -0.7350231 0.0009849844 -0.6780413 -0.7350234 0.0009849848 -0.678041 0 0 0 0.660122 -0.0008846206 0.7511578 0.6601223 -0.000884621 0.7511576 -0.660122 0.0008846206 -0.7511578 -0.6601223 0.000884621 -0.7511576 0 0 0 0.5779885 -0.0007745648 0.8160445 0.5779889 -0.0007745652 0.8160443 -0.5779885 0.0007745648 -0.8160445 -0.5779889 0.0007745652 -0.8160443 0 0 0 0.4895224 -0.0006560226 0.8719905 0.4895228 -0.0006560231 0.8719902 -0.4895224 0.0006560226 -0.8719905 -0.4895228 0.0006560231 -0.8719902 0 0 0 0.395693 -0.0005302929 0.9183827 0.3956934 -0.0005302935 0.9183825 -0.395693 0.0005302929 -0.9183827 -0.3956934 0.0005302935 -0.9183825 0 0 0 0.2975283 -0.0003987532 0.9547129 0.2975288 -0.0003987538 0.9547128 -0.2975283 0.0003987532 -0.9547129 -0.2975288 0.0003987538 -0.9547128 0 0 0 0.1961038 -0.0002628447 0.9805831 0.1961043 -0.0002628453 0.980583 -0.1961038 0.0002628447 -0.9805831 -0.1961043 0.0002628453 -0.980583 0 0 0 0.09253078 -0.0001240564 0.9957098 0.0925313 -0.0001240571 0.9957098 -0.09253078 0.0001240564 -0.9957098 -0.0925313 0.0001240571 -0.9957098 0 0 0 -0.01205603 1.60911e-05 0.9999273 -0.01205552 1.609041e-05 0.9999273 0.01205603 -1.60911e-05 -0.9999273 0.01205552 -1.609041e-05 -0.9999273 0 0 0 -0.1165108 0.0001560623 0.9931894 -0.1165103 0.0001560616 0.9931895 0.1165108 -0.0001560623 -0.9931894 0.1165103 -0.0001560616 -0.9931895 0 0 0 -0.219689 0.0002943236 0.9755699 -0.2196885 0.0002943229 0.97557 0.219689 -0.0002943236 -0.9755699 0.2196885 -0.0002943229 -0.97557 0 0 0 -0.3204602 0.0004293603 0.9472619 -0.3204598 0.0004293596 0.947262 0.3204602 -0.0004293603 -0.9472619 0.3204598 -0.0004293596 -0.947262 0 0 0 -0.4177204 0.0005596927 0.9085754 -0.41772 0.0005596922 0.9085756 0.4177204 -0.0005596927 -0.9085754 0.41772 -0.0005596922 -0.9085756 0 0 0 -0.510404 0.0006838931 0.8599345 -0.5104036 0.0006838926 0.8599347 0.510404 -0.0006838931 -0.8599345 0.5104036 -0.0006838926 -0.8599347 0 0 0 -0.5974955 0.0008006006 0.8018719 -0.5974952 0.0008006002 0.8018721 0.5974955 -0.0008006006 -0.8018719 0.5974952 -0.0008006002 -0.8018721 0 0 0 -0.6780407 0.0009085366 0.7350238 -0.6780404 0.0009085362 0.7350241 0.6780407 -0.0009085366 -0.7350238 0.6780404 -0.0009085362 -0.7350241 0 0 0 -0.7511569 0.001006518 0.6601229 -0.7511572 0.001006518 0.6601227 0.7511572 -0.001006518 -0.6601227 0.7511569 -0.001006518 -0.6601229 0 0 0 -0.8160436 0.001093472 0.5779893 -0.8160438 0.001093473 0.5779891 0.8160438 -0.001093473 -0.5779891 0.8160436 -0.001093472 -0.5779893 0 0 0 -0.8719895 0.001168446 0.4895232 -0.8719896 0.001168447 0.4895229 0.8719896 -0.001168447 -0.4895229 0.8719895 -0.001168446 -0.4895232 0 0 0 -0.9183817 0.001230619 0.3956937 -0.9183818 0.001230619 0.3956935 0.9183818 -0.001230619 -0.3956935 0.9183817 -0.001230619 -0.3956937 0 0 0 -0.954712 0.001279308 0.2975289 -0.954712 0.001279308 0.2975287 0.954712 -0.001279308 -0.2975287 0.954712 -0.001279308 -0.2975289 0 0 0 -0.9805822 0.001313981 0.1961043 -0.9805822 0.001313981 0.1961042 0.9805822 -0.001313981 -0.1961042 0.9805822 -0.001313981 -0.1961043 0 0 0 -0.9895016 0.001325936 0.1445157 -0.9895016 0.001325936 0.1445157 0.9895016 -0.001325936 -0.1445157 0.9895016 -0.001325936 -0.1445157 0 0 0 -8.645935e-11 -6.414907e-08 1 -8.645935e-11 -6.414907e-08 1 -8.645935e-11 -6.414907e-08 1 -8.645935e-11 -6.414907e-08 1 8.645935e-11 6.414907e-08 -1 8.645935e-11 6.414907e-08 -1 8.645935e-11 6.414907e-08 -1 8.645935e-11 6.414907e-08 -1 0 0 0 0.9999991 -0.001340012 1.648392e-12 0.9999991 -0.001340012 1.648392e-12 0.9999991 -0.001340012 1.648392e-12 0.9999991 -0.001340012 1.648392e-12 -0.9999991 0.001340012 -1.648392e-12 -0.9999991 0.001340012 -1.648392e-12 -0.9999991 0.001340012 -1.648392e-12 -0.9999991 0.001340012 -1.648392e-12 0 0 0 -8.645935e-11 -6.414907e-08 1 -8.645935e-11 -6.414907e-08 1 -8.645935e-11 -6.414907e-08 1 -8.645935e-11 -6.414907e-08 1 8.645935e-11 6.414907e-08 -1 8.645935e-11 6.414907e-08 -1 8.645935e-11 6.414907e-08 -1 8.645935e-11 6.414907e-08 -1 0 0 0 0.9335796 -0.001250986 -0.3583679 0.9135447 -0.001224136 -0.4067365 0.9135446 -0.001224136 -0.4067367 0.9335796 -0.001250986 -0.3583679 -0.9335796 0.001250986 0.3583679 -0.9335796 0.001250986 0.3583679 -0.9135447 0.001224136 0.4067365 -0.9135446 0.001224136 0.4067367 0 0 0 0.8660247 -0.001160453 -0.4999999 0.8660246 -0.001160453 -0.5000001 -0.8660247 0.001160453 0.4999999 -0.8660246 0.001160453 0.5000001 0 0 0 0.8090164 -0.001084055 -0.5877851 0.8090162 -0.001084055 -0.5877854 -0.8090164 0.001084055 0.5877851 -0.8090162 0.001084055 0.5877854 0 0 0 0.7431443 -0.0009957804 -0.6691305 0.743144 -0.0009957801 -0.6691307 -0.7431443 0.0009957804 0.6691305 -0.743144 0.0009957801 0.6691307 0 0 0 0.6691299 -0.0008965954 -0.743145 0.6691301 -0.0008965958 -0.7431447 -0.6691301 0.0008965958 0.7431447 -0.6691299 0.0008965954 0.743145 0 0 0 0.5877846 -0.0007875874 -0.8090171 0.5877849 -0.0007875878 -0.8090169 -0.5877849 0.0007875878 0.8090169 -0.5877846 0.0007875874 0.8090171 0 0 0 0.4999994 -0.0006699503 -0.8660255 0.4999997 -0.0006699509 -0.8660253 -0.4999997 0.0006699509 0.8660253 -0.4999994 0.0006699503 0.8660255 0 0 0 0.4067361 -0.0005449732 -0.9135456 0.4067365 -0.0005449738 -0.9135454 -0.4067365 0.0005449738 0.9135454 -0.4067361 0.0005449732 0.9135456 0 0 0 0.3090165 -0.0004140253 -0.9510566 0.309017 -0.0004140259 -0.9510564 -0.309017 0.0004140259 0.9510564 -0.3090165 0.0004140253 0.9510566 0 0 0 0.2079113 -0.0002785411 -0.9781477 0.2079118 -0.0002785418 -0.9781475 -0.2079118 0.0002785418 0.9781475 -0.2079113 0.0002785411 0.9781477 0 0 0 0.1045281 -0.0001400053 -0.9945219 0.1045286 -0.000140006 -0.9945219 -0.1045286 0.000140006 0.9945219 -0.1045281 0.0001400053 0.9945219 0 0 0 -2.589452e-07 6.449618e-08 -1 2.591181e-07 6.380196e-08 -1 -2.591181e-07 -6.380196e-08 1 2.589452e-07 -6.449618e-08 1 0 0 0 -0.1045286 0.0001401336 -0.9945219 -0.1045281 0.0001401329 -0.9945219 0.1045281 -0.0001401329 0.9945219 0.1045286 -0.0001401336 0.9945219 0 0 0 -0.2079118 0.0002786673 -0.9781475 -0.2079113 0.0002786666 -0.9781477 0.2079113 -0.0002786666 0.9781477 0.2079118 -0.0002786673 0.9781475 0 0 0 -0.309017 0.0004141479 -0.9510564 -0.3090165 0.0004141473 -0.9510566 0.3090165 -0.0004141473 0.9510566 0.309017 -0.0004141479 0.9510564 0 0 0 -0.4067365 0.000545091 -0.9135454 -0.4067361 0.0005450904 -0.9135456 0.4067361 -0.0005450904 0.9135456 0.4067365 -0.000545091 0.9135454 0 0 0 -0.4999997 0.000670062 -0.8660253 -0.4999994 0.0006700615 -0.8660255 0.4999994 -0.0006700615 0.8660255 0.4999997 -0.000670062 0.8660253 0 0 0 -0.5877849 0.0007876916 -0.8090169 -0.5877846 0.0007876911 -0.8090171 0.5877846 -0.0007876911 0.8090171 0.5877849 -0.0007876916 0.8090169 0 0 0 -0.6691301 0.0008966911 -0.7431447 -0.6691299 0.0008966907 -0.743145 0.6691299 -0.0008966907 0.743145 0.6691301 -0.0008966911 0.7431447 0 0 0 -0.7431443 0.0009958663 -0.6691305 -0.743144 0.000995866 -0.6691307 0.743144 -0.000995866 0.6691307 0.7431443 -0.0009958663 0.6691305 0 0 0 -0.8090162 0.00108413 -0.5877854 -0.8090164 0.001084131 -0.5877851 0.8090162 -0.00108413 0.5877854 0.8090164 -0.001084131 0.5877851 0 0 0 -0.8660246 0.001160517 -0.5000001 -0.8660247 0.001160517 -0.4999999 0.8660246 -0.001160517 0.5000001 0.8660247 -0.001160517 0.4999999 0 0 0 -0.9135446 0.001224188 -0.4067367 -0.9135447 0.001224188 -0.4067365 0.9135446 -0.001224188 0.4067367 0.9135447 -0.001224188 0.4067365 0 0 0 -0.9335796 0.001251032 -0.3583679 -0.9335796 0.001251032 -0.3583679 0.9335796 -0.001251032 0.3583679 0.9335796 -0.001251032 0.3583679 0 0 0 -8.645935e-11 -6.414907e-08 1 -8.645935e-11 -6.414907e-08 1 -8.645935e-11 -6.414907e-08 1 -8.645935e-11 -6.414907e-08 1 8.645935e-11 6.414907e-08 -1 8.645935e-11 6.414907e-08 -1 8.645935e-11 6.414907e-08 -1 8.645935e-11 6.414907e-08 -1</float_array>
                    <technique_common>
                        <accessor count="504" source="#ID76" stride="3">
                            <param name="X" type="float" />
                            <param name="Y" type="float" />
                            <param name="Z" type="float" />
                        </accessor>
                    </technique_common>
                </source>
                <vertices id="ID74">
                    <input semantic="POSITION" source="#ID72" />
                    <input semantic="NORMAL" source="#ID73" />
                </vertices>
                <triangles count="175" material="Material3">
                    <input offset="0" semantic="VERTEX" source="#ID74" />
                    <p>0 1 2 1 0 3 3 0 4 4 0 5 5 0 6 6 0 7 7 0 8 8 0 9 9 0 10 10 0 11 11 0 12 12 0 13 13 0 14 14 0 15 15 0 16 17 0 18 0 17 19 19 17 20 20 17 21 21 17 22 21 22 23 23 22 24 23 24 25 25 24 26 25 26 27 27 26 28 27 28 29 29 28 30 29 30 31 31 30 32 31 32 33 33 32 34 33 34 35 35 34 36 35 36 37 37 36 38 37 38 39 39 38 40 39 40 41 41 40 42 43 44 45 44 43 19 19 43 46 19 46 47 19 47 48 19 48 49 19 49 50 19 50 51 19 51 52 19 52 53 19 53 54 19 54 55 19 55 56 19 56 57 19 57 58 19 58 16 19 16 0 177 178 179 178 177 180 187 188 189 188 187 190 196 197 198 197 196 199 199 205 197 205 199 206 206 210 205 210 206 211 211 215 210 215 211 216 216 220 215 220 216 221 221 225 220 225 221 226 226 230 225 230 226 231 230 235 236 235 230 231 236 240 241 240 236 235 241 245 246 245 241 240 246 250 251 250 246 245 251 255 256 255 251 250 256 260 261 260 256 255 261 265 266 265 261 260 266 270 271 270 266 265 271 275 276 275 271 270 276 280 281 280 276 275 281 285 286 285 281 280 286 290 291 290 286 285 291 295 296 295 291 290 296 300 301 300 296 295 301 305 306 305 301 300 305 310 306 310 305 311 311 315 310 315 311 316 316 320 315 320 316 321 321 325 320 325 321 326 326 330 325 330 326 331 331 335 330 335 331 336 336 340 335 340 336 341 345 346 347 346 345 348 354 355 356 355 354 357 363 364 365 364 363 366 372 373 374 373 372 375 374 381 382 381 374 373 382 386 387 386 382 381 387 391 392 391 387 386 391 396 392 396 391 397 397 401 396 401 397 402 402 406 401 406 402 407 407 411 406 411 407 412 412 416 411 416 412 417 417 421 416 421 417 422 422 426 421 426 422 427 427 431 426 431 427 432 432 436 431 436 432 437 437 441 436 441 437 442 442 446 441 446 442 447 447 451 446 451 447 452 452 456 451 456 452 457 457 461 456 461 457 462 462 466 461 466 462 467 467 471 466 471 467 472 471 476 477 476 471 472 477 481 482 481 477 476 482 486 487 486 482 481 487 491 492 491 487 486 496 497 498 497 496 499</p>
                </triangles>
                <triangles count="175" material="Material2">
                    <input offset="0" semantic="VERTEX" source="#ID74" />
                    <p>59 60 61 60 62 61 62 63 61 63 64 61 64 65 61 65 66 61 66 67 61 67 68 61 68 69 61 69 70 61 70 71 61 71 72 61 72 73 61 73 74 61 74 75 61 61 75 76 77 76 75 78 79 80 80 79 81 79 82 81 81 82 83 82 84 83 83 84 85 84 86 85 85 86 87 86 88 87 87 88 89 88 90 89 89 90 91 90 92 91 91 92 93 92 94 93 93 94 95 94 96 95 95 96 97 96 98 97 97 98 99 98 100 99 99 100 101 101 100 61 61 100 59 102 59 100 60 59 103 103 59 104 104 59 105 105 59 106 106 59 107 107 59 108 108 59 109 109 59 110 110 59 111 111 59 112 112 59 113 113 59 114 114 59 115 115 59 116 117 116 59 181 182 183 184 183 182 191 192 193 194 193 192 200 201 202 203 202 201 207 200 208 202 208 200 212 207 213 208 213 207 217 212 218 213 218 212 222 217 223 218 223 217 227 222 228 223 228 222 232 227 233 228 233 227 232 233 237 238 237 233 237 238 242 243 242 238 242 243 247 248 247 243 247 248 252 253 252 248 252 253 257 258 257 253 257 258 262 263 262 258 262 263 267 268 267 263 267 268 272 273 272 268 272 273 277 278 277 273 277 278 282 283 282 278 282 283 287 288 287 283 287 288 292 293 292 288 292 293 297 298 297 293 297 298 302 303 302 298 302 303 307 308 307 303 312 307 313 308 313 307 317 312 318 313 318 312 322 317 323 318 323 317 327 322 328 323 328 322 332 327 333 328 333 327 337 332 338 333 338 332 342 337 343 338 343 337 349 350 351 352 351 350 358 359 360 361 360 359 367 368 369 370 369 368 376 377 378 379 378 377 378 379 383 384 383 379 383 384 388 389 388 384 388 389 393 394 393 389 398 393 399 394 399 393 403 398 404 399 404 398 408 403 409 404 409 403 413 408 414 409 414 408 418 413 419 414 419 413 423 418 424 419 424 418 428 423 429 424 429 423 433 428 434 429 434 428 438 433 439 434 439 433 443 438 444 439 444 438 448 443 449 444 449 443 453 448 454 449 454 448 458 453 459 454 459 453 463 458 464 459 464 458 468 463 469 464 469 463 473 468 474 469 474 468 473 474 478 479 478 474 478 479 483 484 483 479 483 484 488 489 488 484 488 489 493 494 493 489 500 501 502 503 502 501</p>
                </triangles>
                <lines count="152" material="Material4">
                    <input offset="0" semantic="VERTEX" source="#ID74" />
                    <p>118 119 120 118 120 121 121 122 122 123 123 124 124 125 125 126 126 127 127 128 128 129 129 130 130 131 131 132 132 133 133 134 134 135 135 136 136 137 137 138 138 139 139 140 140 141 141 142 142 143 143 144 144 145 145 146 146 147 147 148 148 149 150 149 150 151 151 152 153 152 154 153 155 154 156 155 157 156 158 157 159 158 160 159 161 160 162 161 163 162 164 163 165 164 166 165 167 166 168 167 169 168 170 169 171 170 172 171 173 172 174 173 175 174 176 175 119 176 119 185 118 186 195 186 120 195 195 204 204 209 209 214 214 219 219 224 224 229 229 234 234 239 239 244 244 249 249 254 254 259 259 264 264 269 269 274 274 279 279 284 284 289 289 294 294 299 299 304 304 309 309 314 314 319 319 324 324 329 329 334 334 339 339 344 149 344 353 344 150 353 353 362 151 362 362 371 152 371 176 495 185 495</p>
                </lines>
                <lines count="25" material="Material5">
                    <input offset="0" semantic="VERTEX" source="#ID74" />
                    <p>186 185 380 371 385 380 390 385 395 390 400 395 405 400 410 405 415 410 420 415 425 420 430 425 435 430 440 435 445 440 450 445 455 450 460 455 465 460 470 465 475 470 480 475 485 480 490 485 495 490</p>
                </lines>
            </mesh>
        </geometry>
        <geometry id="ID77">
            <mesh>
                <source id="ID78">
                    <float_array id="ID81" count="1512">4.781021 2.818935 13.15546 4.888018 2.81879 13.15546 4.834519 2.818863 13.15266 4.728108 2.819006 13.16384 4.940931 2.818719 13.16384 4.676361 2.819076 13.17771 4.992677 2.818649 13.17771 4.626347 2.819143 13.1969 5.042691 2.818582 13.1969 4.578614 2.819207 13.22122 5.090425 2.818518 13.22122 4.533685 2.819268 13.2504 5.135354 2.818457 13.2504 4.492051 2.819324 13.28412 5.176987 2.818401 13.28412 4.45417 2.819375 13.322 5.214869 2.81835 13.322 4.420456 2.819421 13.36363 5.248583 2.818304 13.36363 4.391278 2.81946 13.40856 5.27776 2.818265 13.40856 4.366957 2.819493 13.45629 5.302082 2.818232 13.45629 4.362611 2.819499 13.46762 5.306428 2.818227 13.46762 4.519559 2.819287 13.46762 5.14948 2.818438 13.46762 4.836892 2.818859 13.46763 4.816305 2.818887 13.46846 4.795916 2.818915 13.47144 4.775951 2.818941 13.47653 4.756627 2.818968 13.48368 4.738157 2.818992 13.49281 4.720742 2.819016 13.50383 4.519559 2.819287 13.64478 4.704574 2.819038 13.5166 4.68983 2.819058 13.53099 4.676671 2.819075 13.54685 4.665241 2.819091 13.56399 4.655666 2.819104 13.58224 4.648051 2.819114 13.60138 4.642478 2.819121 13.62122 4.63901 2.819126 13.64153 4.6388 2.819126 13.64478 4.952137 2.818704 13.50662 5.14948 2.818438 13.64478 4.934993 2.818727 13.49519 4.916748 2.818752 13.48561 4.897602 2.818778 13.478 4.877765 2.818804 13.47242 4.857454 2.818832 13.46896 4.967992 2.818683 13.51978 4.982385 2.818663 13.53452 4.995158 2.818646 13.55069 5.006171 2.818631 13.5681 5.015303 2.818619 13.58657 5.022455 2.818609 13.6059 5.027547 2.818602 13.62586 5.03031 2.818599 13.64478 5.03031 2.818599 13.64478 5.027547 2.818602 13.62586 5.14948 2.818438 13.64478 5.022455 2.818609 13.6059 5.015303 2.818619 13.58657 5.006171 2.818631 13.5681 4.995158 2.818646 13.55069 4.982385 2.818663 13.53452 4.967992 2.818683 13.51978 4.952137 2.818704 13.50662 4.836892 2.818859 13.46763 5.14948 2.818438 13.46762 4.857454 2.818832 13.46896 4.877765 2.818804 13.47242 4.897602 2.818778 13.478 4.916748 2.818752 13.48561 4.934993 2.818727 13.49519 4.6388 2.819126 13.64478 4.519559 2.819287 13.64478 4.63901 2.819126 13.64153 4.642478 2.819121 13.62122 4.648051 2.819114 13.60138 4.655666 2.819104 13.58224 4.665241 2.819091 13.56399 4.676671 2.819075 13.54685 4.68983 2.819058 13.53099 4.704574 2.819038 13.5166 4.720742 2.819016 13.50383 4.519559 2.819287 13.46762 4.738157 2.818992 13.49281 4.756627 2.818968 13.48368 4.775951 2.818941 13.47653 4.795916 2.818915 13.47144 4.816305 2.818887 13.46846 5.306428 2.818227 13.46762 4.362611 2.819499 13.46762 5.302082 2.818232 13.45629 4.366957 2.819493 13.45629 5.27776 2.818265 13.40856 4.391278 2.81946 13.40856 5.248583 2.818304 13.36363 4.420456 2.819421 13.36363 5.214869 2.81835 13.322 4.45417 2.819375 13.322 5.176987 2.818401 13.28412 4.492051 2.819324 13.28412 5.135354 2.818457 13.2504 4.533685 2.819268 13.2504 5.090425 2.818518 13.22122 4.578614 2.819207 13.22122 5.042691 2.818582 13.1969 4.626347 2.819143 13.1969 4.992677 2.818649 13.17771 4.676361 2.819076 13.17771 4.940931 2.818719 13.16384 4.728108 2.819006 13.16384 4.888018 2.81879 13.15546 4.781021 2.818935 13.15546 4.834519 2.818863 13.15266 4.519559 2.819287 13.46762 4.519559 2.819287 13.64478 4.6388 2.819126 13.64478 4.63901 2.819126 13.64153 4.642478 2.819121 13.62122 4.648051 2.819114 13.60138 4.655666 2.819104 13.58224 4.665241 2.819091 13.56399 4.676671 2.819075 13.54685 4.68983 2.819058 13.53099 4.704574 2.819038 13.5166 4.720742 2.819016 13.50383 4.738157 2.818992 13.49281 4.756627 2.818968 13.48368 4.775951 2.818941 13.47653 4.795916 2.818915 13.47144 4.816305 2.818887 13.46846 4.836892 2.818859 13.46763 4.857454 2.818832 13.46896 4.877765 2.818804 13.47242 4.897602 2.818778 13.478 4.916748 2.818752 13.48561 4.934993 2.818727 13.49519 4.952137 2.818704 13.50662 4.967992 2.818683 13.51978 4.982385 2.818663 13.53452 4.995158 2.818646 13.55069 5.006171 2.818631 13.5681 5.015303 2.818619 13.58657 5.022455 2.818609 13.6059 5.027547 2.818602 13.62586 5.03031 2.818599 13.64478 5.14948 2.818438 13.64478 5.14948 2.818438 13.46762 5.306428 2.818227 13.46762 5.302082 2.818232 13.45629 5.27776 2.818265 13.40856 5.248583 2.818304 13.36363 5.214869 2.81835 13.322 5.176987 2.818401 13.28412 5.135354 2.818457 13.2504 5.090425 2.818518 13.22122 5.042691 2.818582 13.1969 4.992677 2.818649 13.17771 4.940931 2.818719 13.16384 4.888018 2.81879 13.15546 4.834519 2.818863 13.15266 4.781021 2.818935 13.15546 4.728108 2.819006 13.16384 4.676361 2.819076 13.17771 4.626347 2.819143 13.1969 4.578614 2.819207 13.22122 4.533685 2.819268 13.2504 4.492051 2.819324 13.28412 4.45417 2.819375 13.322 4.420456 2.819421 13.36363 4.391278 2.81946 13.40856 4.366957 2.819493 13.45629 4.362611 2.819499 13.46762 4.519559 2.819287 13.46762 4.519664 2.898027 13.64478 4.519559 2.819287 13.64478 4.519664 2.898027 13.46762 4.519664 2.898027 13.46762 4.519559 2.819287 13.46762 4.519664 2.898027 13.64478 4.519559 2.819287 13.64478 4.519664 2.898027 13.46762 4.519664 2.898027 13.64478 4.519664 2.898027 13.64478 4.6388 2.819126 13.64478 4.519559 2.819287 13.64478 4.638906 2.897866 13.64478 4.638906 2.897866 13.64478 4.519664 2.898027 13.64478 4.6388 2.819126 13.64478 4.519559 2.819287 13.64478 4.638906 2.897866 13.64478 4.6388 2.819126 13.64478 4.639115 2.897866 13.64153 4.63901 2.819126 13.64153 4.638906 2.897866 13.64478 4.638906 2.897866 13.64478 4.6388 2.819126 13.64478 4.639115 2.897866 13.64153 4.63901 2.819126 13.64153 4.639115 2.897866 13.64153 4.642584 2.897861 13.62122 4.642478 2.819121 13.62122 4.642584 2.897861 13.62122 4.642478 2.819121 13.62122 4.642584 2.897861 13.62122 4.648156 2.897854 13.60138 4.648051 2.819114 13.60138 4.648156 2.897854 13.60138 4.648051 2.819114 13.60138 4.648156 2.897854 13.60138 4.655772 2.897844 13.58224 4.655666 2.819104 13.58224 4.655772 2.897844 13.58224 4.655666 2.819104 13.58224 4.655772 2.897844 13.58224 4.665347 2.897831 13.56399 4.665241 2.819091 13.56399 4.665347 2.897831 13.56399 4.665241 2.819091 13.56399 4.665347 2.897831 13.56399 4.676776 2.897815 13.54685 4.676671 2.819075 13.54685 4.676776 2.897815 13.54685 4.676671 2.819075 13.54685 4.676776 2.897815 13.54685 4.689935 2.897798 13.53099 4.68983 2.819058 13.53099 4.689935 2.897798 13.53099 4.68983 2.819058 13.53099 4.689935 2.897798 13.53099 4.704574 2.819038 13.5166 4.70468 2.897778 13.5166 4.70468 2.897778 13.5166 4.704574 2.819038 13.5166 4.70468 2.897778 13.5166 4.720742 2.819016 13.50383 4.720848 2.897756 13.50383 4.720848 2.897756 13.50383 4.720742 2.819016 13.50383 4.720848 2.897756 13.50383 4.738157 2.818992 13.49281 4.738262 2.897733 13.49281 4.738262 2.897733 13.49281 4.738157 2.818992 13.49281 4.738262 2.897733 13.49281 4.756627 2.818968 13.48368 4.756732 2.897708 13.48368 4.756732 2.897708 13.48368 4.756627 2.818968 13.48368 4.756732 2.897708 13.48368 4.775951 2.818941 13.47653 4.776056 2.897682 13.47653 4.776056 2.897682 13.47653 4.775951 2.818941 13.47653 4.776056 2.897682 13.47653 4.795916 2.818915 13.47144 4.796022 2.897655 13.47144 4.796022 2.897655 13.47144 4.795916 2.818915 13.47144 4.796022 2.897655 13.47144 4.816305 2.818887 13.46846 4.81641 2.897627 13.46846 4.81641 2.897627 13.46846 4.816305 2.818887 13.46846 4.81641 2.897627 13.46846 4.836892 2.818859 13.46763 4.836998 2.897599 13.46763 4.836998 2.897599 13.46763 4.836892 2.818859 13.46763 4.836998 2.897599 13.46763 4.857454 2.818832 13.46896 4.85756 2.897572 13.46896 4.85756 2.897572 13.46896 4.857454 2.818832 13.46896 4.85756 2.897572 13.46896 4.877765 2.818804 13.47242 4.877871 2.897544 13.47242 4.877871 2.897544 13.47242 4.877765 2.818804 13.47242 4.877871 2.897544 13.47242 4.897602 2.818778 13.478 4.897707 2.897518 13.478 4.897707 2.897518 13.478 4.897602 2.818778 13.478 4.897707 2.897518 13.478 4.916748 2.818752 13.48561 4.916853 2.897492 13.48561 4.916853 2.897492 13.48561 4.916748 2.818752 13.48561 4.916853 2.897492 13.48561 4.934993 2.818727 13.49519 4.935098 2.897467 13.49519 4.935098 2.897467 13.49519 4.934993 2.818727 13.49519 4.935098 2.897467 13.49519 4.952137 2.818704 13.50662 4.952242 2.897444 13.50662 4.952242 2.897444 13.50662 4.952137 2.818704 13.50662 4.952242 2.897444 13.50662 4.967992 2.818683 13.51978 4.968097 2.897423 13.51978 4.968097 2.897423 13.51978 4.967992 2.818683 13.51978 4.968097 2.897423 13.51978 4.98249 2.897403 13.53452 4.982385 2.818663 13.53452 4.98249 2.897403 13.53452 4.982385 2.818663 13.53452 4.98249 2.897403 13.53452 4.995263 2.897386 13.55069 4.995158 2.818646 13.55069 4.995263 2.897386 13.55069 4.995158 2.818646 13.55069 4.995263 2.897386 13.55069 5.006276 2.897371 13.5681 5.006171 2.818631 13.5681 5.006276 2.897371 13.5681 5.006171 2.818631 13.5681 5.006276 2.897371 13.5681 5.015409 2.897359 13.58657 5.015303 2.818619 13.58657 5.015409 2.897359 13.58657 5.015303 2.818619 13.58657 5.015409 2.897359 13.58657 5.02256 2.897349 13.6059 5.022455 2.818609 13.6059 5.02256 2.897349 13.6059 5.022455 2.818609 13.6059 5.02256 2.897349 13.6059 5.027653 2.897342 13.62586 5.027547 2.818602 13.62586 5.027653 2.897342 13.62586 5.027547 2.818602 13.62586 5.027653 2.897342 13.62586 5.030416 2.897339 13.64478 5.03031 2.818599 13.64478 5.030416 2.897339 13.64478 5.03031 2.818599 13.64478 5.030416 2.897339 13.64478 5.030416 2.897339 13.64478 5.14948 2.818438 13.64478 5.03031 2.818599 13.64478 5.149585 2.897178 13.64478 5.149585 2.897178 13.64478 5.030416 2.897339 13.64478 5.14948 2.818438 13.64478 5.03031 2.818599 13.64478 5.149585 2.897178 13.64478 5.149585 2.897178 13.64478 5.14948 2.818438 13.46762 5.14948 2.818438 13.64478 5.149585 2.897178 13.46762 5.149585 2.897178 13.46762 5.149585 2.897178 13.64478 5.14948 2.818438 13.46762 5.14948 2.818438 13.64478 5.149585 2.897178 13.46762 5.149585 2.897178 13.46762 5.306428 2.818227 13.46762 5.14948 2.818438 13.46762 5.306533 2.896967 13.46762 5.306533 2.896967 13.46762 5.149585 2.897178 13.46762 5.306428 2.818227 13.46762 5.14948 2.818438 13.46762 5.306533 2.896967 13.46762 5.306533 2.896967 13.46762 5.302082 2.818232 13.45629 5.306428 2.818227 13.46762 5.302187 2.896972 13.45629 5.302187 2.896972 13.45629 5.306533 2.896967 13.46762 5.302082 2.818232 13.45629 5.306428 2.818227 13.46762 5.302187 2.896972 13.45629 5.27776 2.818265 13.40856 5.277866 2.897005 13.40856 5.277866 2.897005 13.40856 5.27776 2.818265 13.40856 5.277866 2.897005 13.40856 5.248583 2.818304 13.36363 5.248688 2.897045 13.36363 5.248688 2.897045 13.36363 5.248583 2.818304 13.36363 5.248688 2.897045 13.36363 5.214869 2.81835 13.322 5.214974 2.89709 13.322 5.214974 2.89709 13.322 5.214869 2.81835 13.322 5.214974 2.89709 13.322 5.177093 2.897141 13.28412 5.176987 2.818401 13.28412 5.177093 2.897141 13.28412 5.176987 2.818401 13.28412 5.177093 2.897141 13.28412 5.13546 2.897197 13.2504 5.135354 2.818457 13.2504 5.13546 2.897197 13.2504 5.135354 2.818457 13.2504 5.13546 2.897197 13.2504 5.09053 2.897258 13.22122 5.090425 2.818518 13.22122 5.09053 2.897258 13.22122 5.090425 2.818518 13.22122 5.09053 2.897258 13.22122 5.042797 2.897322 13.1969 5.042691 2.818582 13.1969 5.042797 2.897322 13.1969 5.042691 2.818582 13.1969 5.042797 2.897322 13.1969 4.992783 2.897389 13.17771 4.992677 2.818649 13.17771 4.992783 2.897389 13.17771 4.992677 2.818649 13.17771 4.992783 2.897389 13.17771 4.941036 2.897459 13.16384 4.940931 2.818719 13.16384 4.941036 2.897459 13.16384 4.940931 2.818719 13.16384 4.941036 2.897459 13.16384 4.888124 2.897531 13.15546 4.888018 2.81879 13.15546 4.888124 2.897531 13.15546 4.888018 2.81879 13.15546 4.888124 2.897531 13.15546 4.834625 2.897603 13.15266 4.834519 2.818863 13.15266 4.834625 2.897603 13.15266 4.834519 2.818863 13.15266 4.834625 2.897603 13.15266 4.781126 2.897675 13.15546 4.781021 2.818935 13.15546 4.781126 2.897675 13.15546 4.781021 2.818935 13.15546 4.781126 2.897675 13.15546 4.728213 2.897746 13.16384 4.728108 2.819006 13.16384 4.728213 2.897746 13.16384 4.728108 2.819006 13.16384 4.728213 2.897746 13.16384 4.676467 2.897816 13.17771 4.676361 2.819076 13.17771 4.676467 2.897816 13.17771 4.676361 2.819076 13.17771 4.676467 2.897816 13.17771 4.626453 2.897883 13.1969 4.626347 2.819143 13.1969 4.626453 2.897883 13.1969 4.626347 2.819143 13.1969 4.626453 2.897883 13.1969 4.57872 2.897948 13.22122 4.578614 2.819207 13.22122 4.57872 2.897948 13.22122 4.578614 2.819207 13.22122 4.57872 2.897948 13.22122 4.53379 2.898008 13.2504 4.533685 2.819268 13.2504 4.53379 2.898008 13.2504 4.533685 2.819268 13.2504 4.53379 2.898008 13.2504 4.492157 2.898064 13.28412 4.492051 2.819324 13.28412 4.492157 2.898064 13.28412 4.492051 2.819324 13.28412 4.492157 2.898064 13.28412 4.454275 2.898115 13.322 4.45417 2.819375 13.322 4.454275 2.898115 13.322 4.45417 2.819375 13.322 4.454275 2.898115 13.322 4.420456 2.819421 13.36363 4.420561 2.898161 13.36363 4.420561 2.898161 13.36363 4.420456 2.819421 13.36363 4.420561 2.898161 13.36363 4.391278 2.81946 13.40856 4.391384 2.8982 13.40856 4.391384 2.8982 13.40856 4.391278 2.81946 13.40856 4.391384 2.8982 13.40856 4.366957 2.819493 13.45629 4.367063 2.898233 13.45629 4.367063 2.898233 13.45629 4.366957 2.819493 13.45629 4.367063 2.898233 13.45629 4.362611 2.819499 13.46762 4.362717 2.898239 13.46762 4.362717 2.898239 13.46762 4.362611 2.819499 13.46762 4.362717 2.898239 13.46762 4.362717 2.898239 13.46762 4.519559 2.819287 13.46762 4.362611 2.819499 13.46762 4.519664 2.898027 13.46762 4.519664 2.898027 13.46762 4.362717 2.898239 13.46762 4.519559 2.819287 13.46762 4.362611 2.819499 13.46762</float_array>
                    <technique_common>
                        <accessor count="504" source="#ID81" stride="3">
                            <param name="X" type="float" />
                            <param name="Y" type="float" />
                            <param name="Z" type="float" />
                        </accessor>
                    </technique_common>
                </source>
                <source id="ID79">
                    <float_array id="ID82" count="1512">0.001329953 0.9999991 -1.832195e-05 0.001329953 0.9999991 -1.832195e-05 0.001329953 0.9999991 -1.832195e-05 0.001329953 0.9999991 -1.832195e-05 0.001329953 0.9999991 -1.832195e-05 0.001329953 0.9999991 -1.832195e-05 0.001329953 0.9999991 -1.832195e-05 0.001329953 0.9999991 -1.832195e-05 0.001329953 0.9999991 -1.832195e-05 0.001329953 0.9999991 -1.832195e-05 0.001329953 0.9999991 -1.832195e-05 0.001329953 0.9999991 -1.832195e-05 0.001329953 0.9999991 -1.832195e-05 0.001329953 0.9999991 -1.832195e-05 0.001329953 0.9999991 -1.832195e-05 0.001329953 0.9999991 -1.832195e-05 0.001329953 0.9999991 -1.832195e-05 0.001329953 0.9999991 -1.832195e-05 0.001329953 0.9999991 -1.832195e-05 0.001329953 0.9999991 -1.832195e-05 0.001329953 0.9999991 -1.832195e-05 0.001329953 0.9999991 -1.832195e-05 0.001329953 0.9999991 -1.832195e-05 0.001329953 0.9999991 -1.832195e-05 0.001329953 0.9999991 -1.832195e-05 0.001329953 0.9999991 -1.832195e-05 0.001329953 0.9999991 -1.832195e-05 0.001329953 0.9999991 -1.832195e-05 0.001329953 0.9999991 -1.832195e-05 0.001329953 0.9999991 -1.832195e-05 0.001329953 0.9999991 -1.832195e-05 0.001329953 0.9999991 -1.832195e-05 0.001329953 0.9999991 -1.832195e-05 0.001329953 0.9999991 -1.832195e-05 0.001329953 0.9999991 -1.832195e-05 0.001329953 0.9999991 -1.832195e-05 0.001329953 0.9999991 -1.832195e-05 0.001329953 0.9999991 -1.832195e-05 0.001329953 0.9999991 -1.832195e-05 0.001329953 0.9999991 -1.832195e-05 0.001329953 0.9999991 -1.832195e-05 0.001329953 0.9999991 -1.832195e-05 0.001329953 0.9999991 -1.832195e-05 0.001329953 0.9999991 -1.832195e-05 0.001329953 0.9999991 -1.832195e-05 0.001329953 0.9999991 -1.832195e-05 0.001329953 0.9999991 -1.832195e-05 0.001329953 0.9999991 -1.832195e-05 0.001329953 0.9999991 -1.832195e-05 0.001329953 0.9999991 -1.832195e-05 0.001329953 0.9999991 -1.832195e-05 0.001329953 0.9999991 -1.832195e-05 0.001329953 0.9999991 -1.832195e-05 0.001329953 0.9999991 -1.832195e-05 0.001329953 0.9999991 -1.832195e-05 0.001329953 0.9999991 -1.832195e-05 0.001329953 0.9999991 -1.832195e-05 0.001329953 0.9999991 -1.832195e-05 0.001329953 0.9999991 -1.832195e-05 -0.001329953 -0.9999991 1.832195e-05 -0.001329953 -0.9999991 1.832195e-05 -0.001329953 -0.9999991 1.832195e-05 -0.001329953 -0.9999991 1.832195e-05 -0.001329953 -0.9999991 1.832195e-05 -0.001329953 -0.9999991 1.832195e-05 -0.001329953 -0.9999991 1.832195e-05 -0.001329953 -0.9999991 1.832195e-05 -0.001329953 -0.9999991 1.832195e-05 -0.001329953 -0.9999991 1.832195e-05 -0.001329953 -0.9999991 1.832195e-05 -0.001329953 -0.9999991 1.832195e-05 -0.001329953 -0.9999991 1.832195e-05 -0.001329953 -0.9999991 1.832195e-05 -0.001329953 -0.9999991 1.832195e-05 -0.001329953 -0.9999991 1.832195e-05 -0.001329953 -0.9999991 1.832195e-05 -0.001329953 -0.9999991 1.832195e-05 -0.001329953 -0.9999991 1.832195e-05 -0.001329953 -0.9999991 1.832195e-05 -0.001329953 -0.9999991 1.832195e-05 -0.001329953 -0.9999991 1.832195e-05 -0.001329953 -0.9999991 1.832195e-05 -0.001329953 -0.9999991 1.832195e-05 -0.001329953 -0.9999991 1.832195e-05 -0.001329953 -0.9999991 1.832195e-05 -0.001329953 -0.9999991 1.832195e-05 -0.001329953 -0.9999991 1.832195e-05 -0.001329953 -0.9999991 1.832195e-05 -0.001329953 -0.9999991 1.832195e-05 -0.001329953 -0.9999991 1.832195e-05 -0.001329953 -0.9999991 1.832195e-05 -0.001329953 -0.9999991 1.832195e-05 -0.001329953 -0.9999991 1.832195e-05 -0.001329953 -0.9999991 1.832195e-05 -0.001329953 -0.9999991 1.832195e-05 -0.001329953 -0.9999991 1.832195e-05 -0.001329953 -0.9999991 1.832195e-05 -0.001329953 -0.9999991 1.832195e-05 -0.001329953 -0.9999991 1.832195e-05 -0.001329953 -0.9999991 1.832195e-05 -0.001329953 -0.9999991 1.832195e-05 -0.001329953 -0.9999991 1.832195e-05 -0.001329953 -0.9999991 1.832195e-05 -0.001329953 -0.9999991 1.832195e-05 -0.001329953 -0.9999991 1.832195e-05 -0.001329953 -0.9999991 1.832195e-05 -0.001329953 -0.9999991 1.832195e-05 -0.001329953 -0.9999991 1.832195e-05 -0.001329953 -0.9999991 1.832195e-05 -0.001329953 -0.9999991 1.832195e-05 -0.001329953 -0.9999991 1.832195e-05 -0.001329953 -0.9999991 1.832195e-05 -0.001329953 -0.9999991 1.832195e-05 -0.001329953 -0.9999991 1.832195e-05 -0.001329953 -0.9999991 1.832195e-05 -0.001329953 -0.9999991 1.832195e-05 -0.001329953 -0.9999991 1.832195e-05 -0.001329953 -0.9999991 1.832195e-05 0 0 0 0 0 0 0 0 0 0 0 0 0 0 0 0 0 0 0 0 0 0 0 0 0 0 0 0 0 0 0 0 0 0 0 0 0 0 0 0 0 0 0 0 0 0 0 0 0 0 0 0 0 0 0 0 0 0 0 0 0 0 0 0 0 0 0 0 0 0 0 0 0 0 0 0 0 0 0 0 0 0 0 0 0 0 0 0 0 0 0 0 0 0 0 0 0 0 0 0 0 0 0 0 0 0 0 0 0 0 0 0 0 0 0 0 0 0 0 0 0 0 0 0 0 0 0 0 0 0 0 0 0 0 0 0 0 0 0 0 0 0 0 0 0 0 0 0 0 0 0 0 0 0 0 0 0 0 0 0 0 0 0 0 0 0 0 0 0 0 0 0 0 0 0 0 0 0.9999991 -0.001340012 -1.661324e-12 0.9999991 -0.001340012 -1.661324e-12 0.9999991 -0.001340012 -1.661324e-12 0.9999991 -0.001340012 -1.661324e-12 -0.9999991 0.001340012 1.661324e-12 -0.9999991 0.001340012 1.661324e-12 -0.9999991 0.001340012 1.661324e-12 -0.9999991 0.001340012 1.661324e-12 0 0 0 0 0 0 8.645935e-11 6.414907e-08 -1 8.645935e-11 6.414907e-08 -1 8.645935e-11 6.414907e-08 -1 8.645935e-11 6.414907e-08 -1 -8.645935e-11 -6.414907e-08 1 -8.645935e-11 -6.414907e-08 1 -8.645935e-11 -6.414907e-08 1 -8.645935e-11 -6.414907e-08 1 0 0 0 -0.9979251 0.001337237 -0.06437142 -0.9931886 0.001330894 -0.1165106 -0.9931886 0.001330894 -0.1165106 -0.9979251 0.001337237 -0.06437142 0.9979251 -0.001337237 0.06437142 0.9979251 -0.001337237 0.06437142 0.9931886 -0.001330894 0.1165106 0.9931886 -0.001330894 0.1165106 0 0 0 -0.9755691 0.00130729 -0.2196889 -0.9755691 0.00130729 -0.219689 0.9755691 -0.00130729 0.2196889 0.9755691 -0.00130729 0.219689 0 0 0 -0.9472611 0.001269363 -0.3204602 -0.9472611 0.001269363 -0.3204604 0.9472611 -0.001269363 0.3204602 0.9472611 -0.001269363 0.3204604 0 0 0 -0.9085748 0.001217529 -0.4177205 -0.9085747 0.001217529 -0.4177207 0.9085748 -0.001217529 0.4177205 0.9085747 -0.001217529 0.4177207 0 0 0 -0.8599339 0.001152356 -0.5104042 -0.8599337 0.001152356 -0.5104044 0.8599339 -0.001152356 0.5104042 0.8599337 -0.001152356 0.5104044 0 0 0 -0.8018714 0.001074557 -0.5974957 -0.8018712 0.001074557 -0.597496 0.8018714 -0.001074557 0.5974957 0.8018712 -0.001074557 0.597496 0 0 0 -0.7350234 0.0009849848 -0.678041 -0.7350231 0.0009849844 -0.6780413 0.7350234 -0.0009849848 0.678041 0.7350231 -0.0009849844 0.6780413 0 0 0 -0.660122 0.0008846206 -0.7511578 -0.6601223 0.000884621 -0.7511576 0.6601223 -0.000884621 0.7511576 0.660122 -0.0008846206 0.7511578 0 0 0 -0.5779885 0.0007745648 -0.8160445 -0.5779889 0.0007745652 -0.8160443 0.5779889 -0.0007745652 0.8160443 0.5779885 -0.0007745648 0.8160445 0 0 0 -0.4895224 0.0006560226 -0.8719905 -0.4895228 0.0006560231 -0.8719902 0.4895228 -0.0006560231 0.8719902 0.4895224 -0.0006560226 0.8719905 0 0 0 -0.395693 0.0005302929 -0.9183827 -0.3956934 0.0005302935 -0.9183825 0.3956934 -0.0005302935 0.9183825 0.395693 -0.0005302929 0.9183827 0 0 0 -0.2975283 0.0003987532 -0.9547129 -0.2975288 0.0003987538 -0.9547128 0.2975288 -0.0003987538 0.9547128 0.2975283 -0.0003987532 0.9547129 0 0 0 -0.1961038 0.0002628447 -0.9805831 -0.1961043 0.0002628453 -0.980583 0.1961043 -0.0002628453 0.980583 0.1961038 -0.0002628447 0.9805831 0 0 0 -0.09253078 0.0001240564 -0.9957098 -0.0925313 0.0001240571 -0.9957098 0.0925313 -0.0001240571 0.9957098 0.09253078 -0.0001240564 0.9957098 0 0 0 0.01205603 -1.60911e-05 -0.9999273 0.01205552 -1.609041e-05 -0.9999273 -0.01205552 1.609041e-05 0.9999273 -0.01205603 1.60911e-05 0.9999273 0 0 0 0.1165108 -0.0001560623 -0.9931894 0.1165103 -0.0001560616 -0.9931895 -0.1165103 0.0001560616 0.9931895 -0.1165108 0.0001560623 0.9931894 0 0 0 0.219689 -0.0002943236 -0.9755699 0.2196885 -0.0002943229 -0.97557 -0.2196885 0.0002943229 0.97557 -0.219689 0.0002943236 0.9755699 0 0 0 0.3204602 -0.0004293603 -0.9472619 0.3204598 -0.0004293596 -0.947262 -0.3204598 0.0004293596 0.947262 -0.3204602 0.0004293603 0.9472619 0 0 0 0.4177204 -0.0005596927 -0.9085754 0.41772 -0.0005596922 -0.9085756 -0.41772 0.0005596922 0.9085756 -0.4177204 0.0005596927 0.9085754 0 0 0 0.510404 -0.0006838931 -0.8599345 0.5104036 -0.0006838926 -0.8599347 -0.5104036 0.0006838926 0.8599347 -0.510404 0.0006838931 0.8599345 0 0 0 0.5974955 -0.0008006006 -0.8018719 0.5974952 -0.0008006002 -0.8018721 -0.5974952 0.0008006002 0.8018721 -0.5974955 0.0008006006 0.8018719 0 0 0 0.6780407 -0.0009085366 -0.7350238 0.6780404 -0.0009085362 -0.7350241 -0.6780404 0.0009085362 0.7350241 -0.6780407 0.0009085366 0.7350238 0 0 0 0.7511569 -0.001006518 -0.6601229 0.7511572 -0.001006518 -0.6601227 -0.7511569 0.001006518 0.6601229 -0.7511572 0.001006518 0.6601227 0 0 0 0.8160436 -0.001093472 -0.5779893 0.8160438 -0.001093473 -0.5779891 -0.8160436 0.001093472 0.5779893 -0.8160438 0.001093473 0.5779891 0 0 0 0.8719895 -0.001168446 -0.4895232 0.8719896 -0.001168447 -0.4895229 -0.8719895 0.001168446 0.4895232 -0.8719896 0.001168447 0.4895229 0 0 0 0.9183817 -0.001230619 -0.3956937 0.9183818 -0.001230619 -0.3956935 -0.9183817 0.001230619 0.3956937 -0.9183818 0.001230619 0.3956935 0 0 0 0.954712 -0.001279308 -0.2975289 0.954712 -0.001279308 -0.2975287 -0.954712 0.001279308 0.2975289 -0.954712 0.001279308 0.2975287 0 0 0 0.9805822 -0.001313981 -0.1961043 0.9805822 -0.001313981 -0.1961042 -0.9805822 0.001313981 0.1961043 -0.9805822 0.001313981 0.1961042 0 0 0 0.9895016 -0.001325936 -0.1445157 0.9895016 -0.001325936 -0.1445157 -0.9895016 0.001325936 0.1445157 -0.9895016 0.001325936 0.1445157 0 0 0 8.645935e-11 6.414907e-08 -1 8.645935e-11 6.414907e-08 -1 8.645935e-11 6.414907e-08 -1 8.645935e-11 6.414907e-08 -1 -8.645935e-11 -6.414907e-08 1 -8.645935e-11 -6.414907e-08 1 -8.645935e-11 -6.414907e-08 1 -8.645935e-11 -6.414907e-08 1 0 0 0 -0.9999991 0.001340012 4.173734e-13 -0.9999991 0.001340012 4.173734e-13 -0.9999991 0.001340012 4.173734e-13 -0.9999991 0.001340012 4.173734e-13 0.9999991 -0.001340012 -4.173734e-13 0.9999991 -0.001340012 -4.173734e-13 0.9999991 -0.001340012 -4.173734e-13 0.9999991 -0.001340012 -4.173734e-13 0 0 0 8.645935e-11 6.414907e-08 -1 8.645935e-11 6.414907e-08 -1 8.645935e-11 6.414907e-08 -1 8.645935e-11 6.414907e-08 -1 -8.645935e-11 -6.414907e-08 1 -8.645935e-11 -6.414907e-08 1 -8.645935e-11 -6.414907e-08 1 -8.645935e-11 -6.414907e-08 1 0 0 0 -0.9335796 0.001250986 0.3583679 -0.9135447 0.001224136 0.4067365 -0.9335796 0.001250986 0.3583679 -0.9135446 0.001224136 0.4067367 0.9135446 -0.001224136 -0.4067367 0.9335796 -0.001250986 -0.3583679 0.9135447 -0.001224136 -0.4067365 0.9335796 -0.001250986 -0.3583679 0 0 0 -0.8660247 0.001160453 0.4999999 -0.8660246 0.001160453 0.5000001 0.8660246 -0.001160453 -0.5000001 0.8660247 -0.001160453 -0.4999999 0 0 0 -0.8090164 0.001084055 0.5877851 -0.8090162 0.001084055 0.5877854 0.8090162 -0.001084055 -0.5877854 0.8090164 -0.001084055 -0.5877851 0 0 0 -0.7431443 0.0009957804 0.6691305 -0.743144 0.0009957801 0.6691307 0.743144 -0.0009957801 -0.6691307 0.7431443 -0.0009957804 -0.6691305 0 0 0 -0.6691299 0.0008965954 0.743145 -0.6691301 0.0008965958 0.7431447 0.6691299 -0.0008965954 -0.743145 0.6691301 -0.0008965958 -0.7431447 0 0 0 -0.5877846 0.0007875874 0.8090171 -0.5877849 0.0007875878 0.8090169 0.5877846 -0.0007875874 -0.8090171 0.5877849 -0.0007875878 -0.8090169 0 0 0 -0.4999994 0.0006699503 0.8660255 -0.4999997 0.0006699509 0.8660253 0.4999994 -0.0006699503 -0.8660255 0.4999997 -0.0006699509 -0.8660253 0 0 0 -0.4067361 0.0005449732 0.9135456 -0.4067365 0.0005449738 0.9135454 0.4067361 -0.0005449732 -0.9135456 0.4067365 -0.0005449738 -0.9135454 0 0 0 -0.3090165 0.0004140253 0.9510566 -0.309017 0.0004140259 0.9510564 0.3090165 -0.0004140253 -0.9510566 0.309017 -0.0004140259 -0.9510564 0 0 0 -0.2079113 0.0002785411 0.9781477 -0.2079118 0.0002785418 0.9781475 0.2079113 -0.0002785411 -0.9781477 0.2079118 -0.0002785418 -0.9781475 0 0 0 -0.1045281 0.0001400053 0.9945219 -0.1045286 0.000140006 0.9945219 0.1045281 -0.0001400053 -0.9945219 0.1045286 -0.000140006 -0.9945219 0 0 0 2.589452e-07 -6.449618e-08 1 -2.591181e-07 -6.380196e-08 1 -2.589452e-07 6.449618e-08 -1 2.591181e-07 6.380196e-08 -1 0 0 0 0.1045286 -0.0001401336 0.9945219 0.1045281 -0.0001401329 0.9945219 -0.1045286 0.0001401336 -0.9945219 -0.1045281 0.0001401329 -0.9945219 0 0 0 0.2079118 -0.0002786673 0.9781475 0.2079113 -0.0002786666 0.9781477 -0.2079118 0.0002786673 -0.9781475 -0.2079113 0.0002786666 -0.9781477 0 0 0 0.309017 -0.0004141479 0.9510564 0.3090165 -0.0004141473 0.9510566 -0.309017 0.0004141479 -0.9510564 -0.3090165 0.0004141473 -0.9510566 0 0 0 0.4067365 -0.000545091 0.9135454 0.4067361 -0.0005450904 0.9135456 -0.4067365 0.000545091 -0.9135454 -0.4067361 0.0005450904 -0.9135456 0 0 0 0.4999997 -0.000670062 0.8660253 0.4999994 -0.0006700615 0.8660255 -0.4999997 0.000670062 -0.8660253 -0.4999994 0.0006700615 -0.8660255 0 0 0 0.5877849 -0.0007876916 0.8090169 0.5877846 -0.0007876911 0.8090171 -0.5877849 0.0007876916 -0.8090169 -0.5877846 0.0007876911 -0.8090171 0 0 0 0.6691301 -0.0008966911 0.7431447 0.6691299 -0.0008966907 0.743145 -0.6691301 0.0008966911 -0.7431447 -0.6691299 0.0008966907 -0.743145 0 0 0 0.7431443 -0.0009958663 0.6691305 0.743144 -0.000995866 0.6691307 -0.7431443 0.0009958663 -0.6691305 -0.743144 0.000995866 -0.6691307 0 0 0 0.8090162 -0.00108413 0.5877854 0.8090164 -0.001084131 0.5877851 -0.8090164 0.001084131 -0.5877851 -0.8090162 0.00108413 -0.5877854 0 0 0 0.8660246 -0.001160517 0.5000001 0.8660247 -0.001160517 0.4999999 -0.8660247 0.001160517 -0.4999999 -0.8660246 0.001160517 -0.5000001 0 0 0 0.9135446 -0.001224188 0.4067367 0.9135447 -0.001224188 0.4067365 -0.9135447 0.001224188 -0.4067365 -0.9135446 0.001224188 -0.4067367 0 0 0 0.9335796 -0.001251032 0.3583679 0.9335796 -0.001251032 0.3583679 -0.9335796 0.001251032 -0.3583679 -0.9335796 0.001251032 -0.3583679 0 0 0 8.645935e-11 6.414907e-08 -1 8.645935e-11 6.414907e-08 -1 8.645935e-11 6.414907e-08 -1 8.645935e-11 6.414907e-08 -1 -8.645935e-11 -6.414907e-08 1 -8.645935e-11 -6.414907e-08 1 -8.645935e-11 -6.414907e-08 1 -8.645935e-11 -6.414907e-08 1</float_array>
                    <technique_common>
                        <accessor count="504" source="#ID82" stride="3">
                            <param name="X" type="float" />
                            <param name="Y" type="float" />
                            <param name="Z" type="float" />
                        </accessor>
                    </technique_common>
                </source>
                <vertices id="ID80">
                    <input semantic="POSITION" source="#ID78" />
                    <input semantic="NORMAL" source="#ID79" />
                </vertices>
                <triangles count="175" material="Material3">
                    <input offset="0" semantic="VERTEX" source="#ID80" />
                    <p>0 1 2 1 0 3 1 3 4 4 3 5 4 5 6 6 5 7 6 7 8 8 7 9 8 9 10 10 9 11 10 11 12 12 11 13 12 13 14 14 13 15 14 15 16 16 15 17 16 17 18 18 17 19 18 19 20 20 19 21 20 21 22 22 21 23 22 23 24 24 23 25 24 25 26 25 27 26 27 25 28 28 25 29 29 25 30 30 25 31 31 25 32 32 25 33 33 25 34 33 34 35 35 34 36 36 34 37 37 34 38 38 34 39 39 34 40 40 34 41 41 34 42 42 34 43 26 44 45 44 26 46 46 26 47 47 26 48 48 26 49 49 26 50 50 26 27 45 44 51 45 51 52 45 52 53 45 53 54 45 54 55 45 55 56 45 56 57 45 57 58 177 178 179 178 177 180 187 188 189 188 187 190 196 197 198 197 196 199 198 205 206 205 198 197 206 210 211 210 206 205 211 215 216 215 211 210 216 220 221 220 216 215 221 225 226 225 221 220 226 230 231 230 226 225 230 235 231 235 230 236 236 240 235 240 236 241 241 245 240 245 241 246 246 250 245 250 246 251 251 255 250 255 251 256 256 260 255 260 256 261 261 265 260 265 261 266 266 270 265 270 266 271 271 275 270 275 271 276 276 280 275 280 276 281 281 285 280 285 281 286 286 290 285 290 286 291 291 295 290 295 291 296 296 300 295 300 296 301 301 305 300 305 301 306 305 310 311 310 305 306 311 315 316 315 311 310 316 320 321 320 316 315 321 325 326 325 321 320 326 330 331 330 326 325 331 335 336 335 331 330 336 340 341 340 336 335 345 346 347 346 345 348 354 355 356 355 354 357 363 364 365 364 363 366 372 373 374 373 372 375 375 381 373 381 375 382 382 386 381 386 382 387 387 391 386 391 387 392 391 396 397 396 391 392 397 401 402 401 397 396 402 406 407 406 402 401 407 411 412 411 407 406 412 416 417 416 412 411 417 421 422 421 417 416 422 426 427 426 422 421 427 431 432 431 427 426 432 436 437 436 432 431 437 441 442 441 437 436 442 446 447 446 442 441 447 451 452 451 447 446 452 456 457 456 452 451 457 461 462 461 457 456 462 466 467 466 462 461 467 471 472 471 467 466 471 476 472 476 471 477 477 481 476 481 477 482 482 486 481 486 482 487 487 491 486 491 487 492 496 497 498 497 496 499</p>
                </triangles>
                <triangles count="175" material="Material2">
                    <input offset="0" semantic="VERTEX" source="#ID80" />
                    <p>59 60 61 60 62 61 62 63 61 63 64 61 64 65 61 65 66 61 66 67 61 67 68 61 69 70 71 71 70 72 72 70 73 73 70 74 74 70 75 75 70 68 61 68 70 76 77 78 78 77 79 79 77 80 80 77 81 81 77 82 82 77 83 83 77 84 84 77 85 85 77 86 77 87 86 86 87 88 88 87 89 89 87 90 90 87 91 91 87 92 92 87 69 70 69 87 70 87 93 87 94 93 93 94 95 94 96 95 95 96 97 96 98 97 97 98 99 98 100 99 99 100 101 100 102 101 101 102 103 102 104 103 103 104 105 104 106 105 105 106 107 106 108 107 107 108 109 108 110 109 109 110 111 110 112 111 111 112 113 112 114 113 113 114 115 114 116 115 117 115 116 181 182 183 184 183 182 191 192 193 194 193 192 200 201 202 203 202 201 202 203 207 208 207 203 207 208 212 213 212 208 212 213 217 218 217 213 217 218 222 223 222 218 222 223 227 228 227 223 227 228 232 233 232 228 237 232 238 233 238 232 242 237 243 238 243 237 247 242 248 243 248 242 252 247 253 248 253 247 257 252 258 253 258 252 262 257 263 258 263 257 267 262 268 263 268 262 272 267 273 268 273 267 277 272 278 273 278 272 282 277 283 278 283 277 287 282 288 283 288 282 292 287 293 288 293 287 297 292 298 293 298 292 302 297 303 298 303 297 307 302 308 303 308 302 307 308 312 313 312 308 312 313 317 318 317 313 317 318 322 323 322 318 322 323 327 328 327 323 327 328 332 333 332 328 332 333 337 338 337 333 337 338 342 343 342 338 349 350 351 352 351 350 358 359 360 361 360 359 367 368 369 370 369 368 376 377 378 379 378 377 383 376 384 378 384 376 388 383 389 384 389 383 393 388 394 389 394 388 393 394 398 399 398 394 398 399 403 404 403 399 403 404 408 409 408 404 408 409 413 414 413 409 413 414 418 419 418 414 418 419 423 424 423 419 423 424 428 429 428 424 428 429 433 434 433 429 433 434 438 439 438 434 438 439 443 444 443 439 443 444 448 449 448 444 448 449 453 454 453 449 453 454 458 459 458 454 458 459 463 464 463 459 463 464 468 469 468 464 468 469 473 474 473 469 478 473 479 474 479 473 483 478 484 479 484 478 488 483 489 484 489 483 493 488 494 489 494 488 500 501 502 503 502 501</p>
                </triangles>
                <lines count="148" material="Material4">
                    <input offset="0" semantic="VERTEX" source="#ID80" />
                    <p>118 119 120 119 120 121 121 122 122 123 123 124 124 125 125 126 126 127 127 128 128 129 129 130 130 131 131 132 132 133 133 134 134 135 135 136 136 137 137 138 138 139 139 140 140 141 141 142 142 143 143 144 144 145 145 146 146 147 147 148 148 149 150 149 151 150 152 151 153 152 154 153 155 154 156 155 157 156 158 157 159 158 160 159 161 160 162 161 163 162 164 163 165 164 166 165 167 166 168 167 169 168 170 169 171 170 172 171 173 172 174 173 175 174 176 175 176 118 118 185 185 186 119 186 195 186 120 195 149 344 353 344 150 353 362 353 151 362 371 362 152 371 380 371 385 380 390 385 395 390 400 395 405 400 410 405 415 410 420 415 425 420 430 425 435 430 440 435 445 440 450 445 455 450 460 455 465 460 470 465 475 470 480 475 485 480 490 485 495 490 176 495 495 185</p>
                </lines>
                <lines count="29" material="Material5">
                    <input offset="0" semantic="VERTEX" source="#ID80" />
                    <p>195 204 204 209 209 214 214 219 219 224 224 229 229 234 234 239 239 244 244 249 249 254 254 259 259 264 264 269 269 274 274 279 279 284 284 289 289 294 294 299 299 304 304 309 309 314 314 319 319 324 324 329 329 334 334 339 339 344</p>
                </lines>
            </mesh>
        </geometry>
        <geometry id="ID83">
            <mesh>
                <source id="ID84">
                    <float_array id="ID87" count="288">4.238729 1.835443 13.77265 4.205203 2.938109 13.77275 4.199153 1.835643 13.77264 4.243969 2.819799 13.77273 4.274583 2.898428 13.77273 4.441262 2.937538 13.77274 4.243895 2.764874 13.77273 4.274478 2.819688 13.77273 4.322548 2.898434 13.77273 4.410681 2.89817 13.77273 4.441191 2.898168 13.77273 4.441191 2.898168 13.77273 4.410681 2.89817 13.77273 4.441262 2.937538 13.77274 4.322548 2.898434 13.77273 4.274583 2.898428 13.77273 4.274478 2.819688 13.77273 4.243969 2.819799 13.77273 4.243895 2.764874 13.77273 4.238729 1.835443 13.77265 4.205203 2.938109 13.77275 4.199153 1.835643 13.77264 4.322548 2.898434 13.77273 4.410681 2.89817 13.77273 4.441191 2.898168 13.77273 4.441262 2.937538 13.77274 4.205203 2.938109 13.77275 4.199153 1.835643 13.77264 4.238729 1.835443 13.77265 4.243895 2.764874 13.77273 4.243969 2.819799 13.77273 4.274478 2.819688 13.77273 4.274583 2.898428 13.77273 4.441191 2.898146 13.5562 4.441085 2.819428 13.77273 4.441085 2.819406 13.5562 4.441191 2.898168 13.77273 4.441262 2.937516 13.55621 4.441262 2.937538 13.77274 4.441262 2.937538 13.77274 4.441262 2.937516 13.55621 4.441191 2.898168 13.77273 4.441191 2.898146 13.5562 4.441085 2.819428 13.77273 4.441085 2.819406 13.5562 4.441085 2.819428 13.77273 4.441085 2.819406 13.5562 4.441191 2.898146 13.5562 4.441262 2.937516 13.55621 4.205203 2.938149 13.55621 4.441262 2.937538 13.77274 4.441262 2.937516 13.55621 4.205203 2.938109 13.77275 4.205203 2.938109 13.77275 4.205203 2.938149 13.55621 4.441262 2.937538 13.77274 4.441262 2.937516 13.55621 4.205203 2.938149 13.55621 4.205203 2.938109 13.77275 4.199153 1.835683 13.5561 4.199153 1.835643 13.77264 4.205203 2.938149 13.55621 4.205203 2.938149 13.55621 4.205203 2.938109 13.77275 4.199153 1.835683 13.5561 4.199153 1.835643 13.77264 4.199153 1.835683 13.5561 4.205203 2.938149 13.55621 4.238803 1.835443 13.55611 4.199153 1.835683 13.5561 4.243969 2.819839 13.5562 4.274583 2.898448 13.5562 4.441262 2.937516 13.55621 4.274478 2.819708 13.5562 4.322548 2.898473 13.5562 4.410682 2.898187 13.5562 4.441191 2.898146 13.5562 4.243969 2.764874 13.5562 4.243969 2.819839 13.5562 4.238803 1.835443 13.55611 4.243969 2.764874 13.5562 4.441191 2.898146 13.5562 4.441262 2.937516 13.55621 4.410682 2.898187 13.5562 4.322548 2.898473 13.5562 4.274583 2.898448 13.5562 4.274478 2.819708 13.5562 4.205203 2.938149 13.55621 4.199153 1.835683 13.5561 4.410682 2.898187 13.5562 4.322548 2.898473 13.5562 4.274583 2.898448 13.5562 4.274478 2.819708 13.5562 4.243969 2.819839 13.5562 4.243969 2.764874 13.5562 4.238803 1.835443 13.55611</float_array>
                    <technique_common>
                        <accessor count="96" source="#ID87" stride="3">
                            <param name="X" type="float" />
                            <param name="Y" type="float" />
                            <param name="Z" type="float" />
                        </accessor>
                    </technique_common>
                </source>
                <source id="ID85">
                    <float_array id="ID88" count="288">2.679655e-05 -8.626993e-05 1 2.679655e-05 -8.626993e-05 1 2.679655e-05 -8.626993e-05 1 2.679655e-05 -8.626993e-05 1 2.679655e-05 -8.626993e-05 1 2.679655e-05 -8.626993e-05 1 2.679655e-05 -8.626993e-05 1 2.679655e-05 -8.626993e-05 1 2.679655e-05 -8.626993e-05 1 2.679655e-05 -8.626993e-05 1 2.679655e-05 -8.626993e-05 1 -2.679655e-05 8.626993e-05 -1 -2.679655e-05 8.626993e-05 -1 -2.679655e-05 8.626993e-05 -1 -2.679655e-05 8.626993e-05 -1 -2.679655e-05 8.626993e-05 -1 -2.679655e-05 8.626993e-05 -1 -2.679655e-05 8.626993e-05 -1 -2.679655e-05 8.626993e-05 -1 -2.679655e-05 8.626993e-05 -1 -2.679655e-05 8.626993e-05 -1 -2.679655e-05 8.626993e-05 -1 0 0 0 0 0 0 0 0 0 0 0 0 0 0 0 0 0 0 0 0 0 0 0 0 0 0 0 0 0 0 0 0 0 0.9999989 -0.001475876 1.532975e-08 0.9999989 -0.001475876 1.532975e-08 0.9999989 -0.001475876 1.532975e-08 0.9999989 -0.001475876 1.532975e-08 0.9999989 -0.001475876 1.532975e-08 0.9999989 -0.001475876 1.532975e-08 -0.9999989 0.001475876 -1.532975e-08 -0.9999989 0.001475876 -1.532975e-08 -0.9999989 0.001475876 -1.532975e-08 -0.9999989 0.001475876 -1.532975e-08 -0.9999989 0.001475876 -1.532975e-08 -0.9999989 0.001475876 -1.532975e-08 0 0 0 0 0 0 0 0 0 0 0 0 0.002549248 0.9999967 4.228432e-05 0.002549248 0.9999967 4.228432e-05 0.002549248 0.9999967 4.228432e-05 0.002549248 0.9999967 4.228432e-05 -0.002549248 -0.9999967 -4.228432e-05 -0.002549248 -0.9999967 -4.228432e-05 -0.002549248 -0.9999967 -4.228432e-05 -0.002549248 -0.9999967 -4.228432e-05 0 0 0 -0.9999869 0.005109973 4.708808e-07 -0.9999869 0.005109973 4.708808e-07 -0.9999869 0.005109973 4.708808e-07 -0.9999869 0.005109973 4.708808e-07 0.9999869 -0.005109973 -4.708808e-07 0.9999869 -0.005109973 -4.708808e-07 0.9999869 -0.005109973 -4.708808e-07 0.9999869 -0.005109973 -4.708808e-07 0 0 0 -2.681234e-05 8.623565e-05 -1 -2.681234e-05 8.623565e-05 -1 -2.681234e-05 8.623565e-05 -1 -2.681234e-05 8.623565e-05 -1 -2.681234e-05 8.623565e-05 -1 -2.681234e-05 8.623565e-05 -1 -2.681234e-05 8.623565e-05 -1 -2.681234e-05 8.623565e-05 -1 -2.681234e-05 8.623565e-05 -1 -2.681234e-05 8.623565e-05 -1 -2.681234e-05 8.623565e-05 -1 2.681234e-05 -8.623565e-05 1 2.681234e-05 -8.623565e-05 1 2.681234e-05 -8.623565e-05 1 2.681234e-05 -8.623565e-05 1 2.681234e-05 -8.623565e-05 1 2.681234e-05 -8.623565e-05 1 2.681234e-05 -8.623565e-05 1 2.681234e-05 -8.623565e-05 1 2.681234e-05 -8.623565e-05 1 2.681234e-05 -8.623565e-05 1 2.681234e-05 -8.623565e-05 1 0 0 0 0 0 0 0 0 0 0 0 0 0 0 0 0 0 0 0 0 0</float_array>
                    <technique_common>
                        <accessor count="96" source="#ID88" stride="3">
                            <param name="X" type="float" />
                            <param name="Y" type="float" />
                            <param name="Z" type="float" />
                        </accessor>
                    </technique_common>
                </source>
                <vertices id="ID86">
                    <input semantic="POSITION" source="#ID84" />
                    <input semantic="NORMAL" source="#ID85" />
                </vertices>
                <triangles count="26" material="Material2">
                    <input offset="0" semantic="VERTEX" source="#ID86" />
                    <p>0 1 2 1 0 3 1 3 4 1 4 5 3 0 6 4 3 7 5 4 8 5 8 9 5 9 10 33 34 35 34 33 36 36 33 37 36 37 38 49 50 51 50 49 52 58 59 60 59 58 61 67 68 69 68 67 70 70 67 71 71 67 72 70 71 73 71 72 74 74 72 75 75 72 76 77 68 70</p>
                </triangles>
                <triangles count="26" material="Material3">
                    <input offset="0" semantic="VERTEX" source="#ID86" />
                    <p>11 12 13 12 14 13 14 15 13 16 17 15 18 19 17 13 15 20 15 17 20 17 19 20 21 20 19 39 40 41 40 42 41 41 42 43 44 43 42 53 54 55 56 55 54 62 63 64 65 64 63 78 79 80 81 82 83 83 82 84 84 82 85 86 85 78 82 87 85 85 87 78 78 87 79 88 79 87</p>
                </triangles>
                <lines count="28" material="Material4">
                    <input offset="0" semantic="VERTEX" source="#ID86" />
                    <p>22 23 23 24 24 25 26 25 27 26 28 27 29 28 30 29 30 31 31 32 32 22 45 46 46 47 47 48 25 48 45 24 48 57 57 26 66 57 66 27 89 47 90 89 90 91 92 91 92 93 93 94 94 95 95 66</p>
                </lines>
            </mesh>
        </geometry>
        <geometry id="ID89">
            <mesh>
                <source id="ID90">
                    <float_array id="ID93" count="66">5.266369 2.149201 14.25502 5.266263 2.070461 14.4125 5.266263 2.070461 14.25502 5.266702 2.14893 14.4125 5.266702 2.14893 14.4125 5.266369 2.149201 14.25502 5.266263 2.070461 14.4125 5.266263 2.070461 14.25502 5.266263 2.070461 14.25502 5.266369 2.149201 14.25502 5.266702 2.14893 14.4125 5.266263 2.070461 14.4125 5.423743 2.070248 14.25502 5.266369 2.149201 14.25502 5.266263 2.070461 14.25502 5.42385 2.148988 14.25502 5.42385 2.148988 14.25502 5.423743 2.070248 14.25502 5.266369 2.149201 14.25502 5.266263 2.070461 14.25502 5.423743 2.070248 14.25502 5.42385 2.148988 14.25502</float_array>
                    <technique_common>
                        <accessor count="22" source="#ID93" stride="3">
                            <param name="X" type="float" />
                            <param name="Y" type="float" />
                            <param name="Z" type="float" />
                        </accessor>
                    </technique_common>
                </source>
                <source id="ID91">
                    <float_array id="ID94" count="66">0.9999935 -0.003461145 -0.001057914 0.9999935 -0.003461145 -0.001057914 0.9999935 -0.003461145 -0.001057914 0.9999935 -0.003461145 -0.001057914 -0.9999935 0.003461145 0.001057914 -0.9999935 0.003461145 0.001057914 -0.9999935 0.003461145 0.001057914 -0.9999935 0.003461145 0.001057914 0 0 0 0 0 0 0 0 0 0 0 0 1.950624e-12 -5.891826e-13 1 1.950624e-12 -5.891826e-13 1 1.950624e-12 -5.891826e-13 1 1.950624e-12 -5.891826e-13 1 -1.950624e-12 5.891826e-13 -1 -1.950624e-12 5.891826e-13 -1 -1.950624e-12 5.891826e-13 -1 -1.950624e-12 5.891826e-13 -1 0 0 0 0 0 0</float_array>
                    <technique_common>
                        <accessor count="22" source="#ID94" stride="3">
                            <param name="X" type="float" />
                            <param name="Y" type="float" />
                            <param name="Z" type="float" />
                        </accessor>
                    </technique_common>
                </source>
                <vertices id="ID92">
                    <input semantic="POSITION" source="#ID90" />
                    <input semantic="NORMAL" source="#ID91" />
                </vertices>
                <triangles count="4" material="Material3">
                    <input offset="0" semantic="VERTEX" source="#ID92" />
                    <p>0 1 2 1 0 3 12 13 14 13 12 15</p>
                </triangles>
                <triangles count="4" material="Material2">
                    <input offset="0" semantic="VERTEX" source="#ID92" />
                    <p>4 5 6 7 6 5 16 17 18 19 18 17</p>
                </triangles>
                <lines count="6" material="Material4">
                    <input offset="0" semantic="VERTEX" source="#ID92" />
                    <p>8 9 9 10 11 10 20 8 21 20 21 9</p>
                </lines>
                <lines count="1" material="Material5">
                    <input offset="0" semantic="VERTEX" source="#ID92" />
                    <p>8 11</p>
                </lines>
            </mesh>
        </geometry>
        <geometry id="ID95">
            <mesh>
                <source id="ID96">
                    <float_array id="ID99" count="288">5.42507 2.818172 13.77273 5.394667 2.896914 13.77273 5.394561 2.818174 13.77273 5.424434 1.827164 13.77273 5.42507 2.772045 13.77273 5.424091 1.833815 13.77273 5.463804 1.827137 13.77273 5.306533 2.897178 13.77273 5.22826 2.936654 13.77273 5.228059 2.897284 13.77273 5.464443 2.936256 13.77271 5.463804 1.827137 13.77273 5.42507 2.772045 13.77273 5.464443 2.936256 13.77271 5.42507 2.818172 13.77273 5.394667 2.896914 13.77273 5.306533 2.897178 13.77273 5.22826 2.936654 13.77273 5.228059 2.897284 13.77273 5.424434 1.827164 13.77273 5.424091 1.833815 13.77273 5.394561 2.818174 13.77273 5.42507 2.772045 13.77273 5.42507 2.818172 13.77273 5.424091 1.833815 13.77273 5.424434 1.827164 13.77273 5.463804 1.827137 13.77273 5.464443 2.936256 13.77271 5.22826 2.936654 13.77273 5.228059 2.897284 13.77273 5.306533 2.897178 13.77273 5.394667 2.896914 13.77273 5.394561 2.818174 13.77273 5.463742 1.827137 13.55619 5.464443 2.936256 13.77271 5.463804 1.827137 13.77273 5.464443 2.936195 13.55617 5.464443 2.936195 13.55617 5.463742 1.827137 13.55619 5.464443 2.936256 13.77271 5.463804 1.827137 13.77273 5.463742 1.827137 13.55619 5.464443 2.936195 13.55617 5.22826 2.936654 13.55619 5.464443 2.936256 13.77271 5.464443 2.936195 13.55617 5.22826 2.936654 13.77273 5.22826 2.936654 13.77273 5.22826 2.936654 13.55619 5.464443 2.936256 13.77271 5.464443 2.936195 13.55617 5.22826 2.936654 13.55619 5.228059 2.897284 13.77273 5.227954 2.818544 13.5562 5.227954 2.818544 13.77273 5.228059 2.897284 13.5562 5.22826 2.936654 13.77273 5.22826 2.936654 13.55619 5.22826 2.936654 13.55619 5.22826 2.936654 13.77273 5.228059 2.897284 13.5562 5.228059 2.897284 13.77273 5.227954 2.818544 13.5562 5.227954 2.818544 13.77273 5.227954 2.818544 13.77273 5.227954 2.818544 13.5562 5.228059 2.897284 13.5562 5.22826 2.936654 13.55619 5.306533 2.897178 13.5562 5.228059 2.897284 13.5562 5.464443 2.936195 13.55617 5.394666 2.896892 13.5562 5.42507 2.818111 13.5562 5.463742 1.827137 13.55619 5.425008 2.772045 13.5562 5.424372 1.827164 13.5562 5.42406 1.833815 13.5562 5.394561 2.818152 13.5562 5.394666 2.896892 13.5562 5.394561 2.818152 13.5562 5.42507 2.818111 13.5562 5.425008 2.772045 13.5562 5.463742 1.827137 13.55619 5.424372 1.827164 13.5562 5.42406 1.833815 13.5562 5.464443 2.936195 13.55617 5.306533 2.897178 13.5562 5.22826 2.936654 13.55619 5.228059 2.897284 13.5562 5.424372 1.827164 13.5562 5.42406 1.833815 13.5562 5.425008 2.772045 13.5562 5.42507 2.818111 13.5562 5.394561 2.818152 13.5562 5.394666 2.896892 13.5562 5.306533 2.897178 13.5562</float_array>
                    <technique_common>
                        <accessor count="96" source="#ID99" stride="3">
                            <param name="X" type="float" />
                            <param name="Y" type="float" />
                            <param name="Z" type="float" />
                        </accessor>
                    </technique_common>
                </source>
                <source id="ID97">
                    <float_array id="ID100" count="288">4.088349e-05 5.517606e-06 1 4.088349e-05 5.517606e-06 1 4.088349e-05 5.517606e-06 1 4.088349e-05 5.517606e-06 1 4.088349e-05 5.517606e-06 1 4.088349e-05 5.517606e-06 1 4.088349e-05 5.517606e-06 1 4.088349e-05 5.517606e-06 1 4.088349e-05 5.517606e-06 1 4.088349e-05 5.517606e-06 1 4.088349e-05 5.517606e-06 1 -4.088349e-05 -5.517606e-06 -1 -4.088349e-05 -5.517606e-06 -1 -4.088349e-05 -5.517606e-06 -1 -4.088349e-05 -5.517606e-06 -1 -4.088349e-05 -5.517606e-06 -1 -4.088349e-05 -5.517606e-06 -1 -4.088349e-05 -5.517606e-06 -1 -4.088349e-05 -5.517606e-06 -1 -4.088349e-05 -5.517606e-06 -1 -4.088349e-05 -5.517606e-06 -1 -4.088349e-05 -5.517606e-06 -1 0 0 0 0 0 0 0 0 0 0 0 0 0 0 0 0 0 0 0 0 0 0 0 0 0 0 0 0 0 0 0 0 0 0.9999998 -0.0006276356 -0.0001917078 0.9999998 -0.0006276356 -0.0001917078 0.9999998 -0.0006276356 -0.0001917078 0.9999998 -0.0006276356 -0.0001917078 -0.9999998 0.0006276356 0.0001917078 -0.9999998 0.0006276356 0.0001917078 -0.9999998 0.0006276356 0.0001917078 -0.9999998 0.0006276356 0.0001917078 0 0 0 0 0 0 0.001914706 0.9999981 -0.0001933745 0.001914706 0.9999981 -0.0001933745 0.001914706 0.9999981 -0.0001933745 0.001914706 0.9999981 -0.0001933745 -0.001914706 -0.9999981 0.0001933745 -0.001914706 -0.9999981 0.0001933745 -0.001914706 -0.9999981 0.0001933745 -0.001914706 -0.9999981 0.0001933745 0 0 0 -0.9999971 0.002413596 -4.512828e-09 -0.9999971 0.002413596 -4.512828e-09 -0.9999971 0.002413596 -4.512828e-09 -0.9999971 0.002413596 -4.512828e-09 -0.9999971 0.002413596 -4.512828e-09 -0.9999971 0.002413596 -4.512828e-09 0.9999971 -0.002413596 4.512828e-09 0.9999971 -0.002413596 4.512828e-09 0.9999971 -0.002413596 4.512828e-09 0.9999971 -0.002413596 4.512828e-09 0.9999971 -0.002413596 4.512828e-09 0.9999971 -0.002413596 4.512828e-09 0 0 0 0 0 0 0 0 0 -4.095771e-05 -5.510086e-06 -1 -4.095771e-05 -5.510086e-06 -1 -4.095771e-05 -5.510086e-06 -1 -4.095771e-05 -5.510086e-06 -1 -4.095771e-05 -5.510086e-06 -1 -4.095771e-05 -5.510086e-06 -1 -4.095771e-05 -5.510086e-06 -1 -4.095771e-05 -5.510086e-06 -1 -4.095771e-05 -5.510086e-06 -1 -4.095771e-05 -5.510086e-06 -1 -4.095771e-05 -5.510086e-06 -1 4.095771e-05 5.510086e-06 1 4.095771e-05 5.510086e-06 1 4.095771e-05 5.510086e-06 1 4.095771e-05 5.510086e-06 1 4.095771e-05 5.510086e-06 1 4.095771e-05 5.510086e-06 1 4.095771e-05 5.510086e-06 1 4.095771e-05 5.510086e-06 1 4.095771e-05 5.510086e-06 1 4.095771e-05 5.510086e-06 1 4.095771e-05 5.510086e-06 1 0 0 0 0 0 0 0 0 0 0 0 0 0 0 0 0 0 0 0 0 0</float_array>
                    <technique_common>
                        <accessor count="96" source="#ID100" stride="3">
                            <param name="X" type="float" />
                            <param name="Y" type="float" />
                            <param name="Z" type="float" />
                        </accessor>
                    </technique_common>
                </source>
                <vertices id="ID98">
                    <input semantic="POSITION" source="#ID96" />
                    <input semantic="NORMAL" source="#ID97" />
                </vertices>
                <triangles count="26" material="Material2">
                    <input offset="0" semantic="VERTEX" source="#ID98" />
                    <p>0 1 2 3 4 5 4 3 6 7 8 9 8 7 10 10 7 1 10 1 0 10 0 4 10 4 6 33 34 35 34 33 36 43 44 45 44 43 46 52 53 54 53 52 55 55 52 56 55 56 57 67 68 69 68 67 70 68 70 71 71 70 72 72 70 73 74 75 76 75 74 73 73 74 72 72 77 71</p>
                </triangles>
                <triangles count="26" material="Material3">
                    <input offset="0" semantic="VERTEX" source="#ID98" />
                    <p>11 12 13 12 14 13 14 15 13 15 16 13 13 16 17 18 17 16 11 19 12 20 12 19 21 15 14 37 38 39 40 39 38 47 48 49 50 49 48 58 59 60 59 61 60 60 61 62 63 62 61 78 79 80 80 81 82 82 81 83 84 83 81 82 85 80 80 85 78 78 85 86 85 87 86 88 86 87</p>
                </triangles>
                <lines count="28" material="Material4">
                    <input offset="0" semantic="VERTEX" source="#ID98" />
                    <p>22 23 22 24 24 25 25 26 26 27 28 27 29 28 29 30 30 31 32 31 32 23 41 26 41 42 27 42 51 42 28 51 64 65 64 29 66 51 65 66 89 41 90 89 91 90 92 91 93 92 93 94 95 94 95 66</p>
                </lines>
            </mesh>
        </geometry>
        <geometry id="ID101">
            <mesh>
                <source id="ID102">
                    <float_array id="ID105" count="168">5.267538 2.739539 14.41252 5.266477 2.739751 14.25504 5.267538 2.739539 14.25504 5.266477 2.739751 14.41252 5.266477 2.739751 14.41252 5.267538 2.739539 14.41252 5.266477 2.739751 14.25504 5.267538 2.739539 14.25504 5.267538 2.739539 14.41252 5.267538 2.739539 14.25504 5.266477 2.739751 14.41252 5.266477 2.739751 14.25504 5.267538 2.739539 14.41252 5.266477 2.739751 14.41252 5.266813 2.464161 14.41252 5.266813 2.464161 14.41252 5.266477 2.739751 14.41252 5.267538 2.739539 14.41252 5.266813 2.464161 14.41252 5.267538 2.739539 14.41252 5.266529 2.818491 14.4125 5.266477 2.739751 14.41252 5.26759 2.818279 14.4125 5.26759 2.818279 14.4125 5.267538 2.739539 14.41252 5.266529 2.818491 14.4125 5.266477 2.739751 14.41252 5.26759 2.818279 14.4125 5.266529 2.818491 14.4125 5.267538 2.739539 14.25504 5.266477 2.739751 14.25504 5.266481 2.464432 14.25504 5.266481 2.464432 14.25504 5.266477 2.739751 14.25504 5.267538 2.739539 14.25504 5.266481 2.464432 14.25504 5.266529 2.818491 14.25502 5.267538 2.739539 14.25504 5.266477 2.739751 14.25504 5.26759 2.818279 14.25502 5.26759 2.818279 14.25502 5.266529 2.818491 14.25502 5.267538 2.739539 14.25504 5.266477 2.739751 14.25504 5.26759 2.818279 14.25502 5.266529 2.818491 14.25502 5.266813 2.464161 14.41252 5.266529 2.818491 14.4125 5.266477 2.739751 14.41252 5.26759 2.818279 14.4125 5.267538 2.739539 14.41252 5.267538 2.739539 14.41252 5.266813 2.464161 14.41252 5.26759 2.818279 14.4125 5.266529 2.818491 14.4125 5.266477 2.739751 14.41252</float_array>
                    <technique_common>
                        <accessor count="56" source="#ID105" stride="3">
                            <param name="X" type="float" />
                            <param name="Y" type="float" />
                            <param name="Z" type="float" />
                        </accessor>
                    </technique_common>
                </source>
                <source id="ID103">
                    <float_array id="ID106" count="168">-0.1961161 -0.9805807 1.511966e-12 -0.1961161 -0.9805807 1.511966e-12 -0.1961161 -0.9805807 1.511966e-12 -0.1961161 -0.9805807 1.511966e-12 0.1961161 0.9805807 -1.511966e-12 0.1961161 0.9805807 -1.511966e-12 0.1961161 0.9805807 -1.511966e-12 0.1961161 0.9805807 -1.511966e-12 0 0 0 0 0 0 0 0 0 0 0 0 -8.697172e-07 -4.349733e-06 1 -8.697172e-07 -4.349733e-06 1 -8.697172e-07 -4.349733e-06 1 8.697172e-07 4.349733e-06 -1 8.697172e-07 4.349733e-06 -1 8.697172e-07 4.349733e-06 -1 0 0 0 6.707795e-05 0.0003353886 0.9999999 6.707795e-05 0.0003353886 0.9999999 6.707795e-05 0.0003353886 0.9999999 6.707795e-05 0.0003353886 0.9999999 -6.707795e-05 -0.0003353886 -0.9999999 -6.707795e-05 -0.0003353886 -0.9999999 -6.707795e-05 -0.0003353886 -0.9999999 -6.707795e-05 -0.0003353886 -0.9999999 0 0 0 0 0 0 -2.46845e-06 -1.23434e-05 1 -2.46845e-06 -1.23434e-05 1 -2.46845e-06 -1.23434e-05 1 2.46845e-06 1.23434e-05 -1 2.46845e-06 1.23434e-05 -1 2.46845e-06 1.23434e-05 -1 0 0 0 -6.707795e-05 -0.0003353886 -0.9999999 -6.707795e-05 -0.0003353886 -0.9999999 -6.707795e-05 -0.0003353886 -0.9999999 -6.707795e-05 -0.0003353886 -0.9999999 6.707795e-05 0.0003353886 0.9999999 6.707795e-05 0.0003353886 0.9999999 6.707795e-05 0.0003353886 0.9999999 6.707795e-05 0.0003353886 0.9999999 0 0 0 0 0 0 -5.061113e-05 5.972875e-05 1 -5.061113e-05 5.972875e-05 1 -5.061113e-05 5.972875e-05 1 -5.061113e-05 5.972875e-05 1 -5.061113e-05 5.972875e-05 1 5.061113e-05 -5.972875e-05 -1 5.061113e-05 -5.972875e-05 -1 5.061113e-05 -5.972875e-05 -1 5.061113e-05 -5.972875e-05 -1 5.061113e-05 -5.972875e-05 -1</float_array>
                    <technique_common>
                        <accessor count="56" source="#ID106" stride="3">
                            <param name="X" type="float" />
                            <param name="Y" type="float" />
                            <param name="Z" type="float" />
                        </accessor>
                    </technique_common>
                </source>
                <vertices id="ID104">
                    <input semantic="POSITION" source="#ID102" />
                    <input semantic="NORMAL" source="#ID103" />
                </vertices>
                <triangles count="11" material="Material3">
                    <input offset="0" semantic="VERTEX" source="#ID104" />
                    <p>0 1 2 1 0 3 12 13 14 19 20 21 20 19 22 29 30 31 36 37 38 37 36 39 46 47 48 47 46 49 49 46 50</p>
                </triangles>
                <triangles count="11" material="Material2">
                    <input offset="0" semantic="VERTEX" source="#ID104" />
                    <p>4 5 6 7 6 5 15 16 17 23 24 25 26 25 24 32 33 34 40 41 42 43 42 41 51 52 53 53 52 54 55 54 52</p>
                </triangles>
                <lines count="14" material="Material4">
                    <input offset="0" semantic="VERTEX" source="#ID104" />
                    <p>8 9 8 10 11 10 9 11 10 18 18 8 27 28 28 10 27 8 9 35 35 11 44 45 44 9 45 11</p>
                </lines>
            </mesh>
        </geometry>
        <geometry id="ID107">
            <mesh>
                <source id="ID108">
                    <float_array id="ID111" count="66">5.266412 2.385692 14.25503 5.266813 2.464161 14.41252 5.266745 2.385421 14.41251 5.266481 2.464432 14.25504 5.266481 2.464432 14.25504 5.266412 2.385692 14.25503 5.266813 2.464161 14.41252 5.266745 2.385421 14.41251 5.266412 2.385692 14.25503 5.266481 2.464432 14.25504 5.266813 2.464161 14.41252 5.266745 2.385421 14.41251 5.423892 2.38548 14.25503 5.266481 2.464432 14.25504 5.266412 2.385692 14.25503 5.423961 2.46422 14.25504 5.423961 2.46422 14.25504 5.423892 2.38548 14.25503 5.266481 2.464432 14.25504 5.266412 2.385692 14.25503 5.423961 2.46422 14.25504 5.423892 2.38548 14.25503</float_array>
                    <technique_common>
                        <accessor count="22" source="#ID111" stride="3">
                            <param name="X" type="float" />
                            <param name="Y" type="float" />
                            <param name="Z" type="float" />
                        </accessor>
                    </technique_common>
                </source>
                <source id="ID109">
                    <float_array id="ID112" count="66">0.9999974 -0.0008703383 -0.002111346 0.9999974 -0.0008703383 -0.002111346 0.9999974 -0.0008703383 -0.002111346 0.9999974 -0.0008703383 -0.002111346 -0.9999974 0.0008703383 0.002111346 -0.9999974 0.0008703383 0.002111346 -0.9999974 0.0008703383 0.002111346 -0.9999974 0.0008703383 0.002111346 0 0 0 0 0 0 0 0 0 0 0 0 -2.130835e-07 -0.0001581001 1 -2.130835e-07 -0.0001581001 1 -2.130835e-07 -0.0001581001 1 -2.130835e-07 -0.0001581001 1 2.130835e-07 0.0001581001 -1 2.130835e-07 0.0001581001 -1 2.130835e-07 0.0001581001 -1 2.130835e-07 0.0001581001 -1 0 0 0 0 0 0</float_array>
                    <technique_common>
                        <accessor count="22" source="#ID112" stride="3">
                            <param name="X" type="float" />
                            <param name="Y" type="float" />
                            <param name="Z" type="float" />
                        </accessor>
                    </technique_common>
                </source>
                <vertices id="ID110">
                    <input semantic="POSITION" source="#ID108" />
                    <input semantic="NORMAL" source="#ID109" />
                </vertices>
                <triangles count="4" material="Material3">
                    <input offset="0" semantic="VERTEX" source="#ID110" />
                    <p>0 1 2 1 0 3 12 13 14 13 12 15</p>
                </triangles>
                <triangles count="4" material="Material2">
                    <input offset="0" semantic="VERTEX" source="#ID110" />
                    <p>4 5 6 7 6 5 16 17 18 19 18 17</p>
                </triangles>
                <lines count="7" material="Material4">
                    <input offset="0" semantic="VERTEX" source="#ID110" />
                    <p>8 9 9 10 11 10 8 11 20 21 20 9 21 8</p>
                </lines>
            </mesh>
        </geometry>
        <geometry id="ID113">
            <mesh>
                <source id="ID114">
                    <float_array id="ID117" count="66">4.400228 2.150156 14.4125 4.400122 2.071416 14.25502 4.400122 2.071416 14.4125 4.400228 2.150156 14.25502 4.400228 2.150156 14.25502 4.400228 2.150156 14.4125 4.400122 2.071416 14.25502 4.400122 2.071416 14.4125 4.400228 2.150156 14.4125 4.400122 2.071416 14.4125 4.400228 2.150156 14.25502 4.400122 2.071416 14.25502 4.400122 2.071416 14.25502 4.242748 2.150368 14.25502 4.242642 2.071628 14.25502 4.400228 2.150156 14.25502 4.400228 2.150156 14.25502 4.400122 2.071416 14.25502 4.242748 2.150368 14.25502 4.242642 2.071628 14.25502 4.242642 2.071628 14.25502 4.242748 2.150368 14.25502</float_array>
                    <technique_common>
                        <accessor count="22" source="#ID117" stride="3">
                            <param name="X" type="float" />
                            <param name="Y" type="float" />
                            <param name="Z" type="float" />
                        </accessor>
                    </technique_common>
                </source>
                <source id="ID115">
                    <float_array id="ID118" count="66">-0.9999991 0.00134775 -6.628475e-08 -0.9999991 0.00134775 -6.628475e-08 -0.9999991 0.00134775 -6.628475e-08 -0.9999991 0.00134775 -6.628475e-08 0.9999991 -0.00134775 6.628475e-08 0.9999991 -0.00134775 6.628475e-08 0.9999991 -0.00134775 6.628475e-08 0.9999991 -0.00134775 6.628475e-08 0 0 0 0 0 0 0 0 0 0 0 0 -2.472048e-08 -3.649715e-08 1 -2.472048e-08 -3.649715e-08 1 -2.472048e-08 -3.649715e-08 1 -2.472048e-08 -3.649715e-08 1 2.472048e-08 3.649715e-08 -1 2.472048e-08 3.649715e-08 -1 2.472048e-08 3.649715e-08 -1 2.472048e-08 3.649715e-08 -1 0 0 0 0 0 0</float_array>
                    <technique_common>
                        <accessor count="22" source="#ID118" stride="3">
                            <param name="X" type="float" />
                            <param name="Y" type="float" />
                            <param name="Z" type="float" />
                        </accessor>
                    </technique_common>
                </source>
                <vertices id="ID116">
                    <input semantic="POSITION" source="#ID114" />
                    <input semantic="NORMAL" source="#ID115" />
                </vertices>
                <triangles count="4" material="Material3">
                    <input offset="0" semantic="VERTEX" source="#ID116" />
                    <p>0 1 2 1 0 3 12 13 14 13 12 15</p>
                </triangles>
                <triangles count="4" material="Material2">
                    <input offset="0" semantic="VERTEX" source="#ID116" />
                    <p>4 5 6 7 6 5 16 17 18 19 18 17</p>
                </triangles>
                <lines count="7" material="Material4">
                    <input offset="0" semantic="VERTEX" source="#ID116" />
                    <p>8 9 10 8 10 11 11 9 20 11 21 10 21 20</p>
                </lines>
            </mesh>
        </geometry>
        <geometry id="ID119">
            <mesh>
                <source id="ID120">
                    <float_array id="ID123" count="66">4.400228 2.386376 14.25502 4.242854 2.465329 14.25502 4.242748 2.386588 14.25502 4.400335 2.465116 14.25502 4.400335 2.465116 14.25502 4.400228 2.386376 14.25502 4.242854 2.465329 14.25502 4.242748 2.386588 14.25502 4.242748 2.386588 14.25502 4.400228 2.386376 14.25502 4.400335 2.465116 14.25502 4.242854 2.465329 14.25502 4.400335 2.465116 14.4125 4.400228 2.386376 14.25502 4.400228 2.386376 14.4125 4.400335 2.465116 14.25502 4.400335 2.465116 14.25502 4.400335 2.465116 14.4125 4.400228 2.386376 14.25502 4.400228 2.386376 14.4125 4.400335 2.465116 14.4125 4.400228 2.386376 14.4125</float_array>
                    <technique_common>
                        <accessor count="22" source="#ID123" stride="3">
                            <param name="X" type="float" />
                            <param name="Y" type="float" />
                            <param name="Z" type="float" />
                        </accessor>
                    </technique_common>
                </source>
                <source id="ID121">
                    <float_array id="ID124" count="66">-2.472048e-08 -3.649715e-08 1 -2.472048e-08 -3.649715e-08 1 -2.472048e-08 -3.649715e-08 1 -2.472048e-08 -3.649715e-08 1 2.472048e-08 3.649715e-08 -1 2.472048e-08 3.649715e-08 -1 2.472048e-08 3.649715e-08 -1 2.472048e-08 3.649715e-08 -1 0 0 0 0 0 0 0 0 0 0 0 0 -0.9999991 0.00134775 -6.628475e-08 -0.9999991 0.00134775 -6.628475e-08 -0.9999991 0.00134775 -6.628475e-08 -0.9999991 0.00134775 -6.628475e-08 0.9999991 -0.00134775 6.628475e-08 0.9999991 -0.00134775 6.628475e-08 0.9999991 -0.00134775 6.628475e-08 0.9999991 -0.00134775 6.628475e-08 0 0 0 0 0 0</float_array>
                    <technique_common>
                        <accessor count="22" source="#ID124" stride="3">
                            <param name="X" type="float" />
                            <param name="Y" type="float" />
                            <param name="Z" type="float" />
                        </accessor>
                    </technique_common>
                </source>
                <vertices id="ID122">
                    <input semantic="POSITION" source="#ID120" />
                    <input semantic="NORMAL" source="#ID121" />
                </vertices>
                <triangles count="4" material="Material3">
                    <input offset="0" semantic="VERTEX" source="#ID122" />
                    <p>0 1 2 1 0 3 12 13 14 13 12 15</p>
                </triangles>
                <triangles count="4" material="Material2">
                    <input offset="0" semantic="VERTEX" source="#ID122" />
                    <p>4 5 6 7 6 5 16 17 18 19 18 17</p>
                </triangles>
                <lines count="7" material="Material4">
                    <input offset="0" semantic="VERTEX" source="#ID122" />
                    <p>8 9 10 9 11 10 11 8 20 21 10 20 9 21</p>
                </lines>
            </mesh>
        </geometry>
        <geometry id="ID125">
            <mesh>
                <source id="ID128">
                    <float_array id="ID131" count="576">5.386841 1.910274 14.25502 5.396226 1.922504 14.64872 5.386841 1.910274 14.64872 5.396226 1.922504 14.25502 5.396226 1.922504 14.25502 5.386841 1.910274 14.25502 5.396226 1.922504 14.64872 5.386841 1.910274 14.64872 5.396226 1.922504 14.25502 5.386841 1.910274 14.25502 5.396226 1.922504 14.64872 5.386841 1.910274 14.64872 5.402126 1.936747 14.64872 5.402126 1.936747 14.25502 5.402126 1.936747 14.25502 5.402126 1.936747 14.64872 5.402126 1.936747 14.25502 5.402126 1.936747 14.64872 5.28804 1.936747 14.64872 5.28804 1.967316 14.64872 5.286028 1.952032 14.64872 5.29394 1.981559 14.64872 5.29394 1.922504 14.64872 5.303325 1.910274 14.64872 5.303325 1.99379 14.64872 5.315555 2.003175 14.64872 5.315555 1.900889 14.64872 5.329798 2.009075 14.64872 5.329798 1.894989 14.64872 5.345083 1.892977 14.64872 5.345083 2.011087 14.64872 5.360367 1.894989 14.64872 5.360367 2.009075 14.64872 5.37461 1.900889 14.64872 5.37461 2.003175 14.64872 5.386841 1.99379 14.64872 5.386841 1.910274 14.64872 5.396226 1.922504 14.64872 5.396226 1.981559 14.64872 5.402126 1.967316 14.64872 5.402126 1.936747 14.64872 5.404138 1.952032 14.64872 5.404138 1.952032 14.64872 5.402126 1.936747 14.64872 5.402126 1.967316 14.64872 5.396226 1.922504 14.64872 5.396226 1.981559 14.64872 5.386841 1.99379 14.64872 5.386841 1.910274 14.64872 5.37461 1.900889 14.64872 5.37461 2.003175 14.64872 5.360367 2.009075 14.64872 5.360367 1.894989 14.64872 5.345083 2.011087 14.64872 5.345083 1.892977 14.64872 5.329798 2.009075 14.64872 5.329798 1.894989 14.64872 5.315555 1.900889 14.64872 5.315555 2.003175 14.64872 5.303325 1.910274 14.64872 5.303325 1.99379 14.64872 5.29394 1.981559 14.64872 5.29394 1.922504 14.64872 5.28804 1.936747 14.64872 5.28804 1.967316 14.64872 5.286028 1.952032 14.64872 5.404138 1.952032 14.64872 5.402126 1.967316 14.64872 5.396226 1.981559 14.64872 5.386841 1.99379 14.64872 5.37461 2.003175 14.64872 5.360367 2.009075 14.64872 5.345083 2.011087 14.64872 5.329798 2.009075 14.64872 5.315555 2.003175 14.64872 5.303325 1.99379 14.64872 5.29394 1.981559 14.64872 5.28804 1.967316 14.64872 5.286028 1.952032 14.64872 5.28804 1.936747 14.64872 5.29394 1.922504 14.64872 5.303325 1.910274 14.64872 5.315555 1.900889 14.64872 5.329798 1.894989 14.64872 5.345083 1.892977 14.64872 5.360367 1.894989 14.64872 5.37461 1.900889 14.64872 5.37461 1.900889 14.25502 5.37461 1.900889 14.64872 5.37461 1.900889 14.64872 5.37461 1.900889 14.25502 5.37461 1.900889 14.25502 5.404138 1.952032 14.64872 5.404138 1.952032 14.25502 5.404138 1.952032 14.25502 5.404138 1.952032 14.64872 5.404138 1.952032 14.25502 5.402126 1.967316 14.64872 5.402126 1.967316 14.25502 5.402126 1.967316 14.25502 5.402126 1.967316 14.64872 5.402126 1.967316 14.25502 5.396226 1.981559 14.64872 5.396226 1.981559 14.25502 5.396226 1.981559 14.25502 5.396226 1.981559 14.64872 5.396226 1.981559 14.25502 5.386841 1.99379 14.64872 5.386841 1.99379 14.25502 5.386841 1.99379 14.25502 5.386841 1.99379 14.64872 5.386841 1.99379 14.25502 5.37461 2.003175 14.25502 5.37461 2.003175 14.64872 5.37461 2.003175 14.64872 5.37461 2.003175 14.25502 5.37461 2.003175 14.25502 5.360367 2.009075 14.25502 5.360367 2.009075 14.64872 5.360367 2.009075 14.64872 5.360367 2.009075 14.25502 5.360367 2.009075 14.25502 5.345083 2.011087 14.25502 5.345083 2.011087 14.64872 5.345083 2.011087 14.64872 5.345083 2.011087 14.25502 5.345083 2.011087 14.25502 5.329798 2.009075 14.25502 5.329798 2.009075 14.64872 5.329798 2.009075 14.64872 5.329798 2.009075 14.25502 5.329798 2.009075 14.25502 5.315555 2.003175 14.25502 5.315555 2.003175 14.64872 5.315555 2.003175 14.64872 5.315555 2.003175 14.25502 5.315555 2.003175 14.25502 5.303325 1.99379 14.25502 5.303325 1.99379 14.64872 5.303325 1.99379 14.64872 5.303325 1.99379 14.25502 5.303325 1.99379 14.25502 5.29394 1.981559 14.25502 5.29394 1.981559 14.64872 5.29394 1.981559 14.25502 5.29394 1.981559 14.64872 5.29394 1.981559 14.25502 5.28804 1.967316 14.25502 5.28804 1.967316 14.64872 5.28804 1.967316 14.25502 5.28804 1.967316 14.64872 5.28804 1.967316 14.25502 5.286028 1.952032 14.25502 5.286028 1.952032 14.64872 5.286028 1.952032 14.25502 5.286028 1.952032 14.64872 5.286028 1.952032 14.25502 5.28804 1.936747 14.25502 5.28804 1.936747 14.64872 5.28804 1.936747 14.25502 5.28804 1.936747 14.64872 5.28804 1.936747 14.25502 5.29394 1.922504 14.25502 5.29394 1.922504 14.64872 5.29394 1.922504 14.25502 5.29394 1.922504 14.64872 5.29394 1.922504 14.25502 5.303325 1.910274 14.25502 5.303325 1.910274 14.64872 5.303325 1.910274 14.25502 5.303325 1.910274 14.64872 5.303325 1.910274 14.25502 5.315555 1.900889 14.64872 5.315555 1.900889 14.25502 5.315555 1.900889 14.64872 5.315555 1.900889 14.25502 5.315555 1.900889 14.25502 5.329798 1.894989 14.64872 5.329798 1.894989 14.25502 5.329798 1.894989 14.64872 5.329798 1.894989 14.25502 5.329798 1.894989 14.25502 5.345083 1.892977 14.64872 5.345083 1.892977 14.25502 5.345083 1.892977 14.64872 5.345083 1.892977 14.25502 5.345083 1.892977 14.25502 5.360367 1.894989 14.64872 5.360367 1.894989 14.25502 5.360367 1.894989 14.64872 5.360367 1.894989 14.25502 5.360367 1.894989 14.25502</float_array>
                    <technique_common>
                        <accessor count="192" source="#ID131" stride="3">
                            <param name="X" type="float" />
                            <param name="Y" type="float" />
                            <param name="Z" type="float" />
                        </accessor>
                    </technique_common>
                </source>
                <source id="ID129">
                    <float_array id="ID132" count="576">0.7071068 -0.7071068 -9.858283e-13 0.8660254 -0.5 -1.117291e-12 0.7071068 -0.7071068 -9.858283e-13 0.8660254 -0.5 -1.117291e-12 -0.8660254 0.5 1.117291e-12 -0.7071068 0.7071068 9.858283e-13 -0.8660254 0.5 1.117291e-12 -0.7071068 0.7071068 9.858283e-13 0 0 0 0 0 0 0 0 0 0 0 0 0.9659258 -0.258819 -1.172612e-12 0.9659258 -0.258819 -1.172612e-12 -0.9659258 0.258819 1.172612e-12 -0.9659258 0.258819 1.172612e-12 0 0 0 0 0 0 1.148021e-12 -2.461504e-13 1 1.148021e-12 -2.461504e-13 1 1.148021e-12 -2.461504e-13 1 1.148021e-12 -2.461504e-13 1 1.148021e-12 -2.461504e-13 1 1.148021e-12 -2.461504e-13 1 1.148021e-12 -2.461504e-13 1 1.148021e-12 -2.461504e-13 1 1.148021e-12 -2.461504e-13 1 1.148021e-12 -2.461504e-13 1 1.148021e-12 -2.461504e-13 1 1.148021e-12 -2.461504e-13 1 1.148021e-12 -2.461504e-13 1 1.148021e-12 -2.461504e-13 1 1.148021e-12 -2.461504e-13 1 1.148021e-12 -2.461504e-13 1 1.148021e-12 -2.461504e-13 1 1.148021e-12 -2.461504e-13 1 1.148021e-12 -2.461504e-13 1 1.148021e-12 -2.461504e-13 1 1.148021e-12 -2.461504e-13 1 1.148021e-12 -2.461504e-13 1 1.148021e-12 -2.461504e-13 1 1.148021e-12 -2.461504e-13 1 -1.148021e-12 2.461504e-13 -1 -1.148021e-12 2.461504e-13 -1 -1.148021e-12 2.461504e-13 -1 -1.148021e-12 2.461504e-13 -1 -1.148021e-12 2.461504e-13 -1 -1.148021e-12 2.461504e-13 -1 -1.148021e-12 2.461504e-13 -1 -1.148021e-12 2.461504e-13 -1 -1.148021e-12 2.461504e-13 -1 -1.148021e-12 2.461504e-13 -1 -1.148021e-12 2.461504e-13 -1 -1.148021e-12 2.461504e-13 -1 -1.148021e-12 2.461504e-13 -1 -1.148021e-12 2.461504e-13 -1 -1.148021e-12 2.461504e-13 -1 -1.148021e-12 2.461504e-13 -1 -1.148021e-12 2.461504e-13 -1 -1.148021e-12 2.461504e-13 -1 -1.148021e-12 2.461504e-13 -1 -1.148021e-12 2.461504e-13 -1 -1.148021e-12 2.461504e-13 -1 -1.148021e-12 2.461504e-13 -1 -1.148021e-12 2.461504e-13 -1 -1.148021e-12 2.461504e-13 -1 0 0 0 0 0 0 0 0 0 0 0 0 0 0 0 0 0 0 0 0 0 0 0 0 0 0 0 0 0 0 0 0 0 0 0 0 0 0 0 0 0 0 0 0 0 0 0 0 0 0 0 0 0 0 0 0 0 0 0 0 0 0 0 0.5 -0.8660254 -7.871831e-13 0.5 -0.8660254 -7.871831e-13 -0.5 0.8660254 7.871831e-13 -0.5 0.8660254 7.871831e-13 0 0 0 1 9.422608e-14 -1.148021e-12 1 8.858534e-14 -1.148021e-12 -1 -8.858534e-14 1.148021e-12 -1 -9.422608e-14 1.148021e-12 0 0 0 0.9659258 0.258819 -1.045195e-12 0.9659258 0.258819 -1.045195e-12 -0.9659258 -0.258819 1.045195e-12 -0.9659258 -0.258819 1.045195e-12 0 0 0 0.8660254 0.5 -8.711404e-13 0.8660254 0.5 -8.711404e-13 -0.8660254 -0.5 8.711404e-13 -0.8660254 -0.5 8.711404e-13 0 0 0 0.7071068 0.7071068 -6.377191e-13 0.7071068 0.7071068 -6.377191e-13 -0.7071068 -0.7071068 6.377191e-13 -0.7071068 -0.7071068 6.377191e-13 0 0 0 0.5 0.8660254 -3.608382e-13 0.5 0.8660254 -3.608382e-13 -0.5 -0.8660254 3.608382e-13 -0.5 -0.8660254 3.608382e-13 0 0 0 0.258819 0.9659258 -5.936678e-14 0.258819 0.9659258 -5.936678e-14 -0.258819 -0.9659258 5.936678e-14 -0.258819 -0.9659258 5.936678e-14 0 0 0 -9.08755e-14 1 2.461504e-13 -9.206068e-14 1 2.461504e-13 9.206068e-14 -1 -2.461504e-13 9.08755e-14 -1 -2.461504e-13 0 0 0 -0.258819 0.9659258 5.348928e-13 -0.258819 0.9659258 5.348928e-13 0.258819 -0.9659258 -5.348928e-13 0.258819 -0.9659258 -5.348928e-13 0 0 0 -0.5 0.8660254 7.871831e-13 -0.5 0.8660254 7.871831e-13 0.5 -0.8660254 -7.871831e-13 0.5 -0.8660254 -7.871831e-13 0 0 0 -0.7071068 0.7071068 9.858283e-13 -0.7071068 0.7071068 9.858283e-13 0.7071068 -0.7071068 -9.858283e-13 0.7071068 -0.7071068 -9.858283e-13 0 0 0 -0.8660254 0.5 1.117291e-12 -0.8660254 0.5 1.117291e-12 0.8660254 -0.5 -1.117291e-12 0.8660254 -0.5 -1.117291e-12 0 0 0 -0.9659258 0.258819 1.172612e-12 -0.9659258 0.258819 1.172612e-12 0.9659258 -0.258819 -1.172612e-12 0.9659258 -0.258819 -1.172612e-12 0 0 0 -1 -9.121412e-14 1.148021e-12 -1 -9.157948e-14 1.148021e-12 1 9.121412e-14 -1.148021e-12 1 9.157948e-14 -1.148021e-12 0 0 0 -0.9659258 -0.258819 1.045195e-12 -0.9659258 -0.258819 1.045195e-12 0.9659258 0.258819 -1.045195e-12 0.9659258 0.258819 -1.045195e-12 0 0 0 -0.8660254 -0.5 8.711404e-13 -0.8660254 -0.5 8.711404e-13 0.8660254 0.5 -8.711404e-13 0.8660254 0.5 -8.711404e-13 0 0 0 -0.7071068 -0.7071068 6.377191e-13 -0.7071068 -0.7071068 6.377191e-13 0.7071068 0.7071068 -6.377191e-13 0.7071068 0.7071068 -6.377191e-13 0 0 0 -0.5 -0.8660254 3.608382e-13 -0.5 -0.8660254 3.608382e-13 0.5 0.8660254 -3.608382e-13 0.5 0.8660254 -3.608382e-13 0 0 0 -0.258819 -0.9659258 5.936678e-14 -0.258819 -0.9659258 5.936678e-14 0.258819 0.9659258 -5.936678e-14 0.258819 0.9659258 -5.936678e-14 0 0 0 8.862099e-14 -1 -2.461504e-13 9.430628e-14 -1 -2.461504e-13 -8.862099e-14 1 2.461504e-13 -9.430628e-14 1 2.461504e-13 0 0 0 0.258819 -0.9659258 -5.348928e-13 0.258819 -0.9659258 -5.348928e-13 -0.258819 0.9659258 5.348928e-13 -0.258819 0.9659258 5.348928e-13 0 0 0</float_array>
                    <technique_common>
                        <accessor count="192" source="#ID132" stride="3">
                            <param name="X" type="float" />
                            <param name="Y" type="float" />
                            <param name="Z" type="float" />
                        </accessor>
                    </technique_common>
                </source>
                <vertices id="ID130">
                    <input semantic="POSITION" source="#ID128" />
                    <input semantic="NORMAL" source="#ID129" />
                </vertices>
                <triangles count="70" material="Material3">
                    <input offset="0" semantic="VERTEX" source="#ID130" />
                    <p>0 1 2 1 0 3 3 12 1 12 3 13 18 19 20 19 18 21 21 18 22 21 22 23 21 23 24 24 23 25 25 23 26 25 26 27 27 26 28 27 28 29 27 29 30 30 29 31 30 31 32 32 31 33 32 33 34 34 33 35 35 33 36 35 36 37 35 37 38 38 37 39 39 37 40 39 40 41 2 87 0 87 2 88 13 92 12 92 13 93 93 97 92 97 93 98 98 102 97 102 98 103 103 107 102 107 103 108 112 107 108 107 112 113 117 113 112 113 117 118 122 118 117 118 122 123 127 123 122 123 127 128 132 128 127 128 132 133 137 133 132 133 137 138 138 142 143 142 138 137 143 147 148 147 143 142 148 152 153 152 148 147 153 157 158 157 153 152 158 162 163 162 158 157 163 167 168 167 163 162 172 167 173 167 172 168 177 173 178 173 177 172 182 178 183 178 182 177 187 183 188 183 187 182 88 188 87 188 88 187</p>
                </triangles>
                <triangles count="70" material="Material2">
                    <input offset="0" semantic="VERTEX" source="#ID130" />
                    <p>4 5 6 7 6 5 14 4 15 6 15 4 42 43 44 43 45 44 44 45 46 46 45 47 45 48 47 48 49 47 47 49 50 50 49 51 49 52 51 51 52 53 52 54 53 53 54 55 54 56 55 56 57 55 55 57 58 57 59 58 58 59 60 60 59 61 59 62 61 62 63 61 61 63 64 65 64 63 89 7 90 5 90 7 94 14 95 15 95 14 99 94 100 95 100 94 104 99 105 100 105 99 109 104 110 105 110 104 114 115 110 109 110 115 119 120 114 115 114 120 124 125 119 120 119 125 129 130 124 125 124 130 134 135 129 130 129 135 139 140 134 135 134 140 140 139 144 145 144 139 144 145 149 150 149 145 149 150 154 155 154 150 154 155 159 160 159 155 159 160 164 165 164 160 164 165 169 170 169 165 170 174 169 175 169 174 174 179 175 180 175 179 179 184 180 185 180 184 184 189 185 190 185 189 189 89 190 90 190 89</p>
                </triangles>
                <lines count="72" material="Material4">
                    <input offset="0" semantic="VERTEX" source="#ID130" />
                    <p>8 9 10 11 16 8 17 10 66 17 67 66 68 67 69 68 70 69 71 70 72 71 73 72 74 73 75 74 76 75 77 76 78 77 79 78 80 79 81 80 82 81 83 82 84 83 85 84 86 85 11 86 9 91 96 16 101 96 106 101 111 106 116 111 121 116 126 121 131 126 136 131 141 136 146 141 151 146 156 151 161 156 166 161 171 166 176 171 181 176 186 181 191 186 91 191</p>
                </lines>
            </mesh>
        </geometry>
        <geometry id="ID133">
            <mesh>
                <source id="ID134">
                    <float_array id="ID137" count="216">5.423911 2.525822 14.07716 5.423861 2.525822 14.11792 5.423883 2.523139 14.09754 5.423942 2.533688 14.05817 5.423845 2.533689 14.13691 5.423974 2.546202 14.04186 5.423837 2.546202 14.15322 5.424005 2.562509 14.02935 5.423837 2.562509 14.16573 5.424033 2.5815 14.02149 5.423846 2.5815 14.1736 5.424056 2.601879 14.0188 5.423862 2.601879 14.17628 5.424072 2.622259 14.02149 5.423885 2.622259 14.1736 5.424081 2.641249 14.02935 5.423913 2.641249 14.16573 5.424081 2.657557 14.04186 5.423944 2.657557 14.15322 5.424073 2.67007 14.05817 5.423976 2.67007 14.13691 5.424057 2.677936 14.07716 5.424007 2.677936 14.11792 5.424035 2.680619 14.09754 5.424035 2.680619 14.09754 5.424057 2.677936 14.07716 5.424007 2.677936 14.11792 5.423976 2.67007 14.13691 5.424073 2.67007 14.05817 5.423944 2.657557 14.15322 5.424081 2.657557 14.04186 5.423913 2.641249 14.16573 5.424081 2.641249 14.02935 5.423885 2.622259 14.1736 5.424072 2.622259 14.02149 5.423862 2.601879 14.17628 5.424056 2.601879 14.0188 5.423846 2.5815 14.1736 5.424033 2.5815 14.02149 5.423837 2.562509 14.16573 5.424005 2.562509 14.02935 5.423837 2.546202 14.15322 5.423974 2.546202 14.04186 5.423845 2.533689 14.13691 5.423942 2.533688 14.05817 5.423861 2.525822 14.11792 5.423911 2.525822 14.07716 5.423883 2.523139 14.09754 5.423846 2.5815 14.1736 5.423862 2.601879 14.17628 5.423837 2.562509 14.16573 5.423837 2.546202 14.15322 5.423845 2.533689 14.13691 5.423861 2.525822 14.11792 5.423883 2.523139 14.09754 5.423911 2.525822 14.07716 5.423942 2.533688 14.05817 5.423974 2.546202 14.04186 5.424005 2.562509 14.02935 5.424033 2.5815 14.02149 5.424056 2.601879 14.0188 5.424072 2.622259 14.02149 5.424081 2.641249 14.02935 5.424081 2.657557 14.04186 5.424073 2.67007 14.05817 5.424057 2.677936 14.07716 5.424035 2.680619 14.09754 5.424007 2.677936 14.11792 5.423976 2.67007 14.13691 5.423944 2.657557 14.15322 5.423913 2.641249 14.16573 5.423885 2.622259 14.1736</float_array>
                    <technique_common>
                        <accessor count="72" source="#ID137" stride="3">
                            <param name="X" type="float" />
                            <param name="Y" type="float" />
                            <param name="Z" type="float" />
                        </accessor>
                    </technique_common>
                </source>
                <source id="ID135">
                    <float_array id="ID138" count="216">0.9999988 -0.0009641359 0.001231638 0.9999988 -0.0009641359 0.001231638 0.9999988 -0.0009641359 0.001231638 0.9999988 -0.0009641359 0.001231638 0.9999988 -0.0009641359 0.001231638 0.9999988 -0.0009641359 0.001231638 0.9999988 -0.0009641359 0.001231638 0.9999988 -0.0009641359 0.001231638 0.9999988 -0.0009641359 0.001231638 0.9999988 -0.0009641359 0.001231638 0.9999988 -0.0009641359 0.001231638 0.9999988 -0.0009641359 0.001231638 0.9999988 -0.0009641359 0.001231638 0.9999988 -0.0009641359 0.001231638 0.9999988 -0.0009641359 0.001231638 0.9999988 -0.0009641359 0.001231638 0.9999988 -0.0009641359 0.001231638 0.9999988 -0.0009641359 0.001231638 0.9999988 -0.0009641359 0.001231638 0.9999988 -0.0009641359 0.001231638 0.9999988 -0.0009641359 0.001231638 0.9999988 -0.0009641359 0.001231638 0.9999988 -0.0009641359 0.001231638 0.9999988 -0.0009641359 0.001231638 -0.9999988 0.0009641359 -0.001231638 -0.9999988 0.0009641359 -0.001231638 -0.9999988 0.0009641359 -0.001231638 -0.9999988 0.0009641359 -0.001231638 -0.9999988 0.0009641359 -0.001231638 -0.9999988 0.0009641359 -0.001231638 -0.9999988 0.0009641359 -0.001231638 -0.9999988 0.0009641359 -0.001231638 -0.9999988 0.0009641359 -0.001231638 -0.9999988 0.0009641359 -0.001231638 -0.9999988 0.0009641359 -0.001231638 -0.9999988 0.0009641359 -0.001231638 -0.9999988 0.0009641359 -0.001231638 -0.9999988 0.0009641359 -0.001231638 -0.9999988 0.0009641359 -0.001231638 -0.9999988 0.0009641359 -0.001231638 -0.9999988 0.0009641359 -0.001231638 -0.9999988 0.0009641359 -0.001231638 -0.9999988 0.0009641359 -0.001231638 -0.9999988 0.0009641359 -0.001231638 -0.9999988 0.0009641359 -0.001231638 -0.9999988 0.0009641359 -0.001231638 -0.9999988 0.0009641359 -0.001231638 -0.9999988 0.0009641359 -0.001231638 0 0 0 0 0 0 0 0 0 0 0 0 0 0 0 0 0 0 0 0 0 0 0 0 0 0 0 0 0 0 0 0 0 0 0 0 0 0 0 0 0 0 0 0 0 0 0 0 0 0 0 0 0 0 0 0 0 0 0 0 0 0 0 0 0 0 0 0 0 0 0 0</float_array>
                    <technique_common>
                        <accessor count="72" source="#ID138" stride="3">
                            <param name="X" type="float" />
                            <param name="Y" type="float" />
                            <param name="Z" type="float" />
                        </accessor>
                    </technique_common>
                </source>
                <vertices id="ID136">
                    <input semantic="POSITION" source="#ID134" />
                    <input semantic="NORMAL" source="#ID135" />
                </vertices>
                <triangles count="22" material="Material2">
                    <input offset="0" semantic="VERTEX" source="#ID136" />
                    <p>0 1 2 1 0 3 1 3 4 4 3 5 4 5 6 6 5 7 6 7 8 8 7 9 8 9 10 10 9 11 10 11 12 12 11 13 12 13 14 14 13 15 14 15 16 16 15 17 16 17 18 18 17 19 18 19 20 20 19 21 20 21 22 22 21 23</p>
                </triangles>
                <triangles count="22" material="Material3">
                    <input offset="0" semantic="VERTEX" source="#ID136" />
                    <p>24 25 26 26 25 27 25 28 27 27 28 29 28 30 29 29 30 31 30 32 31 31 32 33 32 34 33 33 34 35 34 36 35 35 36 37 36 38 37 37 38 39 38 40 39 39 40 41 40 42 41 41 42 43 42 44 43 43 44 45 44 46 45 47 45 46</p>
                </triangles>
                <lines count="24" material="Material4">
                    <input offset="0" semantic="VERTEX" source="#ID136" />
                    <p>48 49 50 48 51 50 52 51 53 52 54 53 55 54 56 55 57 56 58 57 59 58 60 59 61 60 62 61 63 62 64 63 65 64 66 65 67 66 68 67 69 68 70 69 71 70 49 71</p>
                </lines>
            </mesh>
        </geometry>
        <geometry id="ID139">
            <mesh>
                <source id="ID140">
                    <float_array id="ID143" count="576">5.288067 2.252115 14.64872 5.288109 2.282684 14.64872 5.286076 2.267402 14.64872 5.293948 2.237864 14.64872 5.294027 2.296919 14.64872 5.303316 2.225621 14.64872 5.303429 2.309137 14.64873 5.315534 2.216219 14.64872 5.315672 2.318506 14.64873 5.329769 2.2103 14.64872 5.329923 2.324386 14.64873 5.345051 2.208268 14.64872 5.34521 2.326378 14.64873 5.360339 2.210259 14.64872 5.360492 2.324345 14.64873 5.374589 2.21614 14.64872 5.374727 2.318426 14.64873 5.386833 2.225508 14.64872 5.386945 2.309025 14.64873 5.396234 2.237726 14.64872 5.396314 2.296781 14.64872 5.402153 2.251961 14.64872 5.402194 2.28253 14.64872 5.404186 2.267243 14.64872 5.404186 2.267243 14.64872 5.402153 2.251961 14.64872 5.402194 2.28253 14.64872 5.396314 2.296781 14.64872 5.396234 2.237726 14.64872 5.386945 2.309025 14.64873 5.386833 2.225508 14.64872 5.374727 2.318426 14.64873 5.374589 2.21614 14.64872 5.360492 2.324345 14.64873 5.360339 2.210259 14.64872 5.34521 2.326378 14.64873 5.345051 2.208268 14.64872 5.329923 2.324386 14.64873 5.329769 2.2103 14.64872 5.315672 2.318506 14.64873 5.315534 2.216219 14.64872 5.303429 2.309137 14.64873 5.303316 2.225621 14.64872 5.294027 2.296919 14.64872 5.293948 2.237864 14.64872 5.288109 2.282684 14.64872 5.288067 2.252115 14.64872 5.286076 2.267402 14.64872 5.404186 2.267243 14.64872 5.402153 2.251961 14.64872 5.402194 2.28253 14.64872 5.396314 2.296781 14.64872 5.386945 2.309025 14.64873 5.374727 2.318426 14.64873 5.360492 2.324345 14.64873 5.34521 2.326378 14.64873 5.329923 2.324386 14.64873 5.315672 2.318506 14.64873 5.303429 2.309137 14.64873 5.294027 2.296919 14.64872 5.288109 2.282684 14.64872 5.286076 2.267402 14.64872 5.288067 2.252115 14.64872 5.293948 2.237864 14.64872 5.303316 2.225621 14.64872 5.315534 2.216219 14.64872 5.329769 2.2103 14.64872 5.345051 2.208268 14.64872 5.360339 2.210259 14.64872 5.374589 2.21614 14.64872 5.386833 2.225508 14.64872 5.396234 2.237726 14.64872 5.402153 2.251979 14.25502 5.404186 2.267243 14.64872 5.402153 2.251961 14.64872 5.404186 2.267261 14.25502 5.404186 2.267261 14.25502 5.402153 2.251979 14.25502 5.404186 2.267243 14.64872 5.402153 2.251961 14.64872 5.404186 2.267261 14.25502 5.402153 2.251979 14.25502 5.402194 2.28253 14.64872 5.402194 2.282548 14.25502 5.402194 2.282548 14.25502 5.402194 2.28253 14.64872 5.402194 2.282548 14.25502 5.396314 2.296781 14.64872 5.396314 2.296799 14.25502 5.396314 2.296799 14.25502 5.396314 2.296781 14.64872 5.396314 2.296799 14.25502 5.386945 2.309025 14.64873 5.386945 2.309042 14.25502 5.386945 2.309042 14.25502 5.386945 2.309025 14.64873 5.386945 2.309042 14.25502 5.374727 2.318444 14.25503 5.374727 2.318426 14.64873 5.374727 2.318426 14.64873 5.374727 2.318444 14.25503 5.374727 2.318444 14.25503 5.360492 2.324362 14.25503 5.360492 2.324345 14.64873 5.360492 2.324345 14.64873 5.360492 2.324362 14.25503 5.360492 2.324362 14.25503 5.345211 2.326395 14.25503 5.34521 2.326378 14.64873 5.34521 2.326378 14.64873 5.345211 2.326395 14.25503 5.345211 2.326395 14.25503 5.329923 2.324386 14.64873 5.329923 2.324404 14.25503 5.329923 2.324386 14.64873 5.329923 2.324404 14.25503 5.329923 2.324404 14.25503 5.315672 2.318506 14.64873 5.315672 2.318523 14.25503 5.315672 2.318506 14.64873 5.315672 2.318523 14.25503 5.315672 2.318523 14.25503 5.303429 2.309137 14.64873 5.303429 2.309155 14.25502 5.303429 2.309137 14.64873 5.303429 2.309155 14.25502 5.303429 2.309155 14.25502 5.294028 2.296937 14.25502 5.294027 2.296919 14.64872 5.294028 2.296937 14.25502 5.294027 2.296919 14.64872 5.294028 2.296937 14.25502 5.288109 2.282702 14.25502 5.288109 2.282684 14.64872 5.288109 2.282702 14.25502 5.288109 2.282684 14.64872 5.288109 2.282702 14.25502 5.286076 2.26742 14.25502 5.286076 2.267402 14.64872 5.286076 2.26742 14.25502 5.286076 2.267402 14.64872 5.286076 2.26742 14.25502 5.288067 2.252133 14.25502 5.288067 2.252115 14.64872 5.288067 2.252133 14.25502 5.288067 2.252115 14.64872 5.288067 2.252133 14.25502 5.293948 2.237882 14.25502 5.293948 2.237864 14.64872 5.293948 2.237882 14.25502 5.293948 2.237864 14.64872 5.293948 2.237882 14.25502 5.303316 2.225638 14.25502 5.303316 2.225621 14.64872 5.303316 2.225638 14.25502 5.303316 2.225621 14.64872 5.303316 2.225638 14.25502 5.315534 2.216219 14.64872 5.315534 2.216237 14.25502 5.315534 2.216219 14.64872 5.315534 2.216237 14.25502 5.315534 2.216237 14.25502 5.329769 2.2103 14.64872 5.329769 2.210318 14.25502 5.329769 2.2103 14.64872 5.329769 2.210318 14.25502 5.329769 2.210318 14.25502 5.345051 2.208268 14.64872 5.345051 2.208285 14.25502 5.345051 2.208268 14.64872 5.345051 2.208285 14.25502 5.345051 2.208285 14.25502 5.360339 2.210277 14.25502 5.360339 2.210259 14.64872 5.360339 2.210259 14.64872 5.360339 2.210277 14.25502 5.360339 2.210277 14.25502 5.37459 2.216157 14.25502 5.374589 2.21614 14.64872 5.374589 2.21614 14.64872 5.37459 2.216157 14.25502 5.37459 2.216157 14.25502 5.386833 2.225526 14.25502 5.386833 2.225508 14.64872 5.386833 2.225508 14.64872 5.386833 2.225526 14.25502 5.386833 2.225526 14.25502 5.396234 2.237726 14.64872 5.396234 2.237744 14.25502 5.396234 2.237744 14.25502 5.396234 2.237726 14.64872 5.396234 2.237744 14.25502</float_array>
                    <technique_common>
                        <accessor count="192" source="#ID143" stride="3">
                            <param name="X" type="float" />
                            <param name="Y" type="float" />
                            <param name="Z" type="float" />
                        </accessor>
                    </technique_common>
                </source>
                <source id="ID141">
                    <float_array id="ID144" count="576">-6.020797e-08 -4.467313e-05 1 -6.020797e-08 -4.467313e-05 1 -6.020797e-08 -4.467313e-05 1 -6.020797e-08 -4.467313e-05 1 -6.020797e-08 -4.467313e-05 1 -6.020797e-08 -4.467313e-05 1 -6.020797e-08 -4.467313e-05 1 -6.020797e-08 -4.467313e-05 1 -6.020797e-08 -4.467313e-05 1 -6.020797e-08 -4.467313e-05 1 -6.020797e-08 -4.467313e-05 1 -6.020797e-08 -4.467313e-05 1 -6.020797e-08 -4.467313e-05 1 -6.020797e-08 -4.467313e-05 1 -6.020797e-08 -4.467313e-05 1 -6.020797e-08 -4.467313e-05 1 -6.020797e-08 -4.467313e-05 1 -6.020797e-08 -4.467313e-05 1 -6.020797e-08 -4.467313e-05 1 -6.020797e-08 -4.467313e-05 1 -6.020797e-08 -4.467313e-05 1 -6.020797e-08 -4.467313e-05 1 -6.020797e-08 -4.467313e-05 1 -6.020797e-08 -4.467313e-05 1 6.020797e-08 4.467313e-05 -1 6.020797e-08 4.467313e-05 -1 6.020797e-08 4.467313e-05 -1 6.020797e-08 4.467313e-05 -1 6.020797e-08 4.467313e-05 -1 6.020797e-08 4.467313e-05 -1 6.020797e-08 4.467313e-05 -1 6.020797e-08 4.467313e-05 -1 6.020797e-08 4.467313e-05 -1 6.020797e-08 4.467313e-05 -1 6.020797e-08 4.467313e-05 -1 6.020797e-08 4.467313e-05 -1 6.020797e-08 4.467313e-05 -1 6.020797e-08 4.467313e-05 -1 6.020797e-08 4.467313e-05 -1 6.020797e-08 4.467313e-05 -1 6.020797e-08 4.467313e-05 -1 6.020797e-08 4.467313e-05 -1 6.020797e-08 4.467313e-05 -1 6.020797e-08 4.467313e-05 -1 6.020797e-08 4.467313e-05 -1 6.020797e-08 4.467313e-05 -1 6.020797e-08 4.467313e-05 -1 6.020797e-08 4.467313e-05 -1 0 0 0 0 0 0 0 0 0 0 0 0 0 0 0 0 0 0 0 0 0 0 0 0 0 0 0 0 0 0 0 0 0 0 0 0 0 0 0 0 0 0 0 0 0 0 0 0 0 0 0 0 0 0 0 0 0 0 0 0 0 0 0 0 0 0 0 0 0 0 0 0 0.9655761 -0.2601207 -1.156227e-05 0.9999991 -0.001347787 -1.95061e-12 0.9655761 -0.2601207 -1.156227e-05 0.9999991 -0.001347787 -1.95061e-12 -0.9999991 0.001347787 1.95061e-12 -0.9655761 0.2601207 1.156227e-05 -0.9999991 0.001347787 1.95061e-12 -0.9655761 0.2601207 1.156227e-05 0 0 0 0 0 0 0.9662738 0.2575169 1.156227e-05 0.9662738 0.2575169 1.156227e-05 -0.9662738 -0.2575169 -1.156227e-05 -0.9662738 -0.2575169 -1.156227e-05 0 0 0 0.8666985 0.4988323 2.233659e-05 0.8666985 0.4988323 2.233659e-05 -0.8666985 -0.4988323 -2.233659e-05 -0.8666985 -0.4988323 -2.233659e-05 0 0 0 0.7080592 0.7061531 3.15887e-05 0.7080592 0.7061531 3.15887e-05 -0.7080592 -0.7061531 -3.15887e-05 -0.7080592 -0.7061531 -3.15887e-05 0 0 0 0.5011668 0.8653507 3.86881e-05 0.5011668 0.8653507 3.86881e-05 -0.5011668 -0.8653507 -3.86881e-05 -0.5011668 -0.8653507 -3.86881e-05 0 0 0 0.2601207 0.9655761 4.315097e-05 0.2601207 0.9655761 4.315097e-05 -0.2601207 -0.9655761 -4.315097e-05 -0.2601207 -0.9655761 -4.315097e-05 0 0 0 0.001347787 0.9999991 4.467318e-05 0.001347787 0.9999991 4.467318e-05 -0.001347787 -0.9999991 -4.467318e-05 -0.001347787 -0.9999991 -4.467318e-05 0 0 0 -0.2575169 0.9662738 4.315097e-05 -0.2575169 0.9662738 4.315097e-05 0.2575169 -0.9662738 -4.315097e-05 0.2575169 -0.9662738 -4.315097e-05 0 0 0 -0.4988323 0.8666985 3.868811e-05 -0.4988323 0.8666985 3.868811e-05 0.4988323 -0.8666985 -3.868811e-05 0.4988323 -0.8666985 -3.868811e-05 0 0 0 -0.7061531 0.7080592 3.158871e-05 -0.7061531 0.7080592 3.158871e-05 0.7061531 -0.7080592 -3.158871e-05 0.7061531 -0.7080592 -3.158871e-05 0 0 0 -0.8653507 0.5011668 2.233659e-05 -0.8653507 0.5011668 2.233659e-05 0.8653507 -0.5011668 -2.233659e-05 0.8653507 -0.5011668 -2.233659e-05 0 0 0 -0.9655761 0.2601207 1.156227e-05 -0.9655761 0.2601207 1.156227e-05 0.9655761 -0.2601207 -1.156227e-05 0.9655761 -0.2601207 -1.156227e-05 0 0 0 -0.9999991 0.001347787 1.95061e-12 -0.9999991 0.001347787 1.95061e-12 0.9999991 -0.001347787 -1.95061e-12 0.9999991 -0.001347787 -1.95061e-12 0 0 0 -0.9662738 -0.2575169 -1.156227e-05 -0.9662738 -0.2575169 -1.156227e-05 0.9662738 0.2575169 1.156227e-05 0.9662738 0.2575169 1.156227e-05 0 0 0 -0.8666985 -0.4988323 -2.233659e-05 -0.8666985 -0.4988323 -2.233659e-05 0.8666985 0.4988323 2.233659e-05 0.8666985 0.4988323 2.233659e-05 0 0 0 -0.7080592 -0.7061531 -3.15887e-05 -0.7080592 -0.7061531 -3.15887e-05 0.7080592 0.7061531 3.15887e-05 0.7080592 0.7061531 3.15887e-05 0 0 0 -0.5011668 -0.8653507 -3.86881e-05 -0.5011668 -0.8653507 -3.86881e-05 0.5011668 0.8653507 3.86881e-05 0.5011668 0.8653507 3.86881e-05 0 0 0 -0.2601207 -0.9655761 -4.315097e-05 -0.2601207 -0.9655761 -4.315097e-05 0.2601207 0.9655761 4.315097e-05 0.2601207 0.9655761 4.315097e-05 0 0 0 -0.001347787 -0.9999991 -4.467318e-05 -0.001347787 -0.9999991 -4.467318e-05 0.001347787 0.9999991 4.467318e-05 0.001347787 0.9999991 4.467318e-05 0 0 0 0.2575169 -0.9662738 -4.315097e-05 0.2575169 -0.9662738 -4.315097e-05 -0.2575169 0.9662738 4.315097e-05 -0.2575169 0.9662738 4.315097e-05 0 0 0 0.4988323 -0.8666985 -3.868811e-05 0.4988323 -0.8666985 -3.868811e-05 -0.4988323 0.8666985 3.868811e-05 -0.4988323 0.8666985 3.868811e-05 0 0 0 0.7061531 -0.7080592 -3.158871e-05 0.7061531 -0.7080592 -3.158871e-05 -0.7061531 0.7080592 3.158871e-05 -0.7061531 0.7080592 3.158871e-05 0 0 0 0.8653507 -0.5011668 -2.233659e-05 0.8653507 -0.5011668 -2.233659e-05 -0.8653507 0.5011668 2.233659e-05 -0.8653507 0.5011668 2.233659e-05 0 0 0</float_array>
                    <technique_common>
                        <accessor count="192" source="#ID144" stride="3">
                            <param name="X" type="float" />
                            <param name="Y" type="float" />
                            <param name="Z" type="float" />
                        </accessor>
                    </technique_common>
                </source>
                <vertices id="ID142">
                    <input semantic="POSITION" source="#ID140" />
                    <input semantic="NORMAL" source="#ID141" />
                </vertices>
                <triangles count="70" material="Material3">
                    <input offset="0" semantic="VERTEX" source="#ID142" />
                    <p>0 1 2 1 0 3 1 3 4 4 3 5 4 5 6 6 5 7 6 7 8 8 7 9 8 9 10 10 9 11 10 11 12 12 11 13 12 13 14 14 13 15 14 15 16 16 15 17 16 17 18 18 17 19 18 19 20 20 19 21 20 21 22 22 21 23 72 73 74 73 72 75 75 82 73 82 75 83 83 87 82 87 83 88 88 92 87 92 88 93 97 92 93 92 97 98 102 98 97 98 102 103 107 103 102 103 107 108 112 107 113 107 112 108 117 113 118 113 117 112 122 118 123 118 122 117 122 127 128 127 122 123 128 132 133 132 128 127 133 137 138 137 133 132 138 142 143 142 138 137 143 147 148 147 143 142 148 152 153 152 148 147 157 152 158 152 157 153 162 158 163 158 162 157 167 163 168 163 167 162 172 167 168 167 172 173 177 173 172 173 177 178 182 178 177 178 182 183 182 187 183 187 182 188 188 74 187 74 188 72</p>
                </triangles>
                <triangles count="70" material="Material2">
                    <input offset="0" semantic="VERTEX" source="#ID142" />
                    <p>24 25 26 26 25 27 25 28 27 27 28 29 28 30 29 29 30 31 30 32 31 31 32 33 32 34 33 33 34 35 34 36 35 35 36 37 36 38 37 37 38 39 38 40 39 39 40 41 40 42 41 41 42 43 42 44 43 43 44 45 44 46 45 47 45 46 76 77 78 79 78 77 84 76 85 78 85 76 89 84 90 85 90 84 94 89 95 90 95 89 99 100 95 94 95 100 104 105 99 100 99 105 109 110 104 105 104 110 109 114 110 115 110 114 114 119 115 120 115 119 119 124 120 125 120 124 125 124 129 130 129 124 129 130 134 135 134 130 134 135 139 140 139 135 139 140 144 145 144 140 144 145 149 150 149 145 149 150 154 155 154 150 155 159 154 160 154 159 159 164 160 165 160 164 164 169 165 170 165 169 174 175 169 170 169 175 179 180 174 175 174 180 184 185 179 180 179 185 189 185 190 184 190 185 77 189 79 190 79 189</p>
                </triangles>
                <lines count="72" material="Material4">
                    <input offset="0" semantic="VERTEX" source="#ID142" />
                    <p>48 49 50 48 51 50 52 51 53 52 54 53 55 54 56 55 57 56 58 57 59 58 60 59 61 60 62 61 63 62 64 63 65 64 66 65 67 66 68 67 69 68 70 69 71 70 49 71 80 81 86 80 91 86 96 91 101 96 106 101 111 106 116 111 121 116 126 121 131 126 136 131 141 136 146 141 151 146 156 151 161 156 166 161 171 166 176 171 181 176 186 181 191 186 81 191</p>
                </lines>
            </mesh>
        </geometry>
        <geometry id="ID145">
            <mesh>
                <source id="ID146">
                    <float_array id="ID149" count="216">4.24263 2.192421 14.11792 4.242641 2.192421 14.07716 4.242632 2.189738 14.09754 4.242658 2.200287 14.05817 4.242637 2.200287 14.13691 4.242681 2.212801 14.04186 4.242651 2.212801 14.15321 4.242708 2.229108 14.02935 4.242672 2.229108 14.16573 4.242738 2.248099 14.02148 4.242698 2.248099 14.17359 4.242769 2.268478 14.0188 4.242727 2.268478 14.17628 4.242799 2.288858 14.02148 4.242758 2.288858 14.17359 4.242825 2.307848 14.02935 4.242788 2.307848 14.16573 4.242845 2.324156 14.04186 4.242816 2.324156 14.15321 4.24286 2.336669 14.05817 4.242839 2.336669 14.13691 4.242866 2.344535 14.07716 4.242855 2.344535 14.11792 4.242865 2.347218 14.09754 4.242865 2.347218 14.09754 4.242855 2.344535 14.11792 4.242866 2.344535 14.07716 4.242839 2.336669 14.13691 4.24286 2.336669 14.05817 4.242816 2.324156 14.15321 4.242845 2.324156 14.04186 4.242788 2.307848 14.16573 4.242825 2.307848 14.02935 4.242758 2.288858 14.17359 4.242799 2.288858 14.02148 4.242727 2.268478 14.17628 4.242769 2.268478 14.0188 4.242698 2.248099 14.17359 4.242738 2.248099 14.02148 4.242672 2.229108 14.16573 4.242708 2.229108 14.02935 4.242651 2.212801 14.15321 4.242681 2.212801 14.04186 4.242637 2.200287 14.13691 4.242658 2.200287 14.05817 4.24263 2.192421 14.11792 4.242641 2.192421 14.07716 4.242632 2.189738 14.09754 4.242758 2.288858 14.17359 4.242727 2.268478 14.17628 4.242788 2.307848 14.16573 4.242816 2.324156 14.15321 4.242839 2.336669 14.13691 4.242855 2.344535 14.11792 4.242865 2.347218 14.09754 4.242866 2.344535 14.07716 4.24286 2.336669 14.05817 4.242845 2.324156 14.04186 4.242825 2.307848 14.02935 4.242799 2.288858 14.02148 4.242769 2.268478 14.0188 4.242738 2.248099 14.02148 4.242708 2.229108 14.02935 4.242681 2.212801 14.04186 4.242658 2.200287 14.05817 4.242641 2.192421 14.07716 4.242632 2.189738 14.09754 4.24263 2.192421 14.11792 4.242637 2.200287 14.13691 4.242651 2.212801 14.15321 4.242672 2.229108 14.16573 4.242698 2.248099 14.17359</float_array>
                    <technique_common>
                        <accessor count="72" source="#ID149" stride="3">
                            <param name="X" type="float" />
                            <param name="Y" type="float" />
                            <param name="Z" type="float" />
                        </accessor>
                    </technique_common>
                </source>
                <source id="ID147">
                    <float_array id="ID150" count="216">-0.9999989 0.001478879 -0.0002670962 -0.9999989 0.001478879 -0.0002670962 -0.9999989 0.001478879 -0.0002670962 -0.9999989 0.001478879 -0.0002670962 -0.9999989 0.001478879 -0.0002670962 -0.9999989 0.001478879 -0.0002670962 -0.9999989 0.001478879 -0.0002670962 -0.9999989 0.001478879 -0.0002670962 -0.9999989 0.001478879 -0.0002670962 -0.9999989 0.001478879 -0.0002670962 -0.9999989 0.001478879 -0.0002670962 -0.9999989 0.001478879 -0.0002670962 -0.9999989 0.001478879 -0.0002670962 -0.9999989 0.001478879 -0.0002670962 -0.9999989 0.001478879 -0.0002670962 -0.9999989 0.001478879 -0.0002670962 -0.9999989 0.001478879 -0.0002670962 -0.9999989 0.001478879 -0.0002670962 -0.9999989 0.001478879 -0.0002670962 -0.9999989 0.001478879 -0.0002670962 -0.9999989 0.001478879 -0.0002670962 -0.9999989 0.001478879 -0.0002670962 -0.9999989 0.001478879 -0.0002670962 -0.9999989 0.001478879 -0.0002670962 0.9999989 -0.001478879 0.0002670962 0.9999989 -0.001478879 0.0002670962 0.9999989 -0.001478879 0.0002670962 0.9999989 -0.001478879 0.0002670962 0.9999989 -0.001478879 0.0002670962 0.9999989 -0.001478879 0.0002670962 0.9999989 -0.001478879 0.0002670962 0.9999989 -0.001478879 0.0002670962 0.9999989 -0.001478879 0.0002670962 0.9999989 -0.001478879 0.0002670962 0.9999989 -0.001478879 0.0002670962 0.9999989 -0.001478879 0.0002670962 0.9999989 -0.001478879 0.0002670962 0.9999989 -0.001478879 0.0002670962 0.9999989 -0.001478879 0.0002670962 0.9999989 -0.001478879 0.0002670962 0.9999989 -0.001478879 0.0002670962 0.9999989 -0.001478879 0.0002670962 0.9999989 -0.001478879 0.0002670962 0.9999989 -0.001478879 0.0002670962 0.9999989 -0.001478879 0.0002670962 0.9999989 -0.001478879 0.0002670962 0.9999989 -0.001478879 0.0002670962 0.9999989 -0.001478879 0.0002670962 0 0 0 0 0 0 0 0 0 0 0 0 0 0 0 0 0 0 0 0 0 0 0 0 0 0 0 0 0 0 0 0 0 0 0 0 0 0 0 0 0 0 0 0 0 0 0 0 0 0 0 0 0 0 0 0 0 0 0 0 0 0 0 0 0 0 0 0 0 0 0 0</float_array>
                    <technique_common>
                        <accessor count="72" source="#ID150" stride="3">
                            <param name="X" type="float" />
                            <param name="Y" type="float" />
                            <param name="Z" type="float" />
                        </accessor>
                    </technique_common>
                </source>
                <vertices id="ID148">
                    <input semantic="POSITION" source="#ID146" />
                    <input semantic="NORMAL" source="#ID147" />
                </vertices>
                <triangles count="22" material="Material2">
                    <input offset="0" semantic="VERTEX" source="#ID148" />
                    <p>0 1 2 1 0 3 3 0 4 3 4 5 5 4 6 5 6 7 7 6 8 7 8 9 9 8 10 9 10 11 11 10 12 11 12 13 13 12 14 13 14 15 15 14 16 15 16 17 17 16 18 17 18 19 19 18 20 19 20 21 21 20 22 21 22 23</p>
                </triangles>
                <triangles count="22" material="Material3">
                    <input offset="0" semantic="VERTEX" source="#ID148" />
                    <p>24 25 26 25 27 26 26 27 28 27 29 28 28 29 30 29 31 30 30 31 32 31 33 32 32 33 34 33 35 34 34 35 36 35 37 36 36 37 38 37 39 38 38 39 40 39 41 40 40 41 42 41 43 42 42 43 44 43 45 44 44 45 46 47 46 45</p>
                </triangles>
                <lines count="24" material="Material4">
                    <input offset="0" semantic="VERTEX" source="#ID148" />
                    <p>48 49 50 48 51 50 52 51 53 52 54 53 55 54 56 55 57 56 58 57 59 58 60 59 61 60 62 61 63 62 64 63 65 64 66 65 67 66 68 67 69 68 70 69 71 70 49 71</p>
                </lines>
            </mesh>
        </geometry>
        <geometry id="ID151">
            <mesh>
                <source id="ID152">
                    <float_array id="ID155" count="216">4.243241 2.527066 14.11792 4.243252 2.527066 14.07716 4.243242 2.524383 14.09754 4.243268 2.534933 14.05817 4.243247 2.534933 14.13691 4.243291 2.547446 14.04186 4.243261 2.547446 14.15322 4.243319 2.563753 14.02935 4.243282 2.563753 14.16573 4.243349 2.582744 14.02149 4.243308 2.582744 14.1736 4.24338 2.603123 14.0188 4.243338 2.603123 14.17628 4.243409 2.623503 14.02149 4.243369 2.623503 14.1736 4.243435 2.642493 14.02935 4.243399 2.642494 14.16573 4.243456 2.658801 14.04186 4.243426 2.658801 14.15322 4.24347 2.671314 14.05817 4.243449 2.671314 14.13691 4.243477 2.679181 14.07716 4.243466 2.679181 14.11792 4.243475 2.681864 14.09754 4.243475 2.681864 14.09754 4.243466 2.679181 14.11792 4.243477 2.679181 14.07716 4.243449 2.671314 14.13691 4.24347 2.671314 14.05817 4.243426 2.658801 14.15322 4.243456 2.658801 14.04186 4.243399 2.642494 14.16573 4.243435 2.642493 14.02935 4.243369 2.623503 14.1736 4.243409 2.623503 14.02149 4.243338 2.603123 14.17628 4.24338 2.603123 14.0188 4.243308 2.582744 14.1736 4.243349 2.582744 14.02149 4.243282 2.563753 14.16573 4.243319 2.563753 14.02935 4.243261 2.547446 14.15322 4.243291 2.547446 14.04186 4.243247 2.534933 14.13691 4.243268 2.534933 14.05817 4.243241 2.527066 14.11792 4.243252 2.527066 14.07716 4.243242 2.524383 14.09754 4.243369 2.623503 14.1736 4.243338 2.603123 14.17628 4.243399 2.642494 14.16573 4.243426 2.658801 14.15322 4.243449 2.671314 14.13691 4.243466 2.679181 14.11792 4.243475 2.681864 14.09754 4.243477 2.679181 14.07716 4.24347 2.671314 14.05817 4.243456 2.658801 14.04186 4.243435 2.642493 14.02935 4.243409 2.623503 14.02149 4.24338 2.603123 14.0188 4.243349 2.582744 14.02149 4.243319 2.563753 14.02935 4.243291 2.547446 14.04186 4.243268 2.534933 14.05817 4.243252 2.527066 14.07716 4.243242 2.524383 14.09754 4.243241 2.527066 14.11792 4.243247 2.534933 14.13691 4.243261 2.547446 14.15322 4.243282 2.563753 14.16573 4.243308 2.582744 14.1736</float_array>
                    <technique_common>
                        <accessor count="72" source="#ID155" stride="3">
                            <param name="X" type="float" />
                            <param name="Y" type="float" />
                            <param name="Z" type="float" />
                        </accessor>
                    </technique_common>
                </source>
                <source id="ID153">
                    <float_array id="ID156" count="216">-0.9999989 0.001478879 -0.0002670962 -0.9999989 0.001478879 -0.0002670962 -0.9999989 0.001478879 -0.0002670962 -0.9999989 0.001478879 -0.0002670962 -0.9999989 0.001478879 -0.0002670962 -0.9999989 0.001478879 -0.0002670962 -0.9999989 0.001478879 -0.0002670962 -0.9999989 0.001478879 -0.0002670962 -0.9999989 0.001478879 -0.0002670962 -0.9999989 0.001478879 -0.0002670962 -0.9999989 0.001478879 -0.0002670962 -0.9999989 0.001478879 -0.0002670962 -0.9999989 0.001478879 -0.0002670962 -0.9999989 0.001478879 -0.0002670962 -0.9999989 0.001478879 -0.0002670962 -0.9999989 0.001478879 -0.0002670962 -0.9999989 0.001478879 -0.0002670962 -0.9999989 0.001478879 -0.0002670962 -0.9999989 0.001478879 -0.0002670962 -0.9999989 0.001478879 -0.0002670962 -0.9999989 0.001478879 -0.0002670962 -0.9999989 0.001478879 -0.0002670962 -0.9999989 0.001478879 -0.0002670962 -0.9999989 0.001478879 -0.0002670962 0.9999989 -0.001478879 0.0002670962 0.9999989 -0.001478879 0.0002670962 0.9999989 -0.001478879 0.0002670962 0.9999989 -0.001478879 0.0002670962 0.9999989 -0.001478879 0.0002670962 0.9999989 -0.001478879 0.0002670962 0.9999989 -0.001478879 0.0002670962 0.9999989 -0.001478879 0.0002670962 0.9999989 -0.001478879 0.0002670962 0.9999989 -0.001478879 0.0002670962 0.9999989 -0.001478879 0.0002670962 0.9999989 -0.001478879 0.0002670962 0.9999989 -0.001478879 0.0002670962 0.9999989 -0.001478879 0.0002670962 0.9999989 -0.001478879 0.0002670962 0.9999989 -0.001478879 0.0002670962 0.9999989 -0.001478879 0.0002670962 0.9999989 -0.001478879 0.0002670962 0.9999989 -0.001478879 0.0002670962 0.9999989 -0.001478879 0.0002670962 0.9999989 -0.001478879 0.0002670962 0.9999989 -0.001478879 0.0002670962 0.9999989 -0.001478879 0.0002670962 0.9999989 -0.001478879 0.0002670962 0 0 0 0 0 0 0 0 0 0 0 0 0 0 0 0 0 0 0 0 0 0 0 0 0 0 0 0 0 0 0 0 0 0 0 0 0 0 0 0 0 0 0 0 0 0 0 0 0 0 0 0 0 0 0 0 0 0 0 0 0 0 0 0 0 0 0 0 0 0 0 0</float_array>
                    <technique_common>
                        <accessor count="72" source="#ID156" stride="3">
                            <param name="X" type="float" />
                            <param name="Y" type="float" />
                            <param name="Z" type="float" />
                        </accessor>
                    </technique_common>
                </source>
                <vertices id="ID154">
                    <input semantic="POSITION" source="#ID152" />
                    <input semantic="NORMAL" source="#ID153" />
                </vertices>
                <triangles count="22" material="Material2">
                    <input offset="0" semantic="VERTEX" source="#ID154" />
                    <p>0 1 2 1 0 3 3 0 4 3 4 5 5 4 6 5 6 7 7 6 8 7 8 9 9 8 10 9 10 11 11 10 12 11 12 13 13 12 14 13 14 15 15 14 16 15 16 17 17 16 18 17 18 19 19 18 20 19 20 21 21 20 22 21 22 23</p>
                </triangles>
                <triangles count="22" material="Material3">
                    <input offset="0" semantic="VERTEX" source="#ID154" />
                    <p>24 25 26 25 27 26 26 27 28 27 29 28 28 29 30 29 31 30 30 31 32 31 33 32 32 33 34 33 35 34 34 35 36 35 37 36 36 37 38 37 39 38 38 39 40 39 41 40 40 41 42 41 43 42 42 43 44 43 45 44 44 45 46 47 46 45</p>
                </triangles>
                <lines count="24" material="Material4">
                    <input offset="0" semantic="VERTEX" source="#ID154" />
                    <p>48 49 50 48 51 50 52 51 53 52 54 53 55 54 56 55 57 56 58 57 59 58 60 59 61 60 62 61 63 62 64 63 65 64 66 65 67 66 68 67 69 68 70 69 71 70 49 71</p>
                </lines>
            </mesh>
        </geometry>
        <geometry id="ID157">
            <mesh>
                <source id="ID158">
                    <float_array id="ID161" count="216">5.423695 1.87643 14.07728 5.423646 1.87643 14.11779 5.423668 1.873763 14.09754 5.423726 1.884249 14.0584 5.42363 1.884249 14.13667 5.423758 1.896687 14.04219 5.423622 1.896687 14.15288 5.423789 1.912897 14.02975 5.423622 1.912897 14.16532 5.423817 1.931774 14.02193 5.423631 1.931774 14.17314 5.42384 1.952032 14.01927 5.423647 1.952032 14.17581 5.423856 1.972289 14.02193 5.42367 1.97229 14.17314 5.423865 1.991166 14.02975 5.423698 1.991167 14.16532 5.423865 2.007377 14.04219 5.423729 2.007377 14.15288 5.423857 2.019815 14.0584 5.423761 2.019815 14.13667 5.423841 2.027634 14.07728 5.423791 2.027634 14.11779 5.423819 2.030301 14.09754 5.423819 2.030301 14.09754 5.423841 2.027634 14.07728 5.423791 2.027634 14.11779 5.423761 2.019815 14.13667 5.423857 2.019815 14.0584 5.423729 2.007377 14.15288 5.423865 2.007377 14.04219 5.423698 1.991167 14.16532 5.423865 1.991166 14.02975 5.42367 1.97229 14.17314 5.423856 1.972289 14.02193 5.423647 1.952032 14.17581 5.42384 1.952032 14.01927 5.423631 1.931774 14.17314 5.423817 1.931774 14.02193 5.423622 1.912897 14.16532 5.423789 1.912897 14.02975 5.423622 1.896687 14.15288 5.423758 1.896687 14.04219 5.42363 1.884249 14.13667 5.423726 1.884249 14.0584 5.423646 1.87643 14.11779 5.423695 1.87643 14.07728 5.423668 1.873763 14.09754 5.423631 1.931774 14.17314 5.423647 1.952032 14.17581 5.423622 1.912897 14.16532 5.423622 1.896687 14.15288 5.42363 1.884249 14.13667 5.423646 1.87643 14.11779 5.423668 1.873763 14.09754 5.423695 1.87643 14.07728 5.423726 1.884249 14.0584 5.423758 1.896687 14.04219 5.423789 1.912897 14.02975 5.423817 1.931774 14.02193 5.42384 1.952032 14.01927 5.423856 1.972289 14.02193 5.423865 1.991166 14.02975 5.423865 2.007377 14.04219 5.423857 2.019815 14.0584 5.423841 2.027634 14.07728 5.423819 2.030301 14.09754 5.423791 2.027634 14.11779 5.423761 2.019815 14.13667 5.423729 2.007377 14.15288 5.423698 1.991167 14.16532 5.42367 1.97229 14.17314</float_array>
                    <technique_common>
                        <accessor count="72" source="#ID161" stride="3">
                            <param name="X" type="float" />
                            <param name="Y" type="float" />
                            <param name="Z" type="float" />
                        </accessor>
                    </technique_common>
                </source>
                <source id="ID159">
                    <float_array id="ID162" count="216">0.9999988 -0.0009641359 0.001231638 0.9999988 -0.0009641359 0.001231638 0.9999988 -0.0009641359 0.001231638 0.9999988 -0.0009641359 0.001231638 0.9999988 -0.0009641359 0.001231638 0.9999988 -0.0009641359 0.001231638 0.9999988 -0.0009641359 0.001231638 0.9999988 -0.0009641359 0.001231638 0.9999988 -0.0009641359 0.001231638 0.9999988 -0.0009641359 0.001231638 0.9999988 -0.0009641359 0.001231638 0.9999988 -0.0009641359 0.001231638 0.9999988 -0.0009641359 0.001231638 0.9999988 -0.0009641359 0.001231638 0.9999988 -0.0009641359 0.001231638 0.9999988 -0.0009641359 0.001231638 0.9999988 -0.0009641359 0.001231638 0.9999988 -0.0009641359 0.001231638 0.9999988 -0.0009641359 0.001231638 0.9999988 -0.0009641359 0.001231638 0.9999988 -0.0009641359 0.001231638 0.9999988 -0.0009641359 0.001231638 0.9999988 -0.0009641359 0.001231638 0.9999988 -0.0009641359 0.001231638 -0.9999988 0.0009641359 -0.001231638 -0.9999988 0.0009641359 -0.001231638 -0.9999988 0.0009641359 -0.001231638 -0.9999988 0.0009641359 -0.001231638 -0.9999988 0.0009641359 -0.001231638 -0.9999988 0.0009641359 -0.001231638 -0.9999988 0.0009641359 -0.001231638 -0.9999988 0.0009641359 -0.001231638 -0.9999988 0.0009641359 -0.001231638 -0.9999988 0.0009641359 -0.001231638 -0.9999988 0.0009641359 -0.001231638 -0.9999988 0.0009641359 -0.001231638 -0.9999988 0.0009641359 -0.001231638 -0.9999988 0.0009641359 -0.001231638 -0.9999988 0.0009641359 -0.001231638 -0.9999988 0.0009641359 -0.001231638 -0.9999988 0.0009641359 -0.001231638 -0.9999988 0.0009641359 -0.001231638 -0.9999988 0.0009641359 -0.001231638 -0.9999988 0.0009641359 -0.001231638 -0.9999988 0.0009641359 -0.001231638 -0.9999988 0.0009641359 -0.001231638 -0.9999988 0.0009641359 -0.001231638 -0.9999988 0.0009641359 -0.001231638 0 0 0 0 0 0 0 0 0 0 0 0 0 0 0 0 0 0 0 0 0 0 0 0 0 0 0 0 0 0 0 0 0 0 0 0 0 0 0 0 0 0 0 0 0 0 0 0 0 0 0 0 0 0 0 0 0 0 0 0 0 0 0 0 0 0 0 0 0 0 0 0</float_array>
                    <technique_common>
                        <accessor count="72" source="#ID162" stride="3">
                            <param name="X" type="float" />
                            <param name="Y" type="float" />
                            <param name="Z" type="float" />
                        </accessor>
                    </technique_common>
                </source>
                <vertices id="ID160">
                    <input semantic="POSITION" source="#ID158" />
                    <input semantic="NORMAL" source="#ID159" />
                </vertices>
                <triangles count="22" material="Material2">
                    <input offset="0" semantic="VERTEX" source="#ID160" />
                    <p>0 1 2 1 0 3 1 3 4 4 3 5 4 5 6 6 5 7 6 7 8 8 7 9 8 9 10 10 9 11 10 11 12 12 11 13 12 13 14 14 13 15 14 15 16 16 15 17 16 17 18 18 17 19 18 19 20 20 19 21 20 21 22 22 21 23</p>
                </triangles>
                <triangles count="22" material="Material3">
                    <input offset="0" semantic="VERTEX" source="#ID160" />
                    <p>24 25 26 26 25 27 25 28 27 27 28 29 28 30 29 29 30 31 30 32 31 31 32 33 32 34 33 33 34 35 34 36 35 35 36 37 36 38 37 37 38 39 38 40 39 39 40 41 40 42 41 41 42 43 42 44 43 43 44 45 44 46 45 47 45 46</p>
                </triangles>
                <lines count="24" material="Material4">
                    <input offset="0" semantic="VERTEX" source="#ID160" />
                    <p>48 49 50 48 51 50 52 51 53 52 54 53 55 54 56 55 57 56 58 57 59 58 60 59 61 60 62 61 63 62 64 63 65 64 66 65 67 66 68 67 69 68 70 69 71 70 49 71</p>
                </lines>
            </mesh>
        </geometry>
        <geometry id="ID163">
            <mesh>
                <source id="ID164">
                    <float_array id="ID167" count="216">4.242524 1.877461 14.11792 4.242535 1.877461 14.07716 4.242526 1.874778 14.09754 4.242552 1.885327 14.05817 4.242531 1.885327 14.13691 4.242575 1.89784 14.04186 4.242545 1.89784 14.15321 4.242602 1.914148 14.02935 4.242566 1.914148 14.16573 4.242632 1.933138 14.02148 4.242592 1.933138 14.17359 4.242663 1.953518 14.0188 4.242621 1.953518 14.17628 4.242693 1.973897 14.02148 4.242652 1.973897 14.17359 4.242719 1.992888 14.02935 4.242682 1.992888 14.16573 4.242739 2.009195 14.04186 4.24271 2.009195 14.15321 4.242753 2.021709 14.05817 4.242732 2.021709 14.13691 4.24276 2.029575 14.07716 4.242749 2.029575 14.11792 4.242759 2.032258 14.09754 4.242759 2.032258 14.09754 4.242749 2.029575 14.11792 4.24276 2.029575 14.07716 4.242732 2.021709 14.13691 4.242753 2.021709 14.05817 4.24271 2.009195 14.15321 4.242739 2.009195 14.04186 4.242682 1.992888 14.16573 4.242719 1.992888 14.02935 4.242652 1.973897 14.17359 4.242693 1.973897 14.02148 4.242621 1.953518 14.17628 4.242663 1.953518 14.0188 4.242592 1.933138 14.17359 4.242632 1.933138 14.02148 4.242566 1.914148 14.16573 4.242602 1.914148 14.02935 4.242545 1.89784 14.15321 4.242575 1.89784 14.04186 4.242531 1.885327 14.13691 4.242552 1.885327 14.05817 4.242524 1.877461 14.11792 4.242535 1.877461 14.07716 4.242526 1.874778 14.09754 4.242652 1.973897 14.17359 4.242621 1.953518 14.17628 4.242682 1.992888 14.16573 4.24271 2.009195 14.15321 4.242732 2.021709 14.13691 4.242749 2.029575 14.11792 4.242759 2.032258 14.09754 4.24276 2.029575 14.07716 4.242753 2.021709 14.05817 4.242739 2.009195 14.04186 4.242719 1.992888 14.02935 4.242693 1.973897 14.02148 4.242663 1.953518 14.0188 4.242632 1.933138 14.02148 4.242602 1.914148 14.02935 4.242575 1.89784 14.04186 4.242552 1.885327 14.05817 4.242535 1.877461 14.07716 4.242526 1.874778 14.09754 4.242524 1.877461 14.11792 4.242531 1.885327 14.13691 4.242545 1.89784 14.15321 4.242566 1.914148 14.16573 4.242592 1.933138 14.17359</float_array>
                    <technique_common>
                        <accessor count="72" source="#ID167" stride="3">
                            <param name="X" type="float" />
                            <param name="Y" type="float" />
                            <param name="Z" type="float" />
                        </accessor>
                    </technique_common>
                </source>
                <source id="ID165">
                    <float_array id="ID168" count="216">-0.9999989 0.001478879 -0.0002670962 -0.9999989 0.001478879 -0.0002670962 -0.9999989 0.001478879 -0.0002670962 -0.9999989 0.001478879 -0.0002670962 -0.9999989 0.001478879 -0.0002670962 -0.9999989 0.001478879 -0.0002670962 -0.9999989 0.001478879 -0.0002670962 -0.9999989 0.001478879 -0.0002670962 -0.9999989 0.001478879 -0.0002670962 -0.9999989 0.001478879 -0.0002670962 -0.9999989 0.001478879 -0.0002670962 -0.9999989 0.001478879 -0.0002670962 -0.9999989 0.001478879 -0.0002670962 -0.9999989 0.001478879 -0.0002670962 -0.9999989 0.001478879 -0.0002670962 -0.9999989 0.001478879 -0.0002670962 -0.9999989 0.001478879 -0.0002670962 -0.9999989 0.001478879 -0.0002670962 -0.9999989 0.001478879 -0.0002670962 -0.9999989 0.001478879 -0.0002670962 -0.9999989 0.001478879 -0.0002670962 -0.9999989 0.001478879 -0.0002670962 -0.9999989 0.001478879 -0.0002670962 -0.9999989 0.001478879 -0.0002670962 0.9999989 -0.001478879 0.0002670962 0.9999989 -0.001478879 0.0002670962 0.9999989 -0.001478879 0.0002670962 0.9999989 -0.001478879 0.0002670962 0.9999989 -0.001478879 0.0002670962 0.9999989 -0.001478879 0.0002670962 0.9999989 -0.001478879 0.0002670962 0.9999989 -0.001478879 0.0002670962 0.9999989 -0.001478879 0.0002670962 0.9999989 -0.001478879 0.0002670962 0.9999989 -0.001478879 0.0002670962 0.9999989 -0.001478879 0.0002670962 0.9999989 -0.001478879 0.0002670962 0.9999989 -0.001478879 0.0002670962 0.9999989 -0.001478879 0.0002670962 0.9999989 -0.001478879 0.0002670962 0.9999989 -0.001478879 0.0002670962 0.9999989 -0.001478879 0.0002670962 0.9999989 -0.001478879 0.0002670962 0.9999989 -0.001478879 0.0002670962 0.9999989 -0.001478879 0.0002670962 0.9999989 -0.001478879 0.0002670962 0.9999989 -0.001478879 0.0002670962 0.9999989 -0.001478879 0.0002670962 0 0 0 0 0 0 0 0 0 0 0 0 0 0 0 0 0 0 0 0 0 0 0 0 0 0 0 0 0 0 0 0 0 0 0 0 0 0 0 0 0 0 0 0 0 0 0 0 0 0 0 0 0 0 0 0 0 0 0 0 0 0 0 0 0 0 0 0 0 0 0 0</float_array>
                    <technique_common>
                        <accessor count="72" source="#ID168" stride="3">
                            <param name="X" type="float" />
                            <param name="Y" type="float" />
                            <param name="Z" type="float" />
                        </accessor>
                    </technique_common>
                </source>
                <vertices id="ID166">
                    <input semantic="POSITION" source="#ID164" />
                    <input semantic="NORMAL" source="#ID165" />
                </vertices>
                <triangles count="22" material="Material2">
                    <input offset="0" semantic="VERTEX" source="#ID166" />
                    <p>0 1 2 1 0 3 3 0 4 3 4 5 5 4 6 5 6 7 7 6 8 7 8 9 9 8 10 9 10 11 11 10 12 11 12 13 13 12 14 13 14 15 15 14 16 15 16 17 17 16 18 17 18 19 19 18 20 19 20 21 21 20 22 21 22 23</p>
                </triangles>
                <triangles count="22" material="Material3">
                    <input offset="0" semantic="VERTEX" source="#ID166" />
                    <p>24 25 26 25 27 26 26 27 28 27 29 28 28 29 30 29 31 30 30 31 32 31 33 32 32 33 34 33 35 34 34 35 36 35 37 36 36 37 38 37 39 38 38 39 40 39 41 40 40 41 42 41 43 42 42 43 44 43 45 44 44 45 46 47 46 45</p>
                </triangles>
                <lines count="24" material="Material4">
                    <input offset="0" semantic="VERTEX" source="#ID166" />
                    <p>48 49 50 48 51 50 52 51 53 52 54 53 55 54 56 55 57 56 58 57 59 58 60 59 61 60 62 61 63 62 64 63 65 64 66 65 67 66 68 67 69 68 70 69 71 70 49 71</p>
                </lines>
            </mesh>
        </geometry>
        <geometry id="ID169">
            <mesh>
                <source id="ID170">
                    <float_array id="ID173" count="216">5.423823 2.191177 14.07716 5.423773 2.191177 14.11792 5.423795 2.188494 14.09754 5.423854 2.199043 14.05817 5.423757 2.199043 14.13691 5.423886 2.211556 14.04186 5.423749 2.211557 14.15322 5.423917 2.227864 14.02935 5.423749 2.227864 14.16573 5.423945 2.246855 14.02149 5.423758 2.246855 14.1736 5.423968 2.267234 14.0188 5.423774 2.267234 14.17628 5.423984 2.287613 14.02149 5.423797 2.287614 14.1736 5.423993 2.306604 14.02935 5.423825 2.306604 14.16573 5.423993 2.322912 14.04186 5.423856 2.322912 14.15322 5.423985 2.335425 14.05817 5.423888 2.335425 14.13691 5.423969 2.343291 14.07716 5.423919 2.343291 14.11792 5.423947 2.345974 14.09754 5.423947 2.345974 14.09754 5.423969 2.343291 14.07716 5.423919 2.343291 14.11792 5.423888 2.335425 14.13691 5.423985 2.335425 14.05817 5.423856 2.322912 14.15322 5.423993 2.322912 14.04186 5.423825 2.306604 14.16573 5.423993 2.306604 14.02935 5.423797 2.287614 14.1736 5.423984 2.287613 14.02149 5.423774 2.267234 14.17628 5.423968 2.267234 14.0188 5.423758 2.246855 14.1736 5.423945 2.246855 14.02149 5.423749 2.227864 14.16573 5.423917 2.227864 14.02935 5.423749 2.211557 14.15322 5.423886 2.211556 14.04186 5.423757 2.199043 14.13691 5.423854 2.199043 14.05817 5.423773 2.191177 14.11792 5.423823 2.191177 14.07716 5.423795 2.188494 14.09754 5.423758 2.246855 14.1736 5.423774 2.267234 14.17628 5.423749 2.227864 14.16573 5.423749 2.211557 14.15322 5.423757 2.199043 14.13691 5.423773 2.191177 14.11792 5.423795 2.188494 14.09754 5.423823 2.191177 14.07716 5.423854 2.199043 14.05817 5.423886 2.211556 14.04186 5.423917 2.227864 14.02935 5.423945 2.246855 14.02149 5.423968 2.267234 14.0188 5.423984 2.287613 14.02149 5.423993 2.306604 14.02935 5.423993 2.322912 14.04186 5.423985 2.335425 14.05817 5.423969 2.343291 14.07716 5.423947 2.345974 14.09754 5.423919 2.343291 14.11792 5.423888 2.335425 14.13691 5.423856 2.322912 14.15322 5.423825 2.306604 14.16573 5.423797 2.287614 14.1736</float_array>
                    <technique_common>
                        <accessor count="72" source="#ID173" stride="3">
                            <param name="X" type="float" />
                            <param name="Y" type="float" />
                            <param name="Z" type="float" />
                        </accessor>
                    </technique_common>
                </source>
                <source id="ID171">
                    <float_array id="ID174" count="216">0.9999988 -0.0009641359 0.001231638 0.9999988 -0.0009641359 0.001231638 0.9999988 -0.0009641359 0.001231638 0.9999988 -0.0009641359 0.001231638 0.9999988 -0.0009641359 0.001231638 0.9999988 -0.0009641359 0.001231638 0.9999988 -0.0009641359 0.001231638 0.9999988 -0.0009641359 0.001231638 0.9999988 -0.0009641359 0.001231638 0.9999988 -0.0009641359 0.001231638 0.9999988 -0.0009641359 0.001231638 0.9999988 -0.0009641359 0.001231638 0.9999988 -0.0009641359 0.001231638 0.9999988 -0.0009641359 0.001231638 0.9999988 -0.0009641359 0.001231638 0.9999988 -0.0009641359 0.001231638 0.9999988 -0.0009641359 0.001231638 0.9999988 -0.0009641359 0.001231638 0.9999988 -0.0009641359 0.001231638 0.9999988 -0.0009641359 0.001231638 0.9999988 -0.0009641359 0.001231638 0.9999988 -0.0009641359 0.001231638 0.9999988 -0.0009641359 0.001231638 0.9999988 -0.0009641359 0.001231638 -0.9999988 0.0009641359 -0.001231638 -0.9999988 0.0009641359 -0.001231638 -0.9999988 0.0009641359 -0.001231638 -0.9999988 0.0009641359 -0.001231638 -0.9999988 0.0009641359 -0.001231638 -0.9999988 0.0009641359 -0.001231638 -0.9999988 0.0009641359 -0.001231638 -0.9999988 0.0009641359 -0.001231638 -0.9999988 0.0009641359 -0.001231638 -0.9999988 0.0009641359 -0.001231638 -0.9999988 0.0009641359 -0.001231638 -0.9999988 0.0009641359 -0.001231638 -0.9999988 0.0009641359 -0.001231638 -0.9999988 0.0009641359 -0.001231638 -0.9999988 0.0009641359 -0.001231638 -0.9999988 0.0009641359 -0.001231638 -0.9999988 0.0009641359 -0.001231638 -0.9999988 0.0009641359 -0.001231638 -0.9999988 0.0009641359 -0.001231638 -0.9999988 0.0009641359 -0.001231638 -0.9999988 0.0009641359 -0.001231638 -0.9999988 0.0009641359 -0.001231638 -0.9999988 0.0009641359 -0.001231638 -0.9999988 0.0009641359 -0.001231638 0 0 0 0 0 0 0 0 0 0 0 0 0 0 0 0 0 0 0 0 0 0 0 0 0 0 0 0 0 0 0 0 0 0 0 0 0 0 0 0 0 0 0 0 0 0 0 0 0 0 0 0 0 0 0 0 0 0 0 0 0 0 0 0 0 0 0 0 0 0 0 0</float_array>
                    <technique_common>
                        <accessor count="72" source="#ID174" stride="3">
                            <param name="X" type="float" />
                            <param name="Y" type="float" />
                            <param name="Z" type="float" />
                        </accessor>
                    </technique_common>
                </source>
                <vertices id="ID172">
                    <input semantic="POSITION" source="#ID170" />
                    <input semantic="NORMAL" source="#ID171" />
                </vertices>
                <triangles count="22" material="Material2">
                    <input offset="0" semantic="VERTEX" source="#ID172" />
                    <p>0 1 2 1 0 3 1 3 4 4 3 5 4 5 6 6 5 7 6 7 8 8 7 9 8 9 10 10 9 11 10 11 12 12 11 13 12 13 14 14 13 15 14 15 16 16 15 17 16 17 18 18 17 19 18 19 20 20 19 21 20 21 22 22 21 23</p>
                </triangles>
                <triangles count="22" material="Material3">
                    <input offset="0" semantic="VERTEX" source="#ID172" />
                    <p>24 25 26 26 25 27 25 28 27 27 28 29 28 30 29 29 30 31 30 32 31 31 32 33 32 34 33 33 34 35 34 36 35 35 36 37 36 38 37 37 38 39 38 40 39 39 40 41 40 42 41 41 42 43 42 44 43 43 44 45 44 46 45 47 45 46</p>
                </triangles>
                <lines count="24" material="Material4">
                    <input offset="0" semantic="VERTEX" source="#ID172" />
                    <p>48 49 50 48 51 50 52 51 53 52 54 53 55 54 56 55 57 56 58 57 59 58 60 59 61 60 62 61 63 62 64 63 65 64 66 65 67 66 68 67 69 68 70 69 71 70 49 71</p>
                </lines>
            </mesh>
        </geometry>
        <geometry id="ID175">
            <mesh>
                <source id="ID176">
                    <float_array id="ID178" count="6">4.401343 2.740706 14.25502 4.401449 2.819446 14.25502</float_array>
                    <technique_common>
                        <accessor count="2" source="#ID178" stride="3">
                            <param name="X" type="float" />
                            <param name="Y" type="float" />
                            <param name="Z" type="float" />
                        </accessor>
                    </technique_common>
                </source>
                <vertices id="ID177">
                    <input semantic="POSITION" source="#ID176" />
                </vertices>
                <lines count="1" material="Material2">
                    <input offset="0" semantic="VERTEX" source="#ID177" />
                    <p>1 0</p>
                </lines>
            </mesh>
        </geometry>
    </library_geometries>
    <library_materials>
        <material id="ID4" name="_0137_Black">
            <instance_effect url="#ID5" />
        </material>
        <material id="ID10" name="material">
            <instance_effect url="#ID9" />
        </material>
        <material id="ID11" name="edge_color000255">
            <instance_effect url="#ID12" />
        </material>
        <material id="ID17" name="material_0">
            <instance_effect url="#ID16" />
        </material>
        <material id="ID30" name="_0136_Charcoal">
            <instance_effect url="#ID31" />
        </material>
        <material id="ID44" name="_0103_Blue">
            <instance_effect url="#ID45" />
        </material>
        <material id="ID49" name="edge_color00255255">
            <instance_effect url="#ID50" />
        </material>
        <material id="ID126" name="_0019_Crimson">
            <instance_effect url="#ID127" />
        </material>
    </library_materials>
    <library_effects>
        <effect id="ID5">
            <profile_COMMON>
                <technique sid="COMMON">
                    <lambert>
                        <diffuse>
                            <color>0 0 0 1</color>
                        </diffuse>
                    </lambert>
                </technique>
            </profile_COMMON>
        </effect>
        <effect id="ID9">
            <profile_COMMON>
                <technique sid="COMMON">
                    <lambert>
                        <diffuse>
                            <color>0.6431373 0.6980392 0.7333333 1</color>
                        </diffuse>
                    </lambert>
                </technique>
            </profile_COMMON>
        </effect>
        <effect id="ID12">
            <profile_COMMON>
                <technique sid="COMMON">
                    <constant>
                        <transparent opaque="A_ONE">
                            <color>0 0 0 1</color>
                        </transparent>
                        <transparency>
                            <float>1</float>
                        </transparency>
                    </constant>
                </technique>
            </profile_COMMON>
        </effect>
        <effect id="ID16">
            <profile_COMMON>
                <technique sid="COMMON">
                    <lambert>
                        <diffuse>
                            <color>1 1 1 1</color>
                        </diffuse>
                    </lambert>
                </technique>
            </profile_COMMON>
        </effect>
        <effect id="ID31">
            <profile_COMMON>
                <technique sid="COMMON">
                    <lambert>
                        <diffuse>
                            <color>0.1372549 0.1372549 0.1372549 1</color>
                        </diffuse>
                    </lambert>
                </technique>
            </profile_COMMON>
        </effect>
        <effect id="ID45">
            <profile_COMMON>
                <technique sid="COMMON">
                    <lambert>
                        <diffuse>
                            <color>0 0 1 1</color>
                        </diffuse>
                    </lambert>
                </technique>
            </profile_COMMON>
        </effect>
        <effect id="ID50">
            <profile_COMMON>
                <technique sid="COMMON">
                    <constant>
                        <transparent opaque="A_ONE">
                            <color>0 0 1 1</color>
                        </transparent>
                        <transparency>
                            <float>1</float>
                        </transparency>
                    </constant>
                </technique>
            </profile_COMMON>
        </effect>
        <effect id="ID127">
            <profile_COMMON>
                <technique sid="COMMON">
                    <lambert>
                        <diffuse>
                            <color>0.8627451 0.07843137 0.2352941 1</color>
                        </diffuse>
                    </lambert>
                </technique>
            </profile_COMMON>
        </effect>
    </library_effects>
    <scene>
        <instance_visual_scene url="#ID2" />
    </scene>
</COLLADA>
