# Alias OBJ Model File
# Exported from SketchUp, (c) 2000-2012 Trimble Navigation Limited
# File units = centimeters

mtllib Crane Baru Detail.mtl

g Mesh1 Group2 Group1 Model

usemtl M_0063_GreenYellow
v 175.741 0 -299.384
vt -52.8822 117.787
vn 0 -1 -0
v 187.5 0 -300
vt -59.0551 118.11
v 199.259 0 -299.384
vt -65.2281 117.787
v 210.89 0 -297.542
vt -71.3334 116.82
v 222.264 0 -294.494
vt -77.3042 115.22
v 233.258 0 -290.274
vt -83.075 113.005
v 243.75 0 -284.928
vt -88.5827 110.198
v 253.626 0 -278.514
vt -93.7668 106.832
v 262.777 0 -271.104
vt -98.5707 102.942
v 271.104 0 -262.777
vt -102.942 98.5707
v 278.514 0 -253.626
vt -106.832 93.7668
v 284.928 0 -243.75
vt -110.198 88.5827
v 290.274 0 -233.258
vt -113.005 83.075
v 294.494 0 -222.264
vt -115.22 77.3042
v 297.542 0 -210.89
vt -116.82 71.3334
v 299.384 0 -199.259
vt -117.787 65.2281
v 300 0 -187.5
vt -118.11 59.0551
v 299.384 0 -175.741
vt -117.787 52.8822
v 297.542 0 -164.11
vt -116.82 46.7769
v 294.494 0 -152.736
vt -115.22 40.8061
v 290.274 0 -141.742
vt -113.005 35.0352
v 284.928 0 -131.25
vt -110.198 29.5276
v 278.514 0 -121.374
vt -106.832 24.3434
v 271.104 0 -112.223
vt -102.942 19.5395
v 262.777 0 -103.896
vt -98.5707 15.1686
v 253.626 0 -96.4856
vt -93.7668 11.2785
v 243.75 0 -90.0721
vt -88.5827 7.91189
v 233.258 0 -84.7261
vt -83.075 5.10558
v 222.264 0 -80.5061
vt -77.3042 2.89036
v 210.89 0 -77.4584
vt -71.3334 1.2905
v 199.259 0 -75.6163
vt -65.2281 0.32351
v 187.5 0 -75
vt -59.0551 0
v 175.741 0 -75.6163
vt -52.8822 0.32351
v 164.11 0 -77.4584
vt -46.7769 1.2905
v 152.736 0 -80.5061
vt -40.8061 2.89036
v 141.742 0 -84.7261
vt -35.0352 5.10558
v 131.25 0 -90.0721
vt -29.5276 7.91189
v 121.374 0 -96.4856
vt -24.3434 11.2785
v 112.223 0 -103.896
vt -19.5395 15.1686
v 103.896 0 -112.223
vt -15.1686 19.5395
v 96.4856 0 -121.374
vt -11.2785 24.3434
v 90.0721 0 -131.25
vt -7.91189 29.5276
v 84.7261 0 -141.742
vt -5.10558 35.0352
v 80.5061 0 -152.736
vt -2.89036 40.8061
v 77.4584 0 -164.11
vt -1.2905 46.7769
v 75.6163 0 -175.741
vt -0.32351 52.8822
v 75 0 -187.5
vt 0 59.0551
v 75.6163 0 -199.259
vt -0.32351 65.2281
v 77.4584 0 -210.89
vt -1.2905 71.3334
v 80.5061 0 -222.264
vt -2.89036 77.3042
v 84.7261 0 -233.258
vt -5.10558 83.075
v 90.0721 0 -243.75
vt -7.91189 88.5827
v 96.4856 0 -253.626
vt -11.2785 93.7668
v 103.896 0 -262.777
vt -15.1686 98.5707
v 112.223 0 -271.104
vt -19.5395 102.942
v 121.374 0 -278.514
vt -24.3434 106.832
v 131.25 0 -284.928
vt -29.5276 110.198
v 141.742 0 -290.274
vt -35.0352 113.005
v 152.736 0 -294.494
vt -40.8061 115.22
v 164.11 0 -297.542
vt -46.7769 116.82
f 1/1/1 2/2/1 3/3/1 4/4/1 5/5/1 6/6/1 7/7/1 8/8/1 9/9/1 10/10/1 11/11/1 12/12/1 13/13/1 14/14/1 15/15/1 16/16/1 17/17/1 18/18/1 19/19/1 20/20/1 21/21/1 22/22/1 23/23/1 24/24/1 25/25/1 26/26/1 27/27/1 28/28/1 29/29/1 30/30/1 31/31/1 32/32/1 33/33/1 34/34/1 35/35/1 36/36/1 37/37/1 38/38/1 39/39/1 40/40/1 41/41/1 42/42/1 43/43/1 44/44/1 45/45/1 46/46/1 47/47/1 48/48/1 49/49/1 50/50/1 51/51/1 52/52/1 53/53/1 54/54/1 55/55/1 56/56/1 57/57/1 58/58/1 59/59/1 60/60/1 

vt -65.1556 0
vn -2.24434e-15 0 -1
vt -58.9742 0
vn -0.104528 -1.088e-19 -0.994522
v 175.741 225 -299.384
vt -58.9742 118.11
v 187.5 225 -300
vt -65.1556 118.11
f 2/61/2 1/62/3 61/63/3 62/64/2 

vt -70.657 2.34825e-17
vt -64.4756 2.34825e-17
vn -0.207912 -1.088e-19 -0.978148
v 164.11 318.75 -297.542
vt -64.4756 167.323
v 175.741 318.75 -299.384
vt -70.657 167.323
vn -0.156434 -2.17301e-19 -0.987688
vt -70.657 118.11
f 1/65/3 60/66/4 63/67/4 64/68/5 61/69/3 

vt -75.4182 0
vt -69.2367 0
vn -0.309017 0 -0.951057
v 152.736 318.75 -294.494
vt -69.2367 167.323
vt -75.4182 167.323
f 60/70/4 59/71/6 65/72/6 63/73/4 

vt -79.3869 0
vt -73.2055 0
vn -0.406737 0 -0.913545
v 141.742 318.75 -290.274
vt -73.2055 167.323
vt -79.3869 167.323
f 59/74/6 58/75/7 66/76/7 65/77/6 

vt -82.5197 0
vt -76.3383 0
vn -0.5 0 -0.866025
v 131.25 318.75 -284.928
vt -76.3383 167.323
vt -82.5197 167.323
f 58/78/7 57/79/8 67/80/8 66/81/7 

vt -84.7822 0
vt -78.6008 0
vn -0.587785 0 -0.809017
v 121.374 318.75 -278.514
vt -78.6008 167.323
vt -84.7822 167.323
f 57/82/8 56/83/9 68/84/9 67/85/8 

vt -86.1497 0
vt -79.9683 0
vn -0.669131 0 -0.743145
v 112.223 318.75 -271.104
vt -79.9683 167.323
vt -86.1497 167.323
f 56/86/9 55/87/10 69/88/10 68/89/9 

vt -86.6073 0
vt -80.4258 0
vn -0.743145 0 -0.669131
v 103.896 318.75 -262.777
vt -80.4258 167.323
vt -86.6073 167.323
f 55/90/10 54/91/11 70/92/11 69/93/10 

vn -0.809017 0 -0.587785
v 96.4856 318.75 -253.626
f 54/86/11 53/87/12 71/88/12 70/89/11 

vn -0.866025 0 -0.5
v 90.0721 318.75 -243.75
f 53/82/12 52/83/13 72/84/13 71/85/12 

vn -0.913545 0 -0.406737
v 84.7261 318.75 -233.258
f 52/78/13 51/79/14 73/80/14 72/81/13 

vn -0.951057 0 -0.309017
v 80.5061 318.75 -222.264
f 51/74/14 50/75/15 74/76/15 73/77/14 

vn -0.978148 0 -0.207912
v 77.4584 318.75 -210.89
f 50/70/15 49/71/16 75/72/16 74/73/15 

vt -70.657 0
vt -64.4756 0
vn -0.994522 0 -0.104528
v 75.6163 318.75 -199.259
f 49/94/16 48/95/17 76/67/17 75/68/16 

vn -1 0 -1.80659e-16
v 75 318.75 -187.5
vt -58.9742 167.323
vt -65.1556 167.323
f 48/61/17 47/62/18 77/96/18 76/97/17 

vt -52.7928 0
vn -0.994522 0 0.104528
v 75.6163 318.75 -175.741
vt -52.7928 167.323
f 47/62/18 46/98/19 78/99/19 77/96/18 

vt -52.1805 0
vt -45.9991 0
vn -0.978148 0 0.207912
v 77.4584 318.75 -164.11
vt -45.9991 167.323
vt -52.1805 167.323
f 46/100/19 45/101/20 79/102/20 78/103/19 

vt -44.849 0
vt -38.6676 0
vn -0.951057 0 0.309017
v 80.5061 318.75 -152.736
vt -38.6676 167.323
vt -44.849 167.323
f 45/104/20 44/105/21 80/106/21 79/107/20 

vt -37.0599 0
vt -30.8785 0
vn -0.913545 0 0.406737
v 84.7261 318.75 -141.742
vt -30.8785 167.323
vt -37.0599 167.323
f 44/108/21 43/109/22 81/110/22 80/111/21 

vt -28.8987 0
vt -22.7173 0
vn -0.866025 0 0.5
v 90.0721 318.75 -131.25
vt -22.7173 167.323
vt -28.8987 167.323
f 43/112/22 42/113/23 82/114/23 81/115/22 

vt -20.4548 0
vt -14.2734 0
vn -0.809017 0 0.587785
v 96.4856 318.75 -121.374
vt -14.2734 167.323
vt -20.4548 167.323
f 42/116/23 41/117/24 83/118/24 82/119/23 

vt -11.8206 0
vt -5.63915 0
vn -0.743145 0 0.669131
v 103.896 318.75 -112.223
vt -5.63915 167.323
vt -11.8206 167.323
f 41/120/24 40/121/25 84/122/25 83/123/24 

vt -3.09071 0
vt 3.09071 0
vn -0.669131 0 0.743145
v 112.223 318.75 -103.896
vt 3.09071 167.323
vt -3.09071 167.323
f 40/124/25 39/125/26 85/126/26 84/127/25 

vt 5.63915 0
vt 11.8206 0
vn -0.587785 0 0.809017
v 121.374 318.75 -96.4856
vt 11.8206 167.323
vt 5.63915 167.323
f 39/128/26 38/129/27 86/130/27 85/131/26 

vt 14.2734 0
vt 20.4548 0
vn -0.5 0 0.866025
v 131.25 318.75 -90.0721
vt 20.4548 167.323
vt 14.2734 167.323
f 38/132/27 37/133/28 87/134/28 86/135/27 

vt 22.7173 0
vt 28.8987 0
vn -0.406737 0 0.913545
v 141.742 318.75 -84.7261
vt 28.8987 167.323
vt 22.7173 167.323
f 37/136/28 36/137/29 88/138/29 87/139/28 

vt 30.8785 0
vt 37.0599 0
vn -0.309017 0 0.951057
v 152.736 318.75 -80.5061
vt 37.0599 167.323
vt 30.8785 167.323
f 36/140/29 35/141/30 89/142/30 88/143/29 

vt 38.6676 0
vt 44.849 0
vn -0.207912 0 0.978148
v 164.11 318.75 -77.4584
vt 44.849 167.323
vt 38.6676 167.323
f 35/144/30 34/145/31 90/146/31 89/147/30 

vt 45.9991 0
vt 52.1805 0
vn -0.104528 0 0.994522
v 175.741 225 -75.6163
vt 52.1805 118.11
v 175.741 318.75 -75.6163
vt 52.1805 167.323
vn -0.156434 0 0.987688
vt 45.9991 167.323
f 34/148/31 33/149/32 91/150/32 92/151/33 90/152/31 

vt 52.7928 0
vt 58.9742 0
vn 3.89111e-16 0 1
v 187.5 225 -75
vt 58.9742 118.11
vt 52.7928 118.11
f 33/153/32 32/154/34 93/155/34 91/156/32 

vt 65.1556 0
vn 0.104528 0 0.994522
v 199.259 225 -75.6163
vt 65.1556 118.11
f 32/154/34 31/157/35 94/158/35 93/155/34 

vt 64.4756 0
vt 70.657 0
vn 0.207912 0 0.978148
v 210.89 225 -77.4584
vt 70.657 118.11
vt 64.4756 118.11
f 31/159/35 30/160/36 95/161/36 94/162/35 

vt 69.2367 0
vt 75.4182 0
vn 0.309017 0 0.951057
v 222.264 225 -80.5061
vt 75.4182 118.11
vt 69.2367 118.11
f 30/163/36 29/164/37 96/165/37 95/166/36 

vt 73.2055 0
vt 79.3869 0
vn 0.406737 0 0.913545
v 233.258 225 -84.7261
vt 79.3869 118.11
vt 73.2055 118.11
f 29/167/37 28/168/38 97/169/38 96/170/37 

vt 76.3383 0
vt 82.5197 0
vn 0.5 0 0.866025
v 243.75 225 -90.0721
vt 82.5197 118.11
vt 76.3383 118.11
f 28/171/38 27/172/39 98/173/39 97/174/38 

vt 78.6008 0
vt 84.7822 0
vn 0.587785 0 0.809017
v 253.626 225 -96.4856
vt 84.7822 118.11
vt 78.6008 118.11
f 27/175/39 26/176/40 99/177/40 98/178/39 

vt 79.9683 0
vt 86.1497 0
vn 0.669131 -6.70522e-18 0.743145
v 262.777 225 -103.896
vt 86.1497 118.11
vt 79.9683 118.11
f 26/179/40 25/180/41 100/181/41 99/182/40 

vt 80.4258 7.89786e-16
vt 86.6073 7.89786e-16
vn 0.743145 -6.70522e-18 0.669131
v 271.104 225 -112.223
vt 86.6073 118.11
v 270.899 225 -112.018
vt 86.4554 118.11
vn 0.707107 -1.33921e-17 0.707107
v 263.399 225 -104.518
vt 80.8876 118.11
vt 80.4258 118.11
f 25/183/41 24/184/42 101/185/42 102/186/43 103/187/43 100/188/41 

vn 0.809017 0 0.587785
v 278.514 225 -121.374
f 24/179/42 23/180/44 104/181/44 101/182/42 

vn 0.866025 0 0.5
v 284.928 225 -131.25
f 23/175/44 22/176/45 105/177/45 104/178/44 

vn 0.913545 0 0.406737
v 290.274 225 -141.742
f 22/171/45 21/172/46 106/173/46 105/174/45 

vn 0.951057 0 0.309017
v 294.494 225 -152.736
f 21/167/46 20/168/47 107/169/47 106/170/46 

vn 0.978148 0 0.207912
v 297.542 225 -164.11
f 20/163/47 19/164/48 108/165/48 107/166/47 

vn 0.994522 0 0.104528
v 299.384 225 -175.741
f 19/159/48 18/160/49 109/161/49 108/162/48 

vn 1 0 5.90615e-17
v 300 225 -187.5
f 18/154/49 17/157/50 110/158/50 109/155/49 

vn 0.994522 0 -0.104528
v 299.384 225 -199.259
f 17/153/50 16/154/51 111/155/51 110/156/50 

vn 0.978148 0 -0.207912
v 297.542 225 -210.89
vt 45.9991 118.11
f 16/148/51 15/149/52 112/150/52 111/189/51 

vn 0.951057 0 -0.309017
v 294.494 225 -222.264
vt 44.849 118.11
vt 38.6676 118.11
f 15/144/52 14/145/53 113/190/53 112/191/52 

vn 0.913545 0 -0.406737
v 290.274 225 -233.258
vt 37.0599 118.11
vt 30.8785 118.11
f 14/140/53 13/141/54 114/192/54 113/193/53 

vn 0.866025 0 -0.5
v 284.928 225 -243.75
vt 28.8987 118.11
vt 22.7173 118.11
f 13/136/54 12/137/55 115/194/55 114/195/54 

vn 0.809017 0 -0.587785
v 278.514 225 -253.626
vt 20.4548 118.11
vt 14.2734 118.11
f 12/132/55 11/133/56 116/196/56 115/197/55 

vn 0.743145 0 -0.669131
v 271.104 225 -262.777
vt 11.8206 118.11
vt 5.63915 118.11
f 11/128/56 10/129/57 117/198/57 116/199/56 

vn 0.669131 0 -0.743145
v 262.777 225 -271.104
vt 3.09071 118.11
v 263.399 225 -270.482
vt 2.62896 118.11
vn 0.707107 0 -0.707107
v 270.899 225 -262.982
vt -2.93881 118.11
vt -3.09071 118.11
f 10/124/57 9/125/58 118/200/58 119/201/59 120/202/59 117/203/57 

vn 0.587785 0 -0.809017
v 253.626 225 -278.514
vt -5.63915 118.11
vt -11.8206 118.11
f 9/120/58 8/121/60 121/204/60 118/205/58 

vn 0.5 0 -0.866025
v 243.75 225 -284.928
vt -14.2734 118.11
vt -20.4548 118.11
f 8/116/60 7/117/61 122/206/61 121/207/60 

vn 0.406737 0 -0.913545
v 233.258 225 -290.274
vt -22.7173 118.11
vt -28.8987 118.11
f 7/112/61 6/113/62 123/208/62 122/209/61 

vn 0.309017 0 -0.951057
v 222.264 225 -294.494
vt -30.8785 118.11
vt -37.0599 118.11
f 6/108/62 5/109/63 124/210/63 123/211/62 

vn 0.207912 0 -0.978148
v 210.89 225 -297.542
vt -38.6676 118.11
vt -44.849 118.11
f 5/104/63 4/105/64 125/212/64 124/213/63 

vn 0.104528 0 -0.994522
v 199.259 225 -299.384
vt -45.9991 118.11
vt -52.1805 118.11
f 4/100/64 3/101/65 126/214/65 125/215/64 

vt -52.7928 118.11
f 3/62/65 2/98/2 62/216/2 126/63/65 

vt 52.8822 117.787
vn 0 1 -0
v 175.741 225 -270.482
vt 52.8822 102.615
vt 98.8972 102.615
vt 98.5707 102.942
vt 93.7668 106.832
vt 88.5827 110.198
vt 83.075 113.005
vt 77.3042 115.22
vt 71.3334 116.82
vt 65.2281 117.787
vt 59.0551 118.11
f 61/217/66 127/218/66 119/219/66 118/220/66 121/221/66 122/222/66 123/223/66 124/224/66 125/225/66 126/226/66 62/227/66 

vt 0.32351 118.11
vn 1 5.46094e-47 -2.75061e-16
v 175.741 225 -104.518
vt 15.4951 118.11
v 175.741 300 -104.518
vt 15.4951 157.48
v 175.741 300 -112.018
vt 19.4321 157.48
v 175.741 225 -112.018
vt 19.4321 118.11
v 175.741 225 -187.5
v 175.741 225 -262.982
vt 98.6781 118.11
v 175.741 300 -262.982
vt 98.6781 157.48
v 175.741 300 -270.482
vt 102.615 157.48
vt 102.615 118.11
vt 117.787 118.11
vt 117.787 167.323
vt 0.32351 167.323
f 91/228/67 128/229/67 129/230/67 130/231/67 131/232/67 132/227/67 133/233/67 134/234/67 135/235/67 127/236/67 61/237/67 64/238/67 92/239/67 

vt 98.5707 15.1686
vt 98.8972 15.4951
vt 52.8822 15.4951
vt 52.8822 0.32351
vt 59.0551 0
vt 65.2281 0.32351
vt 71.3334 1.2905
vt 77.3042 2.89036
vt 83.075 5.10558
vt 88.5827 7.91189
vt 93.7668 11.2785
f 100/240/66 103/241/66 128/242/66 91/243/66 93/244/66 94/245/66 95/246/66 96/247/66 97/248/66 98/249/66 99/250/66 

vt -52.8822 15.4951
vt -52.8822 19.4321
vt -102.834 19.4321
vt -98.8972 15.4951
f 128/251/1 131/252/1 102/253/1 103/254/1 

vn 1 0 -0
f 128/229/68 131/232/68 130/231/68 129/230/68 

vt -102.834 118.11
vn -4.1756e-16 3.98763e-17 -1
vt -52.8822 118.11
vt -52.8822 157.48
v 226.274 300 -112.018
vt -79.409 157.48
v 230.155 299.797 -112.018
vt -81.4461 157.374
v 233.993 299.189 -112.018
vt -83.4608 157.054
v 237.746 298.183 -112.018
vt -85.4312 156.526
v 241.374 296.79 -112.018
vt -87.3356 155.795
v 244.837 295.026 -112.018
vt -89.1531 154.869
v 248.096 292.91 -112.018
vt -90.8639 153.758
v 251.116 290.464 -112.018
vt -92.4492 152.475
v 253.863 287.716 -112.018
vt -93.8916 151.032
v 256.309 284.697 -112.018
vt -95.1753 149.447
v 258.425 281.438 -112.018
vt -96.2863 147.736
v 260.19 277.975 -112.018
vt -97.2124 145.919
v 261.582 274.347 -112.018
vt -97.9434 144.014
v 262.588 270.594 -112.018
vt -98.4713 142.044
v 263.196 266.756 -112.018
vt -98.7905 140.029
v 263.399 262.875 -112.018
vt -98.8972 137.992
v 263.399 225.75 -112.018
vt -98.8972 118.504
v 270.899 225.75 -112.018
vt -102.834 118.504
f 102/255/69 131/256/69 130/257/69 136/258/69 137/259/69 138/260/69 139/261/69 140/262/69 141/263/69 142/264/69 143/265/69 144/266/69 145/267/69 146/268/69 147/269/69 148/270/69 149/271/69 150/272/69 151/273/69 152/274/69 153/275/69 

vt 52.8822 59.0551
vt 52.8822 19.4321
vt 102.834 19.4321
vt 102.942 19.5395
vt 106.832 24.3434
vt 110.198 29.5276
vt 113.005 35.0352
vt 115.22 40.8061
vt 116.82 46.7769
vt 117.787 52.8822
vt 118.11 59.0551
f 132/276/66 131/277/66 102/278/66 101/279/66 104/280/66 105/281/66 106/282/66 107/283/66 108/284/66 109/285/66 110/286/66 

vt 102.942 98.5707
vt 102.834 98.6781
vt 52.8822 98.6781
vt 117.787 65.2281
vt 116.82 71.3334
vt 115.22 77.3042
vt 113.005 83.075
vt 110.198 88.5827
vt 106.832 93.7668
f 117/287/66 120/288/66 133/289/66 132/276/66 110/286/66 111/290/66 112/291/66 113/292/66 114/293/66 115/294/66 116/295/66 

vt -98.8972 102.615
vt -102.834 98.6781
vt -52.8822 98.6781
vt -52.8822 102.615
f 119/296/1 120/297/1 133/298/1 127/299/1 

v 263.399 225.75 -270.482
vt 2.62896 118.504
v 270.899 225.75 -262.982
vt -2.93881 118.504
f 120/202/59 119/201/59 154/300/59 155/301/59 

vn -5.89536e-16 -1.986e-16 -1
v 226.274 300 -270.482
v 230.155 299.797 -270.482
v 233.993 299.189 -270.482
v 237.746 298.183 -270.482
v 241.374 296.79 -270.482
v 244.837 295.026 -270.482
v 248.096 292.91 -270.482
v 251.116 290.464 -270.482
v 253.863 287.716 -270.482
v 256.309 284.697 -270.482
v 258.425 281.438 -270.482
v 260.19 277.975 -270.482
v 261.582 274.347 -270.482
v 262.588 270.594 -270.482
v 263.196 266.756 -270.482
v 263.399 262.875 -270.482
vt -98.8972 118.11
f 135/257/70 156/258/70 157/259/70 158/260/70 159/261/70 160/262/70 161/263/70 162/264/70 163/265/70 164/266/70 165/267/70 166/268/70 167/269/70 168/270/70 169/271/70 170/272/70 171/273/70 154/274/70 119/302/70 127/256/70 

v 226.274 300 -262.982
vt 79.409 98.6781
vt 79.409 102.615
f 134/289/66 172/303/66 156/304/66 135/218/66 

vt 52.8822 118.11
vn 5.98837e-16 1.2654e-16 1
vt 102.834 118.11
vt 102.834 118.504
v 263.399 225.75 -262.982
vt 98.8972 118.504
v 263.399 262.875 -262.982
vt 98.8972 137.992
v 263.196 266.756 -262.982
vt 98.7905 140.029
v 262.588 270.594 -262.982
vt 98.4713 142.044
v 261.582 274.347 -262.982
vt 97.9434 144.014
v 260.19 277.975 -262.982
vt 97.2124 145.919
v 258.425 281.438 -262.982
vt 96.2863 147.736
v 256.309 284.697 -262.982
vt 95.1753 149.447
v 253.863 287.716 -262.982
vt 93.8916 151.032
v 251.116 290.464 -262.982
vt 92.4492 152.475
v 248.096 292.91 -262.982
vt 90.8639 153.758
v 244.837 295.026 -262.982
vt 89.1531 154.869
v 241.374 296.79 -262.982
vt 87.3356 155.795
v 237.746 298.183 -262.982
vt 85.4312 156.526
v 233.993 299.189 -262.982
vt 83.4608 157.054
v 230.155 299.797 -262.982
vt 81.4461 157.374
vt 79.409 157.48
vt 52.8822 157.48
f 133/305/71 120/306/71 155/307/71 173/308/71 174/309/71 175/310/71 176/311/71 177/312/71 178/313/71 179/314/71 180/315/71 181/316/71 182/317/71 183/318/71 184/319/71 185/320/71 186/321/71 187/322/71 188/323/71 172/324/71 134/325/71 

vt 98.8972 98.6781
f 155/288/66 154/219/66 173/326/66

vt 102.615 137.992
vt 98.6781 137.992
vt 98.6781 118.504
vt 102.615 118.504
f 171/327/68 174/328/68 173/329/68 154/330/68 

vt 102.615 132.627
vn 0.99863 0.052336 -8.94112e-19
vt 102.615 134.667
vn 0.994522 0.104528 -4.4767e-19
vt 98.6781 134.667
vt 98.6781 132.627
f 171/331/72 170/332/73 175/333/73 174/334/72 

vt 102.615 122.851
vt 102.615 124.891
vn 0.978148 0.207912 -0
vt 98.6781 124.891
vt 98.6781 122.851
f 170/335/73 169/336/74 176/337/74 175/338/73 

vt 102.615 111.718
vt 102.615 113.758
vn 0.951057 0.309017 -0
vt 98.6781 113.758
vt 98.6781 111.718
f 169/339/74 168/340/75 177/341/75 176/342/74 

vt 102.615 99.3492
vt 102.615 101.389
vn 0.913545 0.406737 -0
vt 98.6781 101.389
vt 98.6781 99.3492
f 168/343/75 167/344/76 178/345/76 177/346/75 

vt 102.615 85.881
vt 102.615 87.9209
vn 0.866025 0.5 -0
vt 98.6781 87.9209
vt 98.6781 85.881
f 167/347/76 166/348/77 179/349/77 178/350/76 

vt 102.615 71.4607
vt 102.615 73.5006
vn 0.809017 0.587785 -0
vt 98.6781 73.5006
vt 98.6781 71.4607
f 166/351/77 165/352/78 180/353/78 179/354/77 

vt 102.615 56.2464
vt 102.615 58.2862
vn 0.743145 0.669131 -0
vt 98.6781 58.2862
vt 98.6781 56.2464
f 165/355/78 164/356/79 181/357/79 180/358/78 

vt 102.615 40.4046
vt 102.615 42.4444
vn 0.669131 0.743145 -0
vt 98.6781 42.4444
vt 98.6781 40.4046
f 164/359/79 163/360/80 182/361/80 181/362/79 

vt 102.615 24.1089
vt 102.615 26.1488
vn 0.587785 0.809017 -0
vt 98.6781 26.1488
vt 98.6781 24.1089
f 163/363/80 162/364/81 183/365/81 182/366/80 

vt 102.615 7.53795
vt 102.615 9.57782
vn 0.5 0.866025 -0
vt 98.6781 9.57782
vt 98.6781 7.53795
f 162/367/81 161/368/82 184/369/82 183/370/81 

vt 102.615 -9.12678
vt 102.615 -7.08691
vn 0.406737 0.913545 -0
vt 98.6781 -7.08691
vt 98.6781 -9.12678
f 161/371/82 160/372/83 185/373/83 184/374/82 

vt 102.615 -25.7027
vt 102.615 -23.6628
vn 0.309017 0.951057 -0
vt 98.6781 -23.6628
vt 98.6781 -25.7027
f 160/375/83 159/376/84 186/377/84 185/378/83 

vt 102.615 -42.0082
vt 102.615 -39.9683
vn 0.207912 0.978148 -0
vt 98.6781 -39.9683
vt 98.6781 -42.0082
f 159/379/84 158/380/85 187/381/85 186/382/84 

vt 102.615 -57.8646
vt 102.615 -55.8247
vn 0.104528 0.994522 -4.4767e-19
vt 98.6781 -55.8247
vt 98.6781 -57.8646
f 158/383/85 157/384/86 188/385/86 187/386/85 

vt 102.615 -73.0982
vt 102.615 -71.0583
vn 0.052336 0.99863 -8.94112e-19
vt 98.6781 -71.0583
vt 98.6781 -73.0982
f 157/387/86 156/388/87 172/389/87 188/390/86 

f 133/233/68 127/236/68 135/235/68 134/234/68 

v 226.274 300 -104.518
vt 79.409 15.4951
vt 79.409 19.4321
f 189/391/66 136/392/66 130/277/66 129/242/66 

vt 15.4951 -71.0583
vn 0.052336 0.99863 -0
v 230.155 299.797 -104.518
vt 15.4951 -73.0982
vn 0.104528 0.994522 8.46844e-17
vt 19.4321 -73.0982
vt 19.4321 -71.0583
f 189/393/88 190/394/89 137/395/89 136/396/88 

vn 5.94682e-16 2.42163e-16 1
vt 98.8972 118.11
v 263.399 225.75 -104.518
v 263.399 262.875 -104.518
v 263.196 266.756 -104.518
v 262.588 270.594 -104.518
v 261.582 274.347 -104.518
v 260.19 277.975 -104.518
v 258.425 281.438 -104.518
v 256.309 284.697 -104.518
v 253.863 287.716 -104.518
v 251.116 290.464 -104.518
v 248.096 292.91 -104.518
v 244.837 295.026 -104.518
v 241.374 296.79 -104.518
v 237.746 298.183 -104.518
v 233.993 299.189 -104.518
f 190/323/90 189/324/90 129/325/90 128/305/90 103/397/90 191/308/90 192/309/90 193/310/90 194/311/90 195/312/90 196/313/90 197/314/90 198/315/90 199/316/90 200/317/90 201/318/90 202/319/90 203/320/90 204/321/90 205/322/90 

vn 0.707107 0 0.707107
vt 86.4554 118.504
vt 80.8876 118.504
f 103/187/91 102/186/91 153/398/91 191/399/91 

vt 98.8972 19.4321
f 153/278/66 152/400/66 191/241/66

vt 19.4321 118.504
vt 19.4321 137.992
vt 15.4951 137.992
vt 15.4951 118.504
f 152/401/68 151/402/68 192/403/68 191/404/68 

vt 15.4951 134.667
vn 0.994522 0.104528 -3.97999e-17
vt 15.4951 132.627
vn 0.99863 0.052336 -0
vt 19.4321 132.627
vt 19.4321 134.667
f 193/405/92 192/406/93 151/407/93 150/408/92 

vt 15.4951 124.891
vn 0.978148 0.207912 -6.87226e-17
vt 15.4951 122.851
vt 19.4321 122.851
vt 19.4321 124.891
f 194/409/94 193/410/92 150/411/92 149/412/94 

vt 15.4951 113.758
vn 0.951057 0.309017 -4.66513e-17
vt 15.4951 111.718
vt 19.4321 111.718
vt 19.4321 113.758
f 195/413/95 194/414/94 149/415/94 148/416/95 

vt 15.4951 101.389
vn 0.913545 0.406737 -2.40688e-17
vt 15.4951 99.3492
vt 19.4321 99.3492
vt 19.4321 101.389
f 196/417/96 195/418/95 148/419/95 147/420/96 

vt 15.4951 87.9209
vn 0.866025 0.5 -1.22261e-18
vt 15.4951 85.881
vt 19.4321 85.881
vt 19.4321 87.9209
f 197/421/97 196/422/96 147/423/96 146/424/97 

vt 15.4951 73.5006
vn 0.809017 0.587785 2.1637e-17
vt 15.4951 71.4607
vt 19.4321 71.4607
vt 19.4321 73.5006
f 198/425/98 197/426/97 146/427/97 145/428/98 

vt 15.4951 58.2862
vn 0.743145 0.669131 4.42595e-17
vt 15.4951 56.2464
vt 19.4321 56.2464
vt 19.4321 58.2862
f 199/429/99 198/430/98 145/431/98 144/432/99 

vt 15.4951 42.4444
vn 0.669131 0.743145 6.63971e-17
vt 15.4951 40.4046
vt 19.4321 40.4046
vt 19.4321 42.4444
f 200/433/100 199/434/99 144/435/99 143/436/100 

vt 15.4951 26.1488
vn 0.587785 0.809017 8.78072e-17
vt 15.4951 24.1089
vt 19.4321 24.1089
vt 19.4321 26.1488
f 201/437/101 200/438/100 143/439/100 142/440/101 

vt 15.4951 9.57782
vn 0.5 0.866025 1.08255e-16
vt 15.4951 7.53795
vt 19.4321 7.53795
vt 19.4321 9.57782
f 202/441/102 201/442/101 142/443/101 141/444/102 

vt 15.4951 -7.08691
vn 0.406737 0.913545 1.27517e-16
vt 15.4951 -9.12678
vt 19.4321 -9.12678
vt 19.4321 -7.08691
f 203/445/103 202/446/102 141/447/102 140/448/103 

vt 15.4951 -23.6628
vn 0.309017 0.951057 1.45382e-16
vt 15.4951 -25.7027
vt 19.4321 -25.7027
vt 19.4321 -23.6628
f 204/449/104 203/450/103 140/451/103 139/452/104 

vt 15.4951 -39.9683
vn 0.207912 0.978148 1.61654e-16
vt 15.4951 -42.0082
vt 19.4321 -42.0082
vt 19.4321 -39.9683
f 205/453/105 204/454/104 139/455/104 138/456/105 

vt 15.4951 -55.8247
vt 15.4951 -57.8646
vt 19.4321 -57.8646
vt 19.4321 -55.8247
f 190/457/89 205/458/105 138/459/105 137/460/89 

vt 46.7769 1.2905
vt 46.7769 116.82
vt 40.8061 115.22
vt 35.0352 113.005
vt 29.5276 110.198
vt 24.3434 106.832
vt 19.5395 102.942
vt 15.1686 98.5707
vt 11.2785 93.7668
vt 7.91189 88.5827
vt 5.10558 83.075
vt 2.89036 77.3042
vt 1.2905 71.3334
vt 0.32351 65.2281
vt 0.32351 52.8822
vt 1.2905 46.7769
vt 2.89036 40.8061
vt 5.10558 35.0352
vt 7.91189 29.5276
vt 11.2785 24.3434
vt 15.1686 19.5395
vt 19.5395 15.1686
vt 24.3434 11.2785
vt 29.5276 7.91189
vt 35.0352 5.10558
vt 40.8061 2.89036
f 90/461/66 92/243/66 64/217/66 63/462/66 65/463/66 66/464/66 67/465/66 68/466/66 69/467/66 70/468/66 71/469/66 72/470/66 73/471/66 74/472/66 75/473/66 76/474/66 77/47/66 78/475/66 79/476/66 80/477/66 81/478/66 82/479/66 83/480/66 84/481/66 85/482/66 86/483/66 87/484/66 88/485/66 89/486/66 

g Mesh2 Group3 Group1 Model

usemtl FrontColor
v 337.336 150 -300
vt -177.079 157.48
v 412.336 150 -300
vt -216.449 157.48
v 412.336 150 -75
vt -216.449 39.3701
v 337.336 150 -75
vt -177.079 39.3701
v 326.84 150 -62.038
vt -171.569 32.5659
v 319.901 150 -55.0992
vt -167.927 28.9235
v 312.962 150 -48.1603
vt -164.285 25.281
v 297.71 150 -35.8093
vt -156.278 18.7975
v 281.25 150 -25.1202
vt -147.638 13.1865
v 263.763 150 -16.2102
vt -138.458 8.50931
v 245.441 150 -9.1769
vt -128.84 4.81727
v 226.483 150 -4.09732
vt -118.889 2.15083
v 207.099 150 -1.02714
vt -108.713 0.539184
v 187.5 150 -0
vt -98.4252 0
v 167.901 150 -1.02714
vt -88.137 0.539184
v 148.517 150 -4.09732
vt -77.9614 2.15083
v 129.559 150 -9.1769
vt -68.0101 4.81727
v 111.237 150 -16.2102
vt -58.3921 8.50931
v 93.75 150 -25.1202
vt -49.2126 13.1865
v 77.2903 150 -35.8093
vt -40.5723 18.7975
v 62.038 150 -48.1603
vt -32.5659 25.281
v 48.1603 150 -62.038
vt -25.281 32.5659
v 35.8093 150 -77.2903
vt -18.7975 40.5723
v 25.1202 150 -93.75
vt -13.1865 49.2126
v 16.2102 150 -111.237
vt -8.50931 58.3921
v 9.1769 150 -129.559
vt -4.81727 68.0101
v 4.09732 150 -148.517
vt -2.15083 77.9614
v 1.02714 150 -167.901
vt -0.539184 88.137
v 3.60956e-14 150 -187.5
vt -1.42109e-14 98.4252
v 1.02714 150 -207.099
vt -0.539184 108.713
v 4.09732 150 -226.483
vt -2.15083 118.889
v 9.1769 150 -245.441
vt -4.81727 128.84
v 16.2102 150 -263.763
vt -8.50931 138.458
v 25.1202 150 -281.25
vt -13.1865 147.638
v 35.8093 150 -297.71
vt -18.7975 156.278
v 48.1603 150 -312.962
vt -25.281 164.285
v 55.0992 150 -319.901
vt -28.9235 167.927
v 62.038 150 -326.84
vt -32.5659 171.569
v 77.2903 150 -339.191
vt -40.5723 178.053
v 93.75 150 -349.88
vt -49.2126 183.664
v 111.237 150 -358.79
vt -58.3921 188.341
v 129.559 150 -365.823
vt -68.0101 192.033
v 148.517 150 -370.903
vt -77.9614 194.7
v 167.901 150 -373.973
vt -88.137 196.311
v 187.5 150 -375
vt -98.4252 196.85
v 207.099 150 -373.973
vt -108.713 196.311
v 226.483 150 -370.903
vt -118.889 194.7
v 245.441 150 -365.823
vt -128.84 192.033
v 263.763 150 -358.79
vt -138.458 188.341
v 281.25 150 -349.88
vt -147.638 183.664
v 297.71 150 -339.191
vt -156.278 178.053
v 312.962 150 -326.84
vt -164.285 171.569
v 326.84 150 -312.962
vt -171.569 164.285
f 206/487/1 207/488/1 208/489/1 209/490/1 210/491/1 211/492/1 212/493/1 213/494/1 214/495/1 215/496/1 216/497/1 217/498/1 218/499/1 219/500/1 220/501/1 221/502/1 222/503/1 223/504/1 224/505/1 225/506/1 226/507/1 227/508/1 228/509/1 229/510/1 230/511/1 231/512/1 232/513/1 233/514/1 234/515/1 235/516/1 236/517/1 237/518/1 238/519/1 239/520/1 240/521/1 241/522/1 242/523/1 243/524/1 244/525/1 245/526/1 246/527/1 247/528/1 248/529/1 249/530/1 250/531/1 251/532/1 252/533/1 253/534/1 254/535/1 255/536/1 256/537/1 257/538/1 258/539/1 

vt -216.449 0
vn 0 0 -1
vt -177.079 0
v 337.336 153.75 -300
vt -177.079 1.9685
v 412.336 153.75 -300
vt -216.449 1.9685
f 207/540/106 206/541/106 259/542/106 260/543/106 

vt 10.9456 0
vn 0.777146 0 -0.62932
vt 19.7009 0
v 326.84 153.75 -312.962
vt 19.7009 1.9685
vt 10.9456 1.9685
f 206/544/107 258/545/57 261/546/57 259/547/107 

vt -5.15118 0
vt 5.15118 0
v 312.962 153.75 -326.84
vt 5.15118 1.9685
vt -5.15118 1.9685
f 258/548/57 257/549/58 262/550/58 261/551/57 

vt -19.7009 0
vt -9.39858 0
v 297.71 153.75 -339.191
vt -9.39858 1.9685
vt -19.7009 1.9685
f 257/552/58 256/553/60 263/554/60 262/555/58 

vt -34.0913 0
vt -23.7889 0
v 281.25 153.75 -349.88
vt -23.7889 1.9685
vt -34.0913 1.9685
f 256/556/60 255/557/61 264/558/61 263/559/60 

vt -48.1646 0
vt -37.8622 0
v 263.763 153.75 -358.79
vt -37.8622 1.9685
vt -48.1646 1.9685
f 255/560/61 254/561/62 265/562/62 264/563/61 

vt -61.7666 0
vt -51.4642 0
v 245.441 153.75 -365.823
vt -51.4642 1.9685
vt -61.7666 1.9685
f 254/564/62 253/565/63 266/566/63 265/567/62 

vt -74.7483 0
vt -64.4459 0
v 226.483 153.75 -370.903
vt -64.4459 1.9685
vt -74.7483 1.9685
f 253/568/63 252/569/64 267/570/64 266/571/63 

vt -86.9675 0
vt -76.6651 0
v 207.099 153.75 -373.973
vt -76.6651 1.9685
vt -86.9675 1.9685
f 252/572/64 251/573/65 268/574/65 267/575/64 

vt -98.2903 0
vt -87.988 0
vn 7.29584e-17 0 -1
v 187.5 153.75 -375
vt -87.988 1.9685
vt -98.2903 1.9685
f 251/576/65 250/577/108 269/578/108 268/579/65 

vt -108.593 0
vn -0.104528 0 -0.994522
v 167.901 153.75 -373.973
vt -108.593 1.9685
f 250/580/108 249/576/109 270/579/109 269/581/108 

vt -117.762 0
vt -107.459 0
vn -0.207912 0 -0.978148
v 148.517 153.75 -370.903
vt -107.459 1.9685
vt -117.762 1.9685
f 249/582/109 248/583/110 271/584/110 270/585/109 

vt -125.697 0
vt -115.395 0
v 129.559 153.75 -365.823
vt -115.395 1.9685
vt -125.697 1.9685
f 248/586/110 247/587/6 272/588/6 271/589/110 

vt -132.311 0
vt -122.009 0
v 111.237 153.75 -358.79
vt -122.009 1.9685
vt -132.311 1.9685
f 247/590/6 246/591/7 273/592/7 272/593/6 

vt -137.533 0
vt -127.23 0
v 93.75 153.75 -349.88
vt -127.23 1.9685
vt -137.533 1.9685
f 246/594/7 245/595/8 274/596/8 273/597/7 

vt -141.304 0
vt -131.001 0
v 77.2903 153.75 -339.191
vt -131.001 1.9685
vt -141.304 1.9685
f 245/598/8 244/599/9 275/600/9 274/601/8 

vt -143.583 0
vt -133.281 0
v 62.038 153.75 -326.84
vt -133.281 1.9685
vt -143.583 1.9685
f 244/602/9 243/603/10 276/604/10 275/605/9 

vt -144.345 0
vt -139.194 0
vn -0.707107 0 -0.707107
v 55.0992 153.75 -319.901
vt -139.194 1.9685
vt -144.345 1.9685
f 243/606/10 242/607/111 277/608/111 276/609/10 

vt -134.043 0
v 48.1603 153.75 -312.962
vt -134.043 1.9685
f 242/607/111 241/610/11 278/611/11 277/608/111 

v 35.8093 153.75 -297.71
f 241/602/11 240/603/12 279/604/12 278/605/11 

v 25.1202 153.75 -281.25
f 240/598/12 239/599/13 280/600/13 279/601/12 

v 16.2102 153.75 -263.763
f 239/594/13 238/595/14 281/596/14 280/597/13 

v 9.1769 153.75 -245.441
f 238/590/14 237/591/15 282/592/15 281/593/14 

v 4.09732 153.75 -226.483
f 237/586/15 236/587/16 283/588/16 282/589/15 

v 1.02714 153.75 -207.099
f 236/582/16 235/583/17 284/584/17 283/585/16 

vn -1 0 -2.18875e-16
v 3.60956e-14 153.75 -187.5
f 235/580/17 234/576/112 285/579/112 284/581/17 

v 1.02714 153.75 -167.901
f 234/576/112 233/577/19 286/578/19 285/579/112 

v 4.09732 153.75 -148.517
f 233/572/19 232/573/20 287/574/20 286/575/19 

v 9.1769 153.75 -129.559
f 232/568/20 231/569/21 288/570/21 287/571/20 

v 16.2102 153.75 -111.237
f 231/564/21 230/565/22 289/566/22 288/567/21 

v 25.1202 153.75 -93.75
f 230/560/22 229/561/23 290/562/23 289/563/22 

v 35.8093 153.75 -77.2903
f 229/556/23 228/557/24 291/558/24 290/559/23 

v 48.1603 153.75 -62.038
f 228/552/24 227/553/25 292/554/25 291/555/24 

v 62.038 153.75 -48.1603
f 227/548/25 226/549/26 293/550/26 292/551/25 

vt 9.39858 0
v 77.2903 153.75 -35.8093
vt 9.39858 1.9685
f 226/612/26 225/545/27 294/546/27 293/613/26 

vt 23.7889 0
vt 34.0913 0
v 93.75 153.75 -25.1202
vt 34.0913 1.9685
vt 23.7889 1.9685
f 225/614/27 224/615/28 295/616/28 294/617/27 

vt 37.8622 0
vt 48.1646 0
v 111.237 153.75 -16.2102
vt 48.1646 1.9685
vt 37.8622 1.9685
f 224/618/28 223/619/29 296/620/29 295/621/28 

vt 51.4642 0
vt 61.7666 0
v 129.559 153.75 -9.1769
vt 61.7666 1.9685
vt 51.4642 1.9685
f 223/622/29 222/623/30 297/624/30 296/625/29 

vt 64.4459 0
vt 74.7483 0
v 148.517 153.75 -4.09732
vt 74.7483 1.9685
vt 64.4459 1.9685
f 222/626/30 221/627/31 298/628/31 297/629/30 

vt 76.6651 0
vt 86.9675 0
v 167.901 153.75 -1.02714
vt 86.9675 1.9685
vt 76.6651 1.9685
f 221/630/31 220/631/32 299/632/32 298/633/31 

vt 87.988 0
vt 98.2903 0
vn -2.50143e-16 0 1
v 187.5 153.75 -0
vt 98.2903 1.9685
vt 87.988 1.9685
f 220/634/32 219/635/113 300/636/113 299/637/32 

vt 108.593 0
v 207.099 153.75 -1.02714
vt 108.593 1.9685
f 219/635/113 218/638/35 301/639/35 300/636/113 

vt 107.459 0
vt 117.762 0
v 226.483 153.75 -4.09732
vt 117.762 1.9685
vt 107.459 1.9685
f 218/640/35 217/641/36 302/642/36 301/643/35 

vt 115.395 0
vt 125.697 0
v 245.441 153.75 -9.1769
vt 125.697 1.9685
vt 115.395 1.9685
f 217/644/36 216/645/37 303/646/37 302/647/36 

vt 122.009 0
vt 132.311 0
v 263.763 153.75 -16.2102
vt 132.311 1.9685
vt 122.009 1.9685
f 216/648/37 215/649/38 304/650/38 303/651/37 

vt 127.23 0
vt 137.533 0
v 281.25 153.75 -25.1202
vt 137.533 1.9685
vt 127.23 1.9685
f 215/652/38 214/653/39 305/654/39 304/655/38 

vt 131.001 0
vt 141.304 0
v 297.71 153.75 -35.8093
vt 141.304 1.9685
vt 131.001 1.9685
f 214/656/39 213/657/40 306/658/40 305/659/39 

vt 133.281 0
vt 143.583 0
vn 0.669131 0 0.743145
v 312.962 153.75 -48.1603
vt 143.583 1.9685
vt 133.281 1.9685
f 213/660/40 212/661/114 307/662/114 306/663/40 

vt 134.043 0
vt 139.194 0
v 319.901 153.75 -55.0992
vt 139.194 1.9685
vt 134.043 1.9685
f 212/664/114 211/665/91 308/666/91 307/667/114 

vt 144.345 0
vn 0.743145 0 0.669131
v 326.84 153.75 -62.038
vt 144.345 1.9685
f 211/665/91 210/668/115 309/669/115 308/666/91 

vt 142.036 0
vn 0.777146 0 0.62932
v 337.336 153.75 -75
vt 142.036 1.9685
f 210/660/115 209/670/116 310/671/116 309/663/115 

vt 177.079 0
vn 0 0 1
vt 216.449 0
v 412.336 153.75 -75
vt 216.449 1.9685
vt 177.079 1.9685
f 209/672/117 208/673/117 311/674/117 310/675/117 

vt 39.3701 0
vn 1 0 2.40637e-16
vt 157.48 0
vt 157.48 1.9685
vt 39.3701 1.9685
f 208/676/118 207/677/118 260/678/118 311/679/118 

vt 216.449 157.48
vt 177.079 157.48
vt 171.569 164.285
vt 164.285 171.569
vt 156.278 178.053
vt 147.638 183.664
vt 138.458 188.341
vt 128.84 192.033
vt 118.889 194.7
vt 108.713 196.311
vt 98.4252 196.85
vt 88.137 196.311
vt 77.9614 194.7
vt 68.0101 192.033
vt 58.3921 188.341
vt 49.2126 183.664
vt 40.5723 178.053
vt 32.5659 171.569
vt 28.9235 167.927
vt 25.281 164.285
vt 18.7975 156.278
vt 13.1865 147.638
vt 8.50931 138.458
vt 4.81727 128.84
vt 2.15083 118.889
vt 0.539184 108.713
vt 1.42109e-14 98.4252
vt 0.539184 88.137
vt 2.15083 77.9614
vt 4.81727 68.0101
vt 8.50931 58.3921
vt 13.1865 49.2126
vt 18.7975 40.5723
vt 25.281 32.5659
vt 32.5659 25.281
vt 40.5723 18.7975
vt 49.2126 13.1865
vt 58.3921 8.50931
vt 68.0101 4.81727
vt 77.9614 2.15083
vt 88.137 0.539184
vt 98.4252 0
vt 108.713 0.539184
vt 118.889 2.15083
vt 128.84 4.81727
vt 138.458 8.50931
vt 147.638 13.1865
vt 156.278 18.7975
vt 164.285 25.281
vt 167.927 28.9235
vt 171.569 32.5659
vt 177.079 39.3701
vt 216.449 39.3701
f 260/680/66 259/681/66 261/682/66 262/683/66 263/684/66 264/685/66 265/686/66 266/687/66 267/688/66 268/689/66 269/690/66 270/691/66 271/692/66 272/693/66 273/694/66 274/695/66 275/696/66 276/697/66 277/698/66 278/699/66 279/700/66 280/701/66 281/702/66 282/703/66 283/704/66 284/705/66 285/706/66 286/707/66 287/708/66 288/709/66 289/710/66 290/711/66 291/712/66 292/713/66 293/714/66 294/715/66 295/716/66 296/717/66 297/718/66 298/719/66 299/720/66 300/721/66 301/722/66 302/723/66 303/724/66 304/725/66 305/726/66 306/727/66 307/728/66 308/729/66 309/730/66 310/731/66 311/732/66 

g Mesh3 Group4 Group1 Model

usemtl M_0063_GreenYellow
v 1213.13 1398.71 -182.5
vt -1.9685 16.1411
vn -0.257531 0.96627 3.21877e-15
v 1174.48 1388.41 -182.5
vt -1.9685 0.393043
v 1174.48 1388.41 -177.5
vt 2.84185e-27 0.393043
v 1213.13 1398.71 -177.5
vt -3.71845e-14 16.1411
f 312/733/119 313/734/119 314/735/119 315/736/119 

v 1205.96 1384.59 -182.5
vt -12.3904 0.0198972
vn -1.50337e-14 -6.75647e-16 -1
vt -2.00124e-13 1.5262
vt -15.2169 5.5818
v 1213.13 1388.41 -182.5
vt -15.2169 1.5262
v 1212.78 1387.79 -182.5
vt -15.0753 1.27984
v 1212.35 1387.2 -182.5
vt -14.9095 1.04914
v 1211.88 1386.66 -182.5
vt -14.7211 0.836473
v 1211.34 1386.17 -182.5
vt -14.5121 0.644047
v 1210.77 1385.74 -182.5
vt -14.2846 0.473853
v 1210.15 1385.37 -182.5
vt -14.041 0.327652
v 1209.5 1385.06 -182.5
vt -13.7838 0.206957
v 1208.81 1384.82 -182.5
vt -13.5157 0.113016
v 1208.11 1384.66 -182.5
vt -13.2394 0.0468014
v 1207.4 1384.56 -182.5
vt -12.9578 0.0089991
v 1206.68 1384.54 -182.5
vt -12.6738 1.33001e-15
f 316/737/120 313/738/120 312/739/120 317/740/120 318/741/120 319/742/120 320/743/120 321/744/120 322/745/120 323/746/120 324/747/120 325/748/120 326/749/120 327/750/120 328/751/120 

vt -1.9685 0.184184
vn -0.120681 -0.992691 2.48499e-15
vt -1.9685 -12.2975
v 1205.96 1384.59 -177.5
vt 5.61835e-14 -12.2975
vt 4.68193e-27 0.184184
f 313/752/121 316/753/121 329/754/121 314/755/121 

vt -1.9685 -12.3586
vn -0.0700334 -0.997545 1.72685e-15
vt -1.9685 -12.6427
vn -0.0192042 -0.999816 9.64232e-16
v 1206.68 1384.54 -177.5
vt 1.13553e-13 -12.6427
vt 1.06564e-13 -12.3586
f 316/756/122 328/757/123 330/758/123 329/759/122 

vt 1.9685 12.6675
vt 1.9685 12.9516
vn 0.0824716 -0.996593 -5.66505e-16
v 1207.4 1384.56 -177.5
vt 2.8041e-13 12.9516
vt 2.78625e-13 12.6675
f 328/760/123 327/761/124 331/762/124 330/763/123 

vt 1.9685 12.8438
vt 1.9685 13.1279
vn 0.183294 -0.983058 -2.09138e-15
v 1208.11 1384.66 -177.5
vt 6.65467e-14 13.1279
vt 6.93628e-14 12.8438
f 327/764/124 326/765/125 332/766/125 331/767/124 

vt 1.9685 12.8857
vt 1.9685 13.1698
vn 0.28222 -0.95935 -3.59461e-15
v 1208.81 1384.82 -177.5
vt 3.38655e-14 13.1698
vt 3.72402e-14 12.8857
f 326/768/125 325/769/126 333/770/126 332/771/125 

vt 1.9685 12.7928
vt 1.9685 13.0769
vn 0.378225 -0.925714 -5.06064e-15
v 1209.5 1385.06 -177.5
vt 1.83124e-14 13.0769
vt 2.18263e-14 12.7928
f 325/772/126 324/773/127 334/774/127 333/775/126 

vt 1.9685 12.5661
vt 1.9685 12.8502
vn 0.470316 -0.882498 -6.47431e-15
v 1210.15 1385.37 -177.5
vt 3.6502e-14 12.8502
vt 1.15766e-14 12.5661
f 324/776/127 323/777/128 335/778/128 334/779/127 

vt 1.9685 12.2078
vt 1.9685 12.492
vn 0.55754 -0.83015 -7.82097e-15
v 1210.77 1385.74 -177.5
vt 2.87052e-14 12.492
vt 3.20932e-14 12.2078
f 323/780/128 322/781/129 336/782/129 335/783/128 

vt 1.9685 11.7218
vt 1.9685 12.0059
vn 0.638994 -0.769211 -9.0867e-15
v 1211.34 1386.17 -177.5
vt 2.23098e-14 12.0059
vt 2.55243e-14 11.7218
f 322/784/129 321/785/130 337/786/130 336/787/129 

vt 1.9685 11.113
vt 1.9685 11.3971
vn 0.713836 -0.700313 -1.02584e-14
v 1211.88 1386.66 -177.5
vt 1.68656e-14 11.3971
vt 1.98545e-14 11.113
f 321/788/130 320/789/131 338/790/131 337/791/130 

vt 1.9685 10.3877
vt 1.9685 10.6718
vn 0.781291 -0.624167 -1.13239e-14
v 1212.35 1387.2 -177.5
vt 1.21529e-14 10.6718
vt 1.48724e-14 10.3877
f 320/792/131 319/793/132 339/794/132 338/795/131 

vt 1.9685 9.55342
vt 1.9685 9.83753
vn 0.840661 -0.541562 -1.22723e-14
v 1212.78 1387.79 -177.5
vt 8.05692e-15 9.83753
vt 1.04692e-14 9.55342
f 319/796/132 318/797/133 340/798/133 339/799/132 

vt 1.9685 8.61883
vt 1.9685 8.90294
vn 0.867119 -0.498102 -1.26994e-14
v 1213.13 1388.41 -177.5
vt 4.51471e-15 8.90294
vt 6.58728e-15 8.61883
f 318/800/133 317/801/134 341/802/134 340/803/133 

vt 1.9685 1.5262
vn 1 0 -1.50337e-14
vt 1.9685 5.5818
vt -1.39117e-15 5.5818
vt -1.39117e-15 1.5262
f 317/804/135 312/805/135 315/806/135 341/807/135 

vt 2.27374e-13 1.5262
vn 1.50337e-14 6.75647e-16 1
vt 12.3904 0.0198972
vt 12.6738 5.68746e-30
vt 12.9578 0.0089991
vt 13.2394 0.0468014
vt 13.5157 0.113016
vt 13.7838 0.206957
vt 14.041 0.327652
vt 14.2846 0.473853
vt 14.5121 0.644047
vt 14.7211 0.836473
vt 14.9095 1.04914
vt 15.0753 1.27984
vt 15.2169 1.5262
vt 15.2169 5.5818
f 314/808/136 329/809/136 330/810/136 331/811/136 332/812/136 333/813/136 334/814/136 335/815/136 336/816/136 337/817/136 338/818/136 339/819/136 340/820/136 341/821/136 315/822/136 

g Mesh4 Group4 Group1 Model

v 1174.48 1388.41 -192.5
vt 1.45625e-13 1.5262
v 1205.96 1384.59 -192.5
v 1206.68 1384.54 -192.5
vt 12.6738 3.99004e-15
v 1207.4 1384.56 -192.5
v 1208.11 1384.66 -192.5
v 1208.81 1384.82 -192.5
v 1209.5 1385.06 -192.5
v 1210.15 1385.37 -192.5
v 1210.77 1385.74 -192.5
v 1211.34 1386.17 -192.5
v 1211.88 1386.66 -192.5
v 1212.35 1387.2 -192.5
v 1212.78 1387.79 -192.5
v 1213.13 1388.41 -192.5
v 1213.13 1398.71 -192.5
f 342/823/136 343/809/136 344/824/136 345/811/136 346/812/136 347/813/136 348/814/136 349/815/136 350/816/136 351/817/136 352/818/136 353/819/136 354/820/136 355/821/136 356/822/136 

vt -5.90551 -12.2975
vt -5.90551 0.184184
v 1174.48 1388.41 -197.5
vt -7.87402 0.184184
v 1205.96 1384.59 -197.5
vt -7.87402 -12.2975
f 343/825/121 342/826/121 357/827/121 358/828/121 

vt -5.90551 0.393043
vt -5.90551 16.1411
v 1213.13 1398.71 -197.5
vt -7.87402 16.1411
vt -7.87402 0.393043
f 342/829/119 356/830/119 359/831/119 357/832/119 

vt 5.90551 5.5818
vt 5.90551 1.5262
v 1213.13 1388.41 -197.5
vt 7.87402 1.5262
vt 7.87402 5.5818
f 356/833/135 355/834/135 360/835/135 359/836/135 

vt 5.90551 8.90294
vt 5.90551 8.61883
v 1212.78 1387.79 -197.5
vt 7.87402 8.61883
vt 7.87402 8.90294
f 355/837/134 354/838/133 361/839/133 360/840/134 

vt 5.90551 9.83753
vt 5.90551 9.55342
v 1212.35 1387.2 -197.5
vt 7.87402 9.55342
vt 7.87402 9.83753
f 354/841/133 353/842/132 362/843/132 361/844/133 

vt 5.90551 10.6718
vt 5.90551 10.3877
v 1211.88 1386.66 -197.5
vt 7.87402 10.3877
vt 7.87402 10.6718
f 353/845/132 352/846/131 363/847/131 362/848/132 

vt 5.90551 11.3971
vt 5.90551 11.113
v 1211.34 1386.17 -197.5
vt 7.87402 11.113
vt 7.87402 11.3971
f 352/849/131 351/850/130 364/851/130 363/852/131 

vt 5.90551 12.0059
vt 5.90551 11.7218
v 1210.77 1385.74 -197.5
vt 7.87402 11.7218
vt 7.87402 12.0059
f 351/853/130 350/854/129 365/855/129 364/856/130 

vt 5.90551 12.492
vt 5.90551 12.2078
v 1210.15 1385.37 -197.5
vt 7.87402 12.2078
vt 7.87402 12.492
f 350/857/129 349/858/128 366/859/128 365/860/129 

vt 5.90551 12.8502
vt 5.90551 12.5661
v 1209.5 1385.06 -197.5
vt 7.87402 12.5661
vt 7.87402 12.8502
f 349/861/128 348/862/127 367/863/127 366/864/128 

vt 5.90551 13.0769
vt 5.90551 12.7928
v 1208.81 1384.82 -197.5
vt 7.87402 12.7928
vt 7.87402 13.0769
f 348/865/127 347/866/126 368/867/126 367/868/127 

vt 5.90551 13.1698
vt 5.90551 12.8857
v 1208.11 1384.66 -197.5
vt 7.87402 12.8857
vt 7.87402 13.1698
f 347/869/126 346/870/125 369/871/125 368/872/126 

vt 5.90551 13.1279
vt 5.90551 12.8438
v 1207.4 1384.56 -197.5
vt 7.87402 12.8438
vt 7.87402 13.1279
f 346/873/125 345/874/124 370/875/124 369/876/125 

vt 5.90551 12.9516
vt 5.90551 12.6675
v 1206.68 1384.54 -197.5
vt 7.87402 12.6675
vt 7.87402 12.9516
f 345/877/124 344/878/123 371/879/123 370/880/124 

vt -5.90551 -12.6427
vt -5.90551 -12.3586
vt -7.87402 -12.3586
vt -7.87402 -12.6427
f 344/881/123 343/882/122 358/883/122 371/884/123 

vn -1.48419e-14 -2.74105e-15 -1
vt -12.6738 2.1583e-14
f 358/737/137 370/750/137 371/885/137

f 370/750/137 358/737/137 369/749/137

vt -1.16865e-13 1.5262
f 369/749/137 358/737/137 357/886/137

f 369/749/137 357/886/137 368/748/137

f 368/748/137 357/886/137 367/747/137

f 367/747/137 357/886/137 366/746/137

f 366/746/137 357/886/137 365/745/137

f 365/745/137 357/886/137 364/744/137

f 364/744/137 357/886/137 363/743/137

f 363/743/137 357/886/137 362/742/137

f 362/742/137 357/886/137 361/741/137

f 361/741/137 357/886/137 360/740/137

v 1206.5 1389.25 -197.5
vt -12.6062 1.85529
f 360/740/137 357/886/137 372/887/137

v 1206.26 1389.29 -197.5
vt -12.5089 1.8731
f 372/887/137 357/886/137 373/888/137

v 1206.02 1389.36 -197.5
vt -12.414 1.90098
f 373/888/137 357/886/137 374/889/137

v 1205.78 1389.46 -197.5
vt -12.3226 1.93862
f 374/889/137 357/886/137 375/890/137

v 1205.56 1389.58 -197.5
vt -12.2356 1.98562
f 375/890/137 357/886/137 376/891/137

v 1205.36 1389.72 -197.5
vt -12.1539 2.04146
f 376/891/137 357/886/137 377/892/137

v 1205.16 1389.88 -197.5
vt -12.0786 2.10553
f 377/892/137 357/886/137 378/893/137

v 1204.99 1390.07 -197.5
vt -12.0103 2.17712
f 378/893/137 357/886/137 379/894/137

v 1204.84 1390.27 -197.5
vt -11.95 2.25545
f 379/894/137 357/886/137 380/895/137

v 1204.71 1390.48 -197.5
vt -11.8981 2.33966
f 380/895/137 357/886/137 381/896/137

v 1204.6 1390.71 -197.5
vt -11.8553 2.42884
f 381/896/137 357/886/137 382/897/137

v 1204.51 1390.94 -197.5
vt -11.8221 2.522
f 382/897/137 357/886/137 383/898/137

v 1204.45 1391.19 -197.5
vt -11.7988 2.61811
f 383/898/137 357/886/137 384/899/137

v 1204.42 1391.44 -197.5
vt -11.7857 2.71614
f 384/899/137 357/886/137 385/900/137

v 1204.41 1391.69 -197.5
vt -11.7829 2.815
f 385/900/137 357/886/137 386/901/137

v 1204.43 1391.94 -197.5
vt -11.7904 2.91362
f 386/901/137 357/886/137 387/902/137

v 1204.48 1392.18 -197.5
vt -11.8082 3.01091
f 387/902/137 357/886/137 388/903/137

v 1204.55 1392.42 -197.5
vt -11.8361 3.1058
f 388/903/137 357/886/137 389/904/137

v 1204.64 1392.66 -197.5
vt -11.8737 3.19725
f 389/904/137 357/886/137 390/905/137

v 1204.76 1392.88 -197.5
vt -11.9207 3.28428
f 390/905/137 357/886/137 391/906/137

v 1204.9 1393.09 -197.5
vt -11.9766 3.36591
f 391/906/137 357/886/137 392/907/137

v 1205.07 1393.28 -197.5
vt -12.0407 3.44125
f 392/907/137 357/886/137 393/908/137

v 1205.25 1393.45 -197.5
vt -12.1122 3.50949
f 393/908/137 357/886/137 394/909/137

v 1205.45 1393.6 -197.5
vt -12.1906 3.56987
f 394/909/137 357/886/137 395/910/137

f 395/910/137 357/886/137 359/739/137

v 1205.66 1393.74 -197.5
vt -12.2748 3.62174
f 395/910/137 359/739/137 396/911/137

v 1205.89 1393.84 -197.5
vt -12.364 3.66451
f 396/911/137 359/739/137 397/912/137

v 1206.13 1393.93 -197.5
vt -12.4571 3.69773
f 397/912/137 359/739/137 398/913/137

v 1206.37 1393.99 -197.5
vt -12.5532 3.72103
f 398/913/137 359/739/137 399/914/137

v 1206.62 1394.02 -197.5
vt -12.6513 3.73416
f 399/914/137 359/739/137 400/915/137

v 1206.87 1394.03 -197.5
vt -12.7501 3.73696
f 400/915/137 359/739/137 401/916/137

v 1207.12 1394.01 -197.5
vt -12.8487 3.72942
f 359/739/137 402/917/137 401/916/137

v 1207.37 1393.96 -197.5
vt -12.946 3.71161
f 359/739/137 403/918/137 402/917/137

v 1207.61 1393.89 -197.5
vt -13.0409 3.68373
f 359/739/137 404/919/137 403/918/137

v 1207.84 1393.8 -197.5
vt -13.1324 3.64609
f 359/739/137 405/920/137 404/919/137

v 1208.06 1393.68 -197.5
vt -13.2194 3.59909
f 359/739/137 406/921/137 405/920/137

v 1208.27 1393.54 -197.5
vt -13.301 3.54325
f 359/739/137 407/922/137 406/921/137

v 1208.46 1393.37 -197.5
vt -13.3764 3.47918
f 359/739/137 408/923/137 407/922/137

v 1208.63 1393.19 -197.5
vt -13.4446 3.40759
f 359/739/137 409/924/137 408/923/137

v 1208.79 1392.99 -197.5
vt -13.505 3.32926
f 359/739/137 410/925/137 409/924/137

v 1208.92 1392.78 -197.5
vt -13.5569 3.24504
f 359/739/137 411/926/137 410/925/137

v 1209.03 1392.55 -197.5
vt -13.5996 3.15587
f 359/739/137 412/927/137 411/926/137

v 1209.11 1392.32 -197.5
vt -13.6329 3.06271
f 359/739/137 413/928/137 412/927/137

v 1209.17 1392.07 -197.5
vt -13.6562 2.96659
f 359/739/137 414/929/137 413/928/137

v 1209.2 1391.82 -197.5
vt -13.6693 2.86857
f 359/739/137 415/930/137 414/929/137

v 1209.21 1391.57 -197.5
vt -13.6721 2.7697
f 359/739/137 416/931/137 415/930/137

v 1209.19 1391.32 -197.5
vt -13.6645 2.67109
f 359/739/137 417/932/137 416/931/137

v 1209.15 1391.07 -197.5
vt -13.6467 2.5738
f 359/739/137 418/933/137 417/932/137

v 1209.08 1390.83 -197.5
vt -13.6189 2.47891
f 359/739/137 419/934/137 418/933/137

v 1208.98 1390.6 -197.5
vt -13.5812 2.38745
f 359/739/137 420/935/137 419/934/137

f 360/740/137 420/935/137 359/739/137

v 1208.86 1390.38 -197.5
vt -13.5342 2.30043
f 420/935/137 360/740/137 421/936/137

v 1208.72 1390.17 -197.5
vt -13.4784 2.2188
f 421/936/137 360/740/137 422/937/137

v 1208.56 1389.98 -197.5
vt -13.4143 2.14345
f 422/937/137 360/740/137 423/938/137

v 1208.37 1389.81 -197.5
vt -13.3427 2.07522
f 423/938/137 360/740/137 424/939/137

v 1208.18 1389.65 -197.5
vt -13.2644 2.01484
f 424/939/137 360/740/137 425/940/137

v 1207.96 1389.52 -197.5
vt -13.1802 1.96297
f 425/940/137 360/740/137 426/941/137

v 1207.74 1389.41 -197.5
vt -13.091 1.9202
f 426/941/137 360/740/137 427/942/137

v 1207.5 1389.33 -197.5
vt -12.9978 1.88698
f 427/942/137 360/740/137 428/943/137

v 1207.25 1389.27 -197.5
vt -12.9017 1.86368
f 428/943/137 360/740/137 429/944/137

v 1207.01 1389.24 -197.5
vt -12.8037 1.85055
f 429/944/137 360/740/137 430/945/137

v 1206.75 1389.23 -197.5
vt -12.7048 1.84774
f 430/945/137 360/740/137 431/946/137

f 360/740/137 372/887/137 431/946/137

usemtl FrontColor
vt -7.87402 -12.5269
vn -0.0239714 -0.999713 2.86278e-20
vt -7.87402 -12.428
vn -0.128338 -0.99173 1.08149e-19
v 1206.5 1389.25 -199.5
vt -8.66142 -12.428
v 1206.75 1389.23 -199.5
vt -8.66142 -12.5269
f 431/947/138 372/948/139 432/949/139 433/950/138 

v 1206.5 1389.25 -175.5
vt 0.787402 -12.428
vn -0.128338 -0.99173 1.39831e-14
vn -0.0239714 -0.999713 1.27799e-14
v 1206.75 1389.23 -175.5
vt 0.787402 -12.5269
f 434/951/140 372/948/140 431/947/141 435/952/141 

v 1206.26 1389.29 -175.5
vt 0.787402 -11.9672
vn -0.231299 -0.972883 1.50332e-14
vt -7.87402 -11.9672
vt -7.87402 -12.0661
vt 0.787402 -12.0661
f 436/953/142 373/954/142 372/955/140 434/956/140 

v 1206.02 1389.36 -175.5
vt 0.787402 -11.3747
vn -0.331726 -0.943376 1.59187e-14
vt -7.87402 -11.3747
vt -7.87402 -11.4736
vt 0.787402 -11.4736
f 437/957/143 374/958/143 373/959/142 436/960/142 

v 1205.78 1389.46 -175.5
vt 0.787402 -10.657
vn -0.428519 -0.903533 1.66297e-14
vt -7.87402 -10.657
vt -7.87402 -10.7559
vt 0.787402 -10.7559
f 438/961/144 375/962/144 374/963/143 437/964/143 

v 1205.56 1389.58 -175.5
vt 0.787402 -9.82207
vn -0.520616 -0.853791 1.71584e-14
vt -7.87402 -9.82207
vt -7.87402 -9.92097
vt 0.787402 -9.92097
f 439/965/145 376/966/145 375/967/144 438/968/144 

v 1205.36 1389.72 -175.5
vt 0.787402 -8.87895
vn -0.60701 -0.794695 1.74992e-14
vt -7.87402 -8.87895
vt -7.87402 -8.97785
vt 0.787402 -8.97785
f 440/969/146 377/970/146 376/971/145 439/972/145 

v 1205.16 1389.88 -175.5
vt 0.787402 -7.83801
vn -0.686753 -0.726891 1.76483e-14
vt -7.87402 -7.83801
vt -7.87402 -7.93692
vt 0.787402 -7.93692
f 441/973/147 378/974/147 377/975/146 440/976/146 

v 1204.99 1390.07 -175.5
vt 0.787402 -6.71066
vn -0.758971 -0.651124 1.76039e-14
vt -7.87402 -6.71066
vt -7.87402 -6.80956
vt 0.787402 -6.80956
f 442/977/148 379/978/148 378/979/147 441/980/147 

v 1204.84 1390.27 -175.5
vt 0.787402 -5.50924
vn -0.822875 -0.568223 1.73667e-14
vt -7.87402 -5.50924
vt -7.87402 -5.60814
vt 0.787402 -5.60814
f 443/981/149 380/982/149 379/983/148 442/984/148 

v 1204.71 1390.48 -175.5
vt 0.787402 -4.24692
vn -0.877762 -0.479097 1.69391e-14
vt -7.87402 -4.24692
vt -7.87402 -4.34582
vt 0.787402 -4.34582
f 444/985/150 381/986/150 380/987/149 443/988/149 

v 1204.6 1390.71 -175.5
vt 0.787402 -2.93752
vn -0.923033 -0.384721 1.63261e-14
vt -7.87402 -2.93752
vt -7.87402 -3.03642
vt 0.787402 -3.03642
f 445/989/151 382/990/151 381/991/150 444/992/150 

v 1204.51 1390.94 -175.5
vt 0.787402 -1.5954
vn -0.958191 -0.28613 1.55343e-14
vt -7.87402 -1.5954
vt -7.87402 -1.6943
vt 0.787402 -1.6943
f 446/993/152 383/994/152 382/995/151 445/996/151 

v 1204.45 1391.19 -175.5
vt 0.787402 -0.23526
vn -0.98285 -0.184404 1.45722e-14
vt -7.87402 -0.23526
vt -7.87402 -0.334163
vt 0.787402 -0.334163
f 447/997/153 384/998/153 383/999/152 446/1000/152 

v 1204.42 1391.44 -175.5
vt 0.787402 1.128
vn -0.996742 -0.0806584 1.34504e-14
vt -7.87402 1.128
vt -7.87402 1.0291
vt 0.787402 1.0291
f 448/1001/154 385/1002/154 384/1003/153 447/1004/153 

v 1204.41 1391.69 -175.5
vt 0.787402 2.47944
vn -0.999713 0.0239714 1.21813e-14
vt -7.87402 2.47944
vt -7.87402 2.38054
vt 0.787402 2.38054
f 449/1005/155 386/1006/155 385/1007/154 448/1008/154 

v 1204.43 1391.94 -175.5
vt 0.787402 3.80426
vn -0.99173 0.128338 1.07787e-14
vt -7.87402 3.80426
vt -7.87402 3.70536
vt 0.787402 3.70536
f 450/1009/156 387/1010/156 386/1011/155 449/1012/155 

v 1204.48 1392.18 -175.5
vt 0.787402 5.08795
vn -0.972883 0.231299 9.25809e-15
vt -7.87402 5.08795
vt -7.87402 4.98904
vt 0.787402 4.98904
f 451/1013/157 388/1014/157 387/1015/156 450/1016/156 

v 1204.55 1392.42 -175.5
vt 0.787402 6.31643
vn -0.943376 0.331726 7.63591e-15
vt -7.87402 6.31643
vt -7.87402 6.21752
vt 0.787402 6.21752
f 452/1017/158 389/1018/158 388/1019/157 451/1020/157 

v 1204.64 1392.66 -175.5
vt 0.787402 7.47624
vn -0.903533 0.428519 5.93014e-15
vt -7.87402 7.47624
vt -7.87402 7.37734
vt 0.787402 7.37734
f 453/1021/159 390/1022/159 389/1023/158 452/1024/158 

v 1204.76 1392.88 -175.5
vt 0.787402 8.55469
vn -0.853791 0.520616 4.15946e-15
vt -7.87402 8.55469
vt -7.87402 8.45579
vt 0.787402 8.45579
f 454/1025/160 391/1026/160 390/1027/159 453/1028/159 

v 1204.9 1393.09 -175.5
vt 0.787402 9.53995
vn -0.794695 0.60701 2.34314e-15
vt -7.87402 9.53995
vt -7.87402 9.44105
vt 0.787402 9.44105
f 455/1029/161 392/1030/161 391/1031/160 454/1032/160 

v 1205.07 1393.28 -175.5
vt 0.787402 10.4212
vn -0.726891 0.686753 5.01061e-16
vt -7.87402 10.4212
vt -7.87402 10.3223
vt 0.787402 10.3223
f 456/1033/162 393/1034/162 392/1035/161 455/1036/161 

v 1205.25 1393.45 -175.5
vt 0.787402 11.1889
vn -0.651124 0.758971 -1.34643e-15
vt -7.87402 11.1889
vt -7.87402 11.09
vt 0.787402 11.09
f 457/1037/163 394/1038/163 393/1039/162 456/1040/162 

v 1205.45 1393.6 -175.5
vt 0.787402 11.8345
vn -0.568223 0.822875 -3.17913e-15
vt -7.87402 11.8345
vt -7.87402 11.7356
vt 0.787402 11.7356
f 458/1041/164 395/1042/164 394/1043/163 457/1044/163 

v 1205.66 1393.74 -175.5
vt 0.787402 12.351
vn -0.479097 0.877762 -4.97701e-15
vt -7.87402 12.351
vt -7.87402 12.2521
vt 0.787402 12.2521
f 459/1045/165 396/1046/165 395/1047/164 458/1048/164 

v 1205.89 1393.84 -175.5
vt 0.787402 12.7327
vn -0.384721 0.923033 -6.72032e-15
vt -7.87402 12.7327
vt -7.87402 12.6338
vt 0.787402 12.6338
f 460/1049/166 397/1050/166 396/1051/165 459/1052/165 

v 1206.13 1393.93 -175.5
vt 0.787402 12.9754
vn -0.28613 0.958191 -8.39013e-15
vt -7.87402 12.9754
vt -7.87402 12.8765
vt 0.787402 12.8765
f 461/1053/167 398/1054/167 397/1055/166 460/1056/166 

v 1206.37 1393.99 -175.5
vt 0.787402 13.0765
vn -0.184404 0.98285 -9.96793e-15
vt -7.87402 13.0765
vt -7.87402 12.9776
vt 0.787402 12.9776
f 462/1057/168 399/1058/168 398/1059/167 461/1060/167 

v 1206.62 1394.02 -175.5
vt 0.787402 13.0349
vn -0.0806584 0.996742 -1.14365e-14
vt -7.87402 13.0349
vt -7.87402 12.936
vt 0.787402 12.936
f 463/1061/169 400/1062/169 399/1063/168 462/1064/168 

v 1206.87 1394.03 -175.5
vt 0.787402 12.8511
vn 0.0239714 0.999713 -1.27798e-14
vt -7.87402 12.8511
vt -7.87402 12.7522
vt 0.787402 12.7522
f 464/1065/170 401/1066/170 400/1067/169 463/1068/169 

v 1207.12 1394.01 -175.5
vt -0.787402 -12.5269
vn 0.128338 0.99173 -1.39832e-14
vt 7.87402 -12.5269
vt 7.87402 -12.428
vt -0.787402 -12.428
f 465/1069/171 402/1070/171 401/1071/170 464/1072/170 

v 1207.37 1393.96 -175.5
vt -0.787402 -12.0661
vn 0.231299 0.972883 -1.50333e-14
vt 7.87402 -12.0661
vt 7.87402 -11.9672
vt -0.787402 -11.9672
f 466/1073/172 403/1074/172 402/1075/171 465/1076/171 

v 1207.61 1393.89 -175.5
vt -0.787402 -11.4736
vn 0.331726 0.943376 -1.59187e-14
vt 7.87402 -11.4736
vt 7.87402 -11.3747
vt -0.787402 -11.3747
f 467/1077/173 404/1078/173 403/1079/172 466/1080/172 

v 1207.84 1393.8 -175.5
vt -0.787402 -10.7559
vn 0.428519 0.903533 -1.66296e-14
vt 7.87402 -10.7559
vt 7.87402 -10.657
vt -0.787402 -10.657
f 468/1081/174 405/1082/174 404/1083/173 467/1084/173 

v 1208.06 1393.68 -175.5
vt -0.787402 -9.92097
vn 0.520616 0.853791 -1.71582e-14
vt 7.87402 -9.92097
vt 7.87402 -9.82207
vt -0.787402 -9.82207
f 469/1085/175 406/1086/175 405/1087/174 468/1088/174 

v 1208.27 1393.54 -175.5
vt -0.787402 -8.97785
vn 0.60701 0.794695 -1.74989e-14
vt 7.87402 -8.97785
vt 7.87402 -8.87895
vt -0.787402 -8.87895
f 470/1089/176 407/1090/176 406/1091/175 469/1092/175 

v 1208.46 1393.37 -175.5
vt -0.787402 -7.93692
vn 0.686753 0.726891 -1.7648e-14
vt 7.87402 -7.93692
vt 7.87402 -7.83801
vt -0.787402 -7.83801
f 471/1093/177 408/1094/177 407/1095/176 470/1096/176 

v 1208.63 1393.19 -175.5
vt -0.787402 -6.80956
vn 0.758971 0.651124 -1.76038e-14
vt 7.87402 -6.80956
vt 7.87402 -6.71066
vt -0.787402 -6.71066
f 472/1097/178 409/1098/178 408/1099/177 471/1100/177 

v 1208.79 1392.99 -175.5
vt -0.787402 -5.60814
vn 0.822875 0.568223 -1.73668e-14
vt 7.87402 -5.60814
vt 7.87402 -5.50924
vt -0.787402 -5.50924
f 473/1101/179 410/1102/179 409/1103/178 472/1104/178 

v 1208.92 1392.78 -175.5
vt -0.787402 -4.34582
vn 0.877762 0.479097 -1.69394e-14
vt 7.87402 -4.34582
vt 7.87402 -4.24692
vt -0.787402 -4.24692
f 474/1105/180 411/1106/180 410/1107/179 473/1108/179 

v 1209.03 1392.55 -175.5
vt -0.787402 -3.03642
vn 0.923033 0.384721 -1.63262e-14
vt 7.87402 -3.03642
vt 7.87402 -2.93752
vt -0.787402 -2.93752
f 475/1109/181 412/1110/181 411/1111/180 474/1112/180 

v 1209.11 1392.32 -175.5
vt -0.787402 -1.6943
vn 0.958191 0.28613 -1.55344e-14
vt 7.87402 -1.6943
vt 7.87402 -1.5954
vt -0.787402 -1.5954
f 476/1113/182 413/1114/182 412/1115/181 475/1116/181 

v 1209.17 1392.07 -175.5
vt -0.787402 -0.334163
vn 0.98285 0.184404 -1.45723e-14
vt 7.87402 -0.334163
vt 7.87402 -0.23526
vt -0.787402 -0.23526
f 477/1117/183 414/1118/183 413/1119/182 476/1120/182 

v 1209.2 1391.82 -175.5
vt -0.787402 1.0291
vn 0.996742 0.0806584 -1.34505e-14
vt 7.87402 1.0291
vt 7.87402 1.128
vt -0.787402 1.128
f 478/1121/184 415/1122/184 414/1123/183 477/1124/183 

v 1209.21 1391.57 -175.5
vt -0.787402 2.38054
vn 0.999713 -0.0239714 -1.21813e-14
vt 7.87402 2.38054
vt 7.87402 2.47944
vt -0.787402 2.47944
f 479/1125/185 416/1126/185 415/1127/184 478/1128/184 

v 1209.19 1391.32 -175.5
vt -0.787402 3.70536
vn 0.99173 -0.128338 -1.07787e-14
vt 7.87402 3.70536
vt 7.87402 3.80426
vt -0.787402 3.80426
f 480/1129/186 417/1130/186 416/1131/185 479/1132/185 

v 1209.15 1391.07 -175.5
vt -0.787402 4.98904
vn 0.972883 -0.231299 -9.25803e-15
vt 7.87402 4.98904
vt 7.87402 5.08795
vt -0.787402 5.08795
f 481/1133/187 418/1134/187 417/1135/186 480/1136/186 

v 1209.08 1390.83 -175.5
vt -0.787402 6.21752
vn 0.943376 -0.331726 -7.63592e-15
vt 7.87402 6.21752
vt 7.87402 6.31643
vt -0.787402 6.31643
f 482/1137/188 419/1138/188 418/1139/187 481/1140/187 

v 1208.98 1390.6 -175.5
vt -0.787402 7.37734
vn 0.903533 -0.428519 -5.93028e-15
vt 7.87402 7.37734
vt 7.87402 7.47624
vt -0.787402 7.47624
f 483/1141/189 420/1142/189 419/1143/188 482/1144/188 

v 1208.86 1390.38 -175.5
vt -0.787402 8.45579
vn 0.853791 -0.520616 -4.15955e-15
vt 7.87402 8.45579
vt 7.87402 8.55469
vt -0.787402 8.55469
f 484/1145/190 421/1146/190 420/1147/189 483/1148/189 

v 1208.72 1390.17 -175.5
vt -0.787402 9.44105
vn 0.794695 -0.60701 -2.34304e-15
vt 7.87402 9.44105
vt 7.87402 9.53995
vt -0.787402 9.53995
f 485/1149/191 422/1150/191 421/1151/190 484/1152/190 

v 1208.56 1389.98 -175.5
vt -0.787402 10.3223
vn 0.726891 -0.686753 -5.01052e-16
vt 7.87402 10.3223
vt 7.87402 10.4212
vt -0.787402 10.4212
f 486/1153/192 423/1154/192 422/1155/191 485/1156/191 

v 1208.37 1389.81 -175.5
vt -0.787402 11.09
vn 0.651124 -0.758971 1.34634e-15
vt 7.87402 11.09
vt 7.87402 11.1889
vt -0.787402 11.1889
f 487/1157/193 424/1158/193 423/1159/192 486/1160/192 

v 1208.18 1389.65 -175.5
vt -0.787402 11.7356
vn 0.568223 -0.822875 3.17913e-15
vt 7.87402 11.7356
vt 7.87402 11.8345
vt -0.787402 11.8345
f 488/1161/194 425/1162/194 424/1163/193 487/1164/193 

v 1207.96 1389.52 -175.5
vt -0.787402 12.2521
vn 0.479097 -0.877762 4.97732e-15
vt 7.87402 12.2521
vt 7.87402 12.351
vt -0.787402 12.351
f 489/1165/195 426/1166/195 425/1167/194 488/1168/194 

v 1207.74 1389.41 -175.5
vt -0.787402 12.6338
vn 0.384721 -0.923033 6.72062e-15
vt 7.87402 12.6338
vt 7.87402 12.7327
vt -0.787402 12.7327
f 490/1169/196 427/1170/196 426/1171/195 489/1172/195 

v 1207.5 1389.33 -175.5
vt -0.787402 12.8765
vn 0.28613 -0.958191 8.3901e-15
vt 7.87402 12.8765
vt 7.87402 12.9754
vt -0.787402 12.9754
f 491/1173/197 428/1174/197 427/1175/196 490/1176/196 

v 1207.25 1389.27 -175.5
vt -0.787402 12.9776
vn 0.184404 -0.98285 9.96794e-15
vt 7.87402 12.9776
vt 7.87402 13.0765
vt -0.787402 13.0765
f 492/1177/198 429/1178/198 428/1179/197 491/1180/197 

v 1207.01 1389.24 -175.5
vt -0.787402 12.936
vn 0.0806584 -0.996742 1.14366e-14
vt 7.87402 12.936
vt 7.87402 13.0349
vt -0.787402 13.0349
f 493/1181/199 430/1182/199 429/1183/198 492/1184/198 

vt -0.787402 12.7522
vt 7.87402 12.7522
vt 7.87402 12.8511
vt -0.787402 12.8511
f 435/1185/141 431/1186/141 430/1187/199 493/1188/199 

vn 0.0806584 -0.996742 -7.95211e-20
vt 8.66142 12.7522
v 1207.01 1389.24 -199.5
vt 8.66142 12.8511
f 430/1187/200 431/1186/138 433/1189/138 494/1190/200 

v 1207.96 1389.52 -199.5
vn -1.41033e-14 -7.69778e-15 -1
v 1207.74 1389.41 -199.5
v 1207.5 1389.33 -199.5
v 1207.25 1389.27 -199.5
v 1206.26 1389.29 -199.5
v 1206.02 1389.36 -199.5
v 1205.78 1389.46 -199.5
v 1205.56 1389.58 -199.5
v 1205.36 1389.72 -199.5
v 1205.16 1389.88 -199.5
v 1204.99 1390.07 -199.5
v 1204.84 1390.27 -199.5
v 1204.71 1390.48 -199.5
v 1204.6 1390.71 -199.5
v 1204.51 1390.94 -199.5
v 1204.45 1391.19 -199.5
v 1204.42 1391.44 -199.5
v 1204.41 1391.69 -199.5
v 1204.43 1391.94 -199.5
v 1204.48 1392.18 -199.5
v 1204.55 1392.42 -199.5
v 1204.64 1392.66 -199.5
v 1204.76 1392.88 -199.5
v 1204.9 1393.09 -199.5
v 1205.07 1393.28 -199.5
v 1205.25 1393.45 -199.5
v 1205.45 1393.6 -199.5
v 1205.66 1393.74 -199.5
v 1205.89 1393.84 -199.5
v 1206.13 1393.93 -199.5
v 1206.37 1393.99 -199.5
v 1206.62 1394.02 -199.5
v 1206.87 1394.03 -199.5
v 1207.12 1394.01 -199.5
v 1207.37 1393.96 -199.5
v 1207.61 1393.89 -199.5
v 1207.84 1393.8 -199.5
v 1208.06 1393.68 -199.5
v 1208.27 1393.54 -199.5
v 1208.46 1393.37 -199.5
v 1208.63 1393.19 -199.5
v 1208.79 1392.99 -199.5
v 1208.92 1392.78 -199.5
v 1209.03 1392.55 -199.5
v 1209.11 1392.32 -199.5
v 1209.17 1392.07 -199.5
v 1209.2 1391.82 -199.5
v 1209.21 1391.57 -199.5
v 1209.19 1391.32 -199.5
v 1209.15 1391.07 -199.5
v 1209.08 1390.83 -199.5
v 1208.98 1390.6 -199.5
v 1208.86 1390.38 -199.5
v 1208.72 1390.17 -199.5
v 1208.56 1389.98 -199.5
v 1208.37 1389.81 -199.5
v 1208.18 1389.65 -199.5
f 495/941/201 496/942/201 497/943/201 498/944/201 494/945/201 433/946/201 432/887/201 499/888/201 500/889/201 501/890/201 502/891/201 503/892/201 504/893/201 505/894/201 506/895/201 507/896/201 508/897/201 509/898/201 510/899/201 511/900/201 512/901/201 513/902/201 514/903/201 515/904/201 516/905/201 517/906/201 518/907/201 519/908/201 520/909/201 521/910/201 522/911/201 523/912/201 524/913/201 525/914/201 526/915/201 527/916/201 528/917/201 529/918/201 530/919/201 531/920/201 532/921/201 533/922/201 534/923/201 535/924/201 536/925/201 537/926/201 538/927/201 539/928/201 540/929/201 541/930/201 542/931/201 543/932/201 544/933/201 545/934/201 546/935/201 547/936/201 548/937/201 549/938/201 550/939/201 551/940/201 

vn 0.479097 -0.877762 -3.2767e-19
vn 0.384721 -0.923033 -5.13152e-20
vt 8.66142 12.6338
vt 8.66142 12.7327
f 426/1171/202 427/1170/203 496/1191/203 495/1192/202 

vn 0.28613 -0.958191 2.65052e-27
vt 8.66142 12.8765
vt 8.66142 12.9754
f 427/1175/203 428/1174/204 497/1193/204 496/1194/203 

vn 0.184404 -0.98285 1.42164e-27
vt 8.66142 12.9776
vt 8.66142 13.0765
f 428/1179/204 429/1178/205 498/1195/205 497/1196/204 

vt 8.66142 12.936
vt 8.66142 13.0349
f 429/1183/205 430/1182/200 494/1197/200 498/1198/205 

vn 0.568223 -0.822875 -2.76355e-19
vt 8.66142 12.2521
vt 8.66142 12.351
f 425/1167/206 426/1166/202 495/1199/202 551/1200/206 

vn 0.651124 -0.758971 -0
vt 8.66142 11.7356
vt 8.66142 11.8345
f 424/1163/207 425/1162/206 551/1201/206 550/1202/207 

vn 0.726891 -0.686753 -1.06725e-18
vt 8.66142 11.09
vt 8.66142 11.1889
f 423/1159/208 424/1158/207 550/1203/207 549/1204/208 

vn 0.794695 -0.60701 -1.06725e-18
vt 8.66142 10.3223
vt 8.66142 10.4212
f 422/1155/209 423/1154/208 549/1205/208 548/1206/209 

vn 0.853791 -0.520616 4.52202e-19
vt 8.66142 9.44105
vt 8.66142 9.53995
f 421/1151/210 422/1150/209 548/1207/209 547/1208/210 

vn 0.903533 -0.428519 1.09992e-18
vt 8.66142 8.45579
vt 8.66142 8.55469
f 420/1147/211 421/1146/210 547/1209/210 546/1210/211 

vn 0.943376 -0.331726 1.43753e-18
vt 8.66142 7.37734
vt 8.66142 7.47624
f 419/1143/212 420/1142/211 546/1211/211 545/1212/212 

vn 0.972883 -0.231299 7.89818e-19
vt 8.66142 6.21752
vt 8.66142 6.31643
f 418/1139/213 419/1138/212 545/1213/212 544/1214/213 

vn 0.99173 -0.128338 -1.74601e-19
vt 8.66142 4.98904
vt 8.66142 5.08795
f 417/1135/214 418/1134/213 544/1215/213 543/1216/214 

vn 0.999713 -0.0239714 -1.74601e-19
vt 8.66142 3.70536
vt 8.66142 3.80426
f 416/1131/215 417/1130/214 543/1217/214 542/1218/215 

vn 0.996742 0.0806584 3.47124e-19
vt 8.66142 2.38054
vt 8.66142 2.47944
f 415/1127/216 416/1126/215 542/1219/215 541/1220/216 

vn 0.98285 0.184404 3.47124e-19
vt 8.66142 1.0291
vt 8.66142 1.128
f 414/1123/217 415/1122/216 541/1221/216 540/1222/217 

vn 0.958191 0.28613 -9.41048e-28
vt 8.66142 -0.334163
vt 8.66142 -0.23526
f 413/1119/218 414/1118/217 540/1223/217 539/1224/218 

vn 0.923033 0.384721 1.21177e-18
vt 8.66142 -1.6943
vt 8.66142 -1.5954
f 412/1115/219 413/1114/218 539/1225/218 538/1226/219 

vn 0.877762 0.479097 1.21177e-18
vt 8.66142 -3.03642
vt 8.66142 -2.93752
f 411/1111/220 412/1110/219 538/1227/219 537/1228/220 

vn 0.822875 0.568223 1.10951e-18
vt 8.66142 -4.34582
vt 8.66142 -4.24692
f 410/1107/221 411/1106/220 537/1229/220 536/1230/221 

vn 0.758971 0.651124 1.10951e-18
vt 8.66142 -5.60814
vt 8.66142 -5.50924
f 409/1103/222 410/1102/221 536/1231/221 535/1232/222 

vn 0.686753 0.726891 1.06725e-18
vt 8.66142 -6.80956
vt 8.66142 -6.71066
f 408/1099/223 409/1098/222 535/1233/222 534/1234/223 

vn 0.60701 0.794695 1.06725e-18
vt 8.66142 -7.93692
vt 8.66142 -7.83801
f 407/1095/224 408/1094/223 534/1235/223 533/1236/224 

vn 0.520616 0.853791 1.33146e-18
vt 8.66142 -8.97785
vt 8.66142 -8.87895
f 406/1091/225 407/1090/224 533/1237/224 532/1238/225 

vn 0.428519 0.903533 2.64977e-19
vt 8.66142 -9.92097
vt 8.66142 -9.82207
f 405/1087/226 406/1086/225 532/1239/225 531/1240/226 

vn 0.331726 0.943376 -1.06648e-18
vt 8.66142 -10.7559
vt 8.66142 -10.657
f 404/1083/227 405/1082/226 531/1241/226 530/1242/227 

vn 0.231299 0.972883 -1.06787e-27
vt 8.66142 -11.4736
vt 8.66142 -11.3747
f 403/1079/228 404/1078/227 530/1243/227 529/1244/228 

vn 0.128338 0.99173 -1.08149e-19
vt 8.66142 -12.0661
vt 8.66142 -11.9672
f 402/1075/229 403/1074/228 529/1245/228 528/1246/229 

vn 0.0239714 0.999713 -1.8767e-19
vt 8.66142 -12.5269
vt 8.66142 -12.428
f 401/1071/230 402/1070/229 528/1247/229 527/1248/230 

vn -0.0806584 0.996742 2.92312e-19
vt -8.66142 12.8511
vt -8.66142 12.7522
f 400/1067/231 401/1066/230 527/1249/230 526/1250/231 

vn -0.184404 0.98285 3.71833e-19
vt -8.66142 13.0349
vt -8.66142 12.936
f 399/1063/232 400/1062/231 526/1251/231 525/1252/232 

vn -0.28613 0.958191 2.34315e-27
vt -8.66142 13.0765
vt -8.66142 12.9776
f 398/1059/233 399/1058/232 525/1253/232 524/1254/233 

vn -0.384721 0.923033 -5.13152e-20
vt -8.66142 12.9754
vt -8.66142 12.8765
f 397/1055/234 398/1054/233 524/1255/233 523/1256/234 

vn -0.479097 0.877762 -3.2767e-19
vt -8.66142 12.7327
vt -8.66142 12.6338
f 396/1051/235 397/1050/234 523/1257/234 522/1258/235 

vn -0.568223 0.822875 -2.76355e-19
vt -8.66142 12.351
vt -8.66142 12.2521
f 395/1047/236 396/1046/235 522/1259/235 521/1260/236 

vn -0.651124 0.758971 -0
vt -8.66142 11.8345
vt -8.66142 11.7356
f 394/1043/237 395/1042/236 521/1261/236 520/1262/237 

vn -0.726891 0.686753 -1.06725e-18
vt -8.66142 11.1889
vt -8.66142 11.09
f 393/1039/238 394/1038/237 520/1263/237 519/1264/238 

vn -0.794695 0.60701 -1.06725e-18
vt -8.66142 10.4212
vt -8.66142 10.3223
f 392/1035/239 393/1034/238 519/1265/238 518/1266/239 

vn -0.853791 0.520616 -4.52202e-19
vt -8.66142 9.53995
vt -8.66142 9.44105
f 391/1031/240 392/1030/239 518/1267/239 517/1268/240 

vn -0.903533 0.428519 1.95514e-19
vt -8.66142 8.55469
vt -8.66142 8.45579
f 390/1027/241 391/1026/240 517/1269/240 516/1270/241 

vn -0.943376 0.331726 1.43753e-18
vt -8.66142 7.47624
vt -8.66142 7.37734
f 389/1023/242 390/1022/241 516/1271/241 515/1272/242 

vn -0.972883 0.231299 7.89818e-19
vt -8.66142 6.31643
vt -8.66142 6.21752
f 388/1019/243 389/1018/242 515/1273/242 514/1274/243 

vn -0.99173 0.128338 -1.74601e-19
vt -8.66142 5.08795
vt -8.66142 4.98904
f 387/1015/244 388/1014/243 514/1275/243 513/1276/244 

vn -0.999713 0.0239714 -1.74601e-19
vt -8.66142 3.80426
vt -8.66142 3.70536
f 386/1011/245 387/1010/244 513/1277/244 512/1278/245 

vn -0.996742 -0.0806584 3.47124e-19
vt -8.66142 2.47944
vt -8.66142 2.38054
f 385/1007/246 386/1006/245 512/1279/245 511/1280/246 

vn -0.98285 -0.184404 3.47124e-19
vt -8.66142 1.128
vt -8.66142 1.0291
f 384/1003/247 385/1002/246 511/1281/246 510/1282/247 

vn -0.958191 -0.28613 -9.41048e-28
vt -8.66142 -0.23526
vt -8.66142 -0.334163
f 383/999/248 384/998/247 510/1283/247 509/1284/248 

vn -0.923033 -0.384721 1.21177e-18
vt -8.66142 -1.5954
vt -8.66142 -1.6943
f 382/995/249 383/994/248 509/1285/248 508/1286/249 

vn -0.877762 -0.479097 1.21177e-18
vt -8.66142 -2.93752
vt -8.66142 -3.03642
f 381/991/250 382/990/249 508/1287/249 507/1288/250 

vn -0.822875 -0.568223 -1.10951e-18
vt -8.66142 -4.24692
vt -8.66142 -4.34582
f 380/987/251 381/986/250 507/1289/250 506/1290/251 

vn -0.758971 -0.651124 -1.10951e-18
vt -8.66142 -5.50924
vt -8.66142 -5.60814
f 379/983/252 380/982/251 506/1291/251 505/1292/252 

vn -0.686753 -0.726891 1.06725e-18
vt -8.66142 -6.71066
vt -8.66142 -6.80956
f 378/979/253 379/978/252 505/1293/252 504/1294/253 

vn -0.60701 -0.794695 1.06725e-18
vt -8.66142 -7.83801
vt -8.66142 -7.93692
f 377/975/254 378/974/253 504/1295/253 503/1296/254 

vn -0.520616 -0.853791 1.33146e-18
vt -8.66142 -8.87895
vt -8.66142 -8.97785
f 376/971/255 377/970/254 503/1297/254 502/1298/255 

vn -0.428519 -0.903533 2.64977e-19
vt -8.66142 -9.82207
vt -8.66142 -9.92097
f 375/967/256 376/966/255 502/1299/255 501/1300/256 

vn -0.331726 -0.943376 -1.06648e-18
vt -8.66142 -10.657
vt -8.66142 -10.7559
f 374/963/257 375/962/256 501/1301/256 500/1302/257 

vn -0.231299 -0.972883 -8.32944e-28
vt -8.66142 -11.3747
vt -8.66142 -11.4736
f 373/959/258 374/958/257 500/1303/257 499/1304/258 

vt -8.66142 -11.9672
vt -8.66142 -12.0661
f 372/955/139 373/954/258 499/1305/258 432/1306/139 

vt 13.091 1.9202
vn 1.41033e-14 7.69778e-15 1
vt 13.1802 1.96297
vt 13.2644 2.01484
vt 13.3427 2.07522
vt 13.4143 2.14345
vt 13.4784 2.2188
vt 13.5342 2.30043
vt 13.5812 2.38745
vt 13.6189 2.47891
vt 13.6467 2.5738
vt 13.6645 2.67109
vt 13.6721 2.7697
vt 13.6693 2.86857
vt 13.6562 2.96659
vt 13.6329 3.06271
vt 13.5996 3.15587
vt 13.5569 3.24504
vt 13.505 3.32926
vt 13.4446 3.40759
vt 13.3764 3.47918
vt 13.301 3.54325
vt 13.2194 3.59909
vt 13.1324 3.64609
vt 13.0409 3.68373
vt 12.946 3.71161
vt 12.8487 3.72942
vt 12.7501 3.73696
vt 12.6513 3.73416
vt 12.5532 3.72103
vt 12.4571 3.69773
vt 12.364 3.66451
vt 12.2748 3.62174
vt 12.1906 3.56987
vt 12.1122 3.50949
vt 12.0407 3.44125
vt 11.9766 3.36591
vt 11.9207 3.28428
vt 11.8737 3.19725
vt 11.8361 3.1058
vt 11.8082 3.01091
vt 11.7904 2.91362
vt 11.7829 2.815
vt 11.7857 2.71614
vt 11.7988 2.61811
vt 11.8221 2.522
vt 11.8553 2.42884
vt 11.8981 2.33966
vt 11.95 2.25545
vt 12.0103 2.17712
vt 12.0786 2.10553
vt 12.1539 2.04146
vt 12.2356 1.98562
vt 12.3226 1.93862
vt 12.414 1.90098
vt 12.5089 1.8731
vt 12.6062 1.85529
vt 12.7048 1.84774
vt 12.8037 1.85055
vt 12.9017 1.86368
vt 12.9978 1.88698
f 490/1307/259 489/1308/259 488/1309/259 487/1310/259 486/1311/259 485/1312/259 484/1313/259 483/1314/259 482/1315/259 481/1316/259 480/1317/259 479/1318/259 478/1319/259 477/1320/259 476/1321/259 475/1322/259 474/1323/259 473/1324/259 472/1325/259 471/1326/259 470/1327/259 469/1328/259 468/1329/259 467/1330/259 466/1331/259 465/1332/259 464/1333/259 463/1334/259 462/1335/259 461/1336/259 460/1337/259 459/1338/259 458/1339/259 457/1340/259 456/1341/259 455/1342/259 454/1343/259 453/1344/259 452/1345/259 451/1346/259 450/1347/259 449/1348/259 448/1349/259 447/1350/259 446/1351/259 445/1352/259 444/1353/259 443/1354/259 442/1355/259 441/1356/259 440/1357/259 439/1358/259 438/1359/259 437/1360/259 436/1361/259 434/1362/259 435/1363/259 493/1364/259 492/1365/259 491/1366/259 

g Mesh5 Group7 Group6 Group5 Group1 Model

usemtl M_0063_GreenYellow
v 780.84 1329.19 -112.5
vt 489.057 35.336
vn -3.31805e-14 -3.20193e-14 1
v 778.274 1325.24 -112.5
vt 487.205 35.4331
v 856.216 1280.24 -112.5
vt 487.205 1.77636e-13
v 858.355 1284.43 -112.5
vt 489.057 0.097053
v 860.043 1288.83 -112.5
vt 490.888 0.387149
v 861.262 1293.38 -112.5
vt 492.679 0.867109
v 861.999 1298.03 -112.5
vt 494.411 1.53167
v 862.245 1302.74 -112.5
vt 496.063 2.37357
v 861.999 1307.44 -112.5
vt 497.618 3.38356
v 861.262 1312.09 -112.5
vt 499.059 4.55058
v 860.043 1316.64 -112.5
vt 500.371 5.86186
v 858.355 1321.04 -112.5
vt 501.538 7.30302
v 856.216 1325.24 -112.5
vt 502.548 8.85827
v 853.651 1329.19 -112.5
vt 503.39 10.5106
v 850.687 1332.85 -112.5
vt 504.054 12.2418
v 847.356 1336.18 -112.5
vt 504.534 14.0331
v 843.696 1339.14 -112.5
vt 504.824 15.8647
v 839.745 1341.71 -112.5
vt 504.921 17.7165
v 835.548 1343.84 -112.5
vt 504.824 19.5684
v 831.151 1345.53 -112.5
vt 504.534 21.4
v 826.601 1346.75 -112.5
vt 504.054 23.1912
v 821.949 1347.49 -112.5
vt 503.39 24.9225
v 817.245 1347.74 -112.5
vt 502.548 26.5748
v 812.541 1347.49 -112.5
vt 501.538 28.1301
v 807.889 1346.75 -112.5
vt 500.371 29.5712
v 803.34 1345.53 -112.5
vt 499.059 30.8825
v 798.942 1343.84 -112.5
vt 497.618 32.0495
v 794.745 1341.71 -112.5
vt 496.063 33.0595
v 790.795 1339.14 -112.5
vt 494.411 33.9014
v 787.134 1336.18 -112.5
vt 492.679 34.566
v 783.804 1332.85 -112.5
vt 490.888 35.0459
f 552/1367/260 553/1368/260 554/1369/260 555/1370/260 556/1371/260 557/1372/260 558/1373/260 559/1374/260 560/1375/260 561/1376/260 562/1377/260 563/1378/260 564/1379/260 565/1380/260 566/1381/260 567/1382/260 568/1383/260 569/1384/260 570/1385/260 571/1386/260 572/1387/260 573/1388/260 574/1389/260 575/1390/260 576/1391/260 577/1392/260 578/1393/260 579/1394/260 580/1395/260 581/1396/260 582/1397/260 

vt -1.46974e-11 -484.683
vn -0.838671 0.544639 9.98848e-16
vt -1.47542e-11 -486.537
vn -0.809017 0.587785 1.15429e-15
v 780.84 1329.19 -262.5
vt 59.0551 -486.537
v 778.274 1325.24 -262.5
vt 59.0551 -484.683
f 553/1398/261 552/1399/262 583/1400/262 584/1401/261 

vt 6.81173e-14 -477.508
vt 7.45997e-14 -479.362
vn -0.743145 0.669131 6.61077e-16
v 783.804 1332.85 -262.5
vt 59.0551 -479.362
vt 59.0551 -477.508
f 552/1402/262 582/1403/263 585/1404/263 583/1405/262 

vt 7.45997e-14 -465.091
vt 7.39903e-14 -466.945
vn -0.669131 0.743145 -6.33566e-16
v 787.134 1336.18 -262.5
vt 59.0551 -466.945
vt 59.0551 -465.091
f 582/1406/263 581/1407/264 586/1408/264 585/1409/263 

vt 7.39903e-14 -447.569
vt 8.05069e-14 -449.423
vn -0.587785 0.809017 -1.92127e-15
v 790.795 1339.14 -262.5
vt 59.0551 -449.423
vt 59.0551 -447.569
f 581/1410/264 580/1411/265 587/1412/265 586/1413/264 

vt 8.05069e-14 -425.132
vt 1.59959e-14 -426.987
vn -0.5 0.866025 -3.18792e-15
v 794.745 1341.71 -262.5
vt 59.0551 -426.987
vt 59.0551 -425.132
f 580/1414/265 579/1415/266 588/1416/266 587/1417/265 

vt 1.59959e-14 -398.028
vt 1.54669e-14 -399.882
vn -0.406737 0.913545 -4.41964e-15
v 798.942 1343.84 -262.5
vt 59.0551 -399.882
vt 59.0551 -398.028
f 579/1418/266 578/1419/267 589/1420/267 588/1421/266 

vt 1.54669e-14 -366.553
vt 7.89255e-14 -368.407
vn -0.309017 0.951057 -5.60294e-15
v 803.34 1345.53 -262.5
vt 59.0551 -368.407
vt 59.0551 -366.553
f 578/1422/267 577/1423/268 590/1424/268 589/1425/267 

vt 7.89255e-14 -331.051
vt 8.55849e-14 -332.905
vn -0.207912 0.978148 -6.72486e-15
v 807.889 1346.75 -262.5
vt 59.0551 -332.905
vt 59.0551 -331.051
f 577/1426/268 576/1427/269 591/1428/269 590/1429/268 

vt 8.55849e-14 -291.912
vt 2.83445e-14 -293.767
vn -0.104528 0.994522 -7.77309e-15
v 812.541 1347.49 -262.5
vt 59.0551 -293.767
vt 59.0551 -291.912
f 576/1430/269 575/1431/270 592/1432/270 591/1433/269 

vt 2.83445e-14 -249.565
vt 7.77389e-14 -251.42
vn 3.32649e-15 1 -8.73616e-15
v 817.245 1347.74 -262.5
vt 59.0551 -251.42
vt 59.0551 -249.565
f 575/1434/270 574/1435/271 593/1436/271 592/1437/270 

vt 7.77389e-14 -204.474
vt 8.45579e-14 -206.328
vn 0.104528 0.994522 -9.60352e-15
v 821.949 1347.49 -262.5
vt 59.0551 -206.328
vt 59.0551 -204.474
f 574/1438/271 573/1439/272 594/1440/272 593/1441/271 

vt 8.45579e-14 -157.132
vt 7.0121e-14 -158.986
vn 0.207912 0.978148 -1.03657e-14
v 826.601 1346.75 -262.5
vt 59.0551 -158.986
vt 59.0551 -157.132
f 573/1442/272 572/1443/273 595/1444/273 594/1445/272 

vt 7.0121e-14 -108.058
vt 7.70632e-14 -109.912
vn 0.309017 0.951057 -1.10142e-14
v 831.151 1345.53 -262.5
vt 59.0551 -109.912
vt 59.0551 -108.058
f 572/1446/273 571/1447/274 596/1448/274 595/1449/273 

vt 7.70632e-14 -57.79
vt 8.40699e-14 -59.6444
vn 0.406737 0.913545 -1.15421e-14
v 835.548 1343.84 -262.5
vt 59.0551 -59.6444
vt 59.0551 -57.79
f 571/1450/274 570/1451/275 597/1452/275 596/1453/274 

vt 8.40699e-14 -6.87886
vt 8.40369e-14 -8.73328
vn 0.5 0.866025 -1.19436e-14
v 839.745 1341.71 -262.5
vt 59.0551 -8.73328
vt 59.0551 -6.87886
f 570/1454/275 569/1455/276 598/1456/276 597/1457/275 

vt 8.40369e-14 44.1178
vt 8.40699e-14 42.2634
vn 0.587785 0.809017 -1.22141e-14
v 843.696 1339.14 -262.5
vt 59.0551 42.2634
vt 59.0551 44.1178
f 569/1458/276 568/1459/277 599/1460/277 598/1461/276 

vt 8.40699e-14 94.6412
vt 9.1274e-14 92.7868
vn 0.669131 0.743145 -1.23509e-14
v 847.356 1336.18 -262.5
vt 59.0551 92.7868
vt 59.0551 94.6412
f 568/1462/277 567/1463/278 600/1464/278 599/1465/277 

vt 9.1274e-14 144.138
vt 8.43319e-14 142.284
vn 0.743145 0.669131 -1.23523e-14
v 850.687 1332.85 -262.5
vt 59.0551 142.284
vt 59.0551 144.138
f 567/1466/278 566/1467/279 601/1468/279 600/1469/278 

vt 8.43319e-14 192.066
vt 3.48199e-14 190.211
vn 0.809017 0.587785 -1.22185e-14
v 853.651 1329.19 -262.5
vt 59.0551 190.211
vt 59.0551 192.066
f 566/1470/279 565/1471/280 602/1472/280 601/1473/279 

vt 3.48199e-14 237.899
vt 8.48443e-14 236.045
vn 0.866025 0.5 -1.19507e-14
v 856.216 1325.24 -262.5
vt 59.0551 236.045
vt 59.0551 237.899
f 565/1474/280 564/1475/281 603/1476/281 602/1477/280 

vt 8.48443e-14 281.136
vt 8.51879e-14 279.282
vn 0.913545 0.406737 -1.1552e-14
v 858.355 1321.04 -262.5
vt 59.0551 279.282
vt 59.0551 281.136
f 564/1478/281 563/1479/282 604/1480/282 603/1481/281 

vt 8.51879e-14 321.303
vt 3.58469e-14 319.449
vn 0.951057 0.309017 -1.10267e-14
v 860.043 1316.64 -262.5
vt 59.0551 319.449
vt 59.0551 321.303
f 563/1482/282 562/1483/283 605/1484/283 604/1485/282 

vt 3.58469e-14 357.96
vt 2.91875e-14 356.106
vn 0.978148 0.207912 -1.03807e-14
v 861.262 1312.09 -262.5
vt 59.0551 356.106
vt 59.0551 357.96
f 562/1486/283 561/1487/284 606/1488/284 605/1489/283 

vt 2.91875e-14 390.706
vt 3.67832e-14 388.851
vn 0.994522 0.104528 -9.62086e-15
v 861.999 1307.44 -262.5
vt 59.0551 388.851
vt 59.0551 390.706
f 561/1490/284 560/1491/285 607/1492/285 606/1493/284 

vt 3.67832e-14 419.181
vt 1.01261e-13 417.326
vn 1 7.52836e-15 -8.75564e-15
v 862.245 1302.74 -262.5
vt 59.0551 417.326
vt 59.0551 419.181
f 560/1494/285 559/1495/286 608/1496/286 607/1497/285 

vt 1.01261e-13 443.073
vt 8.05069e-14 441.219
vn 0.994522 -0.104528 -7.7945e-15
v 861.999 1298.03 -262.5
vt 59.0551 441.219
vt 59.0551 443.073
f 559/1498/286 558/1499/287 609/1500/287 608/1501/286 

vt 8.05069e-14 462.121
vt 1.71469e-14 460.267
vn 0.978148 -0.207912 -6.74796e-15
v 861.262 1293.38 -262.5
vt 59.0551 460.267
vt 59.0551 462.121
f 558/1502/287 557/1503/288 610/1504/288 609/1505/287 

vt 1.71469e-14 476.116
vt 2.48617e-14 474.262
vn 0.951057 -0.309017 -5.62749e-15
v 860.043 1288.83 -262.5
vt 59.0551 474.262
vt 59.0551 476.116
f 557/1506/288 556/1507/289 611/1508/289 610/1509/288 

vt 2.48617e-14 484.905
vt 8.94336e-14 483.051
vn 0.913545 -0.406737 -3.16136e-15
v 858.355 1284.43 -262.5
vt 59.0551 483.051
vt 59.0551 484.905
f 556/1510/289 555/1511/290 612/1512/290 611/1513/289 

vt 2.40533e-11 488.391
vt 2.39632e-11 486.537
vn 0.891007 -0.45399 -1.27073e-15
v 856.216 1280.24 -144.857
vt 12.739 486.537
v 856.216 1280.24 -149.857
vt 14.7075 486.537
v 856.216 1280.24 -262.5
vt 59.0551 486.537
vt 59.0551 488.391
f 555/1514/290 554/1515/291 613/1516/291 614/1517/291 615/1518/291 612/1519/290 

vt 4.18599e-13 6.1036e-13
vn 0.5 0.866025 -1.12692e-14
vt 12.739 8.94578e-13
vt 14.7075 8.09312e-13
vt 59.0551 4.11408e-13
vt 59.0551 35.4331
vt 3.97283e-13 35.4331
f 554/1520/292 613/1521/292 614/1522/292 615/1523/292 584/1524/292 553/1525/292 

vt -487.205 12.739
vn 0.866025 -0.5 -1.34678e-15
vt -487.205 2.55795e-13
v 259.966 247.5 -112.5
vt -17.7165 7.10543e-15
v 259.966 247.5 -262.5
vt -17.7165 59.0551
vt -487.205 59.0551
vt -487.205 14.7075
v 848.716 1267.24 -149.857
vt -481.299 14.7075
v 818.716 1215.28 -149.857
vt -457.677 14.7075
v 818.716 1215.28 -144.857
vt -457.677 12.739
v 848.716 1267.24 -144.857
vt -481.299 12.739
f 613/1526/293 554/1527/293 616/1528/293 617/1529/293 615/1530/293 614/1531/293 618/1532/293 619/1533/293 620/1534/293 621/1535/293 

v 182.024 292.5 -112.5
vt 17.7165 35.4331
vn -2.8631e-14 3.6329e-14 1
vt 17.7165 1.77636e-13
f 622/1536/294 616/1537/294 554/1369/294 553/1368/294 

vn 8.65516e-15 8.59809e-15 1
v 179.886 288.303 -112.5
vt 15.8647 35.336
v 178.198 283.906 -112.5
vt 14.0331 35.0459
v 176.979 279.356 -112.5
vt 12.2418 34.566
v 176.242 274.704 -112.5
vt 10.5106 33.9014
v 175.995 270 -112.5
vt 8.85827 33.0595
v 176.242 265.296 -112.5
vt 7.30302 32.0495
v 176.979 260.644 -112.5
vt 5.86186 30.8825
v 178.198 256.094 -112.5
vt 4.55058 29.5712
v 179.886 251.697 -112.5
vt 3.38356 28.1301
v 182.024 247.5 -112.5
vt 2.37357 26.5748
v 184.59 243.55 -112.5
vt 1.53167 24.9225
v 187.554 239.889 -112.5
vt 0.867109 23.1912
v 190.884 236.558 -112.5
vt 0.387149 21.4
v 194.545 233.594 -112.5
vt 0.097053 19.5684
v 198.495 231.029 -112.5
vt 5.68434e-14 17.7165
v 202.692 228.89 -112.5
vt 0.097053 15.8647
v 207.09 227.202 -112.5
vt 0.387149 14.0331
v 211.639 225.983 -112.5
vt 0.867109 12.2418
v 216.291 225.247 -112.5
vt 1.53167 10.5106
v 220.995 225 -112.5
vt 2.37357 8.85827
v 225.699 225.247 -112.5
vt 3.38356 7.30302
v 230.351 225.983 -112.5
vt 4.55058 5.86186
v 234.901 227.202 -112.5
vt 5.86186 4.55058
v 239.298 228.89 -112.5
vt 7.30302 3.38356
v 243.495 231.029 -112.5
vt 8.85827 2.37357
v 247.446 233.594 -112.5
vt 10.5106 1.53167
v 251.106 236.558 -112.5
vt 12.2418 0.867109
v 254.437 239.889 -112.5
vt 14.0331 0.387149
v 257.401 243.55 -112.5
vt 15.8647 0.097053
f 622/1536/295 623/1538/295 624/1539/295 625/1540/295 626/1541/295 627/1542/295 628/1543/295 629/1544/295 630/1545/295 631/1546/295 632/1547/295 633/1548/295 634/1549/295 635/1550/295 636/1551/295 637/1552/295 638/1553/295 639/1554/295 640/1555/295 641/1556/295 642/1557/295 643/1558/295 644/1559/295 645/1560/295 646/1561/295 647/1562/295 648/1563/295 649/1564/295 650/1565/295 651/1566/295 616/1537/295 

vt -4.23694e-15 17.6923
vn -0.913545 0.406737 4.44118e-15
vt -1.10075e-14 19.5467
vn -0.891007 0.45399 3.82686e-15
v 182.024 292.5 -262.5
vt -59.0551 19.5467
v 179.886 288.303 -262.5
vt -59.0551 17.6923
f 623/1567/296 622/1568/297 652/1569/297 653/1570/296 

vt 487.205 59.0551
vn -0.866025 0.5 2.05197e-15
vt 17.7165 59.0551
vt 17.7165 -2.6982e-14
vt 487.205 1.93286e-13
f 584/1571/298 652/1572/298 622/1573/298 553/1574/298 

vt -487.205 -2.13163e-14
vn -8.76717e-15 -8.75613e-15 -1
vt -17.7165 2.84217e-13
vt -17.7165 35.4331
vt -487.205 35.4331
f 615/1575/299 617/1576/299 652/1577/299 584/1578/299 

vt -15.8647 35.336
vn -8.81307e-15 -8.83563e-15 -1
v 257.401 243.55 -262.5
vt -15.8647 0.097053
v 254.437 239.889 -262.5
vt -14.0331 0.387149
v 251.106 236.558 -262.5
vt -12.2418 0.867109
v 247.446 233.594 -262.5
vt -10.5106 1.53167
v 243.495 231.029 -262.5
vt -8.85827 2.37357
v 239.298 228.89 -262.5
vt -7.30302 3.38356
v 234.901 227.202 -262.5
vt -5.86186 4.55058
v 230.351 225.983 -262.5
vt -4.55058 5.86186
v 225.699 225.247 -262.5
vt -3.38356 7.30302
v 220.995 225 -262.5
vt -2.37357 8.85827
v 216.291 225.247 -262.5
vt -1.53167 10.5106
v 211.639 225.983 -262.5
vt -0.867109 12.2418
v 207.09 227.202 -262.5
vt -0.387149 14.0331
v 202.692 228.89 -262.5
vt -0.097053 15.8647
v 198.495 231.029 -262.5
vt 1.57612e-14 17.7165
v 194.545 233.594 -262.5
vt -0.097053 19.5684
v 190.884 236.558 -262.5
vt -0.387149 21.4
v 187.554 239.889 -262.5
vt -0.867109 23.1912
v 184.59 243.55 -262.5
vt -1.53167 24.9225
v 182.024 247.5 -262.5
vt -2.37357 26.5748
v 179.886 251.697 -262.5
vt -3.38356 28.1301
v 178.198 256.094 -262.5
vt -4.55058 29.5712
v 176.979 260.644 -262.5
vt -5.86186 30.8825
v 176.242 265.296 -262.5
vt -7.30302 32.0495
v 175.995 270 -262.5
vt -8.85827 33.0595
v 176.242 274.704 -262.5
vt -10.5106 33.9014
v 176.979 279.356 -262.5
vt -12.2418 34.566
v 178.198 283.906 -262.5
vt -14.0331 35.0459
f 653/1579/300 652/1577/300 617/1576/300 654/1580/300 655/1581/300 656/1582/300 657/1583/300 658/1584/300 659/1585/300 660/1586/300 661/1587/300 662/1588/300 663/1589/300 664/1590/300 665/1591/300 666/1592/300 667/1593/300 668/1594/300 669/1595/300 670/1596/300 671/1597/300 672/1598/300 673/1599/300 674/1600/300 675/1601/300 676/1602/300 677/1603/300 678/1604/300 679/1605/300 680/1606/300 681/1607/300 

vt -59.0551 2.95035e-13
vn -0.5 -0.866025 1.22823e-14
vt 4.92186e-15 1.88454e-13
vt -2.18357e-15 35.4331
vt -59.0551 35.4331
f 617/1608/301 616/1609/301 622/1610/301 652/1611/301 

vt -3.9021e-15 -17.6923
vn 0.838671 -0.544639 -2.59338e-15
vt -6.81858e-14 -15.8378
vn 0.809017 -0.587785 -1.95265e-15
vt -59.0551 -15.8378
vt -59.0551 -17.6923
f 616/1612/302 651/1613/303 654/1614/303 617/1615/302 

vt -6.56576e-14 -15.6542
vt -6.62807e-14 -13.7997
vn 0.743145 -0.669131 -6.61077e-16
vt -59.0551 -13.7997
vt -59.0551 -15.6542
f 651/1616/303 650/1617/304 655/1618/304 654/1619/303 

vt -6.62807e-14 -13.4547
vt -6.689e-14 -11.6003
vn 0.669131 -0.743145 6.33566e-16
vt -59.0551 -11.6003
vt -59.0551 -13.4547
f 650/1620/304 649/1621/305 656/1622/305 655/1623/304 

vt -6.689e-14 -11.118
vt 3.57537e-15 -9.26356
vn 0.587785 -0.809017 1.92127e-15
vt -59.0551 -9.26356
vt -59.0551 -11.118
f 649/1624/305 648/1625/306 657/1626/306 656/1627/305 

vt 3.57537e-15 -8.66962
vt 3.01331e-15 -6.8152
vn 0.5 -0.866025 3.18792e-15
vt -59.0551 -6.8152
vt -59.0551 -8.66962
f 648/1628/306 647/1629/307 658/1630/307 657/1631/306 

vt 3.01331e-15 -6.13643
vt 2.48426e-15 -4.28201
vn 0.406737 -0.913545 4.41964e-15
vt -59.0551 -4.28201
vt -59.0551 -6.13643
f 647/1632/307 646/1633/308 659/1634/308 658/1635/307 

vt 2.48426e-15 -3.54617
vt -6.19548e-14 -1.69175
vn 0.309017 -0.951057 5.60294e-15
vt -59.0551 -1.69175
vt -59.0551 -3.54617
f 646/1636/308 645/1637/309 660/1638/309 659/1639/308 

vt -6.19548e-14 -0.927212
vt -5.55746e-15 0.927212
vn 0.207912 -0.978148 6.72486e-15
vt -59.0551 0.927212
vt -59.0551 -0.927212
f 645/1640/309 644/1641/310 661/1642/310 660/1643/309 

vt -5.55746e-15 1.69175
vt -6.99033e-14 3.54617
vn 0.104528 -0.994522 7.77309e-15
vt -59.0551 3.54617
vt -59.0551 1.69175
f 644/1644/310 643/1645/311 662/1646/311 661/1647/310 

vt -6.99033e-14 4.28201
vt -7.02469e-14 6.13643
vn -8.75391e-16 -1 8.73616e-15
vt -59.0551 6.13643
vt -59.0551 4.28201
f 643/1648/311 642/1649/312 663/1650/312 662/1651/311 

vt -7.02469e-14 6.8152
vt -6.34278e-14 8.66962
vn -0.104528 -0.994522 9.60352e-15
vt -59.0551 8.66962
vt -59.0551 6.8152
f 642/1652/312 641/1653/313 664/1654/313 663/1655/312 

vt -6.34278e-14 9.26356
vt -6.81046e-15 11.118
vn -0.207912 -0.978148 1.03657e-14
vt -59.0551 11.118
vt -59.0551 9.26356
f 641/1656/313 640/1657/314 665/1658/314 664/1659/313 

vt -6.81046e-15 11.6003
vt -6.97373e-15 13.4547
vn -0.309017 -0.951057 1.10142e-14
vt -59.0551 13.4547
vt -59.0551 11.6003
f 640/1660/314 639/1661/315 666/1662/315 665/1663/314 

vt -6.97373e-15 13.7997
vt -6.39158e-14 15.6542
vn -0.406737 -0.913545 1.15421e-14
vt -59.0551 15.6542
vt -59.0551 13.7997
f 639/1664/315 638/1665/316 667/1666/316 666/1667/315 

vt -6.39158e-14 15.8378
vt -6.39488e-14 17.6923
vn -0.5 -0.866025 1.19436e-14
vt -59.0551 15.8378
f 638/1668/316 637/1669/317 668/1570/317 667/1670/316 

vt 3.30144e-17 19.5467
vn -0.587785 -0.809017 1.22141e-14
f 637/1669/317 636/1671/318 669/1569/318 668/1570/317 

vt 3.30144e-17 19.3427
vt 1.31696e-16 21.1971
vn -0.669131 -0.743145 1.23509e-14
vt -59.0551 21.1971
vt -59.0551 19.3427
f 636/1672/318 635/1673/319 670/1674/319 669/1675/318 

vt 1.31696e-16 20.771
vt -5.65485e-14 22.6254
vn -0.743145 -0.669131 1.23523e-14
vt -59.0551 22.6254
vt -59.0551 20.771
f 635/1676/319 634/1677/320 671/1678/320 670/1679/319 

vt -5.65485e-14 21.9616
vt -5.63224e-14 23.8161
vn -0.809017 -0.587785 1.22185e-14
vt -59.0551 23.8161
vt -59.0551 21.9616
f 634/1680/320 633/1681/321 672/1682/321 671/1683/320 

vt -5.63224e-14 22.9015
vt -5.6036e-14 24.7559
vn -0.866025 -0.5 1.19507e-14
vt -59.0551 24.7559
vt -59.0551 22.9015
f 633/1684/321 632/1685/322 673/1686/322 672/1687/321 

vt -5.6036e-14 23.5802
vt -4.8587e-14 25.4347
vn -0.913545 -0.406737 1.1552e-14
vt -59.0551 25.4347
vt -59.0551 23.5802
f 632/1688/322 631/1689/323 674/1690/323 673/1691/322 

vt -4.8587e-14 23.9905
vt -1.26629e-14 25.8449
vn -0.951057 -0.309017 1.10267e-14
vt -59.0551 25.8449
vt -59.0551 23.9905
f 631/1692/323 630/1693/324 675/1694/324 674/1695/323 

vt -1.26629e-14 24.1278
vt -6.90603e-14 25.9822
vn -0.978148 -0.207912 1.03807e-14
vt -59.0551 25.9822
vt -59.0551 24.1278
f 630/1696/324 629/1697/325 676/1698/325 675/1699/324 

vt -6.90603e-14 23.9905
vt -1.8832e-14 25.8449
vn -0.994522 -0.104528 9.62086e-15
f 629/1700/325 628/1701/326 677/1694/326 676/1695/325 

vt -1.8832e-14 23.5802
vt -6.8041e-14 25.4347
vn -1 2.53863e-15 8.75564e-15
f 628/1702/326 627/1703/327 678/1690/327 677/1691/326 

vt -6.8041e-14 22.9015
vt -6.74789e-14 24.7559
vn -0.994522 0.104528 7.7945e-15
f 627/1704/327 626/1705/328 679/1686/328 678/1687/327 

vt -6.74789e-14 21.9616
vt -1.00466e-14 23.8161
vn -0.978148 0.207912 6.74796e-15
f 626/1706/328 625/1707/329 680/1682/329 679/1683/328 

vt -1.00466e-14 20.771
vt -9.43724e-15 22.6254
vn -0.951057 0.309017 5.62749e-15
f 625/1708/329 624/1709/330 681/1678/330 680/1679/329 

vt -9.43724e-15 19.3427
vt -1.70877e-15 21.1971
f 624/1710/330 623/1711/296 653/1674/296 681/1675/330 

vn -1.04056e-14 -1.1594e-14 -1
vt -489.057 35.336
vt -490.888 35.0459
vt -492.679 34.566
vt -494.411 33.9014
vt -496.063 33.0595
vt -497.618 32.0495
vt -499.059 30.8825
vt -500.371 29.5712
vt -501.538 28.1301
vt -502.548 26.5748
vt -503.39 24.9225
vt -504.054 23.1912
vt -504.534 21.4
vt -504.824 19.5684
vt -504.921 17.7165
vt -504.824 15.8647
vt -504.534 14.0331
vt -504.054 12.2418
vt -503.39 10.5106
vt -502.548 8.85827
vt -501.538 7.30302
vt -500.371 5.86186
vt -499.059 4.55058
vt -497.618 3.38356
vt -496.063 2.37357
vt -494.411 1.53167
vt -492.679 0.867109
vt -490.888 0.387149
vt -489.057 0.097053
f 584/1578/331 583/1712/331 585/1713/331 586/1714/331 587/1715/331 588/1716/331 589/1717/331 590/1718/331 591/1719/331 592/1720/331 593/1721/331 594/1722/331 595/1723/331 596/1724/331 597/1725/331 598/1726/331 599/1727/331 600/1728/331 601/1729/331 602/1730/331 603/1731/331 604/1732/331 605/1733/331 606/1734/331 607/1735/331 608/1736/331 609/1737/331 610/1738/331 611/1739/331 612/1740/331 615/1575/331 

vt 487.205 12.739
vn -0.866025 0.5 -3.86871e-15
vt 487.205 14.7075
vt 481.299 14.7075
vt 481.299 12.739
f 613/1741/332 614/1742/332 618/1743/332 621/1744/332 

vn -0.866025 0.5 -2.07094e-15
vt 457.677 14.7075
vt 457.677 12.739
f 618/1743/333 619/1745/333 620/1746/333 621/1744/333 

vt -457.677 7.74895e-13
vn 1.7055e-15 -2.26657e-15 -1
vt -481.299 3.20147e-13
v 872.532 1253.49 -149.857
vt -481.299 -10.8268
v 875.444 1251.18 -149.857
vt -481.082 -12.2757
v 878.047 1248.52 -149.857
vt -480.688 -13.6868
v 880.303 1245.56 -149.857
vt -480.123 -15.0385
v 882.176 1242.34 -149.857
vt -479.395 -16.3102
v 883.638 1238.92 -149.857
vt -478.516 -17.4824
v 884.667 1235.34 -149.857
vt -477.499 -18.5373
v 885.247 1231.67 -149.857
vt -476.36 -19.4587
v 885.37 1227.95 -149.857
vt -475.116 -20.2326
v 885.032 1224.24 -149.857
vt -473.786 -20.8471
v 884.24 1220.61 -149.857
vt -472.391 -21.2928
v 883.006 1217.1 -149.857
vt -470.951 -21.563
v 881.348 1213.76 -149.857
vt -469.488 -21.6535
v 879.292 1210.66 -149.857
vt -468.026 -21.563
v 876.868 1207.84 -149.857
vt -466.586 -21.2928
v 874.115 1205.33 -149.857
vt -465.19 -20.8471
v 871.074 1203.19 -149.857
vt -463.86 -20.2326
v 867.792 1201.44 -149.857
vt -462.616 -19.4587
v 864.319 1200.1 -149.857
vt -461.477 -18.5373
v 860.707 1199.2 -149.857
vt -460.46 -17.4824
v 857.012 1198.76 -149.857
vt -459.581 -16.3102
v 853.291 1198.77 -149.857
vt -458.854 -15.0385
v 849.6 1199.25 -149.857
vt -458.288 -13.6868
v 845.995 1200.17 -149.857
vt -457.894 -12.2757
v 842.532 1201.53 -149.857
vt -457.677 -10.8268
f 619/1747/334 618/1748/334 682/1749/334 683/1750/334 684/1751/334 685/1752/334 686/1753/334 687/1754/334 688/1755/334 689/1756/334 690/1757/334 691/1758/334 692/1759/334 693/1760/334 694/1761/334 695/1762/334 696/1763/334 697/1764/334 698/1765/334 699/1766/334 700/1767/334 701/1768/334 702/1769/334 703/1770/334 704/1771/334 705/1772/334 706/1773/334 

v 872.532 1253.49 -144.857
vt 12.739 -10.8268
vn 0.5 0.866025 -3.22512e-14
vt 14.7075 -10.8268
vt 14.7075 1.65051e-12
vt 12.739 1.65051e-12
f 707/1774/335 682/1775/335 618/1776/335 621/1777/335 

vt 12.739 60.6131
vn 0.62281 0.782373 8.70046e-18
v 875.444 1251.18 -144.857
vt 12.739 59.148
vn 0.669963 0.742395 5.75428e-17
vt 14.7075 59.148
vt 14.7075 60.6131
f 707/1778/336 708/1779/337 683/1780/337 682/1781/336 

vt 457.677 7.48801e-13
vn -7.93068e-16 1.55045e-15 1
v 842.532 1201.53 -144.857
vt 457.677 -10.8268
v 845.995 1200.17 -144.857
vt 457.894 -12.2757
v 849.6 1199.25 -144.857
vt 458.288 -13.6868
v 853.291 1198.77 -144.857
vt 458.854 -15.0385
v 857.012 1198.76 -144.857
vt 459.581 -16.3102
v 860.707 1199.2 -144.857
vt 460.46 -17.4824
v 864.319 1200.1 -144.857
vt 461.477 -18.5373
v 867.792 1201.44 -144.857
vt 462.616 -19.4587
v 871.074 1203.19 -144.857
vt 463.86 -20.2326
v 874.115 1205.33 -144.857
vt 465.19 -20.8471
v 876.868 1207.84 -144.857
vt 466.586 -21.2928
v 879.292 1210.66 -144.857
vt 468.026 -21.563
v 881.348 1213.76 -144.857
vt 469.488 -21.6535
v 883.006 1217.1 -144.857
vt 470.951 -21.563
v 884.24 1220.61 -144.857
vt 472.391 -21.2928
v 885.032 1224.24 -144.857
vt 473.786 -20.8471
v 885.37 1227.95 -144.857
vt 475.116 -20.2326
v 885.247 1231.67 -144.857
vt 476.36 -19.4587
v 884.667 1235.34 -144.857
vt 477.499 -18.5373
v 883.638 1238.92 -144.857
vt 478.516 -17.4824
v 882.176 1242.34 -144.857
vt 479.395 -16.3102
v 880.303 1245.56 -144.857
vt 480.123 -15.0385
v 878.047 1248.52 -144.857
vt 480.688 -13.6868
vt 481.082 -12.2757
vt 481.299 -10.8268
vt 481.299 2.94054e-13
f 620/1782/338 709/1783/338 710/1784/338 711/1785/338 712/1786/338 713/1787/338 714/1788/338 715/1789/338 716/1790/338 717/1791/338 718/1792/338 719/1793/338 720/1794/338 721/1795/338 722/1796/338 723/1797/338 724/1798/338 725/1799/338 726/1800/338 727/1801/338 728/1802/338 729/1803/338 730/1804/338 731/1805/338 708/1806/338 707/1807/338 621/1808/338 

vt -14.7075 4.7034e-12
vn -0.5 -0.866025 8.84633e-17
vt -14.7075 -10.8268
vt -12.739 -10.8268
vt -12.739 4.7034e-12
f 619/1809/339 706/1810/339 709/1811/339 620/1812/339 

vt -12.739 -79.9923
vn -0.307951 -0.951402 2.10428e-15
vt -12.739 -78.5272
vn -0.36615 -0.930556 -3.09596e-17
vt -14.7075 -78.5272
vt -14.7075 -79.9923
f 710/1813/340 709/1814/341 706/1815/341 705/1816/340 

vt -12.739 -136.477
vn -0.188251 -0.982121 4.39809e-15
vt -12.739 -135.012
vt -14.7075 -135.012
vt -14.7075 -136.477
f 711/1817/342 710/1818/340 705/1819/340 704/1820/342 

vt -12.739 -190.888
vn -0.065676 -0.997841 4.68033e-15
vt -12.739 -189.423
vt -14.7075 -189.423
vt -14.7075 -190.888
f 712/1821/343 711/1822/342 704/1823/342 703/1824/343 

vt -12.739 -242.396
vn 0.0579021 -0.998322 4.89109e-15
vt -12.739 -240.93
vt -14.7075 -240.93
vt -14.7075 -242.396
f 713/1825/344 712/1826/343 703/1827/343 702/1828/344 

vt -12.739 -290.212
vn 0.180596 -0.983557 5.02716e-15
vt -12.739 -288.747
vt -14.7075 -288.747
vt -14.7075 -290.212
f 714/1829/345 713/1830/344 702/1831/344 701/1832/345 

vt -12.739 -333.608
vn 0.300532 -0.953772 5.08645e-15
vt -12.739 -332.143
vt -14.7075 -332.143
vt -14.7075 -333.608
f 715/1833/346 714/1834/345 701/1835/345 700/1836/346 

vt -12.739 -371.921
vn 0.415878 -0.90942 5.06806e-15
vt -12.739 -370.455
vt -14.7075 -370.455
vt -14.7075 -371.921
f 716/1837/347 715/1838/346 700/1839/346 699/1840/347 

vt -12.739 -404.564
vn 0.524873 -0.85118 4.97228e-15
vt -12.739 -403.099
vt -14.7075 -403.099
vt -14.7075 -404.564
f 717/1841/348 716/1842/347 699/1843/347 698/1844/348 

vt -12.739 -431.04
vn 0.625852 -0.779942 4.80055e-15
vt -12.739 -429.575
vt -14.7075 -429.575
vt -14.7075 -431.04
f 718/1845/349 717/1846/348 698/1847/348 697/1848/349 

vt -12.739 -450.945
vn 0.717274 -0.696791 4.55552e-15
vt -12.739 -449.48
vt -14.7075 -449.48
vt -14.7075 -450.945
f 719/1849/350 718/1850/349 697/1851/349 696/1852/350 

vt -12.739 -463.974
vn 0.797741 -0.603 2.21373e-15
vt -12.739 -462.509
vt -14.7075 -462.509
vt -14.7075 -463.974
f 720/1853/351 719/1854/350 696/1855/350 695/1856/351 

vt -12.739 -469.929
vn 0.833476 -0.552556 1.23733e-17
vt -12.739 -468.464
vt -14.7075 -468.464
vt -14.7075 -469.929
f 721/1857/352 720/1858/351 695/1859/351 694/1860/352 

vt 12.739 468.718
vn 0.921084 -0.389364 1.4159e-15
vt 12.739 467.253
vn 0.895265 -0.445533 9.31725e-29
vt 14.7075 467.253
vt 14.7075 468.718
f 722/1861/353 721/1862/354 694/1863/354 693/1864/353 

vt 12.739 460.36
vn 0.962076 -0.272782 2.74224e-15
vt 12.739 458.895
vt 14.7075 458.895
vt 14.7075 460.36
f 723/1865/355 722/1866/353 693/1867/353 692/1868/355 

vt 12.739 444.983
vn 0.988375 -0.152033 2.54286e-15
vt 12.739 443.518
vt 14.7075 443.518
vt 14.7075 444.983
f 724/1869/356 723/1870/355 692/1871/355 691/1872/356 

vt 12.739 422.822
vn 0.99958 -0.0289632 2.30464e-15
vt 12.739 421.357
vt 14.7075 421.357
vt 14.7075 422.822
f 725/1873/357 724/1874/356 691/1875/356 690/1876/357 

vt 12.739 394.214
vn 0.99552 0.0945492 2.03123e-15
vt 12.739 392.749
vt 14.7075 392.749
vt 14.7075 394.214
f 726/1877/358 725/1878/357 690/1879/357 689/1880/358 

vt 12.739 359.597
vn 0.976257 0.216618 1.7268e-15
vt 12.739 358.132
vt 14.7075 358.132
vt 14.7075 359.597
f 727/1881/359 726/1882/358 689/1883/358 688/1884/359 

vt 12.739 319.5
vn 0.942084 0.335378 1.396e-15
vt 12.739 318.035
vt 14.7075 318.035
vt 14.7075 319.5
f 728/1885/360 727/1886/359 688/1887/359 687/1888/360 

vt 12.739 274.534
vn 0.893524 0.449016 1.04388e-15
vt 12.739 273.069
vt 14.7075 273.069
vt 14.7075 274.534
f 729/1889/361 728/1890/360 687/1891/360 686/1892/361 

vt 12.739 225.387
vn 0.831318 0.555798 6.75811e-16
vt 12.739 223.922
vt 14.7075 223.922
vt 14.7075 225.387
f 730/1893/362 729/1894/361 686/1895/361 685/1896/362 

vt 12.739 172.809
vn 0.756416 0.654091 2.97426e-16
vt 12.739 171.344
vt 14.7075 171.344
vt 14.7075 172.809
f 731/1897/363 730/1898/362 685/1899/362 684/1900/363 

vt 12.739 117.604
vt 12.739 116.139
vt 14.7075 116.139
vt 14.7075 117.604
f 708/1901/337 731/1902/363 684/1903/363 683/1904/337 

g Mesh6 Group7 Group6 Group5 Group1 Model

v 330.136 369.038 -182.5
vt 72.9683 1.68247e-13
vn 9.62952e-15 7.50583e-15 1
v 345.292 360.288 -182.5
vt 72.9683 -6.88976
v 346.919 359.526 -182.5
vt 73.0291 -7.59435
v 348.652 359.055 -182.5
vt 73.2096 -8.27812
v 350.44 358.887 -182.5
vt 73.5045 -8.92089
v 352.231 359.029 -182.5
vt 73.9051 -9.50368
v 353.971 359.474 -182.5
vt 74.3996 -10.0093
v 355.609 360.211 -182.5
vt 74.9733 -10.4227
v 357.097 361.218 -182.5
vt 75.6093 -10.7319
v 358.391 362.464 -182.5
vt 76.2889 -10.9275
v 359.452 363.913 -182.5
vt 76.992 -11.004
v 360.249 365.523 -182.5
vt 77.6977 -10.9589
v 360.759 367.246 -182.5
vt 78.3854 -10.7936
v 360.966 369.03 -182.5
vt 79.0345 -10.5131
v 362.636 425.329 -182.5
vt 98.5588 1.68247e-13
f 732/1905/364 733/1906/364 734/1907/364 735/1908/364 736/1909/364 737/1910/364 738/1911/364 739/1912/364 740/1913/364 741/1914/364 742/1915/364 743/1916/364 744/1917/364 745/1918/364 746/1919/364 

vt -27.5591 8.70348e-13
vn -0.5 -0.866025 1.1315e-14
vt -27.5591 -6.88976
v 345.292 360.288 -177.5
vt -25.5906 -6.88976
v 330.136 369.038 -177.5
vt -25.5906 8.70348e-13
f 732/1920/365 733/1921/365 747/1922/365 748/1923/365 

vt -27.5591 -13.1341
vn -0.423738 -0.905785 1.08791e-14
vt -27.5591 -13.8413
vn -0.344342 -0.938844 1.03627e-14
v 346.919 359.526 -177.5
vt -25.5906 -13.8413
vt -25.5906 -13.1341
f 733/1924/366 734/1925/367 749/1926/367 747/1927/366 

vt -27.5591 -25.9825
vt -27.5591 -26.6897
vn -0.178514 -0.983937 9.10427e-15
v 348.652 359.055 -177.5
vt -25.5906 -26.6897
vt -25.5906 -25.9825
f 734/1928/367 735/1929/368 750/1930/368 749/1931/367 

vt -27.5591 -38.0532
vt -27.5591 -38.7604
vn -0.00741428 -0.999973 7.57702e-15
v 350.44 358.887 -177.5
vt -25.5906 -38.7604
vt -25.5906 -38.0532
f 735/1932/368 736/1933/369 751/1934/369 750/1935/368 

vt -27.5591 -48.9896
vt -27.5591 -49.6968
vn 0.163904 -0.986476 5.826e-15
v 352.231 359.029 -177.5
vt -25.5906 -49.6968
vt -25.5906 -48.9896
f 736/1936/369 737/1937/370 752/1938/370 751/1939/369 

vt -27.5591 -58.4688
vt -27.5591 -59.176
vn 0.330382 -0.943847 3.90293e-15
v 353.971 359.474 -177.5
vt -25.5906 -59.176
vt -25.5906 -58.4688
f 737/1940/370 738/1941/371 753/1942/371 752/1943/370 

vt -27.5591 -66.2109
vt -27.5591 -66.9181
vn 0.487103 -0.873344 1.8646e-15
v 355.609 360.211 -177.5
vt -25.5906 -66.9181
vt -25.5906 -66.2109
f 738/1944/371 739/1945/372 754/1946/372 753/1947/371 

vt -27.5591 -71.9871
vt -27.5591 -72.6943
vn 0.629439 -0.77705 -2.28801e-16
v 357.097 361.218 -177.5
vt -25.5906 -72.6943
vt -25.5906 -71.9871
f 739/1948/372 740/1949/373 755/1950/373 754/1951/372 

vt -27.5591 -75.627
vt -27.5591 -76.3342
vn 0.753187 -0.657807 -2.31544e-15
v 358.391 362.464 -177.5
vt -25.5906 -76.3342
vt -25.5906 -75.627
f 740/1952/373 741/1953/374 756/1954/374 755/1955/373 

vt -27.5591 -77.023
vt -27.5591 -77.7302
vn 0.854691 -0.519138 -4.3337e-15
v 359.452 363.913 -177.5
vt -25.5906 -77.7302
vt -25.5906 -77.023
f 741/1956/374 742/1957/375 757/1958/375 756/1959/374 

vt 27.5591 76.134
vt 27.5591 76.8412
vn 0.930954 -0.365137 -6.22398e-15
v 360.249 365.523 -177.5
vt 25.5906 76.8412
vt 25.5906 76.134
f 742/1960/375 743/1961/376 758/1962/376 757/1963/375 

vt 27.5591 72.986
vt 27.5591 73.6932
vn 0.979724 -0.200354 -7.93045e-15
v 360.759 367.246 -177.5
vt 25.5906 73.6932
vt 25.5906 72.986
f 743/1964/376 744/1965/377 759/1966/377 758/1967/376 

vt 27.5591 67.6722
vt 27.5591 68.3794
vn 0.993316 -0.11543 -8.69876e-15
v 360.966 369.03 -177.5
vt 25.5906 68.3794
vt 25.5906 67.6722
f 744/1968/377 745/1969/378 760/1970/378 759/1971/377 

vt 27.5591 64.6034
vn 0.99956 -0.0296531 -9.40272e-15
vt 27.5591 86.7782
v 362.636 425.329 -177.5
vt 25.5906 86.7782
vt 25.5906 64.6034
f 745/1972/379 746/1973/379 761/1974/379 760/1975/379 

vt 98.5588 27.5591
vn -0.866025 0.5 4.5865e-15
vt 72.9683 27.5591
vt 72.9683 25.5906
vt 98.5588 25.5906
f 746/1976/380 732/1977/380 748/1978/380 761/1979/380 

vt 72.9683 1.70948e-13
vt 98.5588 1.70948e-13
f 748/1980/364 747/1906/364 749/1907/364 750/1908/364 751/1909/364 752/1910/364 753/1911/364 754/1912/364 755/1913/364 756/1914/364 757/1915/364 758/1916/364 759/1917/364 760/1918/364 761/1981/364 

g Mesh7 Group7 Group6 Group5 Group1 Model

v 330.136 369.038 -192.5
vt 72.9683 1.48635e-13
v 345.292 360.288 -192.5
v 346.919 359.526 -192.5
v 348.652 359.055 -192.5
v 350.44 358.887 -192.5
v 352.231 359.029 -192.5
v 353.971 359.474 -192.5
v 355.609 360.211 -192.5
v 357.097 361.218 -192.5
v 358.391 362.464 -192.5
v 359.452 363.913 -192.5
v 360.249 365.523 -192.5
v 360.759 367.246 -192.5
v 360.966 369.03 -192.5
v 362.636 425.329 -192.5
vt 98.5588 1.48635e-13
f 762/1982/364 763/1906/364 764/1907/364 765/1908/364 766/1909/364 767/1910/364 768/1911/364 769/1912/364 770/1913/364 771/1914/364 772/1915/364 773/1916/364 774/1917/364 775/1918/364 776/1983/364 

vt -31.4961 -6.88976
vt -31.4961 8.56137e-13
v 330.136 369.038 -197.5
vt -33.4646 8.41927e-13
v 345.292 360.288 -197.5
vt -33.4646 -6.88976
f 763/1984/365 762/1985/365 777/1986/365 778/1987/365 

vt 72.9683 31.4961
vt 98.5588 31.4961
v 362.636 425.329 -197.5
vt 98.5588 33.4646
vt 72.9683 33.4646
f 762/1988/380 776/1989/380 779/1990/380 777/1991/380 

vt 31.4961 86.7782
vt 31.4961 64.6034
v 360.966 369.03 -197.5
vt 33.4646 64.6034
vt 33.4646 86.7782
f 776/1992/379 775/1993/379 780/1994/379 779/1995/379 

vt 31.4961 68.3794
vt 31.4961 67.6722
v 360.759 367.246 -197.5
vt 33.4646 67.6722
vt 33.4646 68.3794
f 775/1996/378 774/1997/377 781/1998/377 780/1999/378 

vt 31.4961 73.6932
vt 31.4961 72.986
v 360.249 365.523 -197.5
vt 33.4646 72.986
vt 33.4646 73.6932
f 774/2000/377 773/2001/376 782/2002/376 781/2003/377 

vt 31.4961 76.8412
vt 31.4961 76.134
v 359.452 363.913 -197.5
vt 33.4646 76.134
vt 33.4646 76.8412
f 773/2004/376 772/2005/375 783/2006/375 782/2007/376 

vt -31.4961 -77.7302
vt -31.4961 -77.023
v 358.391 362.464 -197.5
vt -33.4646 -77.023
vt -33.4646 -77.7302
f 772/2008/375 771/2009/374 784/2010/374 783/2011/375 

vt -31.4961 -76.3342
vt -31.4961 -75.627
v 357.097 361.218 -197.5
vt -33.4646 -75.627
vt -33.4646 -76.3342
f 771/2012/374 770/2013/373 785/2014/373 784/2015/374 

vt -31.4961 -72.6943
vt -31.4961 -71.9871
v 355.609 360.211 -197.5
vt -33.4646 -71.9871
vt -33.4646 -72.6943
f 770/2016/373 769/2017/372 786/2018/372 785/2019/373 

vt -31.4961 -66.9181
vt -31.4961 -66.2109
v 353.971 359.474 -197.5
vt -33.4646 -66.2109
vt -33.4646 -66.9181
f 769/2020/372 768/2021/371 787/2022/371 786/2023/372 

vt -31.4961 -59.176
vt -31.4961 -58.4688
v 352.231 359.029 -197.5
vt -33.4646 -58.4688
vt -33.4646 -59.176
f 768/2024/371 767/2025/370 788/2026/370 787/2027/371 

vt -31.4961 -49.6968
vt -31.4961 -48.9896
v 350.44 358.887 -197.5
vt -33.4646 -48.9896
vt -33.4646 -49.6968
f 767/2028/370 766/2029/369 789/2030/369 788/2031/370 

vt -31.4961 -38.7604
vt -31.4961 -38.0532
v 348.652 359.055 -197.5
vt -33.4646 -38.0532
vt -33.4646 -38.7604
f 766/2032/369 765/2033/368 790/2034/368 789/2035/369 

vt -31.4961 -26.6897
vt -31.4961 -25.9825
v 346.919 359.526 -197.5
vt -33.4646 -25.9825
vt -33.4646 -26.6897
f 765/2036/368 764/2037/367 791/2038/367 790/2039/368 

vt -31.4961 -13.8413
vt -31.4961 -13.1341
vt -33.4646 -13.1341
vt -33.4646 -13.8413
f 764/2040/367 763/2041/366 778/2042/366 791/2043/367 

vt -72.9683 -6.88976
vn -9.62952e-15 -7.50583e-15 -1
vt -72.9683 1.31723e-13
vt -98.5588 1.03302e-13
vt -79.0345 -10.5131
vt -78.3854 -10.7936
vt -77.6977 -10.9589
vt -76.992 -11.004
vt -76.2889 -10.9275
vt -75.6093 -10.7319
vt -74.9733 -10.4227
vt -74.3996 -10.0093
vt -73.9051 -9.50368
vt -73.5045 -8.92089
vt -73.2096 -8.27812
vt -73.0291 -7.59435
f 778/2044/381 777/2045/381 779/2046/381 780/2047/381 781/2048/381 782/2049/381 783/2050/381 784/2051/381 785/2052/381 786/2053/381 787/2054/381 788/2055/381 789/2056/381 790/2057/381 791/2058/381 

g Mesh8 Group6 Group5 Group1 Model

v 834.995 1333.48 -112.5
vt 668.241 23.622
vn -3.34419e-14 -3.18711e-14 1
v 831.86 1334.78 -112.5
vt 668.009 25.3883
v 828.495 1335.22 -112.5
vt 667.327 27.0341
v 825.131 1334.78 -112.5
vt 666.243 28.4474
v 821.995 1333.48 -112.5
vt 664.829 29.5319
v 819.303 1331.41 -112.5
vt 663.184 30.2137
v 817.237 1328.72 -112.5
vt 661.417 30.4462
v 815.938 1325.59 -112.5
vt 659.651 30.2137
v 815.495 1322.22 -112.5
vt 658.005 29.5319
v 815.938 1318.86 -112.5
vt 656.592 28.4474
v 817.237 1315.72 -112.5
vt 655.507 27.0341
v 819.303 1313.03 -112.5
vt 654.826 25.3883
v 821.995 1310.96 -112.5
vt 654.593 23.622
f 792/2059/382 793/2060/382 794/2061/382 795/2062/382 796/2063/382 797/2064/382 798/2065/382 799/2066/382 800/2067/382 801/2068/382 802/2069/382 803/2070/382 804/2071/382 

v 837.688 1331.41 -112.5
vt 668.009 21.8558
v 825.131 1309.66 -112.5
vt 654.826 21.8558
v 828.495 1309.22 -112.5
vt 655.507 20.21
v 831.86 1309.66 -112.5
vt 656.592 18.7966
v 834.995 1310.96 -112.5
vt 658.005 17.7122
v 837.688 1313.03 -112.5
vt 659.651 17.0304
v 839.754 1315.72 -112.5
vt 661.417 16.7979
v 841.052 1318.86 -112.5
vt 663.184 17.0304
v 841.495 1322.22 -112.5
vt 664.829 17.7122
v 841.052 1325.59 -112.5
vt 666.243 18.7966
v 839.754 1328.72 -112.5
vt 667.327 20.21
f 805/2072/382 792/2059/382 804/2071/382 806/2073/382 807/2074/382 808/2075/382 809/2076/382 810/2077/382 811/2078/382 812/2079/382 813/2080/382 814/2081/382 815/2082/382 

g Mesh9 Group6 Group5 Group1 Model

usemtl M_0131_Silver
v 353.018 373.67 -177.5
vt -105.403 -9.18635
vn -5.48257e-15 -9.49609e-15 -1
v 353.457 373.385 -177.5
vt -105.388 -9.4607
v 353.864 373.056 -177.5
vt -105.345 -9.73205
v 354.234 372.685 -177.5
vt -105.274 -9.99742
v 354.563 372.279 -177.5
vt -105.176 -10.2539
v 354.848 371.84 -177.5
vt -105.051 -10.4987
v 355.086 371.373 -177.5
vt -104.901 -10.7291
v 355.273 370.885 -177.5
vt -104.729 -10.9426
v 355.409 370.379 -177.5
vt -104.534 -11.1369
v 355.491 369.862 -177.5
vt -104.321 -11.3098
v 355.518 369.34 -177.5
vt -104.09 -11.4594
v 355.491 368.817 -177.5
vt -103.846 -11.5841
v 355.409 368.3 -177.5
vt -103.589 -11.6826
v 355.273 367.795 -177.5
vt -103.324 -11.7537
v 355.086 367.306 -177.5
vt -103.052 -11.7966
v 354.848 366.84 -177.5
vt -102.778 -11.811
v 354.563 366.401 -177.5
vt -102.504 -11.7966
v 354.234 365.994 -177.5
vt -102.232 -11.7537
v 353.864 365.624 -177.5
vt -101.967 -11.6826
v 353.457 365.295 -177.5
vt -101.71 -11.5841
v 353.018 365.01 -177.5
vt -101.466 -11.4594
v 352.552 364.772 -177.5
vt -101.235 -11.3098
v 352.063 364.585 -177.5
vt -101.022 -11.1369
v 351.557 364.449 -177.5
vt -100.828 -10.9426
v 351.041 364.367 -177.5
vt -100.655 -10.7291
v 350.518 364.34 -177.5
vt -100.505 -10.4987
v 349.995 364.367 -177.5
vt -100.38 -10.2539
v 349.478 364.449 -177.5
vt -100.282 -9.99742
v 348.973 364.585 -177.5
vt -100.211 -9.73205
v 348.484 364.772 -177.5
vt -100.168 -9.4607
v 348.018 365.01 -177.5
vt -100.153 -9.18635
v 347.579 365.295 -177.5
vt -100.168 -8.912
v 347.172 365.624 -177.5
vt -100.211 -8.64065
v 346.802 365.994 -177.5
vt -100.282 -8.37528
v 346.473 366.401 -177.5
vt -100.38 -8.1188
v 346.188 366.84 -177.5
vt -100.505 -7.87402
v 345.95 367.306 -177.5
vt -100.655 -7.64361
v 345.763 367.795 -177.5
vt -100.828 -7.4301
v 345.627 368.3 -177.5
vt -101.022 -7.23584
v 345.545 368.817 -177.5
vt -101.235 -7.06295
v 345.518 369.34 -177.5
vt -101.466 -6.91332
v 345.545 369.862 -177.5
vt -101.71 -6.78859
v 345.627 370.379 -177.5
vt -101.967 -6.69014
v 345.763 370.885 -177.5
vt -102.232 -6.61904
v 345.95 371.373 -177.5
vt -102.504 -6.57606
v 346.188 371.84 -177.5
vt -102.778 -6.56168
v 346.473 372.279 -177.5
vt -103.052 -6.57606
v 346.802 372.685 -177.5
vt -103.324 -6.61904
v 347.172 373.056 -177.5
vt -103.589 -6.69014
v 347.579 373.385 -177.5
vt -103.846 -6.78859
v 348.018 373.67 -177.5
vt -104.09 -6.91332
v 348.484 373.908 -177.5
vt -104.321 -7.06295
v 348.973 374.095 -177.5
vt -104.534 -7.23584
v 349.478 374.231 -177.5
vt -104.729 -7.4301
v 349.995 374.312 -177.5
vt -104.901 -7.64361
v 350.518 374.34 -177.5
vt -105.051 -7.87402
v 351.041 374.312 -177.5
vt -105.176 -8.1188
v 351.557 374.231 -177.5
vt -105.274 -8.37528
v 352.063 374.095 -177.5
vt -105.345 -8.64065
v 352.552 373.908 -177.5
vt -105.388 -8.912
f 816/2083/383 817/2084/383 818/2085/383 819/2086/383 820/2087/383 821/2088/383 822/2089/383 823/2090/383 824/2091/383 825/2092/383 826/2093/383 827/2094/383 828/2095/383 829/2096/383 830/2097/383 831/2098/383 832/2099/383 833/2100/383 834/2101/383 835/2102/383 836/2103/383 837/2104/383 838/2105/383 839/2106/383 840/2107/383 841/2108/383 842/2109/383 843/2110/383 844/2111/383 845/2112/383 846/2113/383 847/2114/383 848/2115/383 849/2116/383 850/2117/383 851/2118/383 852/2119/383 853/2120/383 854/2121/383 855/2122/383 856/2123/383 857/2124/383 858/2125/383 859/2126/383 860/2127/383 861/2128/383 862/2129/383 863/2130/383 864/2131/383 865/2132/383 866/2133/383 867/2134/383 868/2135/383 869/2136/383 870/2137/383 871/2138/383 872/2139/383 873/2140/383 874/2141/383 875/2142/383 

vt 34.1207 -3.93214
vn 0.587785 0.809017 1.09991e-28
vt 34.1207 -3.65741
vn 0.5 0.866025 -1.76019e-28
v 353.018 373.67 -175.5
vt 33.0709 -3.65741
v 353.457 373.385 -175.5
vt 33.0709 -3.93214
f 817/2143/384 816/2144/385 876/2145/385 877/2146/384 

v 353.018 373.67 -199.5
vt 45.6693 -3.65741
vn 0.5 0.866025 -1.99063e-14
vn 0.587785 0.809017 -1.98328e-14
v 353.457 373.385 -199.5
vt 45.6693 -3.93214
f 878/2147/386 816/2144/386 817/2143/387 879/2148/387 

v 352.552 373.908 -199.5
vt 45.6693 -14.4154
vn 0.406737 0.913545 -1.97626e-14
vt 34.1207 -14.4154
vt 34.1207 -14.6901
vt 45.6693 -14.6901
f 880/2149/388 875/2150/388 816/2151/386 878/2152/386 

v 352.063 374.095 -199.5
vt 45.6693 -25.0139
vn 0.309017 0.951057 -1.9402e-14
vt 34.1207 -25.0139
vt 34.1207 -25.2886
vt 45.6693 -25.2886
f 881/2153/389 874/2154/389 875/2155/388 880/2156/388 

v 351.557 374.231 -199.5
vt 45.6693 -35.3369
vn 0.207912 0.978148 -1.88288e-14
vt 34.1207 -35.3369
vt 34.1207 -35.6116
vt 45.6693 -35.6116
f 882/2157/390 873/2158/390 874/2159/389 881/2160/389 

v 351.041 374.312 -199.5
vt 45.6693 -45.2712
vn 0.104528 0.994522 -1.80495e-14
vt 34.1207 -45.2712
vt 34.1207 -45.5459
vt 45.6693 -45.5459
f 883/2161/391 872/2162/391 873/2163/390 882/2164/390 

v 350.518 374.34 -199.5
vt 45.6693 -54.708
vn 0 1 -1.70722e-14
vt 34.1207 -54.708
vt 34.1207 -54.9827
vt 45.6693 -54.9827
f 884/2165/392 871/2166/392 872/2167/391 883/2168/391 

v 349.995 374.312 -199.5
vt 45.6693 -63.5439
vn -0.104528 0.994522 -1.5908e-14
vt 34.1207 -63.5439
vt 34.1207 -63.8186
vt 45.6693 -63.8186
f 885/2169/393 870/2170/393 871/2171/392 884/2172/392 

v 349.478 374.231 -199.5
vt 45.6693 -71.6821
vn -0.207912 0.978148 -1.45694e-14
vt 34.1207 -71.6821
vt 34.1207 -71.9568
vt 45.6693 -71.9568
f 886/2173/394 869/2174/394 870/2175/393 885/2176/393 

v 348.973 374.095 -199.5
vt 45.6693 -79.0334
vn -0.309017 0.951057 -1.30713e-14
vt 34.1207 -79.0334
vt 34.1207 -79.3081
vt 45.6693 -79.3081
f 887/2177/395 868/2178/395 869/2179/394 886/2180/394 

v 348.484 373.908 -199.5
vt 45.6693 -85.5173
vn -0.406737 0.913545 -1.14297e-14
vt 34.1207 -85.5173
vt 34.1207 -85.792
vt 45.6693 -85.792
f 888/2181/396 867/2182/396 868/2183/395 887/2184/395 

v 348.018 373.67 -199.5
vt 45.6693 -91.0628
vn -0.5 0.866025 -9.66327e-15
vt 34.1207 -91.0628
vt 34.1207 -91.3375
vt 45.6693 -91.3375
f 889/2185/397 866/2186/397 867/2187/396 888/2188/396 

v 347.579 373.385 -199.5
vt 45.6693 -95.609
vn -0.587785 0.809017 -7.79087e-15
vt 34.1207 -95.609
vt 34.1207 -95.8838
vt 45.6693 -95.8838
f 890/2189/398 865/2190/398 866/2191/397 889/2192/397 

v 347.172 373.056 -199.5
vt 45.6693 -99.1063
vn -0.669131 0.743145 -5.83281e-15
vt 34.1207 -99.1063
vt 34.1207 -99.381
vt 45.6693 -99.381
f 891/2193/399 864/2194/399 865/2195/398 890/2196/398 

v 346.802 372.685 -199.5
vt 45.6693 -101.516
vn -0.743145 0.669131 -3.81159e-15
vt 34.1207 -101.516
vt 34.1207 -101.791
vt 45.6693 -101.791
f 892/2197/400 863/2198/400 864/2199/399 891/2200/399 

v 346.473 372.279 -199.5
vt 45.6693 -102.812
vn -0.809017 0.587785 -1.748e-15
vt 34.1207 -102.812
vt 34.1207 -103.087
vt 45.6693 -103.087
f 893/2201/401 862/2202/401 863/2203/400 892/2204/400 

v 346.188 371.84 -199.5
vt 45.6693 -102.981
vn -0.866025 0.5 3.3493e-16
vt 34.1207 -102.981
vt 34.1207 -103.255
vt 45.6693 -103.255
f 894/2205/402 861/2206/402 862/2207/401 893/2208/401 

v 345.95 371.373 -199.5
vt -45.6693 102.019
vn -0.913545 0.406737 2.41369e-15
vt -34.1207 102.019
vt -34.1207 102.294
vt -45.6693 102.294
f 895/2209/403 860/2210/403 861/2211/402 894/2212/402 

v 345.763 370.885 -199.5
vt -45.6693 99.9382
vn -0.951057 0.309017 4.46647e-15
vt -34.1207 99.9382
vt -34.1207 100.213
vt -45.6693 100.213
f 896/2213/404 859/2214/404 860/2215/403 895/2216/403 

v 345.627 370.379 -199.5
vt -45.6693 96.761
vn -0.978148 0.207912 6.47015e-15
vt -34.1207 96.761
vt -34.1207 97.0357
vt -45.6693 97.0357
f 897/2217/405 858/2218/405 859/2219/404 896/2220/404 

v 345.545 369.862 -199.5
vt -45.6693 92.5221
vn -0.994522 0.104528 8.4027e-15
vt -34.1207 92.5221
vt -34.1207 92.7968
vt -45.6693 92.7968
f 898/2221/406 857/2222/406 858/2223/405 897/2224/405 

v 345.518 369.34 -199.5
vt -45.6693 87.268
vn -1 0 1.02434e-14
vt -34.1207 87.268
vt -34.1207 87.5427
vt -45.6693 87.5427
f 899/2225/407 856/2226/407 857/2227/406 898/2228/406 

v 345.545 368.817 -199.5
vt -45.6693 81.0563
vn -0.994522 -0.104528 1.19718e-14
vt -34.1207 81.0563
vt -34.1207 81.331
vt -45.6693 81.331
f 900/2229/408 855/2230/408 856/2231/407 899/2232/407 

v 345.627 368.3 -199.5
vt -45.6693 73.955
vn -0.978148 -0.207912 1.3569e-14
vt -34.1207 73.955
vt -34.1207 74.2297
vt -45.6693 74.2297
f 901/2233/409 854/2234/409 855/2235/408 900/2236/408 

v 345.763 367.795 -199.5
vt -45.6693 66.0419
vn -0.951057 -0.309017 1.50177e-14
vt -34.1207 66.0419
vt -34.1207 66.3167
vt -45.6693 66.3167
f 902/2237/410 853/2238/410 854/2239/409 901/2240/409 

v 345.95 367.306 -199.5
vt -45.6693 57.4038
vn -0.913545 -0.406737 1.63016e-14
vt -34.1207 57.4038
vt -34.1207 57.6785
vt -45.6693 57.6785
f 903/2241/411 852/2242/411 853/2243/410 902/2244/410 

v 346.188 366.84 -199.5
vt -45.6693 48.1352
vn -0.866025 -0.5 1.7407e-14
vt -34.1207 48.1352
vt -34.1207 48.41
vt -45.6693 48.41
f 904/2245/412 851/2246/412 852/2247/411 903/2248/411 

v 346.473 366.401 -199.5
vt -45.6693 38.3378
vn -0.809017 -0.587785 1.83218e-14
vt -34.1207 38.3378
vt -34.1207 38.6125
vt -45.6693 38.6125
f 905/2249/413 850/2250/413 851/2251/412 904/2252/412 

v 346.802 365.994 -199.5
vt -45.6693 28.1188
vn -0.743145 -0.669131 1.9036e-14
vt -34.1207 28.1188
vt -34.1207 28.3935
vt -45.6693 28.3935
f 906/2253/414 849/2254/414 850/2255/413 905/2256/413 

v 347.172 365.624 -199.5
vt -45.6693 17.5902
vn -0.669131 -0.743145 1.95416e-14
vt -34.1207 17.5902
vt -34.1207 17.8649
vt -45.6693 17.8649
f 907/2257/415 848/2258/415 849/2259/414 906/2260/414 

v 347.579 365.295 -199.5
vt -45.6693 6.86741
vn -0.587785 -0.809017 1.98326e-14
vt -34.1207 6.86741
vt -34.1207 7.14214
vt -45.6693 7.14214
f 908/2261/416 847/2262/416 848/2263/415 907/2264/415 

v 348.018 365.01 -199.5
vt -45.6693 -3.93214
vn -0.5 -0.866025 1.99064e-14
vt -34.1207 -3.93214
vt -34.1207 -3.65741
vt -45.6693 -3.65741
f 909/2265/417 846/2266/417 847/2267/416 908/2268/416 

v 348.484 364.772 -199.5
vt -45.6693 -14.6901
vn -0.406737 -0.913545 1.97626e-14
vt -34.1207 -14.6901
vt -34.1207 -14.4154
vt -45.6693 -14.4154
f 910/2269/418 845/2270/418 846/2271/417 909/2272/417 

v 348.973 364.585 -199.5
vt -45.6693 -25.2886
vn -0.309017 -0.951057 1.94019e-14
vt -34.1207 -25.2886
vt -34.1207 -25.0139
vt -45.6693 -25.0139
f 911/2273/419 844/2274/419 845/2275/418 910/2276/418 

v 349.478 364.449 -199.5
vt -45.6693 -35.6116
vn -0.207912 -0.978148 1.88287e-14
vt -34.1207 -35.6116
vt -34.1207 -35.3369
vt -45.6693 -35.3369
f 912/2277/420 843/2278/420 844/2279/419 911/2280/419 

v 349.995 364.367 -199.5
vt -45.6693 -45.5459
vn -0.104528 -0.994522 1.80494e-14
vt -34.1207 -45.5459
vt -34.1207 -45.2712
vt -45.6693 -45.2712
f 913/2281/421 842/2282/421 843/2283/420 912/2284/420 

v 350.518 364.34 -199.5
vt -45.6693 -54.9827
vn 0 -1 1.70722e-14
vt -34.1207 -54.9827
vt -34.1207 -54.708
vt -45.6693 -54.708
f 914/2285/422 841/2286/422 842/2287/421 913/2288/421 

v 351.041 364.367 -199.5
vt -45.6693 -63.8186
vn 0.104528 -0.994522 1.5908e-14
vt -34.1207 -63.8186
vt -34.1207 -63.5439
vt -45.6693 -63.5439
f 915/2289/423 840/2290/423 841/2291/422 914/2292/422 

v 351.557 364.449 -199.5
vt -45.6693 -71.9568
vn 0.207912 -0.978148 1.45693e-14
vt -34.1207 -71.9568
vt -34.1207 -71.6821
vt -45.6693 -71.6821
f 916/2293/424 839/2294/424 840/2295/423 915/2296/423 

v 352.063 364.585 -199.5
vt -45.6693 -79.3081
vn 0.309017 -0.951057 1.30713e-14
vt -34.1207 -79.3081
vt -34.1207 -79.0334
vt -45.6693 -79.0334
f 917/2297/425 838/2298/425 839/2299/424 916/2300/424 

v 352.552 364.772 -199.5
vt -45.6693 -85.792
vn 0.406737 -0.913545 1.143e-14
vt -34.1207 -85.792
vt -34.1207 -85.5173
vt -45.6693 -85.5173
f 918/2301/426 837/2302/426 838/2303/425 917/2304/425 

v 353.018 365.01 -199.5
vt -45.6693 -91.3375
vn 0.5 -0.866025 9.66362e-15
vt -34.1207 -91.3375
vt -34.1207 -91.0628
vt -45.6693 -91.0628
f 919/2305/427 836/2306/427 837/2307/426 918/2308/426 

v 353.457 365.295 -199.5
vt -45.6693 -95.8838
vn 0.587785 -0.809017 7.79113e-15
vt -34.1207 -95.8838
vt -34.1207 -95.609
vt -45.6693 -95.609
f 920/2309/428 835/2310/428 836/2311/427 919/2312/427 

v 353.864 365.624 -199.5
vt -45.6693 -99.381
vn 0.669131 -0.743145 5.83286e-15
vt -34.1207 -99.381
vt -34.1207 -99.1063
vt -45.6693 -99.1063
f 921/2313/429 834/2314/429 835/2315/428 920/2316/428 

v 354.234 365.994 -199.5
vt -45.6693 -101.791
vn 0.743145 -0.669131 3.81159e-15
vt -34.1207 -101.791
vt -34.1207 -101.516
vt -45.6693 -101.516
f 922/2317/430 833/2318/430 834/2319/429 921/2320/429 

v 354.563 366.401 -199.5
vt -45.6693 -103.087
vn 0.809017 -0.587785 1.74804e-15
vt -34.1207 -103.087
vt -34.1207 -102.812
vt -45.6693 -102.812
f 923/2321/431 832/2322/431 833/2323/430 922/2324/430 

v 354.848 366.84 -199.5
vt -45.6693 -103.255
vn 0.866025 -0.5 -3.34885e-16
vt -34.1207 -103.255
vt -34.1207 -102.981
vt -45.6693 -102.981
f 924/2325/432 831/2326/432 832/2327/431 923/2328/431 

v 355.086 367.306 -199.5
vt 45.6693 102.294
vn 0.913545 -0.406737 -2.41369e-15
vt 34.1207 102.294
vt 34.1207 102.019
vt 45.6693 102.019
f 925/2329/433 830/2330/433 831/2331/432 924/2332/432 

v 355.273 367.795 -199.5
vt 45.6693 100.213
vn 0.951057 -0.309017 -4.46651e-15
vt 34.1207 100.213
vt 34.1207 99.9382
vt 45.6693 99.9382
f 926/2333/434 829/2334/434 830/2335/433 925/2336/433 

v 355.409 368.3 -199.5
vt 45.6693 97.0357
vn 0.978148 -0.207912 -6.47019e-15
vt 34.1207 97.0357
vt 34.1207 96.761
vt 45.6693 96.761
f 927/2337/435 828/2338/435 829/2339/434 926/2340/434 

v 355.491 368.817 -199.5
vt 45.6693 92.7968
vn 0.994522 -0.104528 -8.40267e-15
vt 34.1207 92.7968
vt 34.1207 92.5221
vt 45.6693 92.5221
f 928/2341/436 827/2342/436 828/2343/435 927/2344/435 

v 355.518 369.34 -199.5
vt 45.6693 87.5427
vn 1 0 -1.02433e-14
vt 34.1207 87.5427
vt 34.1207 87.268
vt 45.6693 87.268
f 929/2345/437 826/2346/437 827/2347/436 928/2348/436 

v 355.491 369.862 -199.5
vt 45.6693 81.331
vn 0.994522 0.104528 -1.19718e-14
vt 34.1207 81.331
vt 34.1207 81.0563
vt 45.6693 81.0563
f 930/2349/438 825/2350/438 826/2351/437 929/2352/437 

v 355.409 370.379 -199.5
vt 45.6693 74.2297
vn 0.978148 0.207912 -1.35691e-14
vt 34.1207 74.2297
vt 34.1207 73.955
vt 45.6693 73.955
f 931/2353/439 824/2354/439 825/2355/438 930/2356/438 

v 355.273 370.885 -199.5
vt 45.6693 66.3167
vn 0.951057 0.309017 -1.50176e-14
vt 34.1207 66.3167
vt 34.1207 66.0419
vt 45.6693 66.0419
f 932/2357/440 823/2358/440 824/2359/439 931/2360/439 

v 355.086 371.373 -199.5
vt 45.6693 57.6785
vn 0.913545 0.406737 -1.63014e-14
vt 34.1207 57.6785
vt 34.1207 57.4038
vt 45.6693 57.4038
f 933/2361/441 822/2362/441 823/2363/440 932/2364/440 

v 354.848 371.84 -199.5
vt 45.6693 48.41
vn 0.866025 0.5 -1.74069e-14
vt 34.1207 48.41
vt 34.1207 48.1352
vt 45.6693 48.1352
f 934/2365/442 821/2366/442 822/2367/441 933/2368/441 

v 354.563 372.279 -199.5
vt 45.6693 38.6125
vn 0.809017 0.587785 -1.83218e-14
vt 34.1207 38.6125
vt 34.1207 38.3378
vt 45.6693 38.3378
f 935/2369/443 820/2370/443 821/2371/442 934/2372/442 

v 354.234 372.685 -199.5
vt 45.6693 28.3935
vn 0.743145 0.669131 -1.90358e-14
vt 34.1207 28.3935
vt 34.1207 28.1188
vt 45.6693 28.1188
f 936/2373/444 819/2374/444 820/2375/443 935/2376/443 

v 353.864 373.056 -199.5
vt 45.6693 17.8649
vn 0.669131 0.743145 -1.95416e-14
vt 34.1207 17.8649
vt 34.1207 17.5902
vt 45.6693 17.5902
f 937/2377/445 818/2378/445 819/2379/444 936/2380/444 

vt 45.6693 7.14214
vt 34.1207 7.14214
vt 34.1207 6.86741
vt 45.6693 6.86741
f 879/2381/387 817/2382/387 818/2383/445 937/2384/445 

vn 0.669131 0.743145 -6.79538e-28
vt 33.0709 7.14214
v 353.864 373.056 -175.5
vt 33.0709 6.86741
f 818/2383/446 817/2382/384 877/2385/384 938/2386/446 

vt 105.388 -9.4607
vn 5.48257e-15 9.49609e-15 1
vt 105.403 -9.18635
v 352.552 373.908 -175.5
vt 105.388 -8.912
v 352.063 374.095 -175.5
vt 105.345 -8.64065
v 351.557 374.231 -175.5
vt 105.274 -8.37528
v 351.041 374.312 -175.5
vt 105.176 -8.1188
v 350.518 374.34 -175.5
vt 105.051 -7.87402
v 349.995 374.312 -175.5
vt 104.901 -7.64361
v 349.478 374.231 -175.5
vt 104.729 -7.4301
v 348.973 374.095 -175.5
vt 104.534 -7.23584
v 348.484 373.908 -175.5
vt 104.321 -7.06295
v 348.018 373.67 -175.5
vt 104.09 -6.91332
v 347.579 373.385 -175.5
vt 103.846 -6.78859
v 347.172 373.056 -175.5
vt 103.589 -6.69014
v 346.802 372.685 -175.5
vt 103.324 -6.61904
v 346.473 372.279 -175.5
vt 103.052 -6.57606
v 346.188 371.84 -175.5
vt 102.778 -6.56168
v 345.95 371.373 -175.5
vt 102.504 -6.57606
v 345.763 370.885 -175.5
vt 102.232 -6.61904
v 345.627 370.379 -175.5
vt 101.967 -6.69014
v 345.545 369.862 -175.5
vt 101.71 -6.78859
v 345.518 369.34 -175.5
vt 101.466 -6.91332
v 345.545 368.817 -175.5
vt 101.235 -7.06295
v 345.627 368.3 -175.5
vt 101.022 -7.23584
v 345.763 367.795 -175.5
vt 100.828 -7.4301
v 345.95 367.306 -175.5
vt 100.655 -7.64361
v 346.188 366.84 -175.5
vt 100.505 -7.87402
v 346.473 366.401 -175.5
vt 100.38 -8.1188
v 346.802 365.994 -175.5
vt 100.282 -8.37528
v 347.172 365.624 -175.5
vt 100.211 -8.64065
v 347.579 365.295 -175.5
vt 100.168 -8.912
v 348.018 365.01 -175.5
vt 100.153 -9.18635
v 348.484 364.772 -175.5
vt 100.168 -9.4607
v 348.973 364.585 -175.5
vt 100.211 -9.73205
v 349.478 364.449 -175.5
vt 100.282 -9.99742
v 349.995 364.367 -175.5
vt 100.38 -10.2539
v 350.518 364.34 -175.5
vt 100.505 -10.4987
v 351.041 364.367 -175.5
vt 100.655 -10.7291
v 351.557 364.449 -175.5
vt 100.828 -10.9426
v 352.063 364.585 -175.5
vt 101.022 -11.1369
v 352.552 364.772 -175.5
vt 101.235 -11.3098
v 353.018 365.01 -175.5
vt 101.466 -11.4594
v 353.457 365.295 -175.5
vt 101.71 -11.5841
v 353.864 365.624 -175.5
vt 101.967 -11.6826
v 354.234 365.994 -175.5
vt 102.232 -11.7537
v 354.563 366.401 -175.5
vt 102.504 -11.7966
v 354.848 366.84 -175.5
vt 102.778 -11.811
v 355.086 367.306 -175.5
vt 103.052 -11.7966
v 355.273 367.795 -175.5
vt 103.324 -11.7537
v 355.409 368.3 -175.5
vt 103.589 -11.6826
v 355.491 368.817 -175.5
vt 103.846 -11.5841
v 355.518 369.34 -175.5
vt 104.09 -11.4594
v 355.491 369.862 -175.5
vt 104.321 -11.3098
v 355.409 370.379 -175.5
vt 104.534 -11.1369
v 355.273 370.885 -175.5
vt 104.729 -10.9426
v 355.086 371.373 -175.5
vt 104.901 -10.7291
v 354.848 371.84 -175.5
vt 105.051 -10.4987
v 354.563 372.279 -175.5
vt 105.176 -10.2539
v 354.234 372.685 -175.5
vt 105.274 -9.99742
vt 105.345 -9.73205
f 877/2387/447 876/2388/447 939/2389/447 940/2390/447 941/2391/447 942/2392/447 943/2393/447 944/2394/447 945/2395/447 946/2396/447 947/2397/447 948/2398/447 949/2399/447 950/2400/447 951/2401/447 952/2402/447 953/2403/447 954/2404/447 955/2405/447 956/2406/447 957/2407/447 958/2408/447 959/2409/447 960/2410/447 961/2411/447 962/2412/447 963/2413/447 964/2414/447 965/2415/447 966/2416/447 967/2417/447 968/2418/447 969/2419/447 970/2420/447 971/2421/447 972/2422/447 973/2423/447 974/2424/447 975/2425/447 976/2426/447 977/2427/447 978/2428/447 979/2429/447 980/2430/447 981/2431/447 982/2432/447 983/2433/447 984/2434/447 985/2435/447 986/2436/447 987/2437/447 988/2438/447 989/2439/447 990/2440/447 991/2441/447 992/2442/447 993/2443/447 994/2444/447 995/2445/447 938/2446/447 

vn 0.406737 0.913545 -1.5519e-28
vt 33.0709 -14.4154
vt 33.0709 -14.6901
f 816/2151/385 875/2150/448 939/2447/448 876/2448/385 

vn 0.309017 0.951057 1.74974e-18
vt 33.0709 -25.0139
vt 33.0709 -25.2886
f 875/2155/448 874/2154/449 940/2449/449 939/2450/448 

vn 0.207912 0.978148 1.74974e-18
vt 33.0709 -35.3369
vt 33.0709 -35.6116
f 874/2159/449 873/2158/450 941/2451/450 940/2452/449 

vn 0.104528 0.994522 3.52883e-28
vt 33.0709 -45.2712
vt 33.0709 -45.5459
f 873/2163/450 872/2162/451 942/2453/451 941/2454/450 

vn 0 1 6.78605e-28
vt 33.0709 -54.708
vt 33.0709 -54.9827
f 872/2167/451 871/2166/452 943/2455/452 942/2456/451 

vn -0.104528 0.994522 4.06375e-28
vt 33.0709 -63.5439
vt 33.0709 -63.8186
f 871/2171/452 870/2170/453 944/2457/453 943/2458/452 

vn -0.207912 0.978148 -2.33458e-28
vt 33.0709 -71.6821
vt 33.0709 -71.9568
f 870/2175/453 869/2174/454 945/2459/454 944/2460/453 

vn -0.309017 0.951057 -2.83633e-28
vt 33.0709 -79.0334
vt 33.0709 -79.3081
f 869/2179/454 868/2178/455 946/2461/455 945/2462/454 

vn -0.406737 0.913545 3.20539e-28
vt 33.0709 -85.5173
vt 33.0709 -85.792
f 868/2183/455 867/2182/456 947/2463/456 946/2464/455 

vn -0.5 0.866025 -1.31865e-28
vt 33.0709 -91.0628
vt 33.0709 -91.3375
f 867/2187/456 866/2186/457 948/2465/457 947/2466/456 

vn -0.587785 0.809017 -2.65277e-18
vt 33.0709 -95.609
vt 33.0709 -95.8838
f 866/2191/457 865/2190/458 949/2467/458 948/2468/457 

vn -0.669131 0.743145 -2.65277e-18
vt 33.0709 -99.1063
vt 33.0709 -99.381
f 865/2195/458 864/2194/459 950/2469/459 949/2470/458 

vn -0.743145 0.669131 2.58753e-28
vt 33.0709 -101.516
vt 33.0709 -101.791
f 864/2199/459 863/2198/460 951/2471/460 950/2472/459 

vn -0.809017 0.587785 -6.96643e-29
vt 33.0709 -102.812
vt 33.0709 -103.087
f 863/2203/460 862/2202/461 952/2473/461 951/2474/460 

vn -0.866025 0.5 2.19774e-28
vt 33.0709 -102.981
vt 33.0709 -103.255
f 862/2207/461 861/2206/462 953/2475/462 952/2476/461 

vn -0.913545 0.406737 1.96138e-28
vt -33.0709 102.019
vt -33.0709 102.294
f 861/2211/462 860/2210/463 954/2477/463 953/2478/462 

vn -0.951057 0.309017 -4.96358e-28
vt -33.0709 99.9382
vt -33.0709 100.213
f 860/2215/463 859/2214/464 955/2479/464 954/2480/463 

vn -0.978148 0.207912 -6.20274e-19
vt -33.0709 96.761
vt -33.0709 97.0357
f 859/2219/464 858/2218/465 956/2481/465 955/2482/464 

vn -0.994522 0.104528 -6.20274e-19
vt -33.0709 92.5221
vt -33.0709 92.7968
f 858/2223/465 857/2222/466 957/2483/466 956/2484/465 

vn -1 0 6.63055e-28
vt -33.0709 87.268
vt -33.0709 87.5427
f 857/2227/466 856/2226/467 958/2485/467 957/2486/466 

vn -0.994522 -0.104528 3.88544e-28
vt -33.0709 81.0563
vt -33.0709 81.331
f 856/2231/467 855/2230/468 959/2487/468 958/2488/467 

vn -0.978148 -0.207912 -2.5668e-28
vt -33.0709 73.955
vt -33.0709 74.2297
f 855/2235/468 854/2234/469 960/2489/469 959/2490/468 

vn -0.951057 -0.309017 -3.14319e-28
vt -33.0709 66.0419
vt -33.0709 66.3167
f 854/2239/469 853/2238/470 961/2491/470 960/2492/469 

vn -0.913545 -0.406737 2.89439e-28
vt -33.0709 57.4038
vt -33.0709 57.6785
f 853/2243/470 852/2242/471 962/2493/471 961/2494/470 

vn -0.866025 -0.5 -1.64209e-28
vt -33.0709 48.1352
vt -33.0709 48.41
f 852/2247/471 851/2246/472 963/2495/472 962/2496/471 

vn -0.809017 -0.587785 -4.57172e-28
vt -33.0709 38.3378
vt -33.0709 38.6125
f 851/2251/472 850/2250/473 964/2497/473 963/2498/472 

vn -0.743145 -0.669131 2.23092e-28
vt -33.0709 28.1188
vt -33.0709 28.3935
f 850/2255/473 849/2254/474 965/2499/474 964/2500/473 

vn -0.669131 -0.743145 2.20085e-28
vt -33.0709 17.5902
vt -33.0709 17.8649
f 849/2259/474 848/2258/475 966/2501/475 965/2502/474 

vn -0.587785 -0.809017 8.07567e-29
vt -33.0709 6.86741
vt -33.0709 7.14214
f 848/2263/475 847/2262/476 967/2503/476 966/2504/475 

vn -0.5 -0.866025 -2.1377e-28
vt -33.0709 -3.93214
vt -33.0709 -3.65741
f 847/2267/476 846/2266/477 968/2505/477 967/2506/476 

vn -0.406737 -0.913545 1.30784e-18
vt -33.0709 -14.6901
vt -33.0709 -14.4154
f 846/2271/477 845/2270/478 969/2507/478 968/2508/477 

vn -0.309017 -0.951057 -4.41897e-19
vt -33.0709 -25.2886
vt -33.0709 -25.0139
f 845/2275/478 844/2274/479 970/2509/479 969/2510/478 

vn -0.207912 -0.978148 -1.74974e-18
vt -33.0709 -35.6116
vt -33.0709 -35.3369
f 844/2279/479 843/2278/480 971/2511/480 970/2512/479 

vn -0.104528 -0.994522 2.98976e-28
vt -33.0709 -45.5459
vt -33.0709 -45.2712
f 843/2283/480 842/2282/481 972/2513/481 971/2514/480 

vn 0 -1 6.25113e-28
vt -33.0709 -54.9827
vt -33.0709 -54.708
f 842/2287/481 841/2286/482 973/2515/482 972/2516/481 

vn 0.104528 -0.994522 3.46663e-28
vt -33.0709 -63.8186
vt -33.0709 -63.5439
f 841/2291/482 840/2290/483 974/2517/483 973/2518/482 

vn 0.207912 -0.978148 -2.94829e-28
vt -33.0709 -71.9568
vt -33.0709 -71.6821
f 840/2295/483 839/2294/484 975/2519/484 974/2520/483 

vn 0.309017 -0.951057 -3.46663e-28
vt -33.0709 -79.3081
vt -33.0709 -79.0334
f 839/2299/484 838/2298/485 976/2521/485 975/2522/484 

vn 0.406737 -0.913545 2.60826e-28
vt -33.0709 -85.792
vt -33.0709 -85.5173
f 838/2303/485 837/2302/486 977/2523/486 976/2524/485 

vn 0.5 -0.866025 -1.89504e-28
vt -33.0709 -91.3375
vt -33.0709 -91.0628
f 837/2307/486 836/2306/487 978/2525/487 977/2526/486 

vn 0.587785 -0.809017 2.65277e-18
vt -33.0709 -95.8838
vt -33.0709 -95.609
f 836/2311/487 835/2310/488 979/2527/488 978/2528/487 

vn 0.669131 -0.743145 2.65277e-18
vt -33.0709 -99.381
vt -33.0709 -99.1063
f 835/2315/488 834/2314/489 980/2529/489 979/2530/488 

vn 0.743145 -0.669131 4.56135e-28
vt -33.0709 -101.791
vt -33.0709 -101.516
f 834/2319/489 833/2318/490 981/2531/490 980/2532/489 

vn 0.809017 -0.587785 4.05131e-28
vt -33.0709 -103.087
vt -33.0709 -102.812
f 833/2323/490 832/2322/491 982/2533/491 981/2534/490 

vn 0.866025 -0.5 4.4411e-28
vt -33.0709 -103.255
vt -33.0709 -102.981
f 832/2327/491 831/2326/492 983/2535/492 982/2536/491 

vn 0.913545 -0.406737 1.52183e-28
vt 33.0709 102.294
vt 33.0709 102.019
f 831/2331/492 830/2330/493 984/2537/493 983/2538/492 

vn 0.951057 -0.309017 -5.36166e-28
vt 33.0709 100.213
vt 33.0709 99.9382
f 830/2335/493 829/2334/494 985/2539/494 984/2540/493 

vn 0.978148 -0.207912 6.20274e-19
vt 33.0709 97.0357
vt 33.0709 96.761
f 829/2339/494 828/2338/495 986/2541/495 985/2542/494 

vn 0.994522 -0.104528 6.20274e-19
vt 33.0709 92.7968
vt 33.0709 92.5221
f 828/2343/495 827/2342/496 987/2543/496 986/2544/495 

vn 1 0 6.39004e-28
vt 33.0709 87.5427
vt 33.0709 87.268
f 827/2347/496 826/2346/497 988/2545/497 987/2546/496 

vn 0.994522 0.104528 3.66152e-28
vt 33.0709 81.331
vt 33.0709 81.0563
f 826/2351/497 825/2350/498 989/2547/498 988/2548/497 

vn 0.978148 0.207912 -2.70779e-28
vt 33.0709 74.2297
vt 33.0709 73.955
f 825/2355/498 824/2354/499 990/2549/499 989/2550/498 

vn 0.951057 0.309017 -3.17636e-28
vt 33.0709 66.3167
vt 33.0709 66.0419
f 824/2359/499 823/2358/500 991/2551/500 990/2552/499 

vn 0.913545 0.406737 2.91097e-28
vt 33.0709 57.6785
vt 33.0709 57.4038
f 823/2363/500 822/2362/501 992/2553/501 991/2554/500 

vn 0.866025 0.5 -1.57574e-28
vt 33.0709 48.41
vt 33.0709 48.1352
f 822/2367/501 821/2366/502 993/2555/502 992/2556/501 

vn 0.809017 0.587785 -4.43488e-28
vt 33.0709 38.6125
vt 33.0709 38.3378
f 821/2371/502 820/2370/503 994/2557/503 993/2558/502 

vn 0.743145 0.669131 -6.82544e-28
vt 33.0709 28.3935
vt 33.0709 28.1188
f 820/2375/503 819/2374/504 995/2559/504 994/2560/503 

vt 33.0709 17.8649
vt 33.0709 17.5902
f 819/2379/504 818/2378/446 938/2561/446 995/2562/504 

f 878/2083/383 879/2084/383 937/2085/383 936/2086/383 935/2087/383 934/2088/383 933/2089/383 932/2090/383 931/2091/383 930/2092/383 929/2093/383 928/2094/383 927/2095/383 926/2096/383 925/2097/383 924/2098/383 923/2099/383 922/2100/383 921/2101/383 920/2102/383 919/2103/383 918/2104/383 917/2105/383 916/2106/383 915/2107/383 914/2108/383 913/2109/383 912/2110/383 911/2111/383 910/2112/383 909/2113/383 908/2114/383 907/2115/383 906/2116/383 905/2117/383 904/2118/383 903/2119/383 902/2120/383 901/2121/383 900/2122/383 899/2123/383 898/2124/383 897/2125/383 896/2126/383 895/2127/383 894/2128/383 893/2129/383 892/2130/383 891/2131/383 890/2132/383 889/2133/383 888/2134/383 887/2135/383 886/2136/383 885/2137/383 884/2138/383 883/2139/383 882/2140/383 881/2141/383 880/2142/383 

g Mesh10 Group8 Group5 Group1 Model

usemtl M_0063_GreenYellow
v 805.593 1337 -251.25
vt -72.8346 16.8702
vn -0.32228 0.946644 -5.47082e-15
v 805.593 1337 -123.75
vt -5.90551 16.8702
v 815.068 1339.95 -123.75
vt -5.90551 22.0796
vn -0.272321 0.962206 -6.02641e-15
v 815.068 1339.95 -251.25
vt -72.8346 22.0796
f 996/2563/505 997/2564/505 998/2565/506 999/2566/506 

v 796.286 1333.56 -251.25
vt -72.8346 13.4691
vn -0.371356 0.92849 -4.90025e-15
v 796.286 1333.56 -123.75
vt -5.90551 13.4691
vt -5.90551 18.6785
vt -72.8346 18.6785
f 1000/2567/507 1001/2568/507 997/2569/505 996/2570/505 

v 787.171 1329.63 -251.25
vt -72.8346 10.0239
vn -0.419416 0.907794 -4.31627e-15
v 787.171 1329.63 -123.75
vt -5.90551 10.0239
vt -5.90551 15.2333
vt -72.8346 15.2333
f 1002/2571/508 1003/2572/508 1001/2573/507 1000/2574/507 

v 778.274 1325.24 -251.25
vt -72.8346 6.54414
vn -0.443023 0.89651 -4.01974e-15
v 778.274 1325.24 -123.75
vt -5.90551 6.54414
vt -5.90551 11.7536
vt -72.8346 11.7536
f 1004/2575/509 1005/2576/509 1003/2577/508 1002/2578/508 

v 856.216 1280.24 -251.25
vt -72.8346 -23.622
vn -0.5 -0.866025 1.1703e-14
v 856.216 1280.24 -123.75
vt -5.90551 -23.622
vt -5.90551 23.622
vt -72.8346 23.622
f 1006/2579/510 1007/2580/510 1005/2581/510 1004/2582/510 

v 856.216 1280.24 -116.25
vt -1.9685 -23.622
v 778.274 1325.24 -116.25
vt -1.9685 23.622
f 1008/2583/510 1009/2584/510 1005/2581/510 1007/2580/510 

vt 33.4066 -2.55261e-16
vn 8.89675e-15 8.63973e-15 1
v 883.121 1326.84 -116.25
vt 53.3799 19.9733
v 882.582 1326.32 -116.25
vt 53.0365 19.7862
v 881.611 1325.57 -116.25
vt 52.4427 19.5392
v 880.567 1324.93 -116.25
vt 51.8263 19.3556
v 879.462 1324.4 -116.25
vt 51.1941 19.2374
v 878.308 1323.99 -116.25
vt 50.553 19.186
v 877.117 1323.71 -116.25
vt 49.9101 19.2019
v 875.902 1323.54 -116.25
vt 49.2723 19.2848
v 874.678 1323.51 -116.25
vt 48.6467 19.434
v 873.456 1323.6 -116.25
vt 48.0402 19.6478
v 872.251 1323.83 -116.25
vt 47.4593 19.9238
v 871.076 1324.17 -116.25
vt 46.9104 20.259
v 869.943 1324.64 -116.25
vt 46.3996 20.6498
v 868.866 1325.22 -116.25
vt 45.9324 21.0918
v 867.855 1325.91 -116.25
vt 45.5139 21.5802
v 866.922 1326.71 -116.25
vt 45.1489 22.1097
v 866.077 1327.6 -116.25
vt 44.8411 22.6744
v 865.33 1328.57 -116.25
vt 44.5941 23.2683
v 864.688 1329.61 -116.25
vt 44.4105 23.8846
v 864.159 1330.72 -116.25
vt 44.2924 24.5168
v 863.748 1331.87 -116.25
vt 44.241 25.1579
v 863.461 1333.06 -116.25
vt 44.2568 25.8009
v 863.299 1334.28 -116.25
vt 44.3398 26.4386
v 863.265 1335.5 -116.25
vt 44.489 27.0642
v 863.359 1336.72 -116.25
vt 44.7028 27.6708
v 863.581 1337.93 -116.25
vt 44.9788 28.2517
v 863.927 1339.1 -116.25
vt 45.314 28.8006
v 864.394 1340.23 -116.25
vt 45.7048 29.3114
v 864.977 1341.31 -116.25
vt 46.1468 29.7786
v 865.669 1342.32 -116.25
vt 46.6352 30.197
v 866.464 1343.26 -116.25
vt 47.1647 30.5621
v 867.351 1344.1 -116.25
vt 47.7294 30.8698
v 868.322 1344.85 -116.25
vt 48.3232 31.1168
v 869.366 1345.49 -116.25
vt 48.9396 31.3004
v 870.471 1346.02 -116.25
vt 49.5718 31.4186
v 871.625 1346.43 -116.25
vt 50.2129 31.47
v 872.816 1346.72 -116.25
vt 50.8558 31.4541
v 874.03 1346.88 -116.25
vt 51.4936 31.3711
v 875.086 1346.91 -116.25
vt 52.0329 31.2425
v 873.957 1346.98 -116.25
vt 51.4699 31.4329
v 864.033 1347.1 -116.25
vt 46.4546 32.8416
v 854.117 1346.7 -116.25
vt 41.3724 33.9861
v 844.236 1345.78 -116.25
vt 36.2373 34.8631
v 834.416 1344.35 -116.25
vt 31.0634 35.4703
v 824.685 1342.4 -116.25
vt 25.8648 35.8061
v 815.068 1339.95 -116.25
vt 20.6558 35.8694
v 805.593 1337 -116.25
vt 15.4505 35.6602
v 796.286 1333.56 -116.25
vt 10.2634 35.179
v 787.171 1329.63 -116.25
vt 5.1085 34.4271
vt 8.88793e-16 33.4066
f 1008/2585/511 1010/2586/511 1011/2587/511 1012/2588/511 1013/2589/511 1014/2590/511 1015/2591/511 1016/2592/511 1017/2593/511 1018/2594/511 1019/2595/511 1020/2596/511 1021/2597/511 1022/2598/511 1023/2599/511 1024/2600/511 1025/2601/511 1026/2602/511 1027/2603/511 1028/2604/511 1029/2605/511 1030/2606/511 1031/2607/511 1032/2608/511 1033/2609/511 1034/2610/511 1035/2611/511 1036/2612/511 1037/2613/511 1038/2614/511 1039/2615/511 1040/2616/511 1041/2617/511 1042/2618/511 1043/2619/511 1044/2620/511 1045/2621/511 1046/2622/511 1047/2623/511 1048/2624/511 1049/2625/511 1050/2626/511 1051/2627/511 1052/2628/511 1053/2629/511 1054/2630/511 1055/2631/511 1056/2632/511 1057/2633/511 1058/2634/511 1009/2635/511 

vt 5.90551 23.622
vn 0.866025 -0.5 -2.78569e-15
v 886.314 1332.37 -123.75
vt 5.90551 55.2201
v 886.314 1332.37 -116.25
vt 1.9685 55.2201
vt 1.9685 51.8685
vt 1.9685 23.622
f 1007/2636/512 1059/2637/512 1060/2638/512 1010/2639/512 1008/2640/512 

vt -33.4066 -3.04061e-15
vn -9.10707e-15 -8.29729e-15 -1
vt -3.34274e-15 33.4066
vt -5.1085 34.4271
vt -10.2634 35.179
vt -15.4505 35.6602
vt -20.6558 35.8694
v 824.685 1342.4 -123.75
vt -25.8648 35.8061
v 834.416 1344.35 -123.75
vt -31.0634 35.4703
v 844.236 1345.78 -123.75
vt -36.2373 34.8631
v 854.117 1346.7 -123.75
vt -41.3724 33.9861
v 864.033 1347.1 -123.75
vt -46.4546 32.8416
v 873.957 1346.98 -123.75
vt -51.4699 31.4329
v 876.477 1346.82 -123.75
vt -52.7258 31.0082
v 877.682 1346.6 -123.75
vt -53.3067 30.7322
v 878.857 1346.25 -123.75
vt -53.8555 30.397
v 879.99 1345.78 -123.75
vt -54.3664 30.0062
v 881.067 1345.2 -123.75
vt -54.8336 29.5642
v 882.078 1344.51 -123.75
vt -55.252 29.0758
v 883.011 1343.71 -123.75
vt -55.6171 28.5463
v 883.856 1342.83 -123.75
vt -55.9248 27.9816
v 884.603 1341.86 -123.75
vt -56.1718 27.3877
v 885.245 1340.81 -123.75
vt -56.3554 26.7714
v 885.774 1339.71 -123.75
vt -56.4735 26.1392
v 886.184 1338.55 -123.75
vt -56.525 25.4981
v 886.472 1337.36 -123.75
vt -56.5091 24.8551
v 886.634 1336.15 -123.75
vt -56.4261 24.2174
v 886.668 1334.92 -123.75
vt -56.2769 23.5918
v 886.574 1333.7 -123.75
vt -56.0631 22.9852
v 886.352 1332.5 -123.75
vt -55.7871 22.4043
vt -55.7498 22.3432
f 1007/2641/513 1005/2642/513 1003/2643/513 1001/2644/513 997/2645/513 998/2646/513 1061/2647/513 1062/2648/513 1063/2649/513 1064/2650/513 1065/2651/513 1066/2652/513 1067/2653/513 1068/2654/513 1069/2655/513 1070/2656/513 1071/2657/513 1072/2658/513 1073/2659/513 1074/2660/513 1075/2661/513 1076/2662/513 1077/2663/513 1078/2664/513 1079/2665/513 1080/2666/513 1081/2667/513 1082/2668/513 1083/2669/513 1059/2670/513 

vt -1.9685 6.54414
vn -0.443023 0.89651 -4.03379e-15
vt -1.9685 11.7536
vn -0.419416 0.907794 -4.3233e-15
f 1009/2671/514 1058/2672/515 1003/2577/515 1005/2576/514 

vt -1.9685 10.0239
vt -1.9685 15.2333
vn -0.371356 0.92849 -4.90056e-15
f 1058/2673/515 1057/2674/516 1001/2573/516 1003/2572/515 

vt -1.9685 13.4691
vt -1.9685 18.6785
vn -0.32228 0.946644 -5.47113e-15
f 1057/2675/516 1056/2676/517 997/2569/517 1001/2568/516 

vt -1.9685 16.8702
vt -1.9685 22.0796
f 1056/2677/517 1055/2678/506 998/2565/506 997/2564/517 

vt 1.9685 -20.218
vt 1.9685 -25.4275
vn -0.221617 0.975134 -6.5655e-15
vt 5.90551 -25.4275
vt 5.90551 -20.218
f 1055/2679/506 1054/2680/518 1061/2681/518 998/2682/506 

vt 1.9685 -23.5034
vt 1.9685 -28.7128
vn -0.170305 0.985391 -7.08661e-15
vt 5.90551 -28.7128
vt 5.90551 -23.5034
f 1054/2683/518 1053/2684/519 1062/2685/519 1061/2686/518 

vt 1.9685 -26.7172
vt 1.9685 -31.9267
vn -0.118528 0.992951 -7.58091e-15
vt 5.90551 -31.9267
vt 5.90551 -26.7172
f 1053/2687/519 1052/2688/520 1063/2689/520 1062/2690/519 

vt 1.9685 -29.8508
vt 1.9685 -35.0602
vn -0.0664256 0.997791 -8.06184e-15
vt 5.90551 -35.0602
vt 5.90551 -29.8508
f 1052/2691/520 1051/2692/521 1064/2693/521 1063/2694/520 

vt 1.9685 -32.8955
vt 1.9685 -38.105
vn -0.0141417 0.9999 -8.52033e-15
vt 5.90551 -38.105
vt 5.90551 -32.8955
f 1051/2695/521 1050/2696/522 1065/2697/522 1064/2698/521 

vt 1.9685 -35.843
vt 1.9685 -41.0525
vn 0.038181 0.999271 -6.73883e-15
vt 5.90551 -41.0525
vt 5.90551 -35.843
f 1050/2699/522 1049/2700/523 1066/2701/523 1065/2702/522 

v 876.477 1346.82 -116.25
vt 1.9685 -40.011
vn 0.0643121 0.99793 -4.73973e-15
vt 5.90551 -40.011
vt 5.90551 -38.6853
vt 1.9685 -38.6853
vt 1.9685 -39.2795
f 1084/2703/524 1067/2704/524 1066/2705/523 1049/2706/523 1048/2707/524 

vt 1.9685 -34.3164
vn 0.180755 0.983528 -1.00289e-14
v 877.682 1346.6 -116.25
vt 1.9685 -34.9595
vn 0.231981 0.97272 -1.03671e-14
vt 5.90551 -34.9595
vt 5.90551 -34.3164
f 1084/2708/525 1085/2709/526 1068/2710/526 1067/2711/525 

vn 8.42707e-15 8.64812e-15 1
vt 55.7498 22.3432
v 886.352 1332.5 -116.25
vt 55.7871 22.4043
v 886.574 1333.7 -116.25
vt 56.0631 22.9852
v 886.668 1334.92 -116.25
vt 56.2769 23.5918
v 886.634 1336.15 -116.25
vt 56.4261 24.2174
v 886.472 1337.36 -116.25
vt 56.5091 24.8551
v 886.184 1338.55 -116.25
vt 56.525 25.4981
v 885.774 1339.71 -116.25
vt 56.4735 26.1392
v 885.245 1340.81 -116.25
vt 56.3554 26.7714
v 884.603 1341.86 -116.25
vt 56.1718 27.3877
v 883.856 1342.83 -116.25
vt 55.9248 27.9816
v 883.011 1343.71 -116.25
vt 55.6171 28.5463
v 882.078 1344.51 -116.25
vt 55.252 29.0758
v 881.067 1345.2 -116.25
vt 54.8336 29.5642
v 879.99 1345.78 -116.25
vt 54.3664 30.0062
v 878.857 1346.25 -116.25
vt 53.8555 30.397
vt 53.3067 30.7322
vt 52.7258 31.0082
f 1010/2586/527 1060/2712/527 1086/2713/527 1087/2714/527 1088/2715/527 1089/2716/527 1090/2717/527 1091/2718/527 1092/2719/527 1093/2720/527 1094/2721/527 1095/2722/527 1096/2723/527 1097/2724/527 1098/2725/527 1099/2726/527 1100/2727/527 1085/2728/527 1084/2729/527 1048/2624/527 1047/2623/527 1046/2622/527 1045/2621/527 1044/2620/527 1043/2619/527 1042/2618/527 1041/2617/527 1040/2616/527 1039/2615/527 1038/2614/527 1037/2613/527 1036/2612/527 1035/2611/527 1034/2610/527 1033/2609/527 1032/2608/527 1031/2607/527 1030/2606/527 1029/2605/527 1028/2604/527 1027/2603/527 1026/2602/527 1025/2601/527 1024/2600/527 1023/2599/527 1022/2598/527 1021/2597/527 1020/2596/527 1019/2595/527 1018/2594/527 1017/2593/527 1016/2592/527 1015/2591/527 1014/2590/527 1013/2589/527 1012/2588/527 1011/2587/527 

vt 1.9685 48.1975
vn 0.97272 -0.231981 -6.19097e-15
vt 1.9685 48.1259
vn 0.959246 -0.282572 -5.63992e-15
vt 5.90551 48.1259
vt 5.90551 48.1975
f 1086/2730/528 1060/2731/529 1059/2732/529 1083/2733/528 

vt 1.9685 44.8206
vn 0.99164 -0.129034 -7.24072e-15
vt 1.9685 44.1774
vt 5.90551 44.1774
vt 5.90551 44.8206
f 1087/2734/530 1086/2735/528 1083/2736/528 1082/2737/530 

vt 1.9685 40.9562
vn 0.999696 -0.0246722 -8.21113e-15
vt 1.9685 40.313
vt 5.90551 40.313
vt 5.90551 40.9562
f 1088/2738/531 1087/2739/530 1082/2740/530 1081/2741/531 

vt 1.9685 36.6465
vn 0.996798 0.0799596 -9.09158e-15
vt 1.9685 36.0034
vt 5.90551 36.0034
vt 5.90551 36.6465
f 1089/2742/532 1088/2743/531 1081/2744/531 1080/2745/532 

vt 1.9685 31.9389
vn 0.982979 0.183715 -9.87243e-15
vt 1.9685 31.2958
vt 5.90551 31.2958
vt 5.90551 31.9389
f 1090/2746/533 1089/2747/532 1080/2748/532 1079/2749/533 

vt 1.9685 26.8849
vn 0.958391 0.285458 -1.05451e-14
vt 1.9685 26.2418
vt 5.90551 26.2418
vt 5.90551 26.8849
f 1091/2750/534 1090/2751/533 1079/2752/533 1078/2753/534 

vt 1.9685 21.5399
vn 0.923302 0.384074 -1.11022e-14
vt 1.9685 20.8967
vt 5.90551 20.8967
vt 5.90551 21.5399
f 1092/2754/535 1091/2755/534 1078/2756/534 1077/2757/535 

vt 1.9685 15.9624
vn 0.878098 0.478481 -1.15378e-14
vt 1.9685 15.3192
vt 5.90551 15.3192
vt 5.90551 15.9624
f 1093/2758/536 1092/2759/535 1077/2760/535 1076/2761/536 

vt 1.9685 10.2135
vn 0.823273 0.567646 -1.18468e-14
vt 1.9685 9.57033
vt 5.90551 9.57033
vt 5.90551 10.2135
f 1094/2762/537 1093/2763/536 1076/2764/536 1075/2765/537 

vt 1.9685 4.35621
vn 0.759428 0.650592 -1.20261e-14
vt 1.9685 3.71306
vt 5.90551 3.71306
vt 5.90551 4.35621
f 1095/2766/538 1094/2767/537 1075/2768/537 1074/2769/538 

vt 1.9685 -1.54526
vn 0.687262 0.72641 -1.20737e-14
vt 1.9685 -2.1884
vt 5.90551 -2.1884
vt 5.90551 -1.54526
f 1096/2770/539 1095/2771/538 1074/2772/538 1073/2773/539 

vt 1.9685 -7.42627
vn 0.607567 0.794269 -1.19889e-14
vt 1.9685 -8.06941
vt 5.90551 -8.06941
vt 5.90551 -7.42627
f 1097/2774/540 1096/2775/539 1073/2776/539 1072/2777/540 

vt 1.9685 -13.2224
vn 0.521215 0.853426 -1.17728e-14
vt 1.9685 -13.8655
vt 5.90551 -13.8655
vt 5.90551 -13.2224
f 1098/2778/541 1097/2779/540 1072/2780/540 1071/2781/541 

vt 1.9685 -18.8701
vn 0.429152 0.903232 -1.14278e-14
vt 1.9685 -19.5133
vt 5.90551 -19.5133
vt 5.90551 -18.8701
f 1099/2782/542 1098/2783/541 1071/2784/541 1070/2785/542 

vt 1.9685 -24.3076
vn 0.332388 0.943143 -1.09575e-14
vt 1.9685 -24.9507
vt 5.90551 -24.9507
vt 5.90551 -24.3076
f 1100/2786/543 1099/2787/542 1070/2788/542 1069/2789/543 

vt 1.9685 -29.4752
vt 1.9685 -30.1184
vt 5.90551 -30.1184
vt 5.90551 -29.4752
f 1085/2790/526 1100/2791/543 1069/2792/543 1068/2793/526 

v 875.255 1346.91 -116.25
vt 52.1192 31.222
f 1101/2794/527 1048/2624/527 1084/2729/527

vt 72.8346 -20.218
vn -0.247053 0.969002 -6.29811e-15
v 824.685 1342.4 -251.25
vt 72.8346 -25.4275
f 999/2795/506 998/2682/506 1061/2681/544 1102/2796/544 

vt 0 33.4066
vt 33.4066 0
v 886.313 1332.36 -251.25
vt 55.7495 22.3429
v 886.319 1332.38 -251.25
vt 55.7552 22.352
v 886.552 1333.59 -251.25
vt 56.0368 22.9298
v 886.659 1334.81 -251.25
vt 56.2565 23.534
v 886.637 1336.03 -251.25
vt 56.4119 24.1578
v 886.488 1337.25 -251.25
vt 56.5012 24.7944
v 886.212 1338.44 -251.25
vt 56.5235 25.4368
v 885.813 1339.6 -251.25
vt 56.4784 26.0781
v 885.295 1340.71 -251.25
vt 56.3666 26.7111
v 884.664 1341.76 -251.25
vt 56.1893 27.329
v 883.927 1342.73 -251.25
vt 55.9483 27.925
v 883.091 1343.63 -251.25
vt 55.6464 28.4925
v 882.167 1344.43 -251.25
vt 55.2868 29.0253
v 881.164 1345.13 -251.25
vt 54.8734 29.5177
v 880.092 1345.73 -251.25
vt 54.4109 29.9641
v 878.965 1346.21 -251.25
vt 53.9042 30.3597
v 877.794 1346.56 -251.25
vt 53.359 30.7002
v 876.592 1346.8 -251.25
vt 52.7811 30.9819
v 875.99 1346.85 -251.25
vt 52.4832 31.0902
v 873.957 1346.98 -251.25
v 864.033 1347.1 -251.25
v 854.117 1346.7 -251.25
v 844.236 1345.78 -251.25
v 834.416 1344.35 -251.25
f 1004/2797/527 1006/2798/527 1103/2799/527 1104/2800/527 1105/2801/527 1106/2802/527 1107/2803/527 1108/2804/527 1109/2805/527 1110/2806/527 1111/2807/527 1112/2808/527 1113/2809/527 1114/2810/527 1115/2811/527 1116/2812/527 1117/2813/527 1118/2814/527 1119/2815/527 1120/2816/527 1121/2817/527 1122/2625/527 1123/2626/527 1124/2627/527 1125/2628/527 1126/2629/527 1102/2630/527 999/2631/527 996/2632/527 1000/2633/527 1002/2634/527 

v 778.274 1325.24 -258.75
vt -76.7717 23.622
v 856.216 1280.24 -258.75
vt -76.7717 -23.622
f 1127/2818/510 1128/2819/510 1006/2579/510 1004/2582/510 

v 873.957 1346.98 -258.75
vn -8.42707e-15 -8.64812e-15 -1
v 875.2 1346.9 -258.75
vt -52.0897 31.2233
v 874.147 1346.88 -258.75
vt -51.5532 31.3569
v 872.932 1346.73 -258.75
vt -50.9166 31.4462
v 871.739 1346.46 -258.75
vt -50.2741 31.4685
v 870.581 1346.06 -258.75
vt -49.6329 31.4235
v 869.471 1345.54 -258.75
vt -48.9998 31.3117
v 868.422 1344.91 -258.75
vt -48.382 31.1343
v 867.444 1344.17 -258.75
vt -47.786 30.8934
v 866.548 1343.34 -258.75
vt -47.2185 30.5914
v 865.745 1342.41 -258.75
vt -46.6856 30.2318
v 865.043 1341.41 -258.75
vt -46.1933 29.8185
v 864.45 1340.34 -258.75
vt -45.7469 29.3559
v 863.971 1339.21 -258.75
vt -45.3512 28.8493
v 863.614 1338.04 -258.75
vt -45.0107 28.304
v 863.38 1336.84 -258.75
vt -44.7291 27.7262
v 863.274 1335.62 -258.75
vt -44.5094 27.122
v 863.296 1334.39 -258.75
vt -44.354 26.4982
v 863.445 1333.18 -258.75
vt -44.2647 25.8616
v 863.721 1331.98 -258.75
vt -44.2425 25.2192
v 864.12 1330.83 -258.75
vt -44.2875 24.5779
v 864.638 1329.72 -258.75
vt -44.3993 23.9449
v 865.269 1328.67 -258.75
vt -44.5766 23.327
v 866.006 1327.69 -258.75
vt -44.8176 22.731
v 866.842 1326.79 -258.75
vt -45.1195 22.1635
v 867.766 1325.99 -258.75
vt -45.4792 21.6307
v 868.769 1325.29 -258.75
vt -45.8925 21.1383
v 869.841 1324.69 -258.75
vt -46.355 20.6919
v 870.968 1324.22 -258.75
vt -46.8617 20.2963
v 872.139 1323.86 -258.75
vt -47.407 19.9558
v 873.341 1323.63 -258.75
vt -47.9848 19.6741
v 874.561 1323.52 -258.75
vt -48.5889 19.4544
v 875.786 1323.54 -258.75
vt -49.2127 19.2991
v 877.001 1323.69 -258.75
vt -49.8493 19.2098
v 878.194 1323.97 -258.75
vt -50.4918 19.1875
v 879.352 1324.36 -258.75
vt -51.133 19.2325
v 880.462 1324.88 -258.75
vt -51.7661 19.3443
v 881.511 1325.51 -258.75
vt -52.384 19.5217
v 882.489 1326.25 -258.75
vt -52.9799 19.7626
v 883.127 1326.85 -258.75
vt -53.3845 19.9779
vt -33.4066 0
v 787.171 1329.63 -258.75
v 796.286 1333.56 -258.75
v 805.593 1337 -258.75
v 815.068 1339.95 -258.75
v 824.685 1342.4 -258.75
v 834.416 1344.35 -258.75
v 844.236 1345.78 -258.75
v 854.117 1346.7 -258.75
v 864.033 1347.1 -258.75
f 1129/2652/545 1130/2820/545 1131/2821/545 1132/2822/545 1133/2823/545 1134/2824/545 1135/2825/545 1136/2826/545 1137/2827/545 1138/2828/545 1139/2829/545 1140/2830/545 1141/2831/545 1142/2832/545 1143/2833/545 1144/2834/545 1145/2835/545 1146/2836/545 1147/2837/545 1148/2838/545 1149/2839/545 1150/2840/545 1151/2841/545 1152/2842/545 1153/2843/545 1154/2844/545 1155/2845/545 1156/2846/545 1157/2847/545 1158/2848/545 1159/2849/545 1160/2850/545 1161/2851/545 1162/2852/545 1163/2853/545 1164/2854/545 1165/2855/545 1166/2856/545 1167/2857/545 1168/2858/545 1128/2859/545 1127/2797/545 1169/2643/545 1170/2644/545 1171/2645/545 1172/2646/545 1173/2647/545 1174/2648/545 1175/2649/545 1176/2650/545 1177/2651/545 

vt 72.8346 -38.6853
vn 0.038181 0.999271 -9.1917e-15
vt 72.8346 -39.7549
vn 0.0643121 0.99793 -9.62828e-15
v 875.99 1346.85 -258.75
vt 76.7717 -39.7549
vt 76.7717 -39.3395
vt 76.7717 -38.6853
f 1122/2860/546 1121/2861/547 1178/2862/547 1130/2863/547 1129/2864/546 

v 876.592 1346.8 -258.75
vt 76.7717 -39.0141
vn 0.13891 0.990305 -9.73488e-15
vt 76.7717 -38.6971
vn 0.0868907 0.996218 -9.34765e-15
vt 72.8346 -38.6971
vt 72.8346 -39.0141
f 1179/2865/548 1178/2866/549 1121/2867/549 1120/2868/548 

vt -52.4832 31.0902
vt -52.7811 30.9819
v 877.794 1346.56 -258.75
vt -53.359 30.7002
v 878.965 1346.21 -258.75
vt -53.9042 30.3597
v 880.092 1345.73 -258.75
vt -54.4109 29.9641
v 881.164 1345.13 -258.75
vt -54.8734 29.5177
v 882.167 1344.43 -258.75
vt -55.2868 29.0253
v 883.091 1343.63 -258.75
vt -55.6464 28.4925
v 883.927 1342.73 -258.75
vt -55.9483 27.925
v 884.664 1341.76 -258.75
vt -56.1893 27.329
v 885.295 1340.71 -258.75
vt -56.3666 26.7111
v 885.813 1339.6 -258.75
vt -56.4784 26.0781
v 886.212 1338.44 -258.75
vt -56.5235 25.4368
v 886.488 1337.25 -258.75
vt -56.5012 24.7944
v 886.637 1336.03 -258.75
vt -56.4119 24.1578
v 886.659 1334.81 -258.75
vt -56.2565 23.534
v 886.552 1333.59 -258.75
vt -56.0368 22.9298
v 886.319 1332.38 -258.75
vt -55.7552 22.352
v 886.313 1332.36 -258.75
vt -55.7495 22.3429
f 1130/2820/545 1178/2869/545 1179/2870/545 1180/2871/545 1181/2872/545 1182/2873/545 1183/2874/545 1184/2875/545 1185/2876/545 1186/2877/545 1187/2878/545 1188/2879/545 1189/2880/545 1190/2881/545 1191/2882/545 1192/2883/545 1193/2884/545 1194/2885/545 1195/2886/545 1196/2887/545 1168/2858/545 1167/2857/545 1166/2856/545 1165/2855/545 1164/2854/545 1163/2853/545 1162/2852/545 1161/2851/545 1160/2850/545 1159/2849/545 1158/2848/545 1157/2847/545 1156/2846/545 1155/2845/545 1154/2844/545 1153/2843/545 1152/2842/545 1151/2841/545 1150/2840/545 1149/2839/545 1148/2838/545 1147/2837/545 1146/2836/545 1145/2835/545 1144/2834/545 1143/2833/545 1142/2832/545 1141/2831/545 1140/2830/545 1139/2829/545 1138/2828/545 1137/2827/545 1136/2826/545 1135/2825/545 1134/2824/545 1133/2823/545 1132/2822/545 1131/2821/545 

v 875.372 1346.9 -258.75
vt -52.177 31.2016
f 1130/2820/545 1197/2888/545 1178/2869/545

vt 76.7717 -34.5142
vn 0.241664 0.97036 -1.04283e-14
vt 76.7717 -33.8714
vt 72.8346 -33.8714
vt 72.8346 -34.5142
f 1180/2889/550 1179/2890/548 1120/2891/548 1119/2892/550 

vt 76.7717 -29.6396
vn 0.34177 0.939784 -1.10075e-14
vt 76.7717 -28.9968
vt 72.8346 -28.9968
vt 72.8346 -29.6396
f 1181/2893/551 1180/2894/550 1119/2895/550 1118/2896/551 

vt 76.7717 -24.4438
vn 0.438132 0.898911 -1.14661e-14
vt 76.7717 -23.801
vt 72.8346 -23.801
vt 72.8346 -24.4438
f 1182/2897/552 1181/2898/551 1118/2899/551 1117/2900/552 

vt 76.7717 -18.9837
vn 0.529694 0.848189 -1.1799e-14
vt 76.7717 -18.3409
vt 72.8346 -18.3409
vt 72.8346 -18.9837
f 1183/2901/553 1182/2902/552 1117/2903/552 1116/2904/553 

vt 76.7717 -13.3192
vn 0.615452 0.788175 -1.20027e-14
vt 76.7717 -12.6764
vt 72.8346 -12.6764
vt 72.8346 -13.3192
f 1184/2905/554 1183/2906/553 1116/2907/553 1115/2908/554 

vt 76.7717 -7.51224
vn 0.694467 0.719525 -1.20749e-14
vt 76.7717 -6.8694
vt 72.8346 -6.8694
vt 72.8346 -7.51224
f 1185/2909/555 1184/2910/554 1115/2911/554 1114/2912/555 

vt 76.7717 -1.62649
vn 0.765873 0.642991 -1.20147e-14
vt 76.7717 -0.983656
vt 72.8346 -0.983656
vt 72.8346 -1.62649
f 1186/2913/556 1185/2914/555 1114/2915/555 1113/2916/556 

vt 76.7717 4.27355
vn 0.828889 0.559413 -1.1823e-14
vt 76.7717 4.91638
vt 72.8346 4.91638
vt 72.8346 4.27355
f 1187/2917/557 1186/2918/556 1113/2919/556 1112/2920/557 

vt 76.7717 10.1232
vn 0.882823 0.469706 -1.15017e-14
vt 76.7717 10.7661
vt 72.8346 10.7661
vt 72.8346 10.1232
f 1188/2921/558 1187/2922/557 1112/2923/557 1111/2924/558 

vt 76.7717 15.8585
vn 0.927084 0.374853 -1.10544e-14
vt 76.7717 16.5013
vt 72.8346 16.5013
vt 72.8346 15.8585
f 1189/2925/559 1188/2926/558 1111/2927/558 1110/2928/559 

vt 76.7717 21.4165
vn 0.961188 0.275893 -1.0486e-14
vt 76.7717 22.0593
vt 72.8346 22.0593
vt 72.8346 21.4165
f 1190/2929/560 1189/2930/559 1110/2931/559 1109/2932/560 

vt 76.7717 26.7363
vn 0.984762 0.17391 -9.80265e-15
vt 76.7717 27.3792
vt 72.8346 27.3792
vt 72.8346 26.7363
f 1191/2933/561 1190/2934/560 1109/2935/560 1108/2936/561 

vt 76.7717 31.7597
vn 0.997545 0.0700219 -9.01194e-15
vt 76.7717 32.4025
vt 72.8346 32.4025
vt 72.8346 31.7597
f 1192/2937/562 1191/2938/561 1108/2939/561 1107/2940/562 

vt 76.7717 36.4316
vn 0.9994 -0.0346336 -8.12249e-15
vt 76.7717 37.0744
vt 72.8346 37.0744
vt 72.8346 36.4316
f 1193/2941/563 1192/2942/562 1107/2943/562 1106/2944/563 

vt 76.7717 40.7008
vn 0.990305 -0.13891 -7.14406e-15
vt 76.7717 41.3436
vt 72.8346 41.3436
vt 72.8346 40.7008
f 1194/2945/564 1193/2946/563 1106/2947/563 1105/2948/564 

vt 76.7717 44.5206
vn 0.97036 -0.241664 -6.08735e-15
vt 76.7717 45.1634
vt 72.8346 45.1634
vt 72.8346 44.5206
f 1195/2949/565 1194/2950/564 1105/2951/564 1104/2952/565 

vt 76.7717 48.4812
vn 0.956383 -0.292117 -5.53323e-15
vt 76.7717 48.4919
vt 72.8346 48.4919
vt 72.8346 48.4812
f 1196/2953/566 1195/2954/565 1104/2955/565 1103/2956/566 

vt 76.7717 55.2197
vn 0.866025 -0.5 -2.97399e-15
vt 72.8346 55.2197
vt 72.8346 23.622
vt 76.7717 23.622
vt 76.7717 51.875
f 1196/2957/567 1103/2958/567 1006/2959/567 1128/2960/567 1168/2961/567 

vt 76.7717 -41.0525
vt 76.7717 -35.843
vn -0.0141417 0.9999 -8.52808e-15
vt 72.8346 -35.843
vt 72.8346 -41.0525
f 1129/2962/546 1177/2963/568 1123/2964/568 1122/2965/546 

vt 76.7717 -38.105
vt 76.7717 -32.8955
vn -0.0664256 0.997791 -8.06925e-15
vt 72.8346 -32.8955
vt 72.8346 -38.105
f 1177/2966/568 1176/2967/569 1124/2968/569 1123/2969/568 

vt 76.7717 -35.0602
vt 76.7717 -29.8508
vn -0.118528 0.992951 -7.58832e-15
vt 72.8346 -29.8508
vt 72.8346 -35.0602
f 1176/2970/569 1175/2971/570 1125/2972/570 1124/2973/569 

vt 76.7717 -31.9267
vt 76.7717 -26.7172
vt 72.8346 -26.7172
vt 72.8346 -31.9267
f 1175/2974/570 1174/2975/519 1126/2976/519 1125/2977/570 

vt 76.7717 -28.7128
vt 76.7717 -23.5034
vt 72.8346 -23.5034
vt 72.8346 -28.7128
f 1174/2978/519 1173/2979/518 1102/2980/518 1126/2981/519 

vt 76.7717 -25.4275
vt 76.7717 -20.218
f 1173/2982/518 1172/2983/506 999/2795/506 1102/2796/518 

vt -76.7717 22.0796
vt -76.7717 16.8702
f 1172/2984/506 1171/2985/505 996/2563/505 999/2566/506 

vt -76.7717 18.6785
vt -76.7717 13.4691
f 1171/2986/505 1170/2987/507 1000/2567/507 996/2570/505 

vt -76.7717 15.2333
vt -76.7717 10.0239
f 1170/2988/507 1169/2989/508 1002/2571/508 1000/2574/507 

vt -76.7717 11.7536
vt -76.7717 6.54414
f 1169/2990/508 1127/2991/509 1004/2575/509 1002/2578/508 

g Mesh11 Group9 Group5 Group1 Model

v 1479.1 1526.78 -150
vt -8.62761e-13 -14.4062
vn 0.167146 0.985932 -1.07669e-14
v 1573.96 1510.7 -150
vt -3.04099e-12 -52.2839
v 1573.96 1510.7 -225
vt 29.5276 -52.2839
v 1479.1 1526.78 -225
vt 29.5276 -14.4062
f 1198/2992/571 1199/2993/571 1200/2994/571 1201/2995/571 

v 1467.04 1471.41 -150
vt 14.268 4.19915
vn 8.12458e-15 1.03904e-14 1
v 1466.93 1471.18 -150
vt 14.2269 4.10719
v 1468.07 1466.91 -150
vt 14.6755 2.42665
v 1577.83 1496.21 -150
vt 57.887 13.9609
vt 56.364 19.6666
vt 19.0192 25.9977
v 1434.04 1501.71 -150
vt 1.27932 16.1282
v 1439.2 1482.39 -150
vt 3.31 8.52058
v 1453.7 1486.26 -150
vt 9.01574 10.0436
v 1454.84 1486.5 -150
vt 9.46729 10.1391
v 1456.01 1486.62 -150
vt 9.92636 10.1869
v 1457.18 1486.62 -150
vt 10.3879 10.1865
v 1458.35 1486.5 -150
vt 10.8469 10.1378
v 1459.49 1486.25 -150
vt 11.2982 10.0414
v 1460.61 1485.89 -150
vt 11.7371 9.89836
v 1461.68 1485.41 -150
vt 12.1585 9.71023
v 1462.69 1484.82 -150
vt 12.558 9.47907
v 1463.43 1484.28 -150
vt 12.8497 9.2667
v 1463.64 1484.13 -150
vt 12.9311 9.20742
v 1464.51 1483.35 -150
vt 13.2738 8.89826
v 1465.29 1482.48 -150
vt 13.5824 8.55497
v 1465.98 1481.53 -150
vt 13.8533 8.18132
v 1466.57 1480.51 -150
vt 14.0837 7.78138
v 1467.04 1479.44 -150
vt 14.271 7.35956
v 1467.4 1478.33 -150
vt 14.4132 6.92047
v 1467.65 1477.18 -150
vt 14.5087 6.46892
v 1467.77 1476.01 -150
vt 14.5565 6.00986
v 1467.77 1474.84 -150
vt 14.5561 5.54831
v 1467.64 1473.67 -150
vt 14.5074 5.08934
v 1467.4 1472.53 -150
vt 14.411 4.63797
f 1202/2996/572 1203/2997/572 1204/2998/572 1205/2999/572 1199/3000/572 1198/3001/572 1206/3002/572 1207/3003/572 1208/3004/572 1209/3005/572 1210/3006/572 1211/3007/572 1212/3008/572 1213/3009/572 1214/3010/572 1215/3011/572 1216/3012/572 1217/3013/572 1218/3014/572 1219/3015/572 1220/3016/572 1221/3017/572 1222/3018/572 1223/3019/572 1224/3020/572 1225/3021/572 1226/3022/572 1227/3023/572 1228/3024/572 1229/3025/572 

vt -3.01329e-14 9.54954
vn -0.913156 0.40761 3.99473e-15
vt -2.99533e-14 9.65025
vn -0.933237 0.35926 4.46712e-15
v 1467.04 1471.41 -225
vt -29.5276 9.65025
v 1466.93 1471.18 -225
vt -29.5276 9.54954
f 1203/3026/573 1202/3027/574 1230/3028/574 1231/3029/573 

vt -1.84274e-14 8.41441
vt -2.47915e-14 8.87596
vn -0.965678 0.259742 5.37392e-15
v 1467.4 1472.53 -225
vt -29.5276 8.87596
vt -29.5276 8.41441
f 1202/3030/574 1229/3031/575 1232/3032/575 1230/3033/574 

vt -1.39213e-14 7.54539
vt -1.33491e-14 8.00694
vn -0.987538 0.157379 6.22184e-15
v 1467.64 1473.67 -225
vt -29.5276 8.00694
vt -29.5276 7.54539
f 1229/3034/575 1228/3035/576 1233/3036/576 1232/3037/575 

vt -2.88661e-15 6.59118
vt -9.6679e-15 7.05273
vn -0.998579 0.0532907 7.00159e-15
v 1467.77 1474.84 -225
vt -29.5276 7.05273
vt -29.5276 6.59118
f 1228/3038/576 1227/3039/577 1234/3040/577 1233/3041/576 

vt 5.98166e-16 5.56223
vt 6.01416e-16 6.02377
vn -0.998679 -0.0513811 7.70463e-15
v 1467.77 1476.01 -225
vt -29.5276 6.02377
vt -29.5276 5.56223
f 1227/3042/577 1226/3043/578 1235/3044/578 1234/3045/577 

vt 1.08657e-14 4.4698
vt 3.37459e-15 4.93135
vn -0.987837 -0.15549 8.32326e-15
v 1467.65 1477.18 -225
vt -29.5276 4.93135
vt -29.5276 4.4698
f 1226/3046/578 1225/3047/579 1236/3048/579 1235/3049/578 

vt 1.38316e-14 3.32588
vt 1.2992e-14 3.78742
vn -0.966173 -0.257895 8.8507e-15
v 1467.4 1478.33 -225
vt -29.5276 3.78742
vt -29.5276 3.32588
f 1225/3050/579 1224/3051/580 1237/3052/580 1236/3053/579 

vt 2.38527e-14 2.14298
vt 1.53903e-14 2.60453
vn -0.933923 -0.357475 9.28116e-15
v 1467.04 1479.44 -225
vt -29.5276 2.60453
vt -29.5276 2.14298
f 1224/3054/580 1223/3055/581 1238/3056/581 1237/3057/580 

vt 2.69017e-14 0.934082
vt 2.4963e-14 1.39563
vn -0.89144 -0.453138 9.60994e-15
v 1466.57 1480.51 -225
vt -29.5276 1.39563
vt -29.5276 0.934082
f 1223/3058/581 1222/3059/582 1239/3060/582 1238/3061/581 

vt 3.74357e-14 -0.287581
vt 3.48473e-14 0.173965
vn -0.839191 -0.543837 9.83343e-15
v 1465.98 1481.53 -225
vt -29.5276 0.173965
vt -29.5276 -0.287581
f 1222/3062/582 1221/3063/583 1240/3064/583 1239/3065/582 

vt 4.86974e-14 -1.50862
vt 4.53827e-14 -1.04708
vn -0.777747 -0.628577 9.94919e-15
v 1465.29 1482.48 -225
vt -29.5276 -1.04708
vt -29.5276 -1.50862
f 1221/3066/583 1220/3067/584 1241/3068/584 1240/3069/583 

vt 6.12024e-14 -2.71566
vt 4.99632e-14 -2.25412
vn -0.707783 -0.70643 9.95594e-15
v 1464.51 1483.35 -225
vt -29.5276 -2.25412
vt -29.5276 -2.71566
f 1220/3070/584 1219/3071/585 1242/3072/585 1241/3073/584 

vt 6.86488e-14 -3.89548
vt 6.35744e-14 -3.43393
vn -0.630063 -0.776544 9.85361e-15
v 1463.64 1484.13 -225
vt -29.5276 -3.43393
vt -29.5276 -3.89548
f 1219/3074/585 1218/3075/586 1243/3076/586 1242/3077/585 

vt 8.65785e-14 -5.03514
vt 9.23335e-14 -4.93442
vn -0.588558 -0.808455 9.76184e-15
v 1463.43 1484.28 -225
vt -29.5276 -4.93442
vt -29.5276 -5.03514
f 1218/3078/586 1217/3079/587 1244/3080/587 1243/3081/586 

vt 8.74951e-14 -4.57359
vn -0.545441 -0.838149 9.64332e-15
v 1462.69 1484.82 -225
vt -29.5276 -4.57359
f 1217/3079/587 1216/3082/588 1245/3083/588 1244/3080/587 

vt 1.17375e-13 -6.12217
vt 1.09798e-13 -5.66062
vn -0.454842 -0.890572 9.32737e-15
v 1461.68 1485.41 -225
vt -29.5276 -5.66062
vt -29.5276 -6.12217
f 1216/3084/588 1215/3085/589 1246/3086/589 1245/3087/588 

vt 1.51569e-13 -7.14464
vt 1.42128e-13 -6.6831
vn -0.35926 -0.933237 8.90924e-15
v 1460.61 1485.89 -225
vt -29.5276 -6.6831
vt -29.5276 -7.14464
f 1215/3088/589 1214/3089/590 1247/3090/590 1246/3091/589 

vt 2.07289e-13 -8.09137
vt 1.95023e-13 -7.62983
vn -0.259742 -0.965678 8.39349e-15
v 1459.49 1486.25 -225
vt -29.5276 -7.62983
vt -29.5276 -8.09137
f 1214/3092/590 1213/3093/591 1248/3094/591 1247/3095/590 

vt 3.17443e-13 -8.95198
vt 3.07041e-13 -8.49043
vn -0.157379 -0.987538 7.78578e-15
v 1458.35 1486.5 -225
vt -29.5276 -8.49043
vt -29.5276 -8.95198
f 1213/3096/591 1212/3097/592 1249/3098/592 1248/3099/591 

vt 6.52375e-13 -9.71703
vt 6.1996e-13 -9.25549
vn -0.0532907 -0.998579 7.09277e-15
v 1457.18 1486.62 -225
vt -29.5276 -9.25549
vt -29.5276 -9.71703
f 1212/3100/592 1211/3101/593 1250/3102/593 1249/3103/592 

vt -10.3782 4.52015e-14
vt -9.91661 3.80961e-14
vn 0.0513811 -0.998679 6.32205e-15
v 1456.01 1486.62 -225
vt -9.91661 29.5276
vt -10.3782 29.5276
f 1211/3104/593 1210/3105/594 1251/3106/594 1250/3107/593 

vt 6.72981e-13 10.9281
vt 6.46787e-13 10.4666
vn 0.15549 -0.987837 4.44616e-15
v 1454.84 1486.5 -225
vt 29.5276 10.4666
vt 29.5276 10.9281
f 1210/3108/594 1209/3109/595 1252/3110/595 1251/3111/594 

vt 2.42431e-13 11.3608
vt 2.0753e-13 10.8993
vn 0.206976 -0.978346 2.96998e-15
v 1453.7 1486.26 -225
vt 29.5276 10.8993
vt 29.5276 11.3608
f 1209/3112/595 1208/3113/596 1253/3114/596 1252/3115/595 

v 1439.2 1482.39 -225
vt 29.5276 5.39545
vn 0.257895 -0.966173 5.45025e-15
vt 29.5276 11.301
vt 2.68695e-13 11.301
vt 1.33901e-13 5.39545
f 1254/3116/597 1253/3117/597 1208/3118/597 1207/3119/597 

vt -3.31 8.52058
vn -7.43197e-15 -1.33612e-14 -1
v 1434.04 1501.71 -225
vt -1.27932 16.1282
vt -19.0192 25.9977
vt -56.364 19.6666
v 1577.83 1496.21 -225
vt -57.887 13.9609
v 1468.07 1466.91 -225
vt -14.6755 2.42665
vt -14.2269 4.10719
vt -14.268 4.19915
vt -14.411 4.63797
vt -14.5074 5.08934
vt -14.5561 5.54831
vt -14.5565 6.00986
vt -14.5087 6.46892
vt -14.4132 6.92047
vt -14.271 7.35956
vt -14.0837 7.78138
vt -13.8533 8.18132
vt -13.5824 8.55497
vt -13.2738 8.89826
vt -12.9311 9.20742
vt -12.8497 9.2667
vt -12.558 9.47907
vt -12.1585 9.71023
vt -11.7371 9.89836
vt -11.2982 10.0414
vt -10.8469 10.1378
vt -10.3879 10.1865
vt -9.92636 10.1869
vt -9.46729 10.1391
vt -9.01574 10.0436
f 1254/3120/598 1255/3121/598 1201/3122/598 1200/3123/598 1256/3124/598 1257/3125/598 1231/3126/598 1230/3127/598 1232/3128/598 1233/3129/598 1234/3130/598 1235/3131/598 1236/3132/598 1237/3133/598 1238/3134/598 1239/3135/598 1240/3136/598 1241/3137/598 1242/3138/598 1243/3139/598 1244/3140/598 1245/3141/598 1246/3142/598 1247/3143/598 1248/3144/598 1249/3145/598 1250/3146/598 1251/3147/598 1252/3148/598 1253/3149/598 

vt -3.16561e-14 7.37872
vn -0.966173 -0.257895 9.4261e-15
vt -1.15416e-13 15.2527
vt -29.5276 15.2527
vt -29.5276 7.37872
f 1207/3150/599 1206/3151/599 1255/3152/599 1254/3153/599 

vt -1.35755e-13 8.95905
vn -0.486172 0.873863 -2.98584e-15
vt -4.79184e-13 29.2595
vt -29.5276 29.2595
vt -29.5276 8.95905
f 1206/3154/600 1198/3155/600 1201/3156/600 1255/3157/600 

vt 29.5276 -1.44018
vn 0.966173 0.257895 -1.04213e-14
vt 29.5276 4.46533
vt -1.82015e-14 4.46533
vt -7.72614e-14 -1.44018
f 1256/3158/601 1200/3159/601 1199/3160/601 1205/3161/601 

vt 3.61119e-13 14.8049
vn 0.257895 -0.966173 4.5979e-15
vt 29.5276 14.8049
vt 29.5276 59.5293
vt 1.57916e-12 59.5293
f 1204/3162/602 1257/3163/602 1256/3164/602 1205/3165/602 

vt -9.94665e-14 -1.44018
vn -0.966173 -0.257895 6.25382e-19
vt -9.23613e-14 0.299192
vt -29.5276 0.299192
vt -29.5276 -1.44018
f 1204/3166/603 1203/3167/603 1231/3168/603 1257/3169/603 

g Mesh12 Group13 Group12 Group11 Group10 Group5 Group1 Model

usemtl Color_003
v 1893.18 1502.86 -218.812
vt -1.94856 1.125
vn 1 -1.88157e-30 1.13652e-14
v 1893.18 1503.8 -219.065
vt -2.25 0
v 1893.18 1504.74 -218.812
vt -1.94856 -1.125
v 1893.18 1505.43 -218.122
vt -1.125 -1.94856
v 1893.18 1505.69 -217.179
vt 4.13318e-16 -2.25
v 1893.18 1505.43 -216.236
vt 1.125 -1.94856
v 1893.18 1504.74 -215.546
vt 1.94856 -1.125
v 1893.18 1503.8 -215.293
vt 2.25 2.75546e-16
v 1893.18 1502.86 -215.546
vt 1.94856 1.125
v 1893.18 1502.17 -216.236
vt 1.125 1.94856
v 1893.18 1501.92 -217.179
vt -1.37773e-16 2.25
v 1893.18 1502.17 -218.122
vt -1.125 1.94856
f 1258/3170/604 1259/3171/604 1260/3172/604 1261/3173/604 1262/3174/604 1263/3175/604 1264/3176/604 1265/3177/604 1266/3178/604 1267/3179/604 1268/3180/604 1269/3181/604 

vt 0 -0.582343
vn 1.13652e-14 1.49012e-08 -1
vt 0 0.582343
vn 9.84253e-15 -0.5 -0.866025
v 1766.84 1502.86 -218.812
vt -150.73 0.582343
v 1766.84 1503.8 -219.065
vt -150.73 -0.582343
f 1259/3182/605 1258/3183/606 1270/3184/606 1271/3185/605 

vn 5.68259e-15 -0.866025 -0.5
v 1766.84 1502.17 -218.122
f 1258/3182/606 1269/3183/607 1272/3184/607 1270/3185/606 

vn 1.69355e-22 -1 -1.49012e-08
v 1766.84 1501.92 -217.179
f 1269/3182/607 1268/3183/608 1273/3184/608 1272/3185/607 

vn -5.68259e-15 -0.866025 0.5
v 1766.84 1502.17 -216.236
vt 150.73 -0.582343
vt 150.73 0.582343
f 1268/3183/608 1267/3182/609 1274/3186/609 1273/3187/608 

vn -9.84253e-15 -0.5 0.866025
v 1766.84 1502.86 -215.546
f 1267/3183/609 1266/3182/610 1275/3186/610 1274/3187/609 

vn -1.13652e-14 -1.49012e-08 1
v 1766.84 1503.8 -215.293
f 1266/3183/610 1265/3182/611 1276/3186/611 1275/3187/610 

vn -9.84253e-15 0.5 0.866025
v 1766.84 1504.74 -215.546
f 1265/3183/611 1264/3182/612 1277/3186/612 1276/3187/611 

vn -5.68259e-15 0.866025 0.5
v 1766.84 1505.43 -216.236
f 1264/3183/612 1263/3182/613 1278/3186/613 1277/3187/612 

vn -1.69355e-22 1 1.49012e-08
v 1766.84 1505.69 -217.179
f 1263/3183/613 1262/3182/614 1279/3186/614 1278/3187/613 

vn 5.68259e-15 0.866025 -0.5
v 1766.84 1505.43 -218.122
f 1262/3182/614 1261/3183/615 1280/3184/615 1279/3185/614 

vn 9.84253e-15 0.5 -0.866025
v 1766.84 1504.74 -218.812
f 1261/3182/615 1260/3183/616 1281/3184/616 1280/3185/615 

f 1260/3182/616 1259/3183/605 1271/3184/605 1281/3185/616 

vt 2.25 0
vn -1 1.88157e-30 -1.13652e-14
vt 1.37773e-16 2.25
vt -2.25 2.75546e-16
vt -4.13318e-16 -2.25
f 1271/3188/617 1270/3178/617 1272/3179/617 1273/3189/617 1274/3181/617 1275/3170/617 1276/3190/617 1277/3172/617 1278/3173/617 1279/3191/617 1280/3175/617 1281/3176/617 

g Mesh13 Group14 Group12 Group11 Group10 Group5 Group1 Model

f 1277/3170/604 1276/3171/604 1275/3172/604 1274/3173/604 1273/3174/604 1272/3175/604 1270/3176/604 1271/3177/604 1281/3178/604 1280/3179/604 1279/3180/604 1278/3181/604 

vt -0.293684 -0.572748
vn 0.130526 -1.47737e-08 0.991445
vt -0.254338 0.591273
vn 0.113248 0.497211 0.860207
v 1765.8 1504.74 -215.408
vt -1.50777 0.591273
vn 0.22408 0.50043 0.836276
v 1765.86 1503.8 -215.164
vt -1.46842 -0.572748
vn 0.258819 -1.43934e-08 0.965926
f 1276/3192/618 1277/3193/619 1282/3194/620 1283/3195/621 

vt -0.254338 -0.561264
vt -0.146842 0.59845
vn 0.0656274 0.864408 0.49849
v 1765.62 1505.43 -216.075
vt -1.61526 0.59845
vn 0.129297 0.866275 0.482544
vt -1.50777 -0.561264
f 1277/3196/619 1278/3197/622 1284/3198/623 1282/3199/620 

vt -0.146842 -0.568365
vt -3.18607e-17 0.587027
vn -2.87515e-17 1 1.49012e-08
v 1765.37 1505.69 -216.986
vt -1.7621 0.587027
vn -8.98482e-17 1 1.49012e-08
vt -1.61526 -0.568365
f 1278/3200/622 1279/3201/624 1285/3202/625 1284/3203/623 

vt 3.18607e-17 0.587027
vn -0.0656274 0.864408 -0.49849
v 1765.13 1505.43 -217.897
vt 1.90895 -0.568365
vn -0.129297 0.866275 -0.482544
vt 1.7621 0.587027
f 1279/3204/624 1280/3200/626 1286/3205/627 1285/3206/625 

vn -0.113248 0.497211 -0.860207
v 1764.95 1504.74 -218.564
vt 2.01644 -0.561264
vn -0.22408 0.50043 -0.836276
vt 1.90895 0.59845
f 1280/3197/626 1281/3196/628 1287/3207/629 1286/3208/627 

vn -0.130526 1.47737e-08 -0.991445
v 1764.89 1503.8 -218.808
vt 2.05579 -0.572748
vn -0.258819 1.43934e-08 -0.965926
vt 2.01644 0.591273
f 1281/3193/628 1271/3192/630 1288/3209/631 1287/3210/629 

vt -0.293684 0.572748
vt -0.254338 -0.591273
vn -0.113248 -0.497211 -0.860207
v 1764.95 1502.86 -218.564
vt 2.01644 -0.591273
vn -0.22408 -0.50043 -0.836276
vt 2.05579 0.572748
f 1271/3211/630 1270/3212/632 1289/3213/633 1288/3214/631 

vt -0.254338 0.561264
vt -0.146842 -0.59845
vn -0.0656274 -0.864408 -0.49849
v 1765.13 1502.17 -217.897
vt 1.90895 -0.59845
vn -0.129297 -0.866275 -0.482544
vt 2.01644 0.561264
f 1270/3215/632 1272/3216/634 1290/3217/635 1289/3218/633 

vt -0.146842 0.568365
vt -5.39489e-17 -0.587027
vn -1.07816e-17 -1 -1.49012e-08
v 1765.37 1501.92 -216.986
vt 1.7621 -0.587027
vn 1.99463e-16 -1 -1.49012e-08
vt 1.90895 0.568365
f 1272/3219/634 1273/3220/636 1291/3221/637 1290/3222/635 

vt 4.00711e-17 -0.587027
vn 0.0656274 -0.864408 0.49849
v 1765.62 1502.17 -216.075
vt -1.61526 0.568365
vn 0.129297 -0.866275 0.482544
vt -1.7621 -0.587027
f 1273/3223/636 1274/3219/638 1292/3224/639 1291/3225/637 

vn 0.113248 -0.497211 0.860207
v 1765.8 1502.86 -215.408
vt -1.50777 0.561264
vn 0.22408 -0.50043 0.836276
vt -1.61526 -0.59845
f 1274/3216/638 1275/3215/640 1293/3226/641 1292/3227/639 

vt -1.46842 0.572748
vt -1.50777 -0.591273
f 1275/3212/640 1276/3211/618 1283/3228/621 1293/3229/641 

vt -1.9564 -0.708368
vt -1.99575 0.455653
v 1764.95 1503.8 -214.788
vt -3.17048 0.455653
vn 0.5 -1.29048e-08 0.866025
v 1764.83 1502.86 -215.006
vt -3.20983 -0.708368
vn 0.432889 -0.50043 0.749785
f 1293/3230/641 1283/3231/621 1294/3232/642 1295/3233/643 

vt -1.99575 -0.455653
vt -1.9564 0.708368
v 1764.83 1504.74 -215.006
vt -3.20983 0.708368
vn 0.432889 0.50043 0.749785
vt -3.17048 -0.455653
f 1283/3234/621 1282/3235/620 1296/3236/644 1294/3237/642 

vt -1.9564 -0.240165
vt -1.8489 0.919549
v 1764.48 1505.43 -215.604
vt -3.31732 0.919549
vn 0.249783 0.866275 0.432637
vt -3.20983 -0.240165
f 1282/3238/620 1284/3239/623 1297/3240/645 1296/3241/644 

vt -1.8489 -0.128094
vt -1.70206 1.0273
vn -8.62543e-17 1 1.49012e-08
v 1764.01 1505.69 -216.421
vt -3.46416 1.0273
vn -1.90478e-16 1 1.49012e-08
vt -3.31732 -0.128094
f 1284/3242/623 1285/3243/646 1298/3244/647 1297/3245/645 

vt 1.70206 0.146757
vt 1.55522 -1.00864
v 1763.54 1505.43 -217.237
vt 3.61101 -1.00864
vn -0.249783 0.866275 -0.432637
vt 3.46416 0.146757
f 1285/3246/625 1286/3247/627 1299/3248/648 1298/3249/647 

vt 1.55522 0.277351
vt 1.44772 -0.882363
v 1763.19 1504.74 -217.835
vt 3.7185 -0.882363
vn -0.432889 0.50043 -0.749785
vt 3.61101 0.277351
f 1286/3250/627 1287/3251/629 1300/3252/649 1299/3253/648 

vt 1.44772 0.474177
vt 1.40838 -0.689844
v 1763.07 1503.8 -218.054
vt 3.75785 -0.689844
vn -0.5 1.29048e-08 -0.866025
vt 3.7185 0.474177
f 1287/3254/629 1288/3255/631 1301/3256/650 1300/3257/649 

vt 1.40838 0.689844
vt 1.44772 -0.474177
v 1763.19 1502.86 -217.835
vt 3.7185 -0.474177
vn -0.432889 -0.50043 -0.749785
vt 3.75785 0.689844
f 1288/3258/631 1289/3259/633 1302/3260/651 1301/3261/650 

vt 1.44772 0.882363
vt 1.55522 -0.277351
v 1763.54 1502.17 -217.237
vt 3.61101 -0.277351
vn -0.249783 -0.866275 -0.432637
vt 3.7185 0.882363
f 1289/3262/633 1290/3263/635 1303/3264/652 1302/3265/651 

vt 1.55522 1.00864
vt 1.70206 -0.146757
vn 2.0126e-16 -1 -1.49012e-08
v 1764.01 1501.92 -216.421
vt 3.46416 -0.146757
vn 5.21119e-16 -1 -1.49012e-08
vt 3.61101 1.00864
f 1290/3266/635 1291/3267/653 1304/3268/654 1303/3269/652 

vt -1.70206 -1.0273
vt -1.8489 0.128094
v 1764.48 1502.17 -215.604
vt -3.31732 0.128094
vn 0.249783 -0.866275 0.432637
vt -3.46416 -1.0273
f 1291/3270/653 1292/3271/639 1305/3272/655 1304/3273/654 

vt -1.8489 -0.919549
vt -1.9564 0.240165
vt -3.20983 0.240165
vt -3.31732 -0.919549
f 1292/3274/639 1293/3275/641 1295/3276/643 1305/3277/655 

vt -3.37493 -1.53986
vt -3.48243 -0.38015
v 1763.99 1502.86 -214.367
vt -4.73585 -0.38015
vn 0.612197 -0.50043 0.612197
v 1763.5 1502.17 -214.855
vt -4.84335 -1.53986
vn 0.353247 -0.866275 0.353247
f 1305/3278/655 1295/3279/643 1306/3280/656 1307/3281/657 

vt -3.48243 -0.934579
vt -3.52177 0.229442
v 1764.17 1503.8 -214.188
vt -4.69651 0.229442
vn 0.707107 -1.05367e-08 0.707107
vt -4.73585 -0.934579
f 1295/3282/643 1294/3283/642 1308/3284/658 1306/3285/656 

vt -3.52177 -0.229442
vt -3.48243 0.934579
v 1763.99 1504.74 -214.367
vt -4.73585 0.934579
vn 0.612197 0.50043 0.612197
vt -4.69651 -0.229442
f 1294/3286/642 1296/3287/644 1309/3288/659 1308/3289/658 

vt -3.48243 0.38015
vt -3.37493 1.53986
v 1763.5 1505.43 -214.855
vt -4.84335 1.53986
vn 0.353247 0.866275 0.353247
vt -4.73585 0.38015
f 1296/3290/644 1297/3291/645 1310/3292/660 1309/3293/659 

vt -3.37493 0.722443
vt -3.22809 1.87783
vn -1.86884e-16 1 1.49012e-08
v 1762.84 1505.69 -215.522
vt -4.99019 1.87783
vn -3.16265e-16 1 1.49012e-08
vt -4.84335 0.722443
f 1297/3294/645 1298/3295/661 1311/3296/662 1310/3297/660 

vt 3.22809 -0.70378
vn -1.94072e-16 1 1.49012e-08
vt 3.08125 -1.85917
v 1762.17 1505.43 -216.188
vt 5.13703 -1.85917
vn -0.353247 0.866275 -0.353247
vt 4.99019 -0.70378
f 1298/3298/663 1299/3299/648 1312/3300/664 1311/3301/662 

vt 3.08125 -0.342964
vt 2.97375 -1.50268
v 1761.68 1504.74 -216.677
vt 5.24453 -1.50268
vn -0.612197 0.50043 -0.612197
vt 5.13703 -0.342964
f 1299/3302/648 1300/3303/649 1313/3304/665 1312/3305/664 

vt 2.97375 0.247966
vt 2.9344 -0.916055
v 1761.5 1503.8 -216.855
vt 5.28388 -0.916055
vn -0.707107 1.05367e-08 -0.707107
vt 5.24453 0.247966
f 1300/3306/649 1301/3307/650 1314/3308/666 1313/3309/665 

vt 2.9344 0.916055
vt 2.97375 -0.247966
v 1761.68 1502.86 -216.677
vt 5.24453 -0.247966
vn -0.612197 -0.50043 -0.612197
vt 5.28388 0.916055
f 1301/3310/650 1302/3311/651 1315/3312/667 1314/3313/666 

vt 2.97375 1.50268
vt 3.08125 0.342964
v 1762.17 1502.17 -216.188
vt 5.13703 0.342964
vn -0.353247 -0.866275 -0.353247
vt 5.24453 1.50268
f 1302/3314/651 1303/3315/652 1316/3316/668 1315/3317/667 

vt 3.08125 1.85917
vt 3.22809 0.70378
vn 5.17525e-16 -1 -1.49012e-08
v 1762.84 1501.92 -215.522
vt 4.99019 0.70378
vn 7.47536e-16 -1 -1.49012e-08
vt 5.13703 1.85917
f 1303/3318/652 1304/3319/669 1317/3320/670 1316/3321/668 

vt -3.22809 -1.87783
vt -3.37493 -0.722443
vt -4.84335 -0.722443
vt -4.99019 -1.87783
f 1304/3322/669 1305/3323/655 1307/3324/657 1317/3325/670 

vt -4.47408 -3.08068
vn 7.54723e-16 -1 -1.49012e-08
vt -4.62093 -1.92528
v 1762.75 1502.17 -213.878
vt -6.08934 -1.92528
vn 0.432637 -0.866275 0.249783
v 1761.94 1501.92 -214.35
vt -6.23619 -3.08068
vn 9.63171e-16 -1 -1.49012e-08
f 1317/3326/671 1307/3327/657 1318/3328/672 1319/3329/673 

vt -4.62093 -2.41712
vt -4.72842 -1.25741
v 1763.35 1502.86 -213.533
vt -5.98185 -1.25741
vn 0.749785 -0.50043 0.432888
vt -6.08934 -2.41712
f 1307/3330/657 1306/3331/656 1320/3332/674 1318/3333/672 

vt -4.72842 -1.25449
vt -4.76777 -0.0904695
v 1763.57 1503.8 -213.407
vt -5.9425 -0.0904695
vn 0.866025 -7.45059e-09 0.5
vt -5.98185 -1.25449
f 1306/3334/656 1308/3335/658 1321/3336/675 1320/3337/674 

vt -4.76777 0.0904695
vt -4.72842 1.25449
v 1763.35 1504.74 -213.533
vt -5.98185 1.25449
vn 0.749785 0.50043 0.432889
vt -5.9425 0.0904695
f 1308/3338/658 1309/3339/659 1322/3340/676 1321/3341/675 

vt -4.72842 1.25741
vt -4.62093 2.41712
v 1762.75 1505.43 -213.878
vt -6.08934 2.41712
vn 0.432637 0.866275 0.249783
vt -5.98185 1.25741
f 1309/3342/659 1310/3343/660 1323/3344/677 1322/3345/676 

vt -4.62093 1.92528
vt -4.47408 3.08068
vn -3.09077e-16 1 1.49012e-08
v 1761.94 1505.69 -214.35
vt -6.23619 3.08068
vn -4.88773e-16 1 1.49012e-08
vt -6.08934 1.92528
f 1310/3346/660 1311/3347/678 1324/3348/679 1323/3349/677 

vt 4.47408 -1.90662
vn -3.23453e-16 1 1.49012e-08
vt 4.32724 -3.06201
v 1761.12 1505.43 -214.821
vt 6.38303 -3.06201
vn -0.432637 0.866275 -0.249783
vt 6.23619 -1.90662
f 1311/3350/680 1312/3351/664 1325/3352/681 1324/3353/679 

vt 4.32724 -1.22022
vt 4.21975 -2.37994
v 1760.52 1504.74 -215.167
vt 6.49052 -2.37994
vn -0.749785 0.50043 -0.432888
vt 6.38303 -1.22022
f 1312/3354/664 1313/3355/665 1326/3356/682 1325/3357/681 

vt 4.21975 -0.0719453
vt 4.1804 -1.23597
v 1760.31 1503.8 -215.293
vt 6.52987 -1.23597
vn -0.866025 7.45059e-09 -0.5
vt 6.49052 -0.0719453
f 1313/3358/665 1314/3359/666 1327/3360/683 1326/3361/682 

vt 4.1804 1.23597
vt 4.21975 0.0719453
v 1760.52 1502.86 -215.167
vt 6.49052 0.0719453
vn -0.749785 -0.50043 -0.432889
vt 6.52987 1.23597
f 1314/3362/666 1315/3363/667 1328/3364/684 1327/3365/683 

vt 4.21975 2.37994
vt 4.32724 1.22022
v 1761.12 1502.17 -214.821
vt 6.38303 1.22022
vn -0.432637 -0.866275 -0.249783
vt 6.49052 2.37994
f 1315/3366/667 1316/3367/668 1329/3368/685 1328/3369/684 

vt 4.32724 3.06201
vt 4.47408 1.90662
vn 7.40348e-16 -1 -1.49012e-08
vt 6.23619 1.90662
vt 6.38303 3.06201
f 1316/3370/668 1317/3371/686 1319/3372/673 1329/3373/685 

vt 5.20829 4.53519
vt 5.35514 3.37979
v 1761.37 1501.92 -212.985
vt 7.11724 3.37979
vn 7.18784e-16 -1 -1.49012e-08
v 1760.46 1502.17 -213.229
vt 7.26408 4.53519
vn -0.482544 -0.866275 -0.129297
f 1329/3374/685 1319/3375/673 1330/3376/687 1331/3377/688 

vt -5.35514 -4.55385
vt -5.50198 -3.39846
v 1762.28 1502.17 -212.741
vt -6.9704 -3.39846
vn 0.482544 -0.866275 0.129297
vt -7.11724 -4.55385
f 1319/3378/673 1318/3379/672 1332/3380/689 1330/3381/687 

vt -5.50198 -3.49154
vt -5.60947 -2.33183
v 1762.95 1502.86 -212.563
vt -6.8629 -2.33183
vn 0.836276 -0.50043 0.22408
vt -6.9704 -3.49154
f 1318/3382/672 1320/3383/674 1333/3384/690 1332/3385/689 

vt -5.60947 -1.6463
vt -5.64882 -0.482279
v 1763.19 1503.8 -212.497
vt -6.82355 -0.482279
vn 0.965926 -3.85671e-09 0.258819
vt -6.8629 -1.6463
f 1320/3386/674 1321/3387/675 1334/3388/691 1333/3389/690 

vt -5.64882 0.482279
vt -5.60947 1.6463
v 1762.95 1504.74 -212.563
vt -6.8629 1.6463
vn 0.836276 0.50043 0.22408
vt -6.82355 0.482279
f 1321/3390/675 1322/3391/676 1335/3392/692 1334/3393/691 

vt -5.60947 2.33183
vt -5.50198 3.49154
v 1762.28 1505.43 -212.741
vt -6.9704 3.49154
vn 0.482544 0.866275 0.129297
vt -6.8629 2.33183
f 1322/3394/676 1323/3395/677 1336/3396/693 1335/3397/692 

vt -5.50198 3.39846
vt -5.35514 4.55385
vn -4.81585e-16 1 1.49012e-08
v 1761.37 1505.69 -212.985
vt -7.11724 4.55385
vn -4.45646e-16 1 1.49012e-08
vt -6.9704 3.39846
f 1323/3398/677 1324/3399/694 1337/3400/695 1336/3401/693 

vt 5.35514 -3.37979
vn -4.95961e-16 1 1.49012e-08
vt 5.20829 -4.53519
v 1760.46 1505.43 -213.229
vt 7.26408 -4.53519
vn -0.482544 0.866275 -0.129297
vt 7.11724 -3.37979
f 1324/3402/696 1325/3403/681 1338/3404/697 1337/3405/695 

vt 5.20829 -2.29464
vt 5.1008 -3.45436
v 1759.8 1504.74 -213.408
vt 7.37158 -3.45436
vn -0.836276 0.50043 -0.22408
vt 7.26408 -2.29464
f 1325/3406/681 1326/3407/682 1339/3408/698 1338/3409/697 

vt 5.1008 -0.463755
vt 5.06145 -1.62778
v 1759.55 1503.8 -213.473
vt 7.41092 -1.62778
vn -0.965926 3.85671e-09 -0.258819
vt 7.37158 -0.463755
f 1326/3410/682 1327/3411/683 1340/3412/699 1339/3413/698 

vt 5.06145 1.62778
vt 5.1008 0.463755
v 1759.8 1502.86 -213.408
vt 7.37158 0.463755
vn -0.836276 -0.50043 -0.22408
vt 7.41092 1.62778
f 1327/3414/683 1328/3415/684 1341/3416/700 1340/3417/699 

vt 5.1008 3.45436
vt 5.20829 2.29464
vt 7.26408 2.29464
vt 7.37158 3.45436
f 1328/3418/684 1329/3419/685 1331/3420/688 1341/3421/700 

vt 5.55686 4.65271
vt 5.66436 3.493
v 1760.24 1502.17 -211.521
vt 7.72015 3.493
vn -0.49849 -0.864408 -0.0656274
v 1759.55 1502.86 -211.521
vt 7.82764 4.65271
vn -0.860207 -0.497211 -0.113248
f 1341/3422/700 1331/3423/688 1342/3424/701 1343/3425/702 

vt 5.66436 6.1783
vt 5.8112 5.02291
v 1761.18 1501.92 -211.521
vt 7.5733 5.02291
vn 3.73768e-16 -1 -1.49012e-08
vt 7.72015 6.1783
f 1331/3426/688 1330/3427/687 1344/3428/703 1342/3429/701 

vt -5.8112 -6.19696
vn 7.04409e-16 -1 -1.49012e-08
vt -5.95804 -5.04157
v 1762.12 1502.17 -211.521
vt -7.42646 -5.04157
vn 0.49849 -0.864408 0.0656274
vt -7.5733 -6.19696
f 1330/3430/704 1332/3431/689 1345/3432/705 1344/3433/703 

vt -5.95804 -4.6899
vt -6.06554 -3.53019
v 1762.81 1502.86 -211.521
vt -7.31897 -3.53019
vn 0.860207 -0.497211 0.113248
vt -7.42646 -4.6899
f 1332/3434/689 1333/3435/690 1346/3436/706 1345/3437/705 

vt -6.06554 -2.08331
vt -6.10488 -0.919285
v 1763.07 1503.8 -211.521
vt -7.27962 -0.919285
vn 0.991445 -1.94499e-09 0.130526
vt -7.31897 -2.08331
f 1333/3438/690 1334/3439/691 1347/3440/707 1346/3441/706 

vt -6.10488 0.919285
vt -6.06554 2.08331
v 1762.81 1504.74 -211.521
vt -7.31897 2.08331
vn 0.860207 0.497211 0.113248
vt -7.27962 0.919285
f 1334/3442/691 1335/3443/692 1348/3444/708 1347/3445/707 

vt -6.06554 3.53019
vt -5.95804 4.6899
v 1762.12 1505.43 -211.521
vt -7.42646 4.6899
vn 0.49849 0.864408 0.0656274
vt -7.31897 3.53019
f 1335/3446/692 1336/3447/693 1349/3448/709 1348/3449/708 

vt -5.95804 5.04157
vt -5.8112 6.19696
vn -4.60022e-16 1 1.49012e-08
v 1761.18 1505.69 -211.521
vt -7.5733 6.19696
vt -7.42646 5.04157
f 1336/3450/693 1337/3451/710 1350/3452/662 1349/3453/709 

vt 5.8112 -5.02291
vt 5.66436 -6.1783
v 1760.24 1505.43 -211.521
vt 7.72015 -6.1783
vn -0.49849 0.864408 -0.0656274
vt 7.5733 -5.02291
f 1337/3454/695 1338/3455/697 1351/3456/711 1350/3457/662 

vt 5.66436 -3.493
vt 5.55686 -4.65271
v 1759.55 1504.74 -211.521
vt 7.82764 -4.65271
vn -0.860207 0.497211 -0.113248
vt 7.72015 -3.493
f 1338/3458/697 1339/3459/698 1352/3460/712 1351/3461/711 

vt 5.55686 -0.900761
vt 5.51752 -2.06478
v 1759.29 1503.8 -211.521
vt 7.86699 -2.06478
vn -0.991445 1.94499e-09 -0.130526
vt 7.82764 -0.900761
f 1339/3462/698 1340/3463/699 1353/3464/713 1352/3465/712 

vt 5.51752 2.06478
vt 5.55686 0.900761
vt 7.82764 0.900761
vt 7.86699 2.06478
f 1340/3466/699 1341/3467/700 1343/3468/702 1353/3469/713 

vt -4.5 3.33957e-32
vn -1.10057e-14 -1.49012e-08 1
vt -4.80144 1.125
vt -5.625 1.94856
vt -6.75 2.25
vt -7.875 1.94856
vt -8.69856 1.125
vt -9 2.75546e-16
vt -8.69856 -1.125
vt -7.875 -1.94856
vt -6.75 -2.25
vt -5.625 -1.94856
vt -4.80144 -1.125
f 1347/3470/714 1348/3471/714 1349/3472/714 1350/3473/714 1351/3474/714 1352/3475/714 1353/3476/714 1343/3477/714 1342/3478/714 1344/3479/714 1345/3480/714 1346/3481/714 

g Mesh14 Group15 Group12 Group11 Group10 Group5 Group1 Model

v 1759.55 1502.86 -211.521
v 1759.29 1503.8 -211.521
v 1759.55 1504.74 -211.521
v 1760.24 1505.43 -211.521
v 1761.18 1505.69 -211.521
v 1762.12 1505.43 -211.521
v 1762.81 1504.74 -211.521
v 1763.07 1503.8 -211.521
v 1762.81 1502.86 -211.521
v 1762.12 1502.17 -211.521
v 1761.18 1501.92 -211.521
v 1760.24 1502.17 -211.521
f 1354/3170/605 1355/3171/605 1356/3172/605 1357/3173/605 1358/3174/605 1359/3175/605 1360/3176/605 1361/3177/605 1362/3178/605 1363/3179/605 1364/3180/605 1365/3181/605 

vn -1 1.43673e-16 -1.13652e-14
vn -0.866025 -0.5 -7.4506e-09
v 1759.55 1502.86 -187.5
vt -28.6578 0.582343
v 1759.29 1503.8 -187.5
vt -28.6578 -0.582343
f 1355/3182/715 1354/3183/716 1366/3482/716 1367/3483/715 

vn -0.5 -0.866025 -1.29048e-08
v 1760.24 1502.17 -187.5
f 1354/3182/716 1365/3183/717 1368/3482/717 1366/3483/716 

vn -5.74692e-17 -1 -1.49012e-08
v 1761.18 1501.92 -187.5
f 1365/3182/717 1364/3183/718 1369/3482/718 1368/3483/717 

vn 0.5 -0.866025 -1.29048e-08
v 1762.12 1502.17 -187.5
vt 28.6578 -0.582343
vt 28.6578 0.582343
f 1364/3183/718 1363/3182/719 1370/3484/719 1369/3485/718 

vn 0.866025 -0.5 -7.45058e-09
v 1762.81 1502.86 -187.5
f 1363/3183/719 1362/3182/720 1371/3484/720 1370/3485/719 

vn 1 -2.29877e-16 1.13652e-14
v 1763.07 1503.8 -187.5
f 1362/3183/720 1361/3182/721 1372/3484/721 1371/3485/720 

vn 0.866025 0.5 7.4506e-09
v 1762.81 1504.74 -187.5
f 1361/3183/721 1360/3182/722 1373/3484/722 1372/3485/721 

vn 0.5 0.866025 1.29048e-08
v 1762.12 1505.43 -187.5
f 1360/3183/722 1359/3182/723 1374/3484/723 1373/3485/722 

vn 4.88489e-16 1 1.49012e-08
v 1761.18 1505.69 -187.5
f 1359/3183/723 1358/3182/724 1375/3484/724 1374/3485/723 

vn -0.5 0.866025 1.29048e-08
v 1760.24 1505.43 -187.5
f 1358/3182/724 1357/3183/725 1376/3482/725 1375/3483/724 

vn -0.866025 0.5 7.45058e-09
v 1759.55 1504.74 -187.5
f 1357/3182/725 1356/3183/726 1377/3482/726 1376/3483/725 

f 1356/3182/726 1355/3183/715 1367/3482/715 1377/3483/726 

f 1367/3188/611 1366/3178/611 1368/3179/611 1369/3189/611 1370/3181/611 1371/3170/611 1372/3190/611 1373/3172/611 1374/3173/611 1375/3191/611 1376/3175/611 1377/3176/611 

g Mesh15 Group16 Group12 Group11 Group10 Group5 Group1 Model

v 1893.18 1502.86 -215.546
vn -1 -1.83173e-21 1.1156e-13
v 1893.18 1503.8 -215.293
v 1893.18 1504.74 -215.546
v 1893.18 1505.43 -216.236
v 1893.18 1505.69 -217.179
v 1893.18 1505.43 -218.122
v 1893.18 1504.74 -218.812
v 1893.18 1503.8 -219.065
v 1893.18 1502.86 -218.812
v 1893.18 1502.17 -218.122
v 1893.18 1502.17 -216.236
f 1378/3170/727 1379/3171/727 1380/3172/727 1381/3173/727 1382/3174/727 1383/3175/727 1384/3176/727 1385/3177/727 1386/3178/727 1387/3179/727 1268/3180/727 1388/3181/727 

vn -0.130526 -1.47734e-08 0.991445
vn -0.113248 -0.497211 0.860207
v 1894.22 1502.86 -215.408
vn -0.22408 -0.50043 0.836276
v 1894.16 1503.8 -215.164
vn -0.258819 -1.43931e-08 0.965926
f 1379/3192/728 1378/3193/729 1389/3194/730 1390/3195/731 

vn -0.0656274 -0.864408 0.49849
v 1894.4 1502.17 -216.075
vn -0.129297 -0.866275 0.482544
f 1378/3196/729 1388/3197/732 1391/3198/733 1389/3199/730 

vn 2.87515e-17 -1 -1.49009e-08
v 1894.64 1501.92 -216.986
vn 8.98482e-17 -1 -1.49009e-08
f 1388/3200/732 1268/3201/734 1392/3202/735 1391/3203/733 

vn 0.0656274 -0.864408 -0.49849
v 1894.89 1502.17 -217.897
vn 0.129297 -0.866275 -0.482544
f 1268/3204/734 1387/3200/736 1393/3205/737 1392/3206/735 

vn 0.113248 -0.497211 -0.860207
v 1895.07 1502.86 -218.564
vn 0.22408 -0.50043 -0.836276
f 1387/3197/736 1386/3196/738 1394/3207/739 1393/3208/737 

vn 0.130526 1.47734e-08 -0.991445
v 1895.13 1503.8 -218.808
vn 0.258819 1.43931e-08 -0.965926
f 1386/3193/738 1385/3192/740 1395/3209/741 1394/3210/739 

vn 0.113248 0.497211 -0.860207
v 1895.07 1504.74 -218.564
vn 0.22408 0.50043 -0.836276
f 1385/3211/740 1384/3212/742 1396/3213/743 1395/3214/741 

vn 0.0656274 0.864408 -0.49849
v 1894.89 1505.43 -217.897
vn 0.129297 0.866275 -0.482544
f 1384/3215/742 1383/3216/744 1397/3217/745 1396/3218/743 

vn 1.07816e-17 1 1.49009e-08
v 1894.64 1505.69 -216.986
vn -1.99463e-16 1 1.49009e-08
f 1383/3219/744 1382/3220/746 1398/3221/747 1397/3222/745 

vn -0.0656274 0.864408 0.49849
v 1894.4 1505.43 -216.075
vn -0.129297 0.866275 0.482544
f 1382/3223/746 1381/3219/748 1399/3224/749 1398/3225/747 

vn -0.113248 0.497211 0.860207
v 1894.22 1504.74 -215.408
vn -0.22408 0.50043 0.836276
f 1381/3216/748 1380/3215/750 1400/3226/751 1399/3227/749 

f 1380/3212/750 1379/3211/728 1390/3228/731 1400/3229/751 

v 1895.07 1503.8 -214.788
vn -0.5 -1.29045e-08 0.866025
v 1895.19 1504.74 -215.006
vn -0.432889 0.50043 0.749785
f 1400/3230/751 1390/3231/731 1401/3232/752 1402/3233/753 

v 1895.19 1502.86 -215.006
vn -0.432889 -0.50043 0.749785
f 1390/3234/731 1389/3235/730 1403/3236/754 1401/3237/752 

v 1895.54 1502.17 -215.604
vn -0.249783 -0.866275 0.432637
f 1389/3238/730 1391/3239/733 1404/3240/755 1403/3241/754 

vn 8.62543e-17 -1 -1.49009e-08
v 1896.01 1501.92 -216.421
vn 1.90478e-16 -1 -1.49009e-08
f 1391/3242/733 1392/3243/756 1405/3244/757 1404/3245/755 

v 1896.48 1502.17 -217.237
vn 0.249783 -0.866275 -0.432637
f 1392/3246/735 1393/3247/737 1406/3248/758 1405/3249/757 

v 1896.83 1502.86 -217.835
vn 0.432889 -0.50043 -0.749785
f 1393/3250/737 1394/3251/739 1407/3252/759 1406/3253/758 

v 1896.95 1503.8 -218.054
vn 0.5 1.29045e-08 -0.866025
f 1394/3254/739 1395/3255/741 1408/3256/760 1407/3257/759 

v 1896.83 1504.74 -217.835
vn 0.432889 0.50043 -0.749785
f 1395/3258/741 1396/3259/743 1409/3260/761 1408/3261/760 

v 1896.48 1505.43 -217.237
vn 0.249783 0.866275 -0.432637
f 1396/3262/743 1397/3263/745 1410/3264/762 1409/3265/761 

vn -2.0126e-16 1 1.49009e-08
v 1896.01 1505.69 -216.421
vn -5.21119e-16 1 1.49009e-08
f 1397/3266/745 1398/3267/763 1411/3268/764 1410/3269/762 

v 1895.54 1505.43 -215.604
vn -0.249783 0.866275 0.432637
f 1398/3270/763 1399/3271/749 1412/3272/765 1411/3273/764 

f 1399/3274/749 1400/3275/751 1402/3276/753 1412/3277/765 

v 1896.03 1504.74 -214.367
vn -0.612197 0.50043 0.612197
v 1896.51 1505.43 -214.855
vn -0.353247 0.866275 0.353247
f 1412/3278/765 1402/3279/753 1413/3280/766 1414/3281/767 

v 1895.85 1503.8 -214.188
vn -0.707107 -1.05365e-08 0.707107
f 1402/3282/753 1401/3283/752 1415/3284/768 1413/3285/766 

v 1896.03 1502.86 -214.367
vn -0.612197 -0.50043 0.612197
f 1401/3286/752 1403/3287/754 1416/3288/769 1415/3289/768 

v 1896.51 1502.17 -214.855
vn -0.353247 -0.866275 0.353247
f 1403/3290/754 1404/3291/755 1417/3292/770 1416/3293/769 

vn 1.86884e-16 -1 -1.49009e-08
v 1897.18 1501.92 -215.522
vn 3.16265e-16 -1 -1.49009e-08
f 1404/3294/755 1405/3295/771 1418/3296/772 1417/3297/770 

vn 1.94072e-16 -1 -1.49009e-08
v 1897.85 1502.17 -216.188
vn 0.353247 -0.866275 -0.353247
f 1405/3298/773 1406/3299/758 1419/3300/774 1418/3301/772 

v 1898.34 1502.86 -216.677
vn 0.612197 -0.50043 -0.612197
f 1406/3302/758 1407/3303/759 1420/3304/775 1419/3305/774 

v 1898.51 1503.8 -216.855
vn 0.707107 1.05365e-08 -0.707107
f 1407/3306/759 1408/3307/760 1421/3308/776 1420/3309/775 

v 1898.34 1504.74 -216.677
vn 0.612197 0.50043 -0.612197
f 1408/3310/760 1409/3311/761 1422/3312/777 1421/3313/776 

v 1897.85 1505.43 -216.188
vn 0.353247 0.866275 -0.353247
f 1409/3314/761 1410/3315/762 1423/3316/778 1422/3317/777 

vn -5.17525e-16 1 1.49009e-08
v 1897.18 1505.69 -215.522
vn -7.47536e-16 1 1.49009e-08
f 1410/3318/762 1411/3319/779 1424/3320/780 1423/3321/778 

f 1411/3322/779 1412/3323/765 1414/3324/767 1424/3325/780 

vn -7.54723e-16 1 1.49009e-08
v 1897.26 1505.43 -213.878
vn -0.432637 0.866275 0.249783
v 1898.08 1505.69 -214.35
vn -9.63171e-16 1 1.49009e-08
f 1424/3326/781 1414/3327/767 1425/3328/782 1426/3329/783 

v 1896.67 1504.74 -213.533
vn -0.749785 0.50043 0.432889
f 1414/3330/767 1413/3331/766 1427/3332/784 1425/3333/782 

v 1896.45 1503.8 -213.407
vn -0.866025 -7.45043e-09 0.5
f 1413/3334/766 1415/3335/768 1428/3336/785 1427/3337/784 

v 1896.67 1502.86 -213.533
vn -0.749785 -0.50043 0.432888
f 1415/3338/768 1416/3339/769 1429/3340/786 1428/3341/785 

v 1897.26 1502.17 -213.878
vn -0.432637 -0.866275 0.249783
f 1416/3342/769 1417/3343/770 1430/3344/787 1429/3345/786 

vn 3.09077e-16 -1 -1.49009e-08
v 1898.08 1501.92 -214.35
vn 4.88773e-16 -1 -1.49009e-08
f 1417/3346/770 1418/3347/788 1431/3348/789 1430/3349/787 

vn 3.23453e-16 -1 -1.49009e-08
v 1898.9 1502.17 -214.821
vn 0.432637 -0.866275 -0.249783
f 1418/3350/790 1419/3351/774 1432/3352/791 1431/3353/789 

v 1899.49 1502.86 -215.167
vn 0.749785 -0.50043 -0.432889
f 1419/3354/774 1420/3355/775 1433/3356/792 1432/3357/791 

v 1899.71 1503.8 -215.293
vn 0.866025 7.45043e-09 -0.5
f 1420/3358/775 1421/3359/776 1434/3360/793 1433/3361/792 

v 1899.49 1504.74 -215.167
vn 0.749785 0.50043 -0.432888
f 1421/3362/776 1422/3363/777 1435/3364/794 1434/3365/793 

v 1898.9 1505.43 -214.821
vn 0.432637 0.866275 -0.249783
f 1422/3366/777 1423/3367/778 1436/3368/795 1435/3369/794 

vn -7.40348e-16 1 1.49009e-08
f 1423/3370/778 1424/3371/796 1426/3372/783 1436/3373/795 

v 1898.65 1505.69 -212.985
vn -7.18784e-16 1 1.49009e-08
v 1899.56 1505.43 -213.229
vn 0.482544 0.866275 -0.129297
f 1436/3374/795 1426/3375/783 1437/3376/797 1438/3377/798 

v 1897.73 1505.43 -212.741
vn -0.482544 0.866275 0.129297
f 1426/3378/783 1425/3379/782 1439/3380/799 1437/3381/797 

v 1897.07 1504.74 -212.563
vn -0.836276 0.50043 0.22408
f 1425/3382/782 1427/3383/784 1440/3384/800 1439/3385/799 

v 1896.82 1503.8 -212.497
vn -0.965926 -3.85663e-09 0.258819
f 1427/3386/784 1428/3387/785 1441/3388/801 1440/3389/800 

v 1897.07 1502.86 -212.563
vn -0.836276 -0.50043 0.22408
f 1428/3390/785 1429/3391/786 1442/3392/802 1441/3393/801 

v 1897.73 1502.17 -212.741
vn -0.482544 -0.866275 0.129297
f 1429/3394/786 1430/3395/787 1443/3396/803 1442/3397/802 

vn 4.81585e-16 -1 -1.49009e-08
v 1898.65 1501.92 -212.985
vn 4.45646e-16 -1 -1.49009e-08
f 1430/3398/787 1431/3399/804 1444/3400/805 1443/3401/803 

vn 4.95961e-16 -1 -1.49009e-08
v 1899.56 1502.17 -213.229
vn 0.482544 -0.866275 -0.129297
f 1431/3402/806 1432/3403/791 1445/3404/807 1444/3405/805 

v 1900.22 1502.86 -213.408
vn 0.836276 -0.50043 -0.22408
f 1432/3406/791 1433/3407/792 1446/3408/808 1445/3409/807 

v 1900.47 1503.8 -213.473
vn 0.965926 3.85663e-09 -0.258819
f 1433/3410/792 1434/3411/793 1447/3412/809 1446/3413/808 

v 1900.22 1504.74 -213.408
vn 0.836276 0.50043 -0.22408
f 1434/3414/793 1435/3415/794 1448/3416/810 1447/3417/809 

f 1435/3418/794 1436/3419/795 1438/3420/798 1448/3421/810 

v 1899.78 1505.43 -211.521
vn 0.49849 0.864408 -0.0656274
v 1900.47 1504.74 -211.521
vn 0.860207 0.497211 -0.113248
f 1448/3422/810 1438/3423/798 1449/3424/811 1450/3425/812 

v 1898.84 1505.69 -211.521
vn -3.73768e-16 1 1.49009e-08
f 1438/3426/798 1437/3427/797 1451/3428/813 1449/3429/811 

vn -7.04409e-16 1 1.49009e-08
v 1897.9 1505.43 -211.521
vn -0.49849 0.864408 0.0656274
f 1437/3430/814 1439/3431/799 1452/3432/815 1451/3433/813 

v 1897.2 1504.74 -211.521
vn -0.860207 0.497211 0.113248
f 1439/3434/799 1440/3435/800 1453/3436/816 1452/3437/815 

v 1896.95 1503.8 -211.521
vn -0.991445 -1.94495e-09 0.130526
f 1440/3438/800 1441/3439/801 1454/3440/817 1453/3441/816 

v 1897.2 1502.86 -211.521
vn -0.860207 -0.497211 0.113248
f 1441/3442/801 1442/3443/802 1455/3444/818 1454/3445/817 

v 1897.9 1502.17 -211.521
vn -0.49849 -0.864408 0.0656274
f 1442/3446/802 1443/3447/803 1456/3448/819 1455/3449/818 

vn 4.60022e-16 -1 -1.49009e-08
v 1898.84 1501.92 -211.521
f 1443/3450/803 1444/3451/820 1457/3452/772 1456/3453/819 

v 1899.78 1502.17 -211.521
vn 0.49849 -0.864408 -0.0656274
f 1444/3454/805 1445/3455/807 1458/3456/821 1457/3457/772 

v 1900.47 1502.86 -211.521
vn 0.860207 -0.497211 -0.113248
f 1445/3458/807 1446/3459/808 1459/3460/822 1458/3461/821 

v 1900.72 1503.8 -211.521
vn 0.991445 1.94495e-09 -0.130526
f 1446/3462/808 1447/3463/809 1460/3464/823 1459/3465/822 

f 1447/3466/809 1448/3467/810 1450/3468/812 1460/3469/823 

vn 1.11201e-13 -1.49009e-08 1
f 1454/3470/824 1455/3471/824 1456/3472/824 1457/3473/824 1458/3474/824 1459/3475/824 1460/3476/824 1450/3477/824 1449/3478/824 1451/3479/824 1452/3480/824 1453/3481/824 

g Mesh16 Group17 Group12 Group11 Group10 Group5 Group1 Model

v 1900.47 1504.74 -211.521
vn -1.1156e-13 1.49009e-08 -1
v 1900.72 1503.8 -211.521
v 1900.47 1502.86 -211.521
v 1899.78 1502.17 -211.521
v 1898.84 1501.92 -211.521
v 1897.9 1502.17 -211.521
v 1897.2 1502.86 -211.521
v 1896.95 1503.8 -211.521
v 1897.2 1504.74 -211.521
v 1897.9 1505.43 -211.521
v 1898.84 1505.69 -211.521
v 1899.78 1505.43 -211.521
f 1461/3170/825 1462/3171/825 1463/3172/825 1464/3173/825 1465/3174/825 1466/3175/825 1467/3176/825 1468/3177/825 1469/3178/825 1470/3179/825 1471/3180/825 1472/3181/825 

vn 1 -1.43672e-16 -1.1156e-13
vn 0.866025 0.5 7.45034e-09
v 1900.47 1504.74 -187.5
v 1900.72 1503.8 -187.5
f 1462/3182/826 1461/3183/827 1473/3482/827 1474/3483/826 

vn 0.5 0.866025 1.29045e-08
v 1899.78 1505.43 -187.5
f 1461/3182/827 1472/3183/828 1475/3482/828 1473/3483/827 

vn 5.74692e-17 1 1.49009e-08
v 1898.84 1505.69 -187.5
f 1472/3182/828 1471/3183/829 1476/3482/829 1475/3483/828 

vn -0.5 0.866025 1.29046e-08
v 1897.9 1505.43 -187.5
f 1471/3183/829 1470/3182/830 1477/3484/830 1476/3485/829 

vn -0.866025 0.5 7.45053e-09
v 1897.2 1504.74 -187.5
f 1470/3183/830 1469/3182/831 1478/3484/831 1477/3485/830 

vn -1 2.29876e-16 1.1156e-13
v 1896.95 1503.8 -187.5
f 1469/3183/831 1468/3182/832 1479/3484/832 1478/3485/831 

vn -0.866025 -0.5 -7.45034e-09
v 1897.2 1502.86 -187.5
f 1468/3183/832 1467/3182/833 1480/3484/833 1479/3485/832 

vn -0.5 -0.866025 -1.29045e-08
v 1897.9 1502.17 -187.5
f 1467/3183/833 1466/3182/834 1481/3484/834 1480/3485/833 

vn -4.88489e-16 -1 -1.49009e-08
v 1898.84 1501.92 -187.5
f 1466/3183/834 1465/3182/835 1482/3484/835 1481/3485/834 

vn 0.5 -0.866025 -1.29046e-08
v 1899.78 1502.17 -187.5
f 1465/3182/835 1464/3183/836 1483/3482/836 1482/3483/835 

vn 0.866025 -0.5 -7.45053e-09
v 1900.47 1502.86 -187.5
f 1464/3182/836 1463/3183/837 1484/3482/837 1483/3483/836 

f 1463/3182/837 1462/3183/826 1474/3482/826 1484/3483/837 

vn 1.1156e-13 -1.49009e-08 1
f 1474/3188/838 1473/3178/838 1475/3179/838 1476/3189/838 1477/3181/838 1478/3170/838 1479/3190/838 1480/3172/838 1481/3173/838 1482/3191/838 1483/3175/838 1484/3176/838 

g Mesh17 Group19 Group18 Group11 Group10 Group5 Group1 Model

v 1893.18 1504.74 -156.188
vn 1 0 1.13652e-14
v 1893.18 1503.8 -155.935
v 1893.18 1502.86 -156.188
v 1893.18 1502.17 -156.878
v 1893.18 1501.92 -157.821
v 1893.18 1502.17 -158.764
v 1893.18 1502.86 -159.454
v 1893.18 1503.8 -159.707
v 1893.18 1504.74 -159.454
v 1893.18 1505.43 -158.764
v 1893.18 1505.69 -157.821
v 1893.18 1505.43 -156.878
f 1485/3170/839 1486/3171/839 1487/3172/839 1488/3173/839 1489/3174/839 1490/3175/839 1491/3176/839 1492/3177/839 1493/3178/839 1494/3179/839 1495/3180/839 1496/3181/839 

vn -1.13652e-14 -1.43673e-16 1
v 1766.84 1504.74 -156.188
v 1766.84 1503.8 -155.935
f 1486/3182/840 1485/3183/612 1497/3184/612 1498/3185/840 

v 1766.84 1505.43 -156.878
f 1485/3182/612 1496/3183/613 1499/3184/613 1497/3185/612 

vn -6.53149e-31 1 5.74694e-17
v 1766.84 1505.69 -157.821
f 1496/3182/613 1495/3183/841 1500/3184/841 1499/3185/613 

v 1766.84 1505.43 -158.764
f 1495/3183/841 1494/3182/615 1501/3186/615 1500/3187/841 

v 1766.84 1504.74 -159.454
f 1494/3183/615 1493/3182/616 1502/3186/616 1501/3187/615 

vn 1.13652e-14 2.58612e-16 -1
v 1766.84 1503.8 -159.707
f 1493/3183/616 1492/3182/842 1503/3186/842 1502/3187/616 

v 1766.84 1502.86 -159.454
f 1492/3183/842 1491/3182/606 1504/3186/606 1503/3187/842 

v 1766.84 1502.17 -158.764
f 1491/3183/606 1490/3182/607 1505/3186/607 1504/3187/606 

vn 5.55177e-30 -1 -4.8849e-16
v 1766.84 1501.92 -157.821
f 1490/3183/607 1489/3182/843 1506/3186/843 1505/3187/607 

v 1766.84 1502.17 -156.878
f 1489/3182/843 1488/3183/609 1507/3184/609 1506/3185/843 

v 1766.84 1502.86 -156.188
f 1488/3182/609 1487/3183/610 1508/3184/610 1507/3185/609 

f 1487/3182/610 1486/3183/840 1498/3184/840 1508/3185/610 

vn -1 0 -1.13652e-14
f 1498/3188/844 1497/3178/844 1499/3179/844 1500/3189/844 1501/3181/844 1502/3170/844 1503/3190/844 1504/3172/844 1505/3173/844 1506/3191/844 1507/3175/844 1508/3176/844 

g Mesh18 Group20 Group18 Group11 Group10 Group5 Group1 Model

v 1766.84 1502.86 -159.454
vn 1 -0 1.13652e-14
v 1766.84 1504.74 -159.454
f 1509/3170/845 1503/3171/845 1510/3172/845 1501/3173/845 1500/3174/845 1499/3175/845 1497/3176/845 1498/3177/845 1508/3178/845 1507/3179/845 1506/3180/845 1505/3181/845 

vn 0.130526 -8.166e-16 -0.991445
v 1765.8 1502.86 -159.592
v 1765.86 1503.8 -159.836
vn 0.258819 -9.42385e-16 -0.965926
f 1503/3192/846 1509/3193/738 1511/3194/739 1512/3195/847 

v 1765.62 1502.17 -158.925
f 1509/3196/738 1505/3197/736 1513/3198/737 1511/3199/739 

vn -2.87514e-17 -1 9.09471e-16
v 1765.37 1501.92 -158.014
vn -8.9848e-17 -1 1.02448e-15
f 1505/3200/736 1506/3201/848 1514/3202/849 1513/3203/737 

v 1765.13 1502.17 -157.103
vn -8.9848e-17 -1 1.03885e-15
f 1506/3204/848 1507/3200/732 1515/3205/733 1514/3206/850 

v 1764.95 1502.86 -156.436
f 1507/3197/732 1508/3196/729 1516/3207/730 1515/3208/733 

vn -0.130526 9.60191e-16 0.991445
v 1764.89 1503.8 -156.192
vn -0.258819 1.21756e-15 0.965926
f 1508/3193/729 1498/3192/851 1517/3209/852 1516/3210/730 

v 1764.95 1504.74 -156.436
f 1498/3211/851 1497/3212/750 1518/3213/751 1517/3214/852 

v 1765.13 1505.43 -157.103
f 1497/3215/750 1499/3216/748 1519/3217/749 1518/3218/751 

vn -1.07818e-17 1 -1.05323e-15
v 1765.37 1505.69 -158.014
vn 1.99463e-16 1 -1.38387e-15
f 1499/3219/748 1500/3220/853 1520/3221/854 1519/3222/749 

v 1765.62 1505.43 -158.925
f 1500/3223/853 1501/3219/744 1521/3224/745 1520/3225/854 

v 1765.8 1504.74 -159.592
f 1501/3216/744 1510/3215/742 1522/3226/743 1521/3227/745 

f 1510/3212/742 1503/3211/846 1512/3228/847 1522/3229/743 

v 1764.95 1503.8 -160.212
vn 0.5 -9.67272e-16 -0.866025
v 1764.83 1504.74 -159.994
f 1522/3230/743 1512/3231/847 1523/3232/855 1524/3233/761 

v 1764.83 1502.86 -159.994
f 1512/3234/847 1511/3235/739 1525/3236/759 1523/3237/855 

v 1764.48 1502.17 -159.396
f 1511/3238/739 1513/3239/737 1526/3240/758 1525/3241/759 

vn -8.62541e-17 -1 1.03166e-15
v 1764.01 1501.92 -158.579
vn -1.90478e-16 -1 1.11073e-15
f 1513/3242/737 1514/3243/856 1527/3244/857 1526/3245/758 

v 1763.54 1502.17 -157.763
f 1514/3246/850 1515/3247/733 1528/3248/755 1527/3249/857 

v 1763.19 1502.86 -157.165
f 1515/3250/733 1516/3251/730 1529/3252/754 1528/3253/755 

v 1763.07 1503.8 -156.946
vn -0.5 1.4597e-15 0.866025
f 1516/3254/730 1517/3255/852 1530/3256/858 1529/3257/754 

vn -0.258819 1.23205e-15 0.965926
v 1763.19 1504.74 -157.165
f 1517/3258/859 1518/3259/751 1531/3260/753 1530/3261/858 

v 1763.54 1505.43 -157.763
f 1518/3262/751 1519/3263/749 1532/3264/765 1531/3265/753 

vn 2.0126e-16 1 -1.38387e-15
v 1764.01 1505.69 -158.579
vn 5.21118e-16 1 -1.64263e-15
f 1519/3266/749 1520/3267/860 1533/3268/861 1532/3269/765 

vn 2.0126e-16 1 -1.39106e-15
v 1764.48 1505.43 -159.396
f 1520/3270/862 1521/3271/745 1534/3272/762 1533/3273/861 

f 1521/3274/745 1522/3275/743 1524/3276/761 1534/3277/762 

v 1763.99 1504.74 -160.633
v 1763.5 1505.43 -160.145
f 1534/3278/762 1524/3279/761 1535/3280/777 1536/3281/778 

vn 0.5 -9.52788e-16 -0.866025
v 1764.17 1503.8 -160.812
vn 0.707107 -8.02136e-16 -0.707107
f 1524/3282/761 1523/3283/863 1537/3284/864 1535/3285/777 

v 1763.99 1502.86 -160.633
f 1523/3286/855 1525/3287/759 1538/3288/775 1537/3289/864 

v 1763.5 1502.17 -160.145
f 1525/3290/759 1526/3291/758 1539/3292/774 1538/3293/775 

vn -1.86884e-16 -1 1.11073e-15
v 1762.84 1501.92 -159.478
vn -3.16265e-16 -1 1.08917e-15
f 1526/3294/758 1527/3295/865 1540/3296/866 1539/3297/774 

vn -1.94072e-16 -1 1.11073e-15
v 1762.17 1502.17 -158.812
f 1527/3298/867 1528/3299/755 1541/3300/770 1540/3301/866 

v 1761.68 1502.86 -158.323
f 1528/3302/755 1529/3303/754 1542/3304/769 1541/3305/770 

vn -0.5 1.44521e-15 0.866025
v 1761.5 1503.8 -158.145
vn -0.707107 1.39594e-15 0.707107
f 1529/3306/754 1530/3307/868 1543/3308/869 1542/3309/769 

v 1761.68 1504.74 -158.323
f 1530/3310/858 1531/3311/753 1544/3312/766 1543/3313/869 

v 1762.17 1505.43 -158.812
f 1531/3314/753 1532/3315/765 1545/3316/767 1544/3317/766 

vn 5.17525e-16 1 -1.63544e-15
v 1762.84 1505.69 -159.478
vn 7.47535e-16 1 -1.4845e-15
f 1532/3318/765 1533/3319/870 1546/3320/871 1545/3321/767 

f 1533/3322/870 1534/3323/762 1536/3324/778 1546/3325/871 

vn 7.54723e-16 1 -1.49169e-15
v 1762.75 1505.43 -161.122
v 1761.94 1505.69 -160.65
vn 9.63171e-16 1 -1.31918e-15
f 1546/3326/872 1536/3327/778 1547/3328/795 1548/3329/873 

v 1763.35 1504.74 -161.467
vn 0.749785 0.50043 -0.432889
f 1536/3330/778 1535/3331/777 1549/3332/874 1547/3333/795 

v 1763.57 1503.8 -161.593
vn 0.866025 -6.72518e-16 -0.5
f 1535/3334/777 1537/3335/864 1550/3336/875 1549/3337/874 

v 1763.35 1502.86 -161.467
f 1537/3338/864 1538/3339/775 1551/3340/792 1550/3341/875 

v 1762.75 1502.17 -161.122
f 1538/3342/775 1539/3343/774 1552/3344/791 1551/3345/792 

vn -3.09077e-16 -1 1.08917e-15
v 1761.94 1501.92 -160.65
vn -4.88773e-16 -1 1.06042e-15
f 1539/3346/774 1540/3347/876 1553/3348/877 1552/3349/791 

vn -3.23453e-16 -1 1.08198e-15
v 1761.12 1502.17 -160.179
f 1540/3350/878 1541/3351/770 1554/3352/787 1553/3353/877 

v 1760.52 1502.86 -159.833
vn -0.749785 -0.50043 0.432889
f 1541/3354/770 1542/3355/769 1555/3356/879 1554/3357/787 

v 1760.31 1503.8 -159.707
vn -0.866025 1.17942e-15 0.5
f 1542/3358/769 1543/3359/869 1556/3360/880 1555/3361/879 

vn -0.707107 1.41042e-15 0.707107
v 1760.52 1504.74 -159.833
f 1543/3362/881 1544/3363/766 1557/3364/784 1556/3365/880 

v 1761.12 1505.43 -160.179
f 1544/3366/766 1545/3367/767 1558/3368/782 1557/3369/784 

vn 7.40348e-16 1 -1.47731e-15
vn 9.63171e-16 1 -1.32637e-15
f 1545/3370/767 1546/3371/882 1548/3372/883 1558/3373/782 

v 1761.37 1505.69 -162.015
vn 7.18784e-16 1 -9.88537e-16
v 1760.46 1505.43 -161.771
f 1558/3374/782 1548/3375/883 1559/3376/884 1560/3377/799 

vn 9.63171e-16 1 -1.32277e-15
v 1762.28 1505.43 -162.259
vn 7.18784e-16 1 -9.92131e-16
f 1548/3378/885 1547/3379/795 1561/3380/798 1559/3381/886 

v 1762.95 1504.74 -162.437
f 1547/3382/795 1549/3383/874 1562/3384/810 1561/3385/798 

vn 0.866025 -6.87001e-16 -0.5
v 1763.19 1503.8 -162.503
vn 0.965926 -3.86461e-16 -0.258819
f 1549/3386/874 1550/3387/887 1563/3388/888 1562/3389/810 

vn 0.866025 -6.58035e-16 -0.5
v 1762.95 1502.86 -162.437
f 1550/3390/889 1551/3391/792 1564/3392/808 1563/3393/888 

v 1762.28 1502.17 -162.259
f 1551/3394/792 1552/3395/791 1565/3396/807 1564/3397/808 

vn -4.81585e-16 -1 1.06401e-15
v 1761.37 1501.92 -162.015
vn -4.45646e-16 -1 9.20252e-16
f 1552/3398/791 1553/3399/890 1566/3400/891 1565/3401/807 

vn -4.95961e-16 -1 1.06401e-15
v 1760.46 1502.17 -161.771
f 1553/3402/892 1554/3403/787 1567/3404/803 1566/3405/891 

v 1759.8 1502.86 -161.592
f 1554/3406/787 1555/3407/879 1568/3408/802 1567/3409/803 

v 1759.55 1503.8 -161.527
vn -0.965926 7.91986e-16 0.258819
f 1555/3410/879 1556/3411/880 1569/3412/893 1568/3413/802 

vn -0.866025 1.16494e-15 0.5
v 1759.8 1504.74 -161.592
f 1556/3414/894 1557/3415/784 1570/3416/800 1569/3417/893 

f 1557/3418/784 1558/3419/782 1560/3420/799 1570/3421/800 

v 1760.24 1505.43 -163.479
v 1759.55 1504.74 -163.479
f 1570/3422/800 1560/3423/799 1571/3424/815 1572/3425/816 

v 1761.18 1505.69 -163.479
vn 3.73768e-16 1 -7.47744e-16
f 1560/3426/799 1559/3427/886 1573/3428/895 1571/3429/815 

vn 7.04408e-16 1 -9.93928e-16
v 1762.12 1505.43 -163.479
f 1559/3430/896 1561/3431/798 1574/3432/811 1573/3433/895 

v 1762.81 1504.74 -163.479
f 1561/3434/798 1562/3435/810 1575/3436/812 1574/3437/811 

vn 0.965926 -3.71978e-16 -0.258819
v 1763.07 1503.8 -163.479
vn 0.991445 -1.57382e-16 -0.130526
f 1562/3438/810 1563/3439/897 1576/3440/898 1575/3441/812 

v 1762.81 1502.86 -163.479
f 1563/3442/888 1564/3443/808 1577/3444/822 1576/3445/898 

v 1762.12 1502.17 -163.479
f 1564/3446/808 1565/3447/807 1578/3448/821 1577/3449/822 

vn -4.60022e-16 -1 9.18455e-16
v 1761.18 1501.92 -163.479
vn -3.16265e-16 -1 8.2681e-16
f 1565/3450/807 1566/3451/899 1579/3452/900 1578/3453/821 

vn -4.45646e-16 -1 9.16658e-16
v 1760.24 1502.17 -163.479
f 1566/3454/901 1567/3455/803 1580/3456/819 1579/3457/900 

v 1759.55 1502.86 -163.479
f 1567/3458/803 1568/3459/802 1581/3460/818 1580/3461/819 

v 1759.29 1503.8 -163.479
vn -0.991445 5.59438e-16 0.130526
f 1568/3462/802 1569/3463/893 1582/3464/902 1581/3465/818 

vn -0.965926 8.06469e-16 0.258819
f 1569/3466/903 1570/3467/800 1572/3468/816 1582/3469/902 

vn 1.17247e-14 -7.65714e-16 -1
f 1576/3470/904 1577/3471/904 1578/3472/904 1579/3473/904 1580/3474/904 1581/3475/904 1582/3476/904 1572/3477/904 1571/3478/904 1573/3479/904 1574/3480/904 1575/3481/904 

g Mesh19 Group21 Group18 Group11 Group10 Group5 Group1 Model

v 1759.55 1504.74 -163.479
vn -1.13652e-14 0 1
v 1759.29 1503.8 -163.479
v 1759.55 1502.86 -163.479
v 1760.24 1502.17 -163.479
v 1762.81 1502.86 -163.479
v 1763.07 1503.8 -163.479
v 1762.81 1504.74 -163.479
v 1761.18 1505.69 -163.479
v 1760.24 1505.43 -163.479
f 1583/3170/905 1584/3171/905 1585/3172/905 1586/3173/905 1579/3174/905 1578/3175/905 1587/3176/905 1588/3177/905 1589/3178/905 1574/3179/905 1590/3180/905 1591/3181/905 

vn -1 -1.43673e-16 -1.13652e-14
vn -0.866025 0.5 -9.84253e-15
v 1759.55 1504.74 -187.5
v 1759.29 1503.8 -187.5
f 1584/3182/906 1583/3183/907 1592/3482/907 1593/3483/906 

vn -0.5 0.866025 -5.68259e-15
v 1760.24 1505.43 -187.5
f 1583/3182/907 1591/3183/908 1594/3482/908 1592/3483/907 

vn -5.74694e-17 1 -6.53149e-31
v 1761.18 1505.69 -187.5
f 1591/3182/908 1590/3183/909 1595/3482/909 1594/3483/908 

vn 0.5 0.866025 5.68259e-15
v 1762.12 1505.43 -187.5
f 1590/3183/909 1574/3182/910 1596/3484/910 1595/3485/909 

vn 0.866025 0.5 9.84253e-15
v 1762.81 1504.74 -187.5
f 1574/3183/910 1589/3182/911 1597/3484/911 1596/3485/910 

vn 1 2.29877e-16 1.13652e-14
v 1763.07 1503.8 -187.5
f 1589/3183/911 1588/3182/912 1598/3484/912 1597/3485/911 

vn 0.866025 -0.5 9.84253e-15
v 1762.81 1502.86 -187.5
f 1588/3183/912 1587/3182/913 1599/3484/913 1598/3485/912 

vn 0.5 -0.866025 5.68259e-15
v 1762.12 1502.17 -187.5
f 1587/3183/913 1578/3182/914 1600/3484/914 1599/3485/913 

vn 4.8849e-16 -1 5.55177e-30
v 1761.18 1501.92 -187.5
f 1578/3183/914 1579/3182/915 1601/3484/915 1600/3485/914 

vn -0.5 -0.866025 -5.68259e-15
v 1760.24 1502.17 -187.5
f 1579/3182/915 1586/3183/916 1602/3482/916 1601/3483/915 

vn -0.866025 -0.5 -9.84253e-15
v 1759.55 1502.86 -187.5
f 1586/3182/916 1585/3183/917 1603/3482/917 1602/3483/916 

f 1585/3182/917 1584/3183/906 1593/3482/906 1603/3483/917 

vn 1.13652e-14 0 -1
f 1593/3188/918 1592/3178/918 1594/3179/918 1595/3189/918 1596/3181/918 1597/3170/918 1598/3190/918 1599/3172/918 1600/3173/918 1601/3191/918 1602/3175/918 1603/3176/918 

g Mesh20 Group22 Group18 Group11 Group10 Group5 Group1 Model

v 1893.18 1504.74 -159.454
vn -1 -2.23502e-31 -1.34291e-13
v 1893.18 1503.8 -159.707
v 1893.18 1502.86 -159.454
v 1893.18 1502.17 -158.764
v 1893.18 1501.92 -157.821
v 1893.18 1502.17 -156.878
v 1893.18 1502.86 -156.188
v 1893.18 1503.8 -155.935
v 1893.18 1504.74 -156.188
v 1893.18 1505.43 -156.878
v 1893.18 1505.43 -158.764
f 1604/3170/919 1605/3171/919 1606/3172/919 1607/3173/919 1608/3174/919 1609/3175/919 1610/3176/919 1611/3177/919 1612/3178/919 1613/3179/919 1495/3180/919 1614/3181/919 

vn -0.130526 -3.18152e-13 -0.991445
v 1894.22 1504.74 -159.592
v 1894.16 1503.8 -159.836
vn -0.258819 -3.09816e-13 -0.965926
f 1605/3192/920 1604/3193/628 1615/3194/629 1616/3195/921 

v 1894.4 1505.43 -158.925
f 1604/3196/628 1614/3197/626 1617/3198/627 1615/3199/629 

vn 2.87514e-17 1 -3.21022e-13
v 1894.64 1505.69 -158.014
vn 8.9848e-17 1 -3.20907e-13
f 1614/3200/626 1495/3201/922 1618/3202/923 1617/3203/627 

v 1894.89 1505.43 -157.103
vn 8.9848e-17 1 -3.20893e-13
f 1495/3204/922 1613/3200/622 1619/3205/623 1618/3206/924 

v 1895.07 1504.74 -156.436
f 1613/3197/622 1612/3196/619 1620/3207/620 1619/3208/623 

vn 0.130526 3.18009e-13 0.991445
v 1895.13 1503.8 -156.192
vn 0.258819 3.09541e-13 0.965926
f 1612/3193/619 1611/3192/925 1621/3209/926 1620/3210/620 

v 1895.07 1502.86 -156.436
f 1611/3211/925 1610/3212/640 1622/3213/641 1621/3214/926 

v 1894.89 1502.17 -157.103
f 1610/3215/640 1609/3216/638 1623/3217/639 1622/3218/641 

vn 1.07818e-17 -1 3.20878e-13
v 1894.64 1501.92 -158.014
vn -1.99463e-16 -1 3.20547e-13
f 1609/3219/638 1608/3220/927 1624/3221/928 1623/3222/639 

v 1894.4 1502.17 -158.925
f 1608/3223/927 1607/3219/634 1625/3224/635 1624/3225/928 

v 1894.22 1502.86 -159.592
f 1607/3216/634 1606/3215/632 1626/3226/633 1625/3227/635 

f 1606/3212/632 1605/3211/920 1616/3228/921 1626/3229/633 

v 1895.07 1503.8 -160.212
vn -0.5 -2.77651e-13 -0.866025
v 1895.19 1502.86 -159.994
f 1626/3230/633 1616/3231/921 1627/3232/929 1628/3233/651 

v 1895.19 1504.74 -159.994
f 1616/3234/921 1615/3235/629 1629/3236/649 1627/3237/929 

v 1895.54 1505.43 -159.396
f 1615/3238/629 1617/3239/627 1630/3240/648 1629/3241/649 

vn 8.62541e-17 1 -3.209e-13
v 1896.01 1505.69 -158.579
vn 1.90478e-16 1 -3.20821e-13
f 1617/3242/627 1618/3243/930 1631/3244/931 1630/3245/648 

v 1896.48 1505.43 -157.763
f 1618/3246/924 1619/3247/623 1632/3248/645 1631/3249/931 

v 1896.83 1504.74 -157.165
f 1619/3250/623 1620/3251/620 1633/3252/644 1632/3253/645 

v 1896.95 1503.8 -156.946
vn 0.5 2.77159e-13 0.866025
f 1620/3254/620 1621/3255/926 1634/3256/932 1633/3257/644 

vn 0.258819 3.09527e-13 0.965926
v 1896.83 1502.86 -157.165
f 1621/3258/933 1622/3259/641 1635/3260/643 1634/3261/932 

v 1896.48 1502.17 -157.763
f 1622/3262/641 1623/3263/639 1636/3264/655 1635/3265/643 

vn -2.0126e-16 -1 3.20547e-13
v 1896.01 1501.92 -158.579
vn -5.21118e-16 -1 3.20289e-13
f 1623/3266/639 1624/3267/934 1637/3268/935 1636/3269/655 

vn -2.0126e-16 -1 3.2054e-13
v 1895.54 1502.17 -159.396
f 1624/3270/936 1625/3271/635 1638/3272/652 1637/3273/935 

f 1625/3274/635 1626/3275/633 1628/3276/651 1638/3277/652 

v 1896.03 1502.86 -160.633
v 1896.51 1502.17 -160.145
f 1638/3278/652 1628/3279/651 1639/3280/667 1640/3281/668 

vn -0.5 -2.77666e-13 -0.866025
v 1895.85 1503.8 -160.812
vn -0.707107 -2.26689e-13 -0.707107
f 1628/3282/651 1627/3283/937 1641/3284/938 1639/3285/667 

v 1896.03 1504.74 -160.633
f 1627/3286/929 1629/3287/649 1642/3288/665 1641/3289/938 

v 1896.51 1505.43 -160.145
f 1629/3290/649 1630/3291/648 1643/3292/664 1642/3293/665 

vn 1.86884e-16 1 -3.20821e-13
v 1897.18 1505.69 -159.478
vn 3.16265e-16 1 -3.20842e-13
f 1630/3294/648 1631/3295/939 1644/3296/940 1643/3297/664 

vn 1.94072e-16 1 -3.20821e-13
v 1897.85 1505.43 -158.812
f 1631/3298/941 1632/3299/645 1645/3300/660 1644/3301/940 

v 1898.34 1504.74 -158.323
f 1632/3302/645 1633/3303/644 1646/3304/659 1645/3305/660 

vn 0.5 2.77173e-13 0.866025
v 1898.51 1503.8 -158.145
vn 0.707107 2.26095e-13 0.707107
f 1633/3306/644 1634/3307/942 1647/3308/943 1646/3309/659 

v 1898.34 1502.86 -158.323
f 1634/3310/932 1635/3311/643 1648/3312/656 1647/3313/943 

v 1897.85 1502.17 -158.812
f 1635/3314/643 1636/3315/655 1649/3316/657 1648/3317/656 

vn -5.17525e-16 -1 3.20296e-13
v 1897.18 1501.92 -159.478
vn -7.47535e-16 -1 3.20447e-13
f 1636/3318/655 1637/3319/944 1650/3320/945 1649/3321/657 

f 1637/3322/944 1638/3323/652 1640/3324/668 1650/3325/945 

vn -7.54723e-16 -1 3.2044e-13
v 1897.26 1502.17 -161.122
v 1898.08 1501.92 -160.65
vn -9.63171e-16 -1 3.20612e-13
f 1650/3326/946 1640/3327/668 1651/3328/685 1652/3329/947 

v 1896.67 1502.86 -161.467
f 1640/3330/668 1639/3331/667 1653/3332/684 1651/3333/685 

v 1896.45 1503.8 -161.593
vn -0.866025 -1.60188e-13 -0.5
f 1639/3334/667 1641/3335/938 1654/3336/948 1653/3337/684 

v 1896.67 1504.74 -161.467
vn -0.749785 0.50043 -0.432889
f 1641/3338/938 1642/3339/665 1655/3340/949 1654/3341/948 

v 1897.26 1505.43 -161.122
f 1642/3342/665 1643/3343/664 1656/3344/681 1655/3345/949 

vn 3.09077e-16 1 -3.20842e-13
v 1898.08 1505.69 -160.65
vn 4.88773e-16 1 -3.20871e-13
f 1643/3346/664 1644/3347/950 1657/3348/951 1656/3349/681 

vn 3.23453e-16 1 -3.20849e-13
v 1898.9 1505.43 -160.179
f 1644/3350/952 1645/3351/660 1658/3352/677 1657/3353/951 

v 1899.49 1504.74 -159.833
f 1645/3354/660 1646/3355/659 1659/3356/676 1658/3357/677 

v 1899.71 1503.8 -159.707
vn 0.866025 1.59681e-13 0.5
f 1646/3358/659 1647/3359/943 1660/3360/953 1659/3361/676 

vn 0.707107 2.26081e-13 0.707107
v 1899.49 1502.86 -159.833
vn 0.749785 -0.50043 0.432889
f 1647/3362/954 1648/3363/656 1661/3364/955 1660/3365/953 

v 1898.9 1502.17 -160.179
f 1648/3366/656 1649/3367/657 1662/3368/672 1661/3369/955 

vn -7.40348e-16 -1 3.20454e-13
vn -9.63171e-16 -1 3.20605e-13
f 1649/3370/657 1650/3371/956 1652/3372/957 1662/3373/672 

v 1898.65 1501.92 -162.015
vn -7.18784e-16 -1 3.20943e-13
v 1899.56 1502.17 -161.771
f 1662/3374/672 1652/3375/957 1663/3376/958 1664/3377/689 

vn -9.63171e-16 -1 3.20609e-13
v 1897.73 1502.17 -162.259
vn -7.18784e-16 -1 3.20939e-13
f 1652/3378/959 1651/3379/685 1665/3380/688 1663/3381/960 

v 1897.07 1502.86 -162.437
f 1651/3382/685 1653/3383/684 1666/3384/700 1665/3385/688 

vn -0.866025 -1.60174e-13 -0.5
v 1896.82 1503.8 -162.503
vn -0.965926 -8.28811e-14 -0.258819
f 1653/3386/684 1654/3387/961 1667/3388/962 1666/3389/700 

vn -0.866025 -1.60203e-13 -0.5
v 1897.07 1504.74 -162.437
f 1654/3390/963 1655/3391/949 1668/3392/698 1667/3393/962 

v 1897.73 1505.43 -162.259
f 1655/3394/949 1656/3395/681 1669/3396/697 1668/3397/698 

vn 4.81585e-16 1 -3.20867e-13
v 1898.65 1505.69 -162.015
vn 4.45646e-16 1 -3.21011e-13
f 1656/3398/681 1657/3399/964 1670/3400/965 1669/3401/697 

vn 4.95961e-16 1 -3.20867e-13
v 1899.56 1505.43 -161.771
f 1657/3402/966 1658/3403/677 1671/3404/693 1670/3405/965 

v 1900.22 1504.74 -161.592
f 1658/3406/677 1659/3407/676 1672/3408/692 1671/3409/693 

v 1900.47 1503.8 -161.527
vn 0.965926 8.24756e-14 0.258819
f 1659/3410/676 1660/3411/953 1673/3412/967 1672/3413/692 

vn 0.866025 1.59696e-13 0.5
v 1900.22 1502.86 -161.592
f 1660/3414/968 1661/3415/955 1674/3416/690 1673/3417/967 

f 1661/3418/955 1662/3419/672 1664/3420/689 1674/3421/690 

v 1899.78 1502.17 -163.479
v 1900.47 1502.86 -163.479
f 1674/3422/690 1664/3423/689 1675/3424/705 1676/3425/706 

v 1898.84 1501.92 -163.479
vn -3.73768e-16 -1 3.21184e-13
f 1664/3426/689 1663/3427/960 1677/3428/969 1675/3429/705 

vn -7.04408e-16 -1 3.20937e-13
v 1897.9 1502.17 -163.479
f 1663/3430/970 1665/3431/688 1678/3432/701 1677/3433/969 

v 1897.2 1502.86 -163.479
f 1665/3434/688 1666/3435/700 1679/3436/702 1678/3437/701 

vn -0.965926 -8.28956e-14 -0.258819
v 1896.95 1503.8 -163.479
vn -0.991445 -4.18356e-14 -0.130526
f 1666/3438/700 1667/3439/971 1680/3440/972 1679/3441/702 

v 1897.2 1504.74 -163.479
f 1667/3442/962 1668/3443/698 1681/3444/712 1680/3445/972 

v 1897.9 1505.43 -163.479
f 1668/3446/698 1669/3447/697 1682/3448/711 1681/3449/712 

vn 4.60022e-16 1 -3.21013e-13
v 1898.84 1505.69 -163.479
vn 3.16265e-16 1 -3.21105e-13
f 1669/3450/697 1670/3451/973 1683/3452/974 1682/3453/711 

vn 4.45646e-16 1 -3.21015e-13
v 1899.78 1505.43 -163.479
f 1670/3454/975 1671/3455/693 1684/3456/709 1683/3457/974 

v 1900.47 1504.74 -163.479
f 1671/3458/693 1672/3459/692 1685/3460/708 1684/3461/709 

v 1900.72 1503.8 -163.479
vn 0.991445 4.14336e-14 0.130526
f 1672/3462/692 1673/3463/967 1686/3464/976 1685/3465/708 

vn 0.965926 8.24611e-14 0.258819
f 1673/3466/977 1674/3467/690 1676/3468/706 1686/3469/976 

vn 1.33931e-13 -3.20955e-13 -1
f 1680/3470/978 1681/3471/978 1682/3472/978 1683/3473/978 1684/3474/978 1685/3475/978 1686/3476/978 1676/3477/978 1675/3478/978 1677/3479/978 1678/3480/978 1679/3481/978 

g Mesh21 Group23 Group18 Group11 Group10 Group5 Group1 Model

v 1900.47 1502.86 -163.479
vn -1.34291e-13 3.22049e-13 1
v 1900.72 1503.8 -163.479
v 1900.47 1504.74 -163.479
v 1899.78 1505.43 -163.479
v 1898.84 1505.69 -163.479
v 1897.9 1505.43 -163.479
v 1897.2 1504.74 -163.479
v 1896.95 1503.8 -163.479
v 1897.2 1502.86 -163.479
v 1897.9 1502.17 -163.479
v 1898.84 1501.92 -163.479
v 1899.78 1502.17 -163.479
f 1687/3170/979 1688/3171/979 1689/3172/979 1690/3173/979 1691/3174/979 1692/3175/979 1693/3176/979 1694/3177/979 1695/3178/979 1696/3179/979 1697/3180/979 1698/3181/979 

vn 1 1.43673e-16 1.34291e-13
vn 0.866025 -0.5 2.77281e-13
v 1900.47 1502.86 -187.5
v 1900.72 1503.8 -187.5
f 1688/3182/980 1687/3183/981 1699/3482/981 1700/3483/980 

vn 0.5 -0.866025 3.45975e-13
v 1899.78 1502.17 -187.5
f 1687/3182/981 1698/3183/982 1701/3482/982 1699/3483/981 

vn 5.74694e-17 -1 3.21965e-13
v 1898.84 1501.92 -187.5
f 1698/3182/982 1697/3183/983 1702/3482/983 1701/3483/982 

vn -0.5 -0.866025 2.11684e-13
v 1897.9 1502.17 -187.5
f 1697/3183/983 1696/3182/984 1703/3484/984 1702/3485/983 

vn -0.866025 -0.5 4.46833e-14
v 1897.2 1502.86 -187.5
f 1696/3183/984 1695/3182/985 1704/3484/985 1703/3485/984 

vn -1 -2.29877e-16 -1.34291e-13
v 1896.95 1503.8 -187.5
f 1695/3183/985 1694/3182/986 1705/3484/986 1704/3485/985 

vn -0.866025 0.5 -2.77281e-13
v 1897.2 1504.74 -187.5
f 1694/3183/986 1693/3182/987 1706/3484/987 1705/3485/986 

vn -0.5 0.866025 -3.45975e-13
v 1897.9 1505.43 -187.5
f 1693/3183/987 1692/3182/988 1707/3484/988 1706/3485/987 

vn -4.8849e-16 1 -3.21965e-13
v 1898.84 1505.69 -187.5
f 1692/3183/988 1691/3182/989 1708/3484/989 1707/3485/988 

vn 0.5 0.866025 -2.11684e-13
v 1899.78 1505.43 -187.5
f 1691/3182/989 1690/3183/990 1709/3482/990 1708/3483/989 

vn 0.866025 0.5 -4.46833e-14
v 1900.47 1504.74 -187.5
f 1690/3182/990 1689/3183/991 1710/3482/991 1709/3483/990 

f 1689/3182/991 1688/3183/980 1700/3482/980 1710/3483/991 

vn 1.34291e-13 -3.22049e-13 -1
f 1700/3188/992 1699/3178/992 1701/3179/992 1702/3189/992 1703/3181/992 1704/3170/992 1705/3190/992 1706/3172/992 1707/3173/992 1708/3191/992 1709/3175/992 1710/3176/992 

g Mesh22 Group24 Group10 Group5 Group1 Model

v 1897.9 1545.69 -185.867
vn 1.489e-08 1 1.83036e-21
v 1898.84 1545.69 -185.614
vt -2.25 6.36646e-12
v 1899.78 1545.69 -185.867
v 1900.47 1545.69 -186.557
v 1900.72 1545.69 -187.5
vt 2.84217e-14 -2.25
v 1900.47 1545.69 -188.443
v 1899.78 1545.69 -189.133
v 1898.84 1545.69 -189.386
vt 2.25 5.91172e-12
v 1897.9 1545.69 -189.133
v 1897.2 1545.69 -188.443
v 1896.95 1545.69 -187.5
vt -2.84217e-14 2.25
v 1897.2 1545.69 -186.557
f 1711/3170/993 1712/3486/993 1713/3172/993 1714/3173/993 1715/3487/993 1716/3175/993 1717/3176/993 1718/3488/993 1719/3178/993 1720/3179/993 1721/3489/993 1722/3181/993 

vt 19.0635 -0.582343
vn -1.22839e-13 -2.58112e-24 1
vt 19.0635 0.582343
vn -0.5 7.44501e-09 0.866025
v 1897.9 1503.69 -185.867
vt -31.0439 0.582343
v 1898.84 1503.69 -185.614
vt -31.0439 -0.582343
f 1712/3490/994 1711/3491/995 1723/3492/995 1724/3493/994 

vn -0.866025 1.28951e-08 0.5
v 1897.2 1503.69 -186.557
f 1711/3490/995 1722/3491/996 1725/3492/996 1723/3493/995 

vn -1 1.489e-08 -1.22897e-13
v 1896.95 1503.69 -187.5
f 1722/3490/996 1721/3491/997 1726/3492/997 1725/3493/996 

vt -19.0635 0.582343
vt -19.0635 -0.582343
vn -0.866025 1.28951e-08 -0.5
v 1897.2 1503.69 -188.443
vt 31.0439 -0.582343
vt 31.0439 0.582343
f 1721/3494/997 1720/3495/998 1727/3496/998 1726/3497/997 

vn -0.5 7.44501e-09 -0.866025
v 1897.9 1503.69 -189.133
f 1720/3494/998 1719/3495/999 1728/3496/999 1727/3497/998 

vn 1.22696e-13 4.39604e-24 -1
v 1898.84 1503.69 -189.386
f 1719/3494/999 1718/3495/1000 1729/3496/1000 1728/3497/999 

vn 0.5 -7.44501e-09 -0.866025
v 1899.78 1503.69 -189.133
f 1718/3494/1000 1717/3495/1001 1730/3496/1001 1729/3497/1000 

vn 0.866025 -1.28951e-08 -0.5
v 1900.47 1503.69 -188.443
f 1717/3494/1001 1716/3495/1002 1731/3496/1002 1730/3497/1001 

vn 1 -1.489e-08 1.22523e-13
v 1900.72 1503.69 -187.5
f 1716/3494/1002 1715/3495/1003 1732/3496/1003 1731/3497/1002 

vn 0.866025 -1.28951e-08 0.5
v 1900.47 1503.69 -186.557
f 1715/3490/1003 1714/3491/1004 1733/3492/1004 1732/3493/1003 

vn 0.5 -7.44501e-09 0.866025
v 1899.78 1503.69 -185.867
f 1714/3490/1004 1713/3491/1005 1734/3492/1005 1733/3493/1004 

f 1713/3490/1005 1712/3491/994 1724/3492/994 1734/3493/1005 

vt 2.25 9.09495e-13
vn -1.489e-08 -1 -1.83036e-21
vt -2.25 4.54747e-13
vt -1.13687e-13 -2.25
f 1724/3498/1006 1723/3178/1006 1725/3179/1006 1726/3489/1006 1727/3181/1006 1728/3170/1006 1729/3499/1006 1730/3172/1006 1731/3173/1006 1732/3500/1006 1733/3175/1006 1734/3176/1006 

g Mesh23 Group25 Group10 Group5 Group1 Model

v 1760.24 1545.69 -185.867
v 1761.18 1545.69 -185.614
v 1762.12 1545.69 -185.867
v 1762.81 1545.69 -186.557
v 1763.07 1545.69 -187.5
vt -4.36982e-36 -2.25
v 1762.81 1545.69 -188.443
v 1762.12 1545.69 -189.133
v 1761.18 1545.69 -189.386
v 1760.24 1545.69 -189.133
v 1759.55 1545.69 -188.443
v 1759.29 1545.69 -187.5
v 1759.55 1545.69 -186.557
f 1735/3170/993 1736/3486/993 1737/3172/993 1738/3173/993 1739/3501/993 1740/3175/993 1741/3176/993 1742/3488/993 1743/3178/993 1744/3179/993 1745/3489/993 1746/3181/993 

v 1760.24 1503.69 -185.867
v 1761.18 1503.69 -185.614
f 1736/3490/994 1735/3491/995 1747/3492/995 1748/3493/994 

v 1759.55 1503.69 -186.557
f 1735/3490/995 1746/3491/996 1749/3492/996 1747/3493/995 

v 1759.29 1503.69 -187.5
f 1746/3490/996 1745/3491/997 1750/3492/997 1749/3493/996 

v 1759.55 1503.69 -188.443
f 1745/3494/997 1744/3495/998 1751/3496/998 1750/3497/997 

v 1760.24 1503.69 -189.133
f 1744/3494/998 1743/3495/999 1752/3496/999 1751/3497/998 

v 1761.18 1503.69 -189.386
f 1743/3494/999 1742/3495/1000 1753/3496/1000 1752/3497/999 

v 1762.12 1503.69 -189.133
f 1742/3494/1000 1741/3495/1001 1754/3496/1001 1753/3497/1000 

v 1762.81 1503.69 -188.443
f 1741/3494/1001 1740/3495/1002 1755/3496/1002 1754/3497/1001 

v 1763.07 1503.69 -187.5
f 1740/3494/1002 1739/3495/1003 1756/3496/1003 1755/3497/1002 

v 1762.81 1503.69 -186.557
f 1739/3490/1003 1738/3491/1004 1757/3492/1004 1756/3493/1003 

v 1762.12 1503.69 -185.867
f 1738/3490/1004 1737/3491/1005 1758/3492/1005 1757/3493/1004 

f 1737/3490/1005 1736/3491/994 1748/3492/994 1758/3493/1005 

vt -8.52651e-14 -2.25
f 1748/3498/1006 1747/3178/1006 1749/3179/1006 1750/3489/1006 1751/3181/1006 1752/3170/1006 1753/3499/1006 1754/3172/1006 1755/3173/1006 1756/3502/1006 1757/3175/1006 1758/3176/1006 

g Mesh24 Group5 Group1 Model

usemtl M_0063_GreenYellow
v 846.021 1300.87 -211.25
vt 38.878 363.945
vn 0.257531 -0.96627 6.18622e-15
v 1213.13 1398.71 -211.25
vt 38.878 513.523
v 1213.13 1398.71 -163.75
vt 20.1772 513.523
v 846.021 1300.87 -163.75
vt 20.1772 363.945
f 1759/3503/1007 1760/3504/1007 1761/3505/1007 1762/3506/1007 

v 834.416 1344.35 -211.25
vt -259.197 440.664
vn -7.55489e-15 -9.06985e-15 -1
v 1418.88 1500.36 -211.25
vt -489.301 502.085
v 1439.02 1505.05 -211.25
vt -497.231 503.934
v 1444.14 1483.12 -211.25
vt -499.244 495.298
v 1424 1478.42 -211.25
vt -491.315 493.449
vt -408.298 462.068
vt -263.766 423.547
f 1763/3507/1008 1764/3508/1008 1765/3509/1008 1766/3510/1008 1767/3511/1008 1760/3512/1008 1759/3513/1008 

vt -38.878 364.074
vn -0.257895 0.966173 -6.18234e-15
v 834.416 1344.35 -163.75
vt -20.1772 364.074
v 1418.88 1500.36 -163.75
vt -20.1772 602.235
vt -38.878 602.235
f 1763/3514/1009 1768/3515/1009 1769/3516/1009 1764/3517/1009 

vt -20.1772 358.912
vn -0.966173 -0.257895 1.03723e-14
vt -38.878 358.912
vt -38.878 341.196
vt -20.1772 341.196
f 1768/3518/1010 1763/3519/1010 1759/3520/1010 1762/3521/1010 

vt 489.301 502.085
vn 8.79549e-15 7.40676e-15 1
vt 259.197 440.664
vt 263.766 423.547
vt 408.298 462.068
v 1424 1478.42 -163.75
vt 491.315 493.449
v 1444.14 1483.12 -163.75
vt 499.244 495.298
v 1439.02 1505.05 -163.75
vt 497.231 503.934
f 1769/3522/1011 1768/3523/1011 1762/3524/1011 1761/3525/1011 1770/3526/1011 1771/3527/1011 1772/3528/1011 

vt 20.1772 634.056
vn 0.353594 -0.935399 5.08824e-15
vt 20.1772 545.306
vt 38.878 545.306
vt 38.878 634.056
f 1770/3529/1012 1761/3530/1012 1760/3531/1012 1767/3532/1012 

vt -38.878 590.541
vn -0.227104 0.97387 -9.07956e-15
vt -20.1772 590.541
vt -20.1772 598.684
vt -38.878 598.684
f 1767/3533/1013 1770/3534/1013 1771/3535/1013 1766/3536/1013 

vt -20.1772 377.843
vn -0.97387 -0.227104 1.01709e-14
vt -38.878 377.843
vt -38.878 368.976
vt -20.1772 368.976
f 1772/3537/1014 1765/3538/1014 1766/3539/1014 1771/3540/1014 

vt 20.1772 590.541
vn 0.227104 -0.97387 1.22387e-14
vt 38.878 590.541
vt 38.878 598.684
vt 20.1772 598.684
f 1769/3541/1015 1764/3542/1015 1765/3543/1015 1772/3544/1015 

g Mesh25 Group5 Group1 Model

v 878.443 1336.62 -116.25
vt 276.53 437.62
v 878.277 1336.97 -116.25
vt 276.465 437.76
v 878.075 1337.31 -116.25
vt 276.385 437.893
v 877.838 1337.62 -116.25
vt 276.292 438.016
v 877.571 1337.91 -116.25
vt 276.187 438.129
v 877.274 1338.17 -116.25
vt 276.07 438.23
v 876.953 1338.39 -116.25
vt 275.943 438.319
v 876.609 1338.58 -116.25
vt 275.808 438.394
v 876.248 1338.74 -116.25
vt 275.666 438.454
v 875.873 1338.85 -116.25
vt 275.518 438.499
v 875.487 1338.92 -116.25
vt 275.366 438.529
v 875.096 1338.96 -116.25
vt 275.212 438.542
v 874.704 1338.95 -116.25
vt 275.058 438.54
v 874.314 1338.9 -116.25
vt 274.904 438.521
v 873.932 1338.82 -116.25
vt 274.754 438.486
v 873.561 1338.69 -116.25
vt 274.608 438.435
v 873.205 1338.52 -116.25
vt 274.468 438.37
v 872.869 1338.32 -116.25
vt 274.335 438.291
v 872.555 1338.08 -116.25
vt 274.212 438.197
v 872.268 1337.82 -116.25
vt 274.099 438.092
v 872.011 1337.52 -116.25
vt 273.998 437.975
v 871.786 1337.2 -116.25
vt 273.909 437.849
v 871.596 1336.85 -116.25
vt 273.834 437.714
v 871.442 1336.49 -116.25
vt 273.774 437.571
v 871.328 1336.12 -116.25
vt 273.729 437.424
v 871.253 1335.73 -116.25
vt 273.699 437.272
v 871.219 1335.34 -116.25
vt 273.686 437.118
v 871.226 1334.95 -116.25
vt 273.688 436.963
v 871.274 1334.56 -116.25
vt 273.707 436.81
v 871.362 1334.18 -116.25
vt 273.742 436.659
v 871.49 1333.81 -116.25
vt 273.792 436.513
v 871.656 1333.45 -116.25
vt 273.858 436.373
v 871.858 1333.11 -116.25
vt 273.937 436.241
v 872.094 1332.8 -116.25
vt 274.03 436.117
v 872.362 1332.51 -116.25
vt 274.136 436.004
v 872.658 1332.26 -116.25
vt 274.253 435.903
v 872.98 1332.03 -116.25
vt 274.379 435.815
v 873.323 1331.84 -116.25
vt 274.514 435.74
v 873.685 1331.69 -116.25
vt 274.657 435.679
v 874.06 1331.57 -116.25
vt 274.804 435.634
v 874.446 1331.5 -116.25
vt 274.956 435.605
v 874.837 1331.46 -116.25
vt 275.11 435.591
v 875.229 1331.47 -116.25
vt 275.265 435.594
v 875.619 1331.52 -116.25
vt 275.418 435.613
v 876.001 1331.61 -116.25
vt 275.569 435.648
v 876.372 1331.73 -116.25
vt 275.715 435.698
v 876.728 1331.9 -116.25
vt 275.855 435.763
v 877.064 1332.1 -116.25
vt 275.987 435.843
v 877.378 1332.34 -116.25
vt 276.111 435.936
v 877.665 1332.61 -116.25
vt 276.223 436.041
v 877.922 1332.9 -116.25
vt 276.325 436.158
v 878.147 1333.22 -116.25
vt 276.413 436.285
v 878.337 1333.57 -116.25
vt 276.488 436.42
v 878.491 1333.93 -116.25
vt 276.549 436.562
v 878.605 1334.31 -116.25
vt 276.594 436.71
v 878.68 1334.69 -116.25
vt 276.623 436.862
v 878.714 1335.08 -116.25
vt 276.637 437.016
v 878.707 1335.47 -116.25
vt 276.634 437.17
v 878.659 1335.86 -116.25
vt 276.615 437.324
v 878.571 1336.25 -116.25
vt 276.58 437.474
f 1773/3545/527 1774/3546/527 1775/3547/527 1776/3548/527 1777/3549/527 1778/3550/527 1779/3551/527 1780/3552/527 1781/3553/527 1782/3554/527 1783/3555/527 1784/3556/527 1785/3557/527 1786/3558/527 1787/3559/527 1788/3560/527 1789/3561/527 1790/3562/527 1791/3563/527 1792/3564/527 1793/3565/527 1794/3566/527 1795/3567/527 1796/3568/527 1797/3569/527 1798/3570/527 1799/3571/527 1800/3572/527 1801/3573/527 1802/3574/527 1803/3575/527 1804/3576/527 1805/3577/527 1806/3578/527 1807/3579/527 1808/3580/527 1809/3581/527 1810/3582/527 1811/3583/527 1812/3584/527 1813/3585/527 1814/3586/527 1815/3587/527 1816/3588/527 1817/3589/527 1818/3590/527 1819/3591/527 1820/3592/527 1821/3593/527 1822/3594/527 1823/3595/527 1824/3596/527 1825/3597/527 1826/3598/527 1827/3599/527 1828/3600/527 1829/3601/527 1830/3602/527 1831/3603/527 1832/3604/527 

vt 1.47638 279.791
vn 0.906195 0.422859 -1.12935e-14
vt 1.47638 279.636
v 878.443 1336.62 -258.75
vt 57.5787 279.636
v 878.277 1336.97 -258.75
vt 57.5787 279.791
f 1774/3605/1016 1773/3606/559 1833/3607/559 1834/3608/1016 

v 885.295 1340.71 -116.25
vt 279.228 439.23
v 864.638 1329.72 -116.25
vt 271.095 434.903
v 864.688 1329.61 -116.25
vt 271.115 434.862
v 865.33 1328.57 -116.25
vt 271.367 434.451
v 866.077 1327.6 -116.25
vt 271.662 434.069
vt 271.994 433.719
v 867.855 1325.91 -116.25
vt 272.361 433.407
v 868.866 1325.22 -116.25
vt 272.759 433.134
v 869.943 1324.64 -116.25
vt 273.184 432.904
v 871.076 1324.17 -116.25
vt 273.629 432.721
v 872.251 1323.83 -116.25
vt 274.092 432.584
v 873.456 1323.6 -116.25
vt 274.567 432.497
v 874.678 1323.51 -116.25
vt 275.048 432.46
v 875.902 1323.54 -116.25
vt 275.53 432.473
v 877.117 1323.71 -116.25
vt 276.008 432.537
v 878.308 1323.99 -116.25
vt 276.477 432.65
v 879.462 1324.4 -116.25
vt 276.931 432.812
v 880.567 1324.93 -116.25
vt 277.366 433.02
v 881.611 1325.57 -116.25
vt 277.777 433.273
v 882.582 1326.32 -116.25
vt 278.159 433.567
v 883.469 1327.17 -116.25
vt 278.509 433.9
v 884.263 1328.1 -116.25
vt 278.821 434.267
v 884.956 1329.11 -116.25
vt 279.094 434.665
v 885.539 1330.19 -116.25
vt 279.324 435.089
v 886.006 1331.32 -116.25
vt 279.507 435.535
vt 279.644 435.998
v 886.574 1333.7 -116.25
vt 279.731 436.472
v 886.668 1334.92 -116.25
vt 279.768 436.953
v 886.634 1336.15 -116.25
vt 279.755 437.435
v 886.472 1337.36 -116.25
vt 279.691 437.913
v 886.184 1338.55 -116.25
vt 279.578 438.382
v 885.774 1339.71 -116.25
vt 279.416 438.837
f 1835/3609/527 1774/3546/527 1773/3545/527 1832/3604/527 1831/3603/527 1830/3602/527 1829/3601/527 1828/3600/527 1827/3599/527 1826/3598/527 1825/3597/527 1824/3596/527 1823/3595/527 1822/3594/527 1821/3593/527 1820/3592/527 1819/3591/527 1818/3590/527 1817/3589/527 1816/3588/527 1815/3587/527 1814/3586/527 1813/3585/527 1812/3584/527 1811/3583/527 1810/3582/527 1809/3581/527 1808/3580/527 1807/3579/527 1806/3578/527 1805/3577/527 1804/3576/527 1836/3610/527 1837/3611/527 1838/3612/527 1839/3613/527 1025/3614/527 1840/3615/527 1841/3616/527 1842/3617/527 1843/3618/527 1844/3619/527 1845/3620/527 1846/3621/527 1847/3622/527 1848/3623/527 1849/3624/527 1850/3625/527 1851/3626/527 1852/3627/527 1853/3628/527 1854/3629/527 1855/3630/527 1856/3631/527 1857/3632/527 1858/3633/527 1086/3634/527 1859/3635/527 1860/3636/527 1861/3637/527 1862/3638/527 1863/3639/527 1864/3640/527 

v 885.245 1340.81 -116.25
vt 279.208 439.272
v 884.603 1341.86 -116.25
vt 278.955 439.683
v 883.856 1342.83 -116.25
vt 278.661 440.065
v 883.011 1343.71 -116.25
vt 278.328 440.414
v 882.078 1344.51 -116.25
vt 277.961 440.727
v 881.067 1345.2 -116.25
vt 277.563 441
v 879.99 1345.78 -116.25
vt 277.139 441.229
v 878.857 1346.25 -116.25
vt 276.693 441.413
v 877.682 1346.6 -116.25
vt 276.23 441.549
v 876.477 1346.82 -116.25
vt 275.756 441.637
v 875.255 1346.91 -116.25
vt 275.275 441.674
v 874.03 1346.88 -116.25
vt 274.793 441.66
v 872.816 1346.72 -116.25
vt 274.315 441.597
v 871.625 1346.43 -116.25
vt 273.846 441.483
v 870.471 1346.02 -116.25
vt 273.391 441.322
v 869.366 1345.49 -116.25
vt 272.956 441.113
v 868.322 1344.85 -116.25
vt 272.545 440.861
v 867.351 1344.1 -116.25
vt 272.163 440.566
v 866.464 1343.26 -116.25
vt 271.814 440.234
v 865.669 1342.32 -116.25
vt 271.501 439.867
v 864.977 1341.31 -116.25
vt 271.228 439.469
vt 270.999 439.044
v 863.927 1339.1 -116.25
vt 270.815 438.598
v 863.581 1337.93 -116.25
vt 270.679 438.136
v 863.359 1336.72 -116.25
vt 270.591 437.661
vt 270.554 437.18
v 863.299 1334.28 -116.25
vt 270.568 436.698
v 863.461 1333.06 -116.25
vt 270.631 436.22
v 863.748 1331.87 -116.25
vt 270.745 435.751
v 864.159 1330.72 -116.25
vt 270.906 435.297
f 1836/3610/527 1804/3576/527 1803/3575/527 1802/3574/527 1801/3573/527 1800/3572/527 1799/3571/527 1798/3570/527 1797/3569/527 1796/3568/527 1795/3567/527 1794/3566/527 1793/3565/527 1792/3564/527 1791/3563/527 1790/3562/527 1789/3561/527 1788/3560/527 1787/3559/527 1786/3558/527 1785/3557/527 1784/3556/527 1783/3555/527 1782/3554/527 1781/3553/527 1780/3552/527 1779/3551/527 1778/3550/527 1777/3549/527 1776/3548/527 1775/3547/527 1774/3546/527 1835/3609/527 1865/3641/527 1866/3642/527 1867/3643/527 1868/3644/527 1869/3645/527 1870/3646/527 1871/3647/527 1872/3648/527 1873/3649/527 1874/3650/527 1875/3651/527 1876/3652/527 1877/3653/527 1878/3654/527 1879/3655/527 1880/3656/527 1881/3657/527 1882/3658/527 1883/3659/527 1884/3660/527 1885/3661/527 1037/3662/527 1886/3663/527 1887/3664/527 1888/3665/527 1033/3666/527 1889/3667/527 1890/3668/527 1891/3669/527 1892/3670/527 

vt -1.47638 279.636
vn -0.906195 -0.422859 1.12935e-14
vt -1.47638 279.791
vn -0.927084 -0.374853 1.10544e-14
v 871.49 1333.81 -258.75
vt -57.5787 279.791
v 871.656 1333.45 -258.75
vt -57.5787 279.636
f 1804/3671/1017 1803/3672/1018 1893/3673/1018 1894/3674/1017 

vt -1.47638 323.487
vt -1.47638 323.641
vn -0.961188 -0.275893 1.0486e-14
v 871.362 1334.18 -258.75
vt -57.5787 323.641
vt -57.5787 323.487
f 1803/3675/1018 1802/3676/1019 1895/3677/1019 1893/3678/1018 

vt -1.47638 363.792
vt -1.47638 363.947
vn -0.984762 -0.17391 9.80265e-15
v 871.274 1334.56 -258.75
vt -57.5787 363.947
vt -57.5787 363.792
f 1802/3679/1019 1801/3680/1020 1896/3681/1020 1895/3682/1019 

vt -1.47638 400.111
vt -1.47638 400.266
vn -0.997545 -0.0700219 9.01194e-15
v 871.226 1334.95 -258.75
vt -57.5787 400.266
vt -57.5787 400.111
f 1801/3683/1020 1800/3684/1021 1897/3685/1021 1896/3686/1020 

vt -1.47638 432.045
vt -1.47638 432.2
vn -0.9994 0.0346336 8.12249e-15
v 871.219 1335.34 -258.75
vt -57.5787 432.2
vt -57.5787 432.045
f 1800/3687/1021 1799/3688/1022 1898/3689/1022 1897/3690/1021 

vt -1.47638 459.245
vt -1.47638 459.4
vn -0.990305 0.13891 7.14406e-15
v 871.253 1335.73 -258.75
vt -57.5787 459.4
vt -57.5787 459.245
f 1799/3691/1022 1798/3692/1023 1899/3693/1023 1898/3694/1022 

vt -1.47638 481.413
vt -1.47638 481.567
vn -0.97036 0.241664 6.08735e-15
v 871.328 1336.12 -258.75
vt -57.5787 481.567
vt -57.5787 481.413
f 1798/3695/1023 1797/3696/1024 1900/3697/1024 1899/3698/1023 

vt -1.47638 498.305
vt -1.47638 498.46
vn -0.939784 0.34177 4.96395e-15
v 871.442 1336.49 -258.75
vt -57.5787 498.46
vt -57.5787 498.305
f 1797/3699/1024 1796/3700/1025 1901/3701/1025 1900/3702/1024 

vt -1.47638 509.737
vt -1.47638 509.891
vn -0.898911 0.438132 3.78616e-15
v 871.596 1336.85 -258.75
vt -57.5787 509.891
vt -57.5787 509.737
f 1796/3703/1025 1795/3704/1026 1902/3705/1026 1901/3706/1025 

vt -1.47638 515.583
vt -1.47638 515.738
vn -0.848189 0.529694 2.56689e-15
v 871.786 1337.2 -258.75
vt -57.5787 515.738
vt -57.5787 515.583
f 1795/3707/1026 1794/3708/1027 1903/3709/1027 1902/3710/1026 

vt -1.47638 515.78
vt -1.47638 515.934
vn -0.788175 0.615452 1.3195e-15
v 872.011 1337.52 -258.75
vt -57.5787 515.934
vt -57.5787 515.78
f 1794/3711/1027 1793/3712/1028 1904/3713/1028 1903/3714/1027 

vt -1.47638 510.324
vt -1.47638 510.479
vn -0.719525 0.694467 5.76467e-17
v 872.268 1337.82 -258.75
vt -57.5787 510.479
vt -57.5787 510.324
f 1793/3715/1028 1792/3716/1029 1905/3717/1029 1904/3718/1028 

vt -1.47638 499.277
vt -1.47638 499.431
vn -0.642991 0.765873 -1.20484e-15
v 872.555 1338.08 -258.75
vt -57.5787 499.431
vt -57.5787 499.277
f 1792/3719/1029 1791/3720/1030 1906/3721/1030 1905/3722/1029 

vt -1.47638 482.758
vt -1.47638 482.913
vn -0.559413 0.828889 -2.45412e-15
v 872.869 1338.32 -258.75
vt -57.5787 482.913
vt -57.5787 482.758
f 1791/3723/1030 1790/3724/1031 1907/3725/1031 1906/3726/1030 

vt -1.47638 460.95
vt -1.47638 461.104
vn -0.469706 0.882823 -3.67651e-15
v 873.205 1338.52 -258.75
vt -57.5787 461.104
vt -57.5787 460.95
f 1790/3727/1031 1789/3728/1032 1908/3729/1032 1907/3730/1031 

vt -1.47638 434.09
vt -1.47638 434.245
vn -0.374853 0.927084 -4.85862e-15
v 873.561 1338.69 -258.75
vt -57.5787 434.245
vt -57.5787 434.09
f 1789/3731/1032 1788/3732/1033 1909/3733/1033 1908/3734/1032 

vt -1.47638 402.474
vt -1.47638 402.628
vn -0.275893 0.961188 -5.9875e-15
v 873.932 1338.82 -258.75
vt -57.5787 402.628
vt -57.5787 402.474
f 1788/3735/1033 1787/3736/1034 1910/3737/1034 1909/3738/1033 

vt -1.47638 366.447
vt -1.47638 366.602
vn -0.17391 0.984762 -7.05078e-15
v 874.314 1338.9 -258.75
vt -57.5787 366.602
vt -57.5787 366.447
f 1787/3739/1034 1786/3740/1035 1911/3741/1035 1910/3742/1034 

vt -1.47638 326.404
vt -1.47638 326.559
vn -0.0700219 0.997545 -8.03682e-15
v 874.704 1338.95 -258.75
vt -57.5787 326.559
vt -57.5787 326.404
f 1786/3743/1035 1785/3744/1036 1912/3745/1036 1911/3746/1035 

vt -1.47638 282.785
vt -1.47638 282.939
vn 0.0346336 0.9994 -8.93479e-15
v 875.096 1338.96 -258.75
vt -57.5787 282.939
vt -57.5787 282.785
f 1785/3747/1036 1784/3748/1037 1913/3749/1037 1912/3750/1036 

vt 1.47638 -236.066
vt 1.47638 -236.221
v 875.487 1338.92 -258.75
vt 57.5787 -236.221
vt 57.5787 -236.066
f 1784/3751/1037 1783/3752/548 1914/3753/548 1913/3754/1037 

vt 1.47638 -186.76
vt 1.47638 -186.915
v 875.873 1338.85 -258.75
vt 57.5787 -186.915
vt 57.5787 -186.76
f 1783/3755/548 1782/3756/550 1915/3757/550 1914/3758/548 

vt 1.47638 -135.407
vt 1.47638 -135.562
v 876.248 1338.74 -258.75
vt 57.5787 -135.562
vt 57.5787 -135.407
f 1782/3759/550 1781/3760/551 1916/3761/551 1915/3762/550 

vt 1.47638 -82.57
vt 1.47638 -82.7246
v 876.609 1338.58 -258.75
vt 57.5787 -82.7246
vt 57.5787 -82.57
f 1781/3763/551 1780/3764/552 1917/3765/552 1916/3766/551 

vt 1.47638 -28.8272
vt 1.47638 -28.9817
v 876.953 1338.39 -258.75
vt 57.5787 -28.9817
vt 57.5787 -28.8272
f 1780/3767/552 1779/3768/553 1918/3769/553 1917/3770/552 

vt 1.47638 25.2323
vt 1.47638 25.0778
v 877.274 1338.17 -258.75
vt 57.5787 25.0778
vt 57.5787 25.2323
f 1779/3771/553 1778/3772/554 1919/3773/554 1918/3774/553 

vt 1.47638 79.0162
vt 1.47638 78.8617
v 877.571 1337.91 -258.75
vt 57.5787 78.8617
vt 57.5787 79.0162
f 1778/3775/554 1777/3776/555 1920/3777/555 1919/3778/554 

vt 1.47638 131.935
vt 1.47638 131.781
v 877.838 1337.62 -258.75
vt 57.5787 131.781
vt 57.5787 131.935
f 1777/3779/555 1776/3780/556 1921/3781/556 1920/3782/555 

vt 1.47638 183.41
vt 1.47638 183.255
v 878.075 1337.31 -258.75
vt 57.5787 183.255
vt 57.5787 183.41
f 1776/3783/556 1775/3784/557 1922/3785/557 1921/3786/556 

vt 1.47638 232.875
vt 1.47638 232.721
vn 0.85703 0.515266 -1.16784e-14
vt 57.5787 232.721
vt 57.5787 232.875
f 1775/3787/557 1774/3788/1038 1834/3789/1038 1922/3790/557 

vt -273.858 436.373
vt -273.792 436.513
vt -273.742 436.659
vt -273.707 436.81
vt -273.688 436.963
vt -273.686 437.118
vt -273.699 437.272
vt -273.729 437.424
vt -273.774 437.571
vt -273.834 437.714
vt -273.909 437.849
vt -273.998 437.975
vt -274.099 438.092
vt -274.212 438.197
vt -274.335 438.291
vt -274.468 438.37
vt -274.608 438.435
vt -274.754 438.486
vt -274.904 438.521
vt -275.058 438.54
vt -275.212 438.542
vt -275.366 438.529
vt -275.518 438.499
vt -275.666 438.454
vt -275.808 438.394
vt -275.943 438.319
vt -276.07 438.23
vt -276.187 438.129
vt -276.292 438.016
vt -276.385 437.893
vt -276.465 437.76
f 1894/3791/545 1893/3792/545 1895/3793/545 1896/3794/545 1897/3795/545 1898/3796/545 1899/3797/545 1900/3798/545 1901/3799/545 1902/3800/545 1903/3801/545 1904/3802/545 1905/3803/545 1906/3804/545 1907/3805/545 1908/3806/545 1909/3807/545 1910/3808/545 1911/3809/545 1912/3810/545 1913/3811/545 1914/3812/545 1915/3813/545 1916/3814/545 1917/3815/545 1918/3816/545 1919/3817/545 1920/3818/545 1921/3819/545 1922/3820/545 1834/3821/545 

v 864.638 1329.72 -258.75
v 885.295 1340.71 -258.75
v 885.245 1340.81 -258.75
v 884.603 1341.86 -258.75
v 883.856 1342.83 -258.75
v 883.011 1343.71 -258.75
v 882.078 1344.51 -258.75
v 881.067 1345.2 -258.75
v 879.99 1345.78 -258.75
v 878.857 1346.25 -258.75
v 877.682 1346.6 -258.75
v 876.477 1346.82 -258.75
v 875.255 1346.91 -258.75
v 874.03 1346.88 -258.75
v 872.816 1346.72 -258.75
v 871.625 1346.43 -258.75
v 870.471 1346.02 -258.75
v 869.366 1345.49 -258.75
v 868.322 1344.85 -258.75
v 867.351 1344.1 -258.75
v 866.464 1343.26 -258.75
v 865.669 1342.32 -258.75
v 864.977 1341.31 -258.75
v 864.394 1340.23 -258.75
v 863.927 1339.1 -258.75
v 863.581 1337.93 -258.75
v 863.359 1336.72 -258.75
v 863.265 1335.5 -258.75
v 863.299 1334.28 -258.75
v 863.461 1333.06 -258.75
v 863.748 1331.87 -258.75
v 864.159 1330.72 -258.75
f 1923/3610/527 1894/3576/527 1893/3575/527 1895/3574/527 1896/3573/527 1897/3572/527 1898/3571/527 1899/3570/527 1900/3569/527 1901/3568/527 1902/3567/527 1903/3566/527 1904/3565/527 1905/3564/527 1906/3563/527 1907/3562/527 1908/3561/527 1909/3560/527 1910/3559/527 1911/3558/527 1912/3557/527 1913/3556/527 1914/3555/527 1915/3554/527 1916/3553/527 1917/3552/527 1918/3551/527 1919/3550/527 1920/3549/527 1921/3548/527 1922/3547/527 1834/3546/527 1924/3609/527 1925/3641/527 1926/3642/527 1927/3643/527 1928/3644/527 1929/3645/527 1930/3646/527 1931/3647/527 1932/3648/527 1933/3649/527 1934/3650/527 1935/3651/527 1936/3652/527 1937/3653/527 1938/3654/527 1939/3655/527 1940/3656/527 1941/3657/527 1942/3658/527 1943/3659/527 1944/3660/527 1945/3661/527 1946/3662/527 1947/3663/527 1948/3664/527 1949/3665/527 1950/3666/527 1951/3667/527 1952/3668/527 1953/3669/527 1954/3670/527 

v 878.571 1336.25 -258.75
v 878.659 1335.86 -258.75
v 878.707 1335.47 -258.75
v 878.714 1335.08 -258.75
v 878.68 1334.69 -258.75
v 878.605 1334.31 -258.75
v 878.491 1333.93 -258.75
v 878.337 1333.57 -258.75
v 878.147 1333.22 -258.75
v 877.922 1332.9 -258.75
v 877.665 1332.61 -258.75
v 877.378 1332.34 -258.75
v 877.064 1332.1 -258.75
v 876.728 1331.9 -258.75
v 876.372 1331.73 -258.75
v 876.001 1331.61 -258.75
v 875.619 1331.52 -258.75
v 875.229 1331.47 -258.75
v 874.837 1331.46 -258.75
v 874.446 1331.5 -258.75
v 874.06 1331.57 -258.75
v 873.685 1331.69 -258.75
v 873.323 1331.84 -258.75
v 872.98 1332.03 -258.75
v 872.658 1332.26 -258.75
v 872.362 1332.51 -258.75
v 872.094 1332.8 -258.75
v 871.858 1333.11 -258.75
v 864.688 1329.61 -258.75
v 865.33 1328.57 -258.75
v 866.077 1327.6 -258.75
v 866.922 1326.71 -258.75
v 867.855 1325.91 -258.75
v 868.866 1325.22 -258.75
v 869.943 1324.64 -258.75
v 871.076 1324.17 -258.75
v 872.251 1323.83 -258.75
v 873.456 1323.6 -258.75
v 874.678 1323.51 -258.75
v 875.902 1323.54 -258.75
v 877.117 1323.71 -258.75
v 878.308 1323.99 -258.75
v 879.462 1324.4 -258.75
v 880.567 1324.93 -258.75
v 881.611 1325.57 -258.75
v 882.582 1326.32 -258.75
v 883.469 1327.17 -258.75
v 884.263 1328.1 -258.75
v 884.956 1329.11 -258.75
v 885.539 1330.19 -258.75
v 886.006 1331.32 -258.75
v 886.352 1332.5 -258.75
v 886.574 1333.7 -258.75
v 886.668 1334.92 -258.75
v 886.634 1336.15 -258.75
v 886.472 1337.36 -258.75
v 886.184 1338.55 -258.75
v 885.774 1339.71 -258.75
f 1924/3609/527 1834/3546/527 1833/3545/527 1955/3604/527 1956/3603/527 1957/3602/527 1958/3601/527 1959/3600/527 1960/3599/527 1961/3598/527 1962/3597/527 1963/3596/527 1964/3595/527 1965/3594/527 1966/3593/527 1967/3592/527 1968/3591/527 1969/3590/527 1970/3589/527 1971/3588/527 1972/3587/527 1973/3586/527 1974/3585/527 1975/3584/527 1976/3583/527 1977/3582/527 1978/3581/527 1979/3580/527 1980/3579/527 1981/3578/527 1982/3577/527 1894/3576/527 1923/3610/527 1983/3611/527 1984/3612/527 1985/3613/527 1986/3614/527 1987/3615/527 1988/3616/527 1989/3617/527 1990/3618/527 1991/3619/527 1992/3620/527 1993/3621/527 1994/3622/527 1995/3623/527 1996/3624/527 1997/3625/527 1998/3626/527 1999/3627/527 2000/3628/527 2001/3629/527 2002/3630/527 2003/3631/527 2004/3632/527 2005/3633/527 2006/3634/527 2007/3635/527 2008/3636/527 2009/3637/527 2010/3638/527 2011/3639/527 2012/3640/527 

vt -276.53 437.62
vt -276.58 437.474
vt -276.615 437.324
vt -276.634 437.17
vt -276.637 437.016
vt -276.623 436.862
vt -276.594 436.71
vt -276.549 436.562
vt -276.488 436.42
vt -276.413 436.285
vt -276.325 436.158
vt -276.223 436.041
vt -276.111 435.936
vt -275.987 435.843
vt -275.855 435.763
vt -275.715 435.698
vt -275.569 435.648
vt -275.418 435.613
vt -275.265 435.594
vt -275.11 435.591
vt -274.956 435.605
vt -274.804 435.634
vt -274.657 435.679
vt -274.514 435.74
vt -274.379 435.815
vt -274.253 435.903
vt -274.136 436.004
vt -274.03 436.117
vt -273.937 436.241
f 1894/3791/545 1834/3821/545 1833/3822/545 1955/3823/545 1956/3824/545 1957/3825/545 1958/3826/545 1959/3827/545 1960/3828/545 1961/3829/545 1962/3830/545 1963/3831/545 1964/3832/545 1965/3833/545 1966/3834/545 1967/3835/545 1968/3836/545 1969/3837/545 1970/3838/545 1971/3839/545 1972/3840/545 1973/3841/545 1974/3842/545 1975/3843/545 1976/3844/545 1977/3845/545 1978/3846/545 1979/3847/545 1980/3848/545 1981/3849/545 1982/3850/545 

vt 1.47638 323.641
vt 1.47638 323.487
vt 57.5787 323.487
vt 57.5787 323.641
f 1773/3851/559 1832/3852/560 1955/3853/560 1833/3854/559 

vt 1.47638 363.947
vt 1.47638 363.792
vt 57.5787 363.792
vt 57.5787 363.947
f 1832/3855/560 1831/3856/561 1956/3857/561 1955/3858/560 

vt 1.47638 400.266
vt 1.47638 400.111
vt 57.5787 400.111
vt 57.5787 400.266
f 1831/3859/561 1830/3860/562 1957/3861/562 1956/3862/561 

vt 1.47638 432.2
vt 1.47638 432.045
vt 57.5787 432.045
vt 57.5787 432.2
f 1830/3863/562 1829/3864/563 1958/3865/563 1957/3866/562 

vt 1.47638 459.4
vt 1.47638 459.245
vt 57.5787 459.245
vt 57.5787 459.4
f 1829/3867/563 1828/3868/564 1959/3869/564 1958/3870/563 

vt 1.47638 481.567
vt 1.47638 481.413
vt 57.5787 481.413
vt 57.5787 481.567
f 1828/3871/564 1827/3872/565 1960/3873/565 1959/3874/564 

vt 1.47638 498.46
vt 1.47638 498.305
vn 0.939784 -0.34177 -4.96395e-15
vt 57.5787 498.305
vt 57.5787 498.46
f 1827/3875/565 1826/3876/1039 1961/3877/1039 1960/3878/565 

vt 1.47638 509.891
vt 1.47638 509.737
vn 0.898911 -0.438132 -3.78616e-15
vt 57.5787 509.737
vt 57.5787 509.891
f 1826/3879/1039 1825/3880/1040 1962/3881/1040 1961/3882/1039 

vt 1.47638 515.738
vt 1.47638 515.583
vn 0.848189 -0.529694 -2.56689e-15
vt 57.5787 515.583
vt 57.5787 515.738
f 1825/3883/1040 1824/3884/1041 1963/3885/1041 1962/3886/1040 

vt 1.47638 515.934
vt 1.47638 515.78
vn 0.788175 -0.615452 -1.3195e-15
vt 57.5787 515.78
vt 57.5787 515.934
f 1824/3887/1041 1823/3888/1042 1964/3889/1042 1963/3890/1041 

vt 1.47638 510.479
vt 1.47638 510.324
vn 0.719525 -0.694467 -5.76467e-17
vt 57.5787 510.324
vt 57.5787 510.479
f 1823/3891/1042 1822/3892/1043 1965/3893/1043 1964/3894/1042 

vt 1.47638 499.431
vt 1.47638 499.277
vn 0.642991 -0.765873 1.20484e-15
vt 57.5787 499.277
vt 57.5787 499.431
f 1822/3895/1043 1821/3896/1044 1966/3897/1044 1965/3898/1043 

vt 1.47638 482.913
vt 1.47638 482.758
vn 0.559413 -0.828889 2.45412e-15
vt 57.5787 482.758
vt 57.5787 482.913
f 1821/3899/1044 1820/3900/1045 1967/3901/1045 1966/3902/1044 

vt 1.47638 461.104
vt 1.47638 460.95
vn 0.469706 -0.882823 3.67651e-15
vt 57.5787 460.95
vt 57.5787 461.104
f 1820/3903/1045 1819/3904/1046 1968/3905/1046 1967/3906/1045 

vt 1.47638 434.245
vt 1.47638 434.09
vn 0.374853 -0.927084 4.85862e-15
vt 57.5787 434.09
vt 57.5787 434.245
f 1819/3907/1046 1818/3908/1047 1969/3909/1047 1968/3910/1046 

vt 1.47638 402.628
vt 1.47638 402.474
vn 0.275893 -0.961188 5.9875e-15
vt 57.5787 402.474
vt 57.5787 402.628
f 1818/3911/1047 1817/3912/1048 1970/3913/1048 1969/3914/1047 

vt 1.47638 366.602
vt 1.47638 366.447
vn 0.17391 -0.984762 7.05078e-15
vt 57.5787 366.447
vt 57.5787 366.602
f 1817/3915/1048 1816/3916/1049 1971/3917/1049 1970/3918/1048 

vt 1.47638 326.559
vt 1.47638 326.404
vn 0.0700219 -0.997545 8.03682e-15
vt 57.5787 326.404
vt 57.5787 326.559
f 1816/3919/1049 1815/3920/1050 1972/3921/1050 1971/3922/1049 

vt 1.47638 282.939
vt 1.47638 282.785
vn -0.0346336 -0.9994 8.93479e-15
vt 57.5787 282.785
vt 57.5787 282.939
f 1815/3923/1050 1814/3924/1051 1973/3925/1051 1972/3926/1050 

vt -1.47638 -236.221
vt -1.47638 -236.066
vn -0.13891 -0.990305 9.73488e-15
vt -57.5787 -236.066
vt -57.5787 -236.221
f 1814/3927/1051 1813/3928/1052 1974/3929/1052 1973/3930/1051 

vt -1.47638 -186.915
vt -1.47638 -186.76
vn -0.241664 -0.97036 1.04283e-14
vt -57.5787 -186.76
vt -57.5787 -186.915
f 1813/3931/1052 1812/3932/1053 1975/3933/1053 1974/3934/1052 

vt -1.47638 -135.562
vt -1.47638 -135.407
vn -0.34177 -0.939784 1.10075e-14
vt -57.5787 -135.407
vt -57.5787 -135.562
f 1812/3935/1053 1811/3936/1054 1976/3937/1054 1975/3938/1053 

vt -1.47638 -82.7246
vt -1.47638 -82.57
vn -0.438132 -0.898911 1.14661e-14
vt -57.5787 -82.57
vt -57.5787 -82.7246
f 1811/3939/1054 1810/3940/1055 1977/3941/1055 1976/3942/1054 

vt -1.47638 -28.9817
vt -1.47638 -28.8272
vn -0.529694 -0.848189 1.1799e-14
vt -57.5787 -28.8272
vt -57.5787 -28.9817
f 1810/3943/1055 1809/3944/1056 1978/3945/1056 1977/3946/1055 

vt -1.47638 25.0778
vt -1.47638 25.2323
vn -0.615452 -0.788175 1.20027e-14
vt -57.5787 25.2323
vt -57.5787 25.0778
f 1809/3947/1056 1808/3948/1057 1979/3949/1057 1978/3950/1056 

vt -1.47638 78.8617
vt -1.47638 79.0162
vn -0.694467 -0.719525 1.20749e-14
vt -57.5787 79.0162
vt -57.5787 78.8617
f 1808/3951/1057 1807/3952/1058 1980/3953/1058 1979/3954/1057 

vt -1.47638 131.781
vt -1.47638 131.935
vn -0.765873 -0.642991 1.20147e-14
vt -57.5787 131.935
vt -57.5787 131.781
f 1807/3955/1058 1806/3956/1059 1981/3957/1059 1980/3958/1058 

vt -1.47638 183.255
vt -1.47638 183.41
vn -0.828889 -0.559413 1.1823e-14
vt -57.5787 183.41
vt -57.5787 183.255
f 1806/3959/1059 1805/3960/1060 1982/3961/1060 1981/3962/1059 

vt -1.47638 232.721
vt -1.47638 232.875
vn -0.85703 -0.515266 1.16783e-14
vt -57.5787 232.875
vt -57.5787 232.721
f 1805/3963/1060 1804/3964/1061 1894/3965/1061 1982/3966/1060 

g Mesh26 Group5 Group1 Model

v 1458.92 1462.4 -150
vt 505.066 487.141
vn 8.26915e-15 6.87716e-15 1
v 1616.99 1504.59 -150
vt 567.297 503.752
v 1616.48 1506.52 -150
vt 567.094 504.513
v 1458.41 1464.33 -150
vt 504.863 487.902
f 2013/3967/1062 2014/3968/1062 2015/3969/1062 2016/3970/1062 

v 1458.92 1462.4 -180
vt 26.5748 613.613
vn 0.257895 -0.966173 1.48966e-14
v 1581.51 1495.12 -180
vt 26.5748 663.562
v 1581.55 1495.13 -179.703
vt 26.458 663.581
v 1582.53 1495.39 -175.912
vt 24.9653 663.981
v 1583.89 1495.76 -172.247
vt 23.5226 664.535
v 1585.61 1496.22 -168.75
vt 22.1457 665.236
v 1587.68 1496.77 -165.458
vt 20.8496 666.078
v 1590.07 1497.4 -162.408
vt 19.6487 667.05
v 1592.75 1498.12 -159.632
vt 18.5559 668.143
v 1595.69 1498.91 -157.162
vt 17.5834 669.344
v 1598.88 1499.76 -155.024
vt 16.7418 670.64
v 1602.25 1500.66 -153.242
vt 16.0402 672.017
v 1605.79 1501.6 -151.835
vt 15.4864 673.46
v 1609.46 1502.58 -150.819
vt 15.0864 674.953
v 1613.2 1503.58 -150.205
vt 14.8447 676.479
vt 14.7638 678.022
vt 14.7638 613.613
f 2017/3971/1063 2018/3972/1063 2019/3973/1063 2020/3974/1063 2021/3975/1063 2022/3976/1063 2023/3977/1063 2024/3978/1063 2025/3979/1063 2026/3980/1063 2027/3981/1063 2028/3982/1063 2029/3983/1063 2030/3984/1063 2031/3985/1063 2014/3986/1063 2013/3987/1063 

vn 9.84942e-15 4.10918e-16 1
v 1581.74 1494.25 -180
vt 553.418 499.68
vt 553.326 500.023
f 2017/3967/1064 2032/3988/1064 2018/3989/1064

v 1587.15 1473.96 -180
vt 555.55 491.692
f 2017/3967/1064 2033/3990/1064 2032/3988/1064

v 1467.05 1422.92 -180
vt 508.264 471.598
f 2034/3991/1064 2033/3990/1064 2017/3967/1064

v 1467.18 1422.91 -180
vt 508.318 471.595
f 2035/3992/1064 2033/3990/1064 2034/3991/1064

v 1467.32 1422.89 -180
vt 508.371 471.586
f 2036/3993/1064 2033/3990/1064 2035/3992/1064

v 1467.45 1422.86 -180
vt 508.424 471.572
f 2037/3994/1064 2033/3990/1064 2036/3993/1064

v 1467.58 1422.81 -180
vt 508.475 471.553
f 2038/3995/1064 2033/3990/1064 2037/3994/1064

v 1467.71 1422.74 -180
vt 508.523 471.528
f 2039/3996/1064 2033/3990/1064 2038/3995/1064

v 1467.82 1422.67 -180
vt 508.569 471.499
f 2040/3997/1064 2033/3990/1064 2039/3996/1064

v 1467.93 1422.58 -180
vt 508.611 471.464
f 2041/3998/1064 2033/3990/1064 2040/3997/1064

v 1468.03 1422.48 -180
vt 508.649 471.426
f 2042/3999/1064 2033/3990/1064 2041/3998/1064

v 1468.11 1422.38 -180
vt 508.684 471.384
f 2043/4000/1064 2033/3990/1064 2042/3999/1064

v 1468.19 1422.26 -180
vt 508.713 471.338
f 2044/4001/1064 2033/3990/1064 2043/4000/1064

v 1468.25 1422.14 -180
vt 508.738 471.29
f 2045/4002/1064 2033/3990/1064 2044/4001/1064

v 1468.3 1422.01 -180
vt 508.757 471.239
f 2046/4003/1064 2033/3990/1064 2045/4002/1064

v 1468.34 1421.88 -180
vt 508.771 471.186
f 2047/4004/1064 2033/3990/1064 2046/4003/1064

v 1468.36 1421.74 -180
vt 508.78 471.133
f 2048/4005/1064 2033/3990/1064 2047/4004/1064

v 1468.36 1421.6 -180
vt 508.783 471.079
f 2049/4006/1064 2033/3990/1064 2048/4005/1064

v 1468.36 1421.46 -180
vt 508.78 471.024
f 2050/4007/1064 2033/3990/1064 2049/4006/1064

v 1468.34 1421.33 -180
vt 508.771 470.971
f 2051/4008/1064 2033/3990/1064 2050/4007/1064

v 1468.3 1421.19 -180
vt 508.757 470.918
f 2052/4009/1064 2033/3990/1064 2051/4008/1064

v 1468.25 1421.06 -180
vt 508.738 470.867
f 2053/4010/1064 2033/3990/1064 2052/4009/1064

v 1468.19 1420.94 -180
vt 508.713 470.819
f 2054/4011/1064 2033/3990/1064 2053/4010/1064

v 1468.11 1420.83 -180
vt 508.684 470.773
f 2055/4012/1064 2033/3990/1064 2054/4011/1064

v 1468.03 1420.72 -180
vt 508.649 470.731
f 2056/4013/1064 2033/3990/1064 2055/4012/1064

v 1467.93 1420.62 -180
vt 508.611 470.693
f 2057/4014/1064 2033/3990/1064 2056/4013/1064

v 1467.82 1420.53 -180
vt 508.569 470.659
f 2058/4015/1064 2033/3990/1064 2057/4014/1064

v 1467.71 1420.46 -180
vt 508.523 470.629
f 2059/4016/1064 2033/3990/1064 2058/4015/1064

v 1467.58 1420.4 -180
vt 508.475 470.604
f 2060/4017/1064 2033/3990/1064 2059/4016/1064

v 1465.2 1419.23 -180
vt 507.535 470.146
f 2061/4018/1064 2033/3990/1064 2060/4017/1064

v 1465.59 1418.97 -180
vt 507.689 470.043
f 2062/4019/1064 2033/3990/1064 2061/4018/1064

v 1468.31 1418.87 -180
vt 508.761 470.005
f 2062/4019/1064 2063/4020/1064 2033/3990/1064

v 1466.02 1418.78 -180
vt 507.858 469.966
f 2064/4021/1064 2063/4020/1064 2062/4019/1064

v 1467.87 1418.71 -180
vt 508.588 469.94
f 2064/4021/1064 2065/4022/1064 2063/4020/1064

v 1466.47 1418.65 -180
vt 508.037 469.917
f 2066/4023/1064 2065/4022/1064 2064/4021/1064

v 1467.41 1418.62 -180
vt 508.406 469.903
f 2066/4023/1064 2067/4024/1064 2065/4022/1064

v 1466.94 1418.6 -180
vt 508.221 469.896
f 2067/4024/1064 2066/4023/1064 2068/4025/1064

vt -26.5748 -451.214
vn -0.0361179 -0.999348 5.74483e-16
vt -26.5748 -451.028
vn -0.191657 -0.981462 2.35596e-15
v 1466.47 1418.65 -195
vt -32.4803 -451.028
v 1466.94 1418.6 -195
vt -32.4803 -451.214
f 2068/4026/1065 2066/4027/1066 2069/4028/1066 2070/4029/1065 

vt -26.5748 -363.576
vt -26.5748 -363.39
vn -0.342499 -0.939518 4.07969e-15
v 1466.02 1418.78 -195
vt -32.4803 -363.39
vt -32.4803 -363.576
f 2066/4030/1066 2064/4031/1067 2071/4032/1067 2069/4033/1066 

vt -26.5748 -267.028
vt -26.5748 -266.842
vn -0.484945 -0.874545 5.70341e-15
v 1465.59 1418.97 -195
vt -32.4803 -266.842
vt -32.4803 -267.028
f 2064/4034/1067 2062/4035/1068 2072/4036/1068 2071/4037/1067 

vt -26.5748 -163.936
vt -26.5748 -163.751
vn -0.615503 -0.788134 7.18733e-15
v 1465.2 1419.23 -195
vt -32.4803 -163.751
vt -32.4803 -163.936
f 2062/4038/1068 2061/4039/1069 2073/4040/1069 2072/4041/1068 

vt -26.5748 -56.829
v 1464.85 1419.55 -180
vt -26.5748 -56.6436
vn -0.730975 -0.682405 8.49507e-15
v 1464.85 1419.55 -195
vt -32.4803 -56.6436
vt -32.4803 -56.829
f 2061/4042/1069 2074/4043/1070 2075/4044/1070 2073/4045/1069 

v 1467.45 1420.35 -180
vt 508.424 470.585
vt 507.398 470.271
f 2061/4018/1064 2076/4046/1064 2074/4047/1064

f 2061/4018/1064 2060/4017/1064 2076/4046/1064

usemtl M_0129_WhiteSmoke
vt 26.5748 643.297
vn 0.309017 -0.951057 -0
vt 26.5748 643.352
vn 0.406737 -0.913545 -0
v 1467.58 1420.4 -179
vt 26.1811 643.352
v 1467.45 1420.35 -179
vt 26.1811 643.297
f 2076/4048/1071 2060/4049/1072 2077/4050/1072 2078/4051/1071 

v 1467.58 1420.4 -196
vt 32.874 643.352
vn 0.406737 -0.913545 2.7433e-20
vn 0.309017 -0.951057 -1.48698e-20
v 1467.45 1420.35 -196
vt 32.874 643.297
f 2079/4052/1073 2060/4049/1073 2076/4048/1074 2080/4053/1074 

v 1467.71 1420.46 -196
vt 32.874 666.758
vn 0.5 -0.866025 -6.10453e-21
vt 26.5748 666.758
vt 26.5748 666.704
vt 32.874 666.704
f 2081/4054/1075 2059/4055/1075 2060/4056/1073 2079/4057/1073 

v 1467.82 1420.53 -196
vt 32.874 682.861
vn 0.587785 -0.809017 -3.35375e-20
vt 26.5748 682.861
vt 26.5748 682.806
vt 32.874 682.806
f 2082/4058/1076 2058/4059/1076 2059/4060/1075 2081/4061/1075 

v 1467.93 1420.62 -196
vt 32.874 691.481
vn 0.669131 -0.743145 -1.80453e-29
vt 26.5748 691.481
vt 26.5748 691.427
vt 32.874 691.427
f 2083/4062/1077 2057/4063/1077 2058/4064/1076 2082/4065/1076 

v 1468.03 1420.72 -196
vt 32.874 692.527
vn 0.743145 -0.669131 1.80453e-29
vt 26.5748 692.527
vt 26.5748 692.472
vt 32.874 692.472
f 2084/4066/1078 2056/4067/1078 2057/4068/1077 2083/4069/1077 

v 1468.11 1420.83 -196
vt 32.874 685.985
vn 0.809017 -0.587785 3.35375e-20
vt 26.5748 685.985
vt 26.5748 685.93
vt 32.874 685.93
f 2085/4070/1079 2055/4071/1079 2056/4072/1078 2084/4073/1078 

v 1468.19 1420.94 -196
vt 32.874 671.927
vn 0.866025 -0.5 6.10453e-21
vt 26.5748 671.927
vt 26.5748 671.873
vt 32.874 671.873
f 2086/4074/1080 2054/4075/1080 2055/4076/1079 2085/4077/1079 

v 1468.25 1421.06 -196
vt 32.874 650.508
vn 0.913545 -0.406737 -2.7433e-20
vt 26.5748 650.508
vt 26.5748 650.454
vt 32.874 650.454
f 2087/4078/1081 2053/4079/1081 2054/4080/1080 2086/4081/1080 

v 1468.3 1421.19 -196
vt 32.874 621.962
vn 0.951057 -0.309017 1.48698e-20
vt 26.5748 621.962
vt 26.5748 621.908
vt 32.874 621.908
f 2088/4082/1082 2052/4083/1082 2053/4084/1081 2087/4085/1081 

v 1468.34 1421.33 -196
vt 32.874 586.602
vn 0.978148 -0.207912 3.00747e-20
vt 26.5748 586.602
vt 26.5748 586.548
vt 32.874 586.548
f 2089/4086/1083 2051/4087/1083 2052/4088/1082 2088/4089/1082 

v 1468.36 1421.46 -196
vt 32.874 544.816
vn 0.994522 -0.104528 1.07409e-20
vt 26.5748 544.816
vt 26.5748 544.762
vt 32.874 544.762
f 2090/4090/1084 2050/4091/1084 2051/4092/1083 2089/4093/1083 

v 1468.36 1421.6 -196
vt 32.874 497.061
vn 1 0 -8.92784e-21
vt 26.5748 497.061
vt 26.5748 497.006
vt 32.874 497.006
f 2091/4094/1085 2049/4095/1085 2050/4096/1084 2090/4097/1084 

v 1468.36 1421.74 -196
vt 32.874 443.86
vn 0.994522 0.104528 1.07409e-20
vt 26.5748 443.86
vt 26.5748 443.805
vt 32.874 443.805
f 2092/4098/1086 2048/4099/1086 2049/4100/1085 2091/4101/1085 

v 1468.34 1421.88 -196
vt 32.874 385.796
vn 0.978148 0.207912 3.00747e-20
vt 26.5748 385.796
vt 26.5748 385.742
vt 32.874 385.742
f 2093/4102/1087 2047/4103/1087 2048/4104/1086 2092/4105/1086 

v 1468.3 1422.01 -196
vt 32.874 323.506
vn 0.951057 0.309017 1.48698e-20
vt 26.5748 323.506
vt 26.5748 323.452
vt 32.874 323.452
f 2094/4106/1088 2046/4107/1088 2047/4108/1087 2093/4109/1087 

v 1468.25 1422.14 -196
vt 32.874 257.672
vn 0.913545 0.406737 2.7433e-20
vt 26.5748 257.672
vt 26.5748 257.617
vt 32.874 257.617
f 2095/4110/1089 2045/4111/1089 2046/4112/1088 2094/4113/1088 

v 1468.19 1422.26 -196
vt 32.874 189.014
vn 0.866025 0.5 -6.10453e-21
vt 26.5748 189.014
vt 26.5748 188.96
vt 32.874 188.96
f 2096/4114/1090 2044/4115/1090 2045/4116/1089 2095/4117/1089 

v 1468.11 1422.38 -196
vt 32.874 118.287
vn 0.809017 0.587785 -3.35375e-20
vt 26.5748 118.287
vt 26.5748 118.232
vt 32.874 118.232
f 2097/4118/1091 2043/4119/1091 2044/4120/1090 2096/4121/1090 

v 1468.03 1422.48 -196
vt 32.874 46.2634
vn 0.743145 0.669131 -1.80453e-29
vt 26.5748 46.2634
vt 26.5748 46.209
vt 32.874 46.209
f 2098/4122/1092 2042/4123/1092 2043/4124/1091 2097/4125/1091 

v 1467.93 1422.58 -196
vt 32.874 -26.2666
vn 0.669131 0.743145 -1.80453e-29
vt 26.5748 -26.2666
vt 26.5748 -26.3209
vt 32.874 -26.3209
f 2099/4126/1093 2041/4127/1093 2042/4128/1092 2098/4129/1092 

v 1467.82 1422.67 -196
vt 32.874 -98.5084
vn 0.587785 0.809017 -3.35375e-20
vt 26.5748 -98.5084
vt 26.5748 -98.5628
vt 32.874 -98.5628
f 2100/4130/1094 2040/4131/1094 2041/4132/1093 2099/4133/1093 

v 1467.71 1422.74 -196
vt 32.874 -169.671
vn 0.5 0.866025 -6.09705e-20
vt 26.5748 -169.671
vt 26.5748 -169.725
vt 32.874 -169.725
f 2101/4134/1095 2039/4135/1095 2040/4136/1094 2100/4137/1094 

v 1467.58 1422.81 -196
vt 32.874 -238.974
vn 0.406737 0.913545 -2.7433e-20
vt 26.5748 -238.974
vt 26.5748 -239.028
vt 32.874 -239.028
f 2102/4138/1096 2038/4139/1096 2039/4140/1095 2101/4141/1095 

v 1467.45 1422.86 -196
vt 32.874 -305.658
vn 0.309017 0.951057 1.48698e-20
vt 26.5748 -305.658
vt 26.5748 -305.713
vt 32.874 -305.713
f 2103/4142/1097 2037/4143/1097 2038/4144/1096 2102/4145/1096 

v 1467.32 1422.89 -196
vt 32.874 -368.994
vn 0.207912 0.978148 3.00747e-20
vt 26.5748 -368.994
vt 26.5748 -369.048
vt 32.874 -369.048
f 2104/4146/1098 2036/4147/1098 2037/4148/1097 2103/4149/1097 

v 1467.18 1422.91 -196
vt 32.874 -428.286
vn 0.104528 0.994522 4.29549e-21
vt 26.5748 -428.286
vt 26.5748 -428.34
vt 32.874 -428.34
f 2105/4150/1099 2035/4151/1099 2036/4152/1098 2104/4153/1098 

v 1467.05 1422.92 -196
vt 32.874 -482.885
vn 0 1 -1.53733e-20
vt 26.5748 -482.885
vt 26.5748 -482.94
vt 32.874 -482.94
f 2106/4154/1100 2034/4155/1100 2035/4156/1099 2105/4157/1099 

v 1466.91 1422.91 -196
vt -32.874 532.194
vn -0.104528 0.994522 1.07409e-20
v 1466.91 1422.91 -180
vt -26.5748 532.194
vt -26.5748 532.249
vt -32.874 532.249
f 2107/4158/1101 2108/4159/1101 2034/4160/1100 2106/4161/1100 

v 1466.77 1422.89 -196
vt -32.874 575.672
vn -0.207912 0.978148 3.00747e-20
v 1466.77 1422.89 -180
vt -26.5748 575.672
vt -26.5748 575.726
vt -32.874 575.726
f 2109/4162/1102 2110/4163/1102 2108/4164/1101 2107/4165/1101 

v 1466.64 1422.86 -196
vt -32.874 612.842
vn -0.309017 0.951057 1.48698e-20
v 1466.64 1422.86 -180
vt -26.5748 612.842
vt -26.5748 612.896
vt -32.874 612.896
f 2111/4166/1103 2112/4167/1103 2110/4168/1102 2109/4169/1102 

v 1466.51 1422.81 -196
vt -32.874 643.297
vn -0.406737 0.913545 2.7433e-20
v 1466.51 1422.81 -180
vt -26.5748 643.297
vt -26.5748 643.352
vt -32.874 643.352
f 2113/4170/1104 2114/4171/1104 2112/4172/1103 2111/4173/1103 

v 1466.39 1422.74 -196
vt -32.874 666.704
vn -0.5 0.866025 6.09705e-20
v 1466.39 1422.74 -180
vt -26.5748 666.704
vt -26.5748 666.758
vt -32.874 666.758
f 2115/4174/1105 2116/4175/1105 2114/4176/1104 2113/4177/1104 

v 1466.27 1422.67 -196
vt -32.874 682.806
vn -0.587785 0.809017 3.35375e-20
v 1466.27 1422.67 -180
vt -26.5748 682.806
vt -26.5748 682.861
vt -32.874 682.861
f 2117/4178/1106 2118/4179/1106 2116/4180/1105 2115/4181/1105 

v 1466.16 1422.58 -196
vt -32.874 691.427
vn -0.669131 0.743145 1.80453e-29
v 1466.16 1422.58 -180
vt -26.5748 691.427
vt -26.5748 691.481
vt -32.874 691.481
f 2119/4182/1107 2120/4183/1107 2118/4184/1106 2117/4185/1106 

v 1466.07 1422.48 -196
vt -32.874 692.472
vn -0.743145 0.669131 -1.80453e-29
v 1466.07 1422.48 -180
vt -26.5748 692.472
vt -26.5748 692.527
vt -32.874 692.527
f 2121/4186/1108 2122/4187/1108 2120/4188/1107 2119/4189/1107 

v 1465.98 1422.38 -196
vt -32.874 685.93
vn -0.809017 0.587785 -3.35375e-20
v 1465.98 1422.38 -180
vt -26.5748 685.93
vt -26.5748 685.985
vt -32.874 685.985
f 2123/4190/1109 2124/4191/1109 2122/4192/1108 2121/4193/1108 

v 1465.9 1422.26 -196
vt -32.874 671.873
vn -0.866025 0.5 -6.10453e-21
v 1465.9 1422.26 -180
vt -26.5748 671.873
vt -26.5748 671.927
vt -32.874 671.927
f 2125/4194/1110 2126/4195/1110 2124/4196/1109 2123/4197/1109 

v 1465.84 1422.14 -196
vt -32.874 650.454
vn -0.913545 0.406737 2.7433e-20
v 1465.84 1422.14 -180
vt -26.5748 650.454
vt -26.5748 650.508
vt -32.874 650.508
f 2127/4198/1111 2128/4199/1111 2126/4200/1110 2125/4201/1110 

v 1465.79 1422.01 -196
vt -32.874 621.908
vn -0.951057 0.309017 -1.48698e-20
v 1465.79 1422.01 -180
vt -26.5748 621.908
vt -26.5748 621.962
vt -32.874 621.962
f 2129/4202/1112 2130/4203/1112 2128/4204/1111 2127/4205/1111 

v 1465.76 1421.88 -196
vt -32.874 586.548
vn -0.978148 0.207912 3.3502e-22
v 1465.76 1421.88 -180
vt -26.5748 586.548
vt -26.5748 586.602
vt -32.874 586.602
f 2131/4206/1113 2132/4207/1113 2130/4208/1112 2129/4209/1112 

v 1465.74 1421.74 -196
vt -32.874 544.762
vn -0.994522 0.104528 4.29549e-21
v 1465.74 1421.74 -180
vt -26.5748 544.762
vt -26.5748 544.816
vt -32.874 544.816
f 2133/4210/1114 2134/4211/1114 2132/4212/1113 2131/4213/1113 

v 1465.73 1421.6 -196
vt -32.874 497.006
vn -1 0 -1.53733e-20
v 1465.73 1421.6 -180
vt -26.5748 497.006
vt -26.5748 497.061
vt -32.874 497.061
f 2135/4214/1115 2136/4215/1115 2134/4216/1114 2133/4217/1114 

v 1465.74 1421.46 -196
vt -32.874 443.805
vn -0.994522 -0.104528 1.07409e-20
v 1465.74 1421.46 -180
vt -26.5748 443.805
vt -26.5748 443.86
vt -32.874 443.86
f 2137/4218/1116 2138/4219/1116 2136/4220/1115 2135/4221/1115 

v 1465.76 1421.33 -196
vt -32.874 385.742
vn -0.978148 -0.207912 3.3502e-22
v 1465.76 1421.33 -180
vt -26.5748 385.742
vt -26.5748 385.796
vt -32.874 385.796
f 2139/4222/1117 2140/4223/1117 2138/4224/1116 2137/4225/1116 

v 1465.79 1421.19 -196
vt -32.874 323.452
vn -0.951057 -0.309017 -1.48698e-20
v 1465.79 1421.19 -180
vt -26.5748 323.452
vt -26.5748 323.506
vt -32.874 323.506
f 2141/4226/1118 2142/4227/1118 2140/4228/1117 2139/4229/1117 

v 1465.84 1421.06 -196
vt -32.874 257.617
vn -0.913545 -0.406737 2.7433e-20
v 1465.84 1421.06 -180
vt -26.5748 257.617
vt -26.5748 257.672
vt -32.874 257.672
f 2143/4230/1119 2144/4231/1119 2142/4232/1118 2141/4233/1118 

v 1465.9 1420.94 -196
vt -32.874 188.96
vn -0.866025 -0.5 6.09705e-20
v 1465.9 1420.94 -180
vt -26.5748 188.96
vt -26.5748 189.014
vt -32.874 189.014
f 2145/4234/1120 2146/4235/1120 2144/4236/1119 2143/4237/1119 

v 1465.98 1420.83 -196
vt -32.874 118.232
vn -0.809017 -0.587785 3.35375e-20
v 1465.98 1420.83 -180
vt -26.5748 118.232
vt -26.5748 118.287
vt -32.874 118.287
f 2147/4238/1121 2148/4239/1121 2146/4240/1120 2145/4241/1120 

v 1466.07 1420.72 -196
vt -32.874 46.209
vn -0.743145 -0.669131 1.80453e-29
v 1466.07 1420.72 -180
vt -26.5748 46.209
vt -26.5748 46.2634
vt -32.874 46.2634
f 2149/4242/1122 2150/4243/1122 2148/4244/1121 2147/4245/1121 

v 1466.16 1420.62 -196
vt -32.874 -26.3209
vn -0.669131 -0.743145 1.80453e-29
v 1466.16 1420.62 -180
vt -26.5748 -26.3209
vt -26.5748 -26.2666
vt -32.874 -26.2666
f 2151/4246/1123 2152/4247/1123 2150/4248/1122 2149/4249/1122 

v 1466.27 1420.53 -196
vt -32.874 -98.5628
vn -0.587785 -0.809017 3.35375e-20
v 1466.27 1420.53 -180
vt -26.5748 -98.5628
vt -26.5748 -98.5084
vt -32.874 -98.5084
f 2153/4250/1124 2154/4251/1124 2152/4252/1123 2151/4253/1123 

v 1466.39 1420.46 -196
vt -32.874 -169.725
vn -0.5 -0.866025 6.09705e-20
v 1466.39 1420.46 -180
vt -26.5748 -169.725
vt -26.5748 -169.671
vt -32.874 -169.671
f 2155/4254/1125 2156/4255/1125 2154/4256/1124 2153/4257/1124 

v 1466.51 1420.4 -196
vt -32.874 -239.028
vn -0.406737 -0.913545 2.7433e-20
v 1466.51 1420.4 -180
vt -26.5748 -239.028
vt -26.5748 -238.974
vt -32.874 -238.974
f 2157/4258/1126 2158/4259/1126 2156/4260/1125 2155/4261/1125 

v 1466.64 1420.35 -196
vt -32.874 -305.713
vn -0.309017 -0.951057 -1.48698e-20
v 1466.64 1420.35 -180
vt -26.5748 -305.713
vt -26.5748 -305.658
vt -32.874 -305.658
f 2159/4262/1127 2160/4263/1127 2158/4264/1126 2157/4265/1126 

v 1466.77 1420.31 -196
vt -32.874 -369.048
vn -0.207912 -0.978148 3.3502e-22
v 1466.77 1420.31 -180
vt -26.5748 -369.048
vt -26.5748 -368.994
vt -32.874 -368.994
f 2161/4266/1128 2162/4267/1128 2160/4268/1127 2159/4269/1127 

v 1466.91 1420.29 -196
vt -32.874 -428.34
vn -0.104528 -0.994522 1.07409e-20
v 1466.91 1420.29 -180
vt -26.5748 -428.34
vt -26.5748 -428.286
vt -32.874 -428.286
f 2163/4270/1129 2164/4271/1129 2162/4272/1128 2161/4273/1128 

v 1467.05 1420.28 -196
vt -32.874 -482.94
vn 0 -1 -8.92784e-21
v 1467.05 1420.28 -180
vt -26.5748 -482.94
vt -26.5748 -482.885
vt -32.874 -482.885
f 2165/4274/1130 2166/4275/1130 2164/4276/1129 2163/4277/1129 

v 1467.18 1420.29 -196
vt 32.874 532.249
vn 0.104528 -0.994522 1.07409e-20
v 1467.18 1420.29 -180
vt 26.5748 532.249
vt 26.5748 532.194
vt 32.874 532.194
f 2167/4278/1131 2168/4279/1131 2166/4280/1130 2165/4281/1130 

v 1467.32 1420.31 -196
vt 32.874 575.726
vn 0.207912 -0.978148 3.3502e-22
v 1467.32 1420.31 -180
vt 26.5748 575.726
vt 26.5748 575.672
vt 32.874 575.672
f 2169/4282/1132 2170/4283/1132 2168/4284/1131 2167/4285/1131 

vt 32.874 612.896
vt 26.5748 612.896
vt 26.5748 612.842
vt 32.874 612.842
f 2080/4286/1074 2076/4287/1074 2170/4288/1132 2169/4289/1132 

usemtl M_0063_GreenYellow
vt 508.371 470.571
f 2074/4047/1064 2076/4046/1064 2170/4290/1064

usemtl M_0129_WhiteSmoke
vn 0.207912 -0.978148 -0
vt 26.1811 612.896
v 1467.32 1420.31 -179
vt 26.1811 612.842
f 2170/4288/1133 2076/4287/1071 2078/4291/1071 2171/4292/1133 

v 1465.98 1420.83 -179
vt 507.844 470.773
v 1466.07 1420.72 -179
vt 507.878 470.731
v 1466.16 1420.62 -179
vt 507.916 470.693
v 1466.27 1420.53 -179
vt 507.958 470.659
v 1466.39 1420.46 -179
vt 508.004 470.629
v 1466.51 1420.4 -179
vt 508.052 470.604
v 1466.64 1420.35 -179
vt 508.103 470.585
v 1466.77 1420.31 -179
vt 508.156 470.571
v 1466.91 1420.29 -179
vt 508.209 470.562
v 1467.05 1420.28 -179
vt 508.264 470.559
v 1467.18 1420.29 -179
vt 508.318 470.562
v 1467.71 1420.46 -179
v 1467.82 1420.53 -179
v 1467.93 1420.62 -179
v 1468.03 1420.72 -179
v 1468.11 1420.83 -179
v 1468.19 1420.94 -179
v 1468.25 1421.06 -179
v 1468.3 1421.19 -179
v 1468.34 1421.33 -179
v 1468.36 1421.46 -179
v 1468.36 1421.6 -179
v 1468.36 1421.74 -179
v 1468.34 1421.88 -179
v 1468.3 1422.01 -179
v 1468.25 1422.14 -179
v 1468.19 1422.26 -179
v 1468.11 1422.38 -179
v 1468.03 1422.48 -179
v 1467.93 1422.58 -179
v 1467.82 1422.67 -179
v 1467.71 1422.74 -179
v 1467.58 1422.81 -179
v 1467.45 1422.86 -179
v 1467.32 1422.89 -179
v 1467.18 1422.91 -179
v 1467.05 1422.92 -179
v 1466.91 1422.91 -179
vt 508.209 471.595
v 1466.77 1422.89 -179
vt 508.156 471.586
v 1466.64 1422.86 -179
vt 508.103 471.572
v 1466.51 1422.81 -179
vt 508.052 471.553
v 1466.39 1422.74 -179
vt 508.004 471.528
v 1466.27 1422.67 -179
vt 507.958 471.499
v 1466.16 1422.58 -179
vt 507.916 471.464
v 1466.07 1422.48 -179
vt 507.878 471.426
v 1465.98 1422.38 -179
vt 507.844 471.384
v 1465.9 1422.26 -179
vt 507.814 471.338
v 1465.84 1422.14 -179
vt 507.789 471.29
v 1465.79 1422.01 -179
vt 507.77 471.239
v 1465.76 1421.88 -179
vt 507.756 471.186
v 1465.74 1421.74 -179
vt 507.747 471.133
v 1465.73 1421.6 -179
vt 507.744 471.079
v 1465.74 1421.46 -179
vt 507.747 471.024
v 1465.76 1421.33 -179
vt 507.756 470.971
v 1465.79 1421.19 -179
vt 507.77 470.918
v 1465.84 1421.06 -179
vt 507.789 470.867
v 1465.9 1420.94 -179
vt 507.814 470.819
f 2172/4293/117 2173/4294/117 2174/4295/117 2175/4296/117 2176/4297/117 2177/4298/117 2178/4299/117 2179/4300/117 2180/4301/117 2181/4302/117 2182/4303/117 2171/4290/117 2078/4046/117 2077/4017/117 2183/4016/117 2184/4015/117 2185/4014/117 2186/4013/117 2187/4012/117 2188/4011/117 2189/4010/117 2190/4009/117 2191/4008/117 2192/4007/117 2193/4006/117 2194/4005/117 2195/4004/117 2196/4003/117 2197/4002/117 2198/4001/117 2199/4000/117 2200/3999/117 2201/3998/117 2202/3997/117 2203/3996/117 2204/3995/117 2205/3994/117 2206/3993/117 2207/3992/117 2208/3991/117 2209/4304/117 2210/4305/117 2211/4306/117 2212/4307/117 2213/4308/117 2214/4309/117 2215/4310/117 2216/4311/117 2217/4312/117 2218/4313/117 2219/4314/117 2220/4315/117 2221/4316/117 2222/4317/117 2223/4318/117 2224/4319/117 2225/4320/117 2226/4321/117 2227/4322/117 2228/4323/117 

vn -0.809017 -0.587785 -0
vn -0.743145 -0.669131 -0
vt -26.1811 46.209
vt -26.1811 46.2634
f 2148/4244/1134 2150/4243/1135 2173/4324/1135 2172/4325/1134 

usemtl M_0063_GreenYellow
v 1464.16 1420.77 -180
vt 507.126 470.75
f 2229/4326/1064 2150/4294/1064 2148/4293/1064

f 2229/4326/1064 2152/4295/1064 2150/4294/1064

f 2229/4326/1064 2154/4296/1064 2152/4295/1064

f 2229/4326/1064 2156/4297/1064 2154/4296/1064

f 2229/4326/1064 2158/4298/1064 2156/4297/1064

f 2229/4326/1064 2160/4299/1064 2158/4298/1064

v 1464.32 1420.33 -180
vt 507.191 470.577
f 2230/4327/1064 2160/4299/1064 2229/4326/1064

f 2230/4327/1064 2162/4300/1064 2160/4299/1064

f 2230/4327/1064 2164/4301/1064 2162/4300/1064

f 2230/4327/1064 2166/4302/1064 2164/4301/1064

v 1464.56 1419.92 -180
vt 507.283 470.416
f 2166/4302/1064 2230/4327/1064 2231/4328/1064

vt -26.5748 158.898
vn -0.828528 -0.559948 9.59457e-15
vt -26.5748 159.084
vn -0.905772 -0.423765 1.04589e-14
v 1464.32 1420.33 -195
vt -32.4803 159.084
v 1464.56 1419.92 -195
vt -32.4803 158.898
f 2231/4329/1136 2230/4330/1137 2232/4331/1137 2233/4332/1136 

vt -26.5748 262.231
vt -26.5748 262.416
vn -0.960814 -0.277195 5.41461e-15
v 1464.16 1420.77 -195
vt -32.4803 262.416
vt -32.4803 262.231
f 2230/4333/1137 2229/4334/1138 2234/4335/1138 2232/4336/1137 

vt -26.5748 359.132
v 1464.06 1421.23 -180
vt -26.5748 359.318
vn -0.979565 -0.20113 -0
v 1464.06 1421.23 -195
vt -32.4803 359.318
vt -32.4803 359.132
f 2229/4337/1138 2235/4338/1139 2236/4339/1139 2234/4340/1138 

vt 507.089 470.932
f 2229/4326/1064 2148/4293/1064 2235/4341/1064

f 2235/4341/1064 2148/4293/1064 2146/4323/1064

usemtl M_0129_WhiteSmoke
vn -0.866025 -0.5 -0
vt -26.1811 118.232
vt -26.1811 118.287
f 2146/4240/1140 2148/4239/1134 2172/4342/1134 2228/4343/1140 

vn -0.913545 -0.406737 -0
vt -26.1811 188.96
vt -26.1811 189.014
f 2144/4236/1141 2146/4235/1140 2228/4344/1140 2227/4345/1141 

usemtl M_0063_GreenYellow
f 2235/4341/1064 2146/4323/1064 2144/4322/1064

f 2235/4341/1064 2144/4322/1064 2142/4321/1064

usemtl M_0129_WhiteSmoke
vn -0.951057 -0.309017 -0
vt -26.1811 257.617
vt -26.1811 257.672
f 2142/4232/1142 2144/4231/1141 2227/4346/1141 2226/4347/1142 

vn -0.978148 -0.207912 -0
vt -26.1811 323.452
vt -26.1811 323.506
f 2140/4228/1143 2142/4227/1142 2226/4348/1142 2225/4349/1143 

usemtl M_0063_GreenYellow
f 2235/4341/1064 2142/4321/1064 2140/4320/1064

f 2235/4341/1064 2140/4320/1064 2017/3967/1064

f 2017/3967/1064 2140/4320/1064 2138/4319/1064

usemtl M_0129_WhiteSmoke
vn -0.994522 -0.104528 -0
vt -26.1811 385.742
vt -26.1811 385.796
f 2138/4224/1144 2140/4223/1143 2225/4350/1143 2224/4351/1144 

vn -1 0 -0
vt -26.1811 443.805
vt -26.1811 443.86
f 2136/4220/1145 2138/4219/1144 2224/4352/1144 2223/4353/1145 

usemtl M_0063_GreenYellow
f 2017/3967/1064 2138/4319/1064 2136/4318/1064

f 2017/3967/1064 2136/4318/1064 2134/4317/1064

usemtl M_0129_WhiteSmoke
vn -0.994522 0.104528 -0
vt -26.1811 497.006
vt -26.1811 497.061
f 2134/4216/1146 2136/4215/1145 2223/4354/1145 2222/4355/1146 

vn -0.978148 0.207912 -0
vt -26.1811 544.762
vt -26.1811 544.816
f 2132/4212/1147 2134/4211/1146 2222/4356/1146 2221/4357/1147 

usemtl M_0063_GreenYellow
f 2017/3967/1064 2134/4317/1064 2132/4316/1064

f 2017/3967/1064 2132/4316/1064 2130/4315/1064

usemtl M_0129_WhiteSmoke
vn -0.951057 0.309017 -0
vt -26.1811 586.548
vt -26.1811 586.602
f 2130/4208/1148 2132/4207/1147 2221/4358/1147 2220/4359/1148 

vn -0.913545 0.406737 -0
vt -26.1811 621.908
vt -26.1811 621.962
f 2128/4204/1149 2130/4203/1148 2220/4360/1148 2219/4361/1149 

usemtl M_0063_GreenYellow
f 2017/3967/1064 2130/4315/1064 2128/4314/1064

f 2017/3967/1064 2128/4314/1064 2126/4313/1064

usemtl M_0129_WhiteSmoke
vn -0.866025 0.5 -0
vt -26.1811 650.454
vt -26.1811 650.508
f 2126/4200/1150 2128/4199/1149 2219/4362/1149 2218/4363/1150 

vn -0.809017 0.587785 -0
vt -26.1811 671.873
vt -26.1811 671.927
f 2124/4196/1151 2126/4195/1150 2218/4364/1150 2217/4365/1151 

usemtl M_0063_GreenYellow
f 2017/3967/1064 2126/4313/1064 2124/4312/1064

f 2017/3967/1064 2124/4312/1064 2122/4311/1064

usemtl M_0129_WhiteSmoke
vn -0.743145 0.669131 -0
vt -26.1811 685.93
vt -26.1811 685.985
f 2122/4192/1152 2124/4191/1151 2217/4366/1151 2216/4367/1152 

vn -0.669131 0.743145 -0
vt -26.1811 692.472
vt -26.1811 692.527
f 2120/4188/1153 2122/4187/1152 2216/4368/1152 2215/4369/1153 

usemtl M_0063_GreenYellow
f 2017/3967/1064 2122/4311/1064 2120/4310/1064

f 2017/3967/1064 2120/4310/1064 2118/4309/1064

usemtl M_0129_WhiteSmoke
vn -0.587785 0.809017 -0
vt -26.1811 691.427
vt -26.1811 691.481
f 2118/4184/1154 2120/4183/1153 2215/4370/1153 2214/4371/1154 

vn -0.5 0.866025 -0
vt -26.1811 682.806
vt -26.1811 682.861
f 2116/4180/1155 2118/4179/1154 2214/4372/1154 2213/4373/1155 

usemtl M_0063_GreenYellow
f 2017/3967/1064 2118/4309/1064 2116/4308/1064

f 2017/3967/1064 2116/4308/1064 2114/4307/1064

usemtl M_0129_WhiteSmoke
vn -0.406737 0.913545 -0
vt -26.1811 666.704
vt -26.1811 666.758
f 2114/4176/1156 2116/4175/1155 2213/4374/1155 2212/4375/1156 

vn -0.309017 0.951057 -0
vt -26.1811 643.297
vt -26.1811 643.352
f 2112/4172/1157 2114/4171/1156 2212/4376/1156 2211/4377/1157 

usemtl M_0063_GreenYellow
f 2017/3967/1064 2114/4307/1064 2112/4306/1064

f 2017/3967/1064 2112/4306/1064 2110/4305/1064

usemtl M_0129_WhiteSmoke
vn -0.207912 0.978148 -0
vt -26.1811 612.842
vt -26.1811 612.896
f 2110/4168/1158 2112/4167/1157 2211/4378/1157 2210/4379/1158 

vn -0.104528 0.994522 -0
vt -26.1811 575.672
vt -26.1811 575.726
f 2108/4164/1159 2110/4163/1158 2210/4380/1158 2209/4381/1159 

usemtl M_0063_GreenYellow
f 2017/3967/1064 2110/4305/1064 2108/4304/1064

f 2017/3967/1064 2108/4304/1064 2034/3991/1064

usemtl M_0129_WhiteSmoke
vt -26.1811 532.194
vt -26.1811 532.249
f 2034/4160/66 2108/4159/1159 2209/4382/1159 2208/4383/66 

vn 0.104528 0.994522 -0
vt 26.1811 -482.885
vt 26.1811 -482.94
f 2035/4156/1160 2034/4155/66 2208/4384/66 2207/4385/1160 

vt 26.1811 -428.286
vt 26.1811 -428.34
f 2036/4152/85 2035/4151/1160 2207/4386/1160 2206/4387/85 

vt 26.1811 -368.994
vt 26.1811 -369.048
f 2037/4148/84 2036/4147/85 2206/4388/85 2205/4389/84 

vt 26.1811 -305.658
vt 26.1811 -305.713
f 2038/4144/83 2037/4143/84 2205/4390/84 2204/4391/83 

vt 26.1811 -238.974
vt 26.1811 -239.028
f 2039/4140/82 2038/4139/83 2204/4392/83 2203/4393/82 

vt 26.1811 -169.671
vt 26.1811 -169.725
f 2040/4136/81 2039/4135/82 2203/4394/82 2202/4395/81 

vt 26.1811 -98.5084
vt 26.1811 -98.5628
f 2041/4132/80 2040/4131/81 2202/4396/81 2201/4397/80 

vt 26.1811 -26.2666
vt 26.1811 -26.3209
f 2042/4128/79 2041/4127/80 2201/4398/80 2200/4399/79 

vt 26.1811 46.2634
vt 26.1811 46.209
f 2043/4124/78 2042/4123/79 2200/4400/79 2199/4401/78 

vt 26.1811 118.287
vt 26.1811 118.232
f 2044/4120/77 2043/4119/78 2199/4402/78 2198/4403/77 

vt 26.1811 189.014
vt 26.1811 188.96
f 2045/4116/76 2044/4115/77 2198/4404/77 2197/4405/76 

vt 26.1811 257.672
vt 26.1811 257.617
f 2046/4112/75 2045/4111/76 2197/4406/76 2196/4407/75 

vt 26.1811 323.506
vt 26.1811 323.452
f 2047/4108/74 2046/4107/75 2196/4408/75 2195/4409/74 

vn 0.994522 0.104528 -0
vt 26.1811 385.796
vt 26.1811 385.742
f 2048/4104/1161 2047/4103/74 2195/4410/74 2194/4411/1161 

vt 26.1811 443.86
vt 26.1811 443.805
f 2049/4100/68 2048/4099/1161 2194/4412/1161 2193/4413/68 

vn 0.994522 -0.104528 -0
vt 26.1811 497.061
vt 26.1811 497.006
f 2050/4096/1162 2049/4095/68 2193/4414/68 2192/4415/1162 

vn 0.978148 -0.207912 -0
vt 26.1811 544.816
vt 26.1811 544.762
f 2051/4092/1163 2050/4091/1162 2192/4416/1162 2191/4417/1163 

vn 0.951057 -0.309017 -0
vt 26.1811 586.602
vt 26.1811 586.548
f 2052/4088/1164 2051/4087/1163 2191/4418/1163 2190/4419/1164 

vn 0.913545 -0.406737 -0
vt 26.1811 621.962
vt 26.1811 621.908
f 2053/4084/1165 2052/4083/1164 2190/4420/1164 2189/4421/1165 

vn 0.866025 -0.5 -0
vt 26.1811 650.508
vt 26.1811 650.454
f 2054/4080/1166 2053/4079/1165 2189/4422/1165 2188/4423/1166 

vn 0.809017 -0.587785 -0
vt 26.1811 671.927
vt 26.1811 671.873
f 2055/4076/1167 2054/4075/1166 2188/4424/1166 2187/4425/1167 

vn 0.743145 -0.669131 -0
vt 26.1811 685.985
vt 26.1811 685.93
f 2056/4072/1168 2055/4071/1167 2187/4426/1167 2186/4427/1168 

vn 0.669131 -0.743145 -0
vt 26.1811 692.527
vt 26.1811 692.472
f 2057/4068/1169 2056/4067/1168 2186/4428/1168 2185/4429/1169 

vn 0.587785 -0.809017 -0
vt 26.1811 691.481
vt 26.1811 691.427
f 2058/4064/1170 2057/4063/1169 2185/4430/1169 2184/4431/1170 

vn 0.5 -0.866025 -0
vt 26.1811 682.861
vt 26.1811 682.806
f 2059/4060/1171 2058/4059/1170 2184/4432/1170 2183/4433/1171 

vt 26.1811 666.758
vt 26.1811 666.704
f 2060/4056/1072 2059/4055/1171 2183/4434/1171 2077/4435/1072 

usemtl M_0063_GreenYellow
v 1458.92 1462.4 -195
vt -32.4803 420.849
vn -0.992303 -0.12383 1.058e-17
vt -32.4803 404.515
vt -26.5748 404.515
vt -26.5748 420.849
f 2237/4436/1172 2236/4437/1172 2235/4438/1172 2017/4439/1172 

vt -507.089 470.932
vn -1.05096e-14 -8.28456e-17 -1
vt -505.066 487.141
v 1581.51 1495.12 -195
vt -553.326 500.023
v 1581.74 1494.25 -195
vt -553.418 499.68
v 1587.15 1473.96 -195
vt -555.55 491.692
v 1468.31 1418.87 -195
vt -508.761 470.005
v 1467.87 1418.71 -195
vt -508.588 469.94
v 1467.41 1418.62 -195
vt -508.406 469.903
vt -508.221 469.896
vt -508.037 469.917
vt -507.858 469.966
vt -507.689 470.043
vt -507.535 470.146
vt -507.398 470.271
vt -507.283 470.416
vt -507.191 470.577
vt -507.126 470.75
f 2236/4440/1173 2237/4441/1173 2238/4442/1173 2239/4443/1173 2240/4444/1173 2241/4445/1173 2242/4446/1173 2243/4447/1173 2070/4448/1173 2069/4449/1173 2071/4450/1173 2072/4451/1173 2073/4452/1173 2075/4453/1173 2233/4454/1173 2232/4455/1173 2234/4456/1173 

v 1458.92 1462.4 -225
vt 44.2913 613.613
vn 0.257895 -0.966173 8.78692e-15
v 1616.99 1504.59 -225
vt 44.2913 678.022
v 1613.2 1503.58 -224.795
vt 44.2105 676.479
v 1609.46 1502.58 -224.181
vt 43.9687 674.953
v 1605.79 1501.6 -223.165
vt 43.5687 673.46
v 1602.25 1500.66 -221.758
vt 43.0149 672.017
v 1598.88 1499.76 -219.976
vt 42.3134 670.64
v 1595.69 1498.91 -217.838
vt 41.4717 669.344
v 1592.75 1498.12 -215.368
vt 40.4992 668.143
v 1590.07 1497.4 -212.592
vt 39.4065 667.05
v 1587.68 1496.77 -209.542
vt 38.2055 666.078
v 1585.61 1496.22 -206.25
vt 36.9094 665.236
v 1583.89 1495.76 -202.753
vt 35.5325 664.535
v 1582.53 1495.39 -199.088
vt 34.0898 663.981
v 1581.55 1495.13 -195.297
vt 32.5971 663.581
vt 32.4803 663.562
vt 32.4803 613.613
f 2244/4457/1174 2245/4458/1174 2246/4459/1174 2247/4460/1174 2248/4461/1174 2249/4462/1174 2250/4463/1174 2251/4464/1174 2252/4465/1174 2253/4466/1174 2254/4467/1174 2255/4468/1174 2256/4469/1174 2257/4470/1174 2258/4471/1174 2238/4472/1174 2237/4473/1174 

v 1616.48 1506.52 -225
vt -567.094 504.513
vn -9.80581e-15 -2.61741e-15 -1
vt -567.297 503.752
v 1458.41 1464.33 -225
vt -504.863 487.902
f 2259/4474/1175 2245/4475/1175 2244/4441/1175 2260/4476/1175 

vt -568.608 504.677
vn -0.0505656 -0.0134972 -0.99863
vt -568.811 503.916
vt -567.318 503.518
vn -0.100993 -0.0269574 -0.994522
v 1612.69 1505.51 -224.795
vt -567.115 504.279
f 2259/4477/1176 2245/4478/1176 2246/4479/1177 2261/4480/1177 

vt -564.331 502.722
vn 0.0505656 0.0134972 -0.99863
vt -564.128 503.483
v 1612.61 1521.02 -225
vt -562.607 509.189
v 1616.39 1522.03 -224.795
vt -564.1 509.587
vn 0.100993 0.0269574 -0.994522
v 1620.78 1505.6 -224.795
vt -565.824 503.12
f 2245/4481/1178 2259/4482/1178 2262/4483/1178 2263/4484/1179 2264/4485/1179 

v 1608.82 1520.01 -224.795
vt -565.594 509.985
vt -567.087 510.383
f 2259/4477/1176 2261/4480/1177 2265/4486/1177 2262/4487/1176 

vt -14.7638 613.613
vn -0.257895 0.966173 -8.0529e-15
vt -14.7638 678.022
v 1612.69 1505.51 -150.205
vt -14.8447 676.479
v 1608.94 1504.51 -150.819
vt -15.0864 674.953
v 1605.28 1503.54 -151.835
vt -15.4864 673.46
v 1601.74 1502.59 -153.242
vt -16.0402 672.017
v 1598.36 1501.69 -155.024
vt -16.7418 670.64
v 1595.18 1500.84 -157.162
vt -17.5834 669.344
v 1592.23 1500.05 -159.632
vt -18.5559 668.143
v 1589.55 1499.34 -162.408
vt -19.6487 667.05
v 1587.16 1498.7 -165.458
vt -20.8496 666.078
v 1585.1 1498.15 -168.75
vt -22.1457 665.236
v 1583.38 1497.69 -172.247
vt -23.5226 664.535
v 1582.02 1497.33 -175.912
vt -24.9653 663.981
v 1581.04 1497.06 -179.703
vt -26.458 663.581
v 1580.44 1496.91 -183.58
vt -27.9843 663.339
v 1580.24 1496.85 -187.5
vt -29.5276 663.258
v 1580.44 1496.91 -191.42
vt -31.0708 663.339
v 1581.04 1497.06 -195.297
vt -32.5971 663.581
v 1582.02 1497.33 -199.088
vt -34.0898 663.981
v 1583.38 1497.69 -202.753
vt -35.5325 664.535
v 1585.1 1498.15 -206.25
vt -36.9094 665.236
v 1587.16 1498.7 -209.542
vt -38.2055 666.078
v 1589.55 1499.34 -212.592
vt -39.4065 667.05
v 1592.23 1500.05 -215.368
vt -40.4992 668.143
v 1595.18 1500.84 -217.838
vt -41.4717 669.344
v 1598.36 1501.69 -219.976
vt -42.3134 670.64
v 1601.74 1502.59 -221.758
vt -43.0149 672.017
v 1605.28 1503.54 -223.165
vt -43.5687 673.46
v 1608.94 1504.51 -224.181
vt -43.9687 674.953
vt -44.2105 676.479
vt -44.2913 678.022
vt -44.2913 613.613
f 2016/4488/1180 2015/4489/1180 2266/4490/1180 2267/4491/1180 2268/4492/1180 2269/4493/1180 2270/4494/1180 2271/4495/1180 2272/4496/1180 2273/4497/1180 2274/4498/1180 2275/4499/1180 2276/4500/1180 2277/4501/1180 2278/4502/1180 2279/4503/1180 2280/4504/1180 2281/4505/1180 2282/4506/1180 2283/4507/1180 2284/4508/1180 2285/4509/1180 2286/4510/1180 2287/4511/1180 2288/4512/1180 2289/4513/1180 2290/4514/1180 2291/4515/1180 2292/4516/1180 2293/4517/1180 2261/4518/1180 2259/4519/1180 2260/4520/1180 

vt 564.128 503.483
vn -0.100993 -0.0269574 0.994522
vt 564.331 502.722
vt 565.824 503.12
vn -0.0505656 -0.0134972 0.99863
vt 565.622 503.881
f 2266/4521/1181 2031/4522/1181 2014/4523/1182 2015/4524/1182 

vt 555.355 499.267
vn -0.200879 -0.0536195 0.978148
vt 555.555 498.505
vt 557.05 498.899
vt 556.849 499.661
f 2267/4525/1183 2030/4526/1183 2031/4527/1181 2266/4528/1181 

vt 540.846 491.8
vn -0.298564 -0.0796941 0.951057
vt 541.043 491.037
vt 542.539 491.423
vt 542.343 492.186
f 2268/4529/1184 2029/4530/1184 2030/4531/1183 2267/4532/1183 

vt 520.686 481.383
vn -0.392978 -0.104896 0.913545
vt 520.876 480.619
vt 522.376 480.992
vt 522.185 481.756
f 2269/4533/1185 2028/4534/1185 2029/4535/1184 2268/4536/1184 

vt 494.99 468.437
vn -0.483086 -0.128948 0.866025
vt 495.173 467.671
vt 496.676 468.028
vt 496.494 468.794
f 2270/4537/1186 2027/4538/1186 2028/4539/1185 2269/4540/1185 

vt 463.92 453.494
vn -0.567902 -0.151587 0.809017
vt 464.092 452.726
vt 465.6 453.064
vt 465.428 453.832
f 2271/4541/1187 2026/4542/1187 2027/4543/1186 2270/4544/1186 

vt 427.685 437.178
vn -0.646496 -0.172566 0.743145
vt 427.845 436.407
vt 429.358 436.721
vt 429.198 437.492
f 2272/4545/1188 2025/4546/1188 2026/4547/1187 2271/4548/1187 

vt 386.558 420.18
vn -0.718006 -0.191654 0.669131
vt 386.704 419.407
vt 388.223 419.693
vt 388.077 420.467
f 2273/4549/1189 2024/4550/1189 2025/4551/1188 2272/4552/1188 

vt 340.883 403.238
vn -0.78165 -0.208642 0.587785
vt 341.013 402.461
vt 342.537 402.717
vt 342.407 403.494
f 2274/4553/1190 2023/4554/1190 2024/4555/1189 2273/4556/1189 

vt 291.079 387.099
vn -0.83673 -0.223344 0.5
vt 291.192 386.319
vt 292.721 386.542
vt 292.608 387.321
f 2275/4557/1191 2022/4558/1191 2023/4559/1190 2274/4560/1190 

vt 237.649 372.49
vn -0.882643 -0.235599 0.406737
vt 237.743 371.709
vt 239.277 371.894
vt 239.183 372.676
f 2276/4561/1192 2021/4562/1192 2022/4563/1191 2275/4564/1191 

vt 181.177 360.084
vn -0.918885 -0.245273 0.309017
vt 181.252 359.3
vt 182.791 359.447
vt 182.716 360.231
f 2277/4565/1193 2020/4566/1193 2021/4567/1192 2276/4568/1192 

vt 122.328 350.46
vn -0.94506 -0.25226 0.207912
vt 122.382 349.674
vt 123.924 349.781
vt 123.869 350.566
f 2278/4569/1194 2019/4570/1194 2020/4571/1193 2277/4572/1193 

vt 61.8284 344.075
vn -0.96088 -0.256483 0.104528
v 1580.96 1494.97 -183.58
vt 61.8613 343.288
vt 63.2871 343.347
vn -0.954278 -0.25472 0.156434
vt 63.4053 343.352
vt 63.3724 344.139
f 2279/4573/1195 2294/4574/1195 2018/4575/1196 2019/4576/1194 2278/4577/1194 

vt 0.4587 341.235
vn -0.966173 -0.257895 -1.78574e-14
v 1580.76 1494.92 -187.5
vt 0.469699 340.448
vt 2.0149 340.47
vt 2.0039 341.257
f 2280/4578/1197 2295/4579/1197 2294/4580/1195 2279/4581/1195 

vt -60.9723 342.081
vn -0.96088 -0.256483 -0.104528
v 1580.96 1494.97 -191.42
vt -60.9833 341.293
vt -59.4381 341.272
vt -59.4271 342.059
f 2281/4582/1198 2296/4583/1198 2295/4584/1197 2280/4585/1197 

vt -121.65 346.573
vn -0.94506 -0.25226 -0.207912
vt -121.683 345.786
vt -121.564 345.781
vn -0.954278 -0.25472 -0.156434
vt -120.139 345.721
vt -120.106 346.508
f 2282/4586/1199 2258/4587/1199 2238/4588/1200 2296/4589/1198 2281/4590/1198 

vt -180.777 354.498
vn -0.918885 -0.245273 -0.309017
vt -180.831 353.712
vt -179.289 353.606
vt -179.235 354.391
f 2283/4591/1201 2257/4592/1201 2258/4593/1199 2282/4594/1199 

vt -237.598 365.481
vn -0.882643 -0.235599 -0.406737
vt -237.673 364.697
vt -236.135 364.55
vt -236.06 365.334
f 2284/4595/1202 2256/4596/1202 2257/4597/1201 2283/4598/1201 

vt -291.419 379.006
vn -0.83673 -0.223344 -0.5
vt -291.514 378.225
vt -289.98 378.039
vt -289.885 378.82
f 2285/4599/1203 2255/4600/1203 2256/4601/1202 2284/4602/1202 

vt -341.621 394.446
vn -0.78165 -0.208642 -0.587785
vt -341.734 393.667
vt -340.205 393.445
vt -340.091 394.224
f 2286/4603/1204 2254/4604/1204 2255/4605/1203 2285/4606/1203 

vt -387.667 411.097
vn -0.718006 -0.191654 -0.669131
vt -387.798 410.32
vt -386.274 410.064
vt -386.143 410.841
f 2287/4607/1205 2253/4608/1205 2254/4609/1204 2286/4610/1204 

vt -429.111 428.212
vn -0.646496 -0.172566 -0.743145
vt -429.257 427.438
vt -427.738 427.152
vt -427.592 427.925
f 2288/4611/1206 2252/4612/1206 2253/4613/1205 2287/4614/1205 

vt -465.588 445.041
vn -0.567902 -0.151587 -0.809017
vt -465.748 444.27
vt -464.235 443.956
vt -464.075 444.727
f 2289/4615/1207 2251/4616/1207 2252/4617/1206 2288/4618/1206 

vt -496.814 460.858
vn -0.483086 -0.128948 -0.866025
vt -496.986 460.09
vt -495.478 459.752
vt -495.306 460.521
f 2290/4619/1208 2250/4620/1208 2251/4621/1207 2289/4622/1207 

vt -522.577 474.998
vn -0.392978 -0.104896 -0.913545
vt -522.759 474.232
vt -521.255 473.874
vt -521.073 474.64
f 2291/4623/1209 2249/4624/1209 2250/4625/1208 2290/4626/1208 

vt -542.721 486.874
vn -0.298564 -0.0796941 -0.951057
vt -542.911 486.11
vt -541.412 485.736
vt -541.221 486.5
f 2292/4627/1210 2248/4628/1210 2249/4629/1209 2291/4630/1209 

vt -557.143 496.002
vn -0.200879 -0.0536195 -0.978148
vt -557.34 495.239
vt -555.844 494.853
vt -555.647 495.616
f 2293/4631/1211 2247/4632/1211 2248/4633/1210 2292/4634/1210 

vt -565.782 502.016
vt -565.983 501.254
vt -564.488 500.86
vt -564.288 501.622
f 2261/4635/1177 2246/4636/1177 2247/4637/1211 2293/4638/1211 

v 1609.69 1501.71 -224.181
vt -564.579 500.518
v 1613.44 1502.71 -224.795
vt -566.073 500.912
f 2297/4639/1211 2247/4637/1211 2246/4636/1177 2298/4640/1177 

v 1606.03 1500.73 -223.165
vt -555.932 494.51
vt -557.428 494.896
f 2299/4641/1210 2248/4633/1210 2247/4632/1211 2297/4642/1211 

v 1602.49 1499.79 -221.758
vt -541.497 485.392
vt -542.997 485.766
f 2300/4643/1209 2249/4629/1209 2248/4628/1210 2299/4644/1210 

v 1599.11 1498.89 -219.976
vt -521.337 473.529
vt -522.841 473.887
f 2301/4645/1208 2250/4625/1208 2249/4624/1209 2300/4646/1209 

v 1595.93 1498.04 -217.838
vt -495.556 459.407
vt -497.064 459.744
f 2302/4647/1207 2251/4621/1207 2250/4620/1208 2301/4648/1208 

v 1592.98 1497.25 -215.368
vt -464.307 443.609
vt -465.82 443.923
f 2303/4649/1206 2252/4617/1206 2251/4616/1207 2302/4650/1207 

v 1590.3 1496.53 -212.592
vt -427.804 426.803
vt -429.322 427.09
f 2304/4651/1205 2253/4613/1205 2252/4612/1206 2303/4652/1206 

v 1587.91 1495.9 -209.542
vt -386.332 409.715
vt -387.856 409.971
f 2305/4653/1204 2254/4609/1204 2253/4608/1205 2304/4654/1205 

v 1585.85 1495.35 -206.25
vt -340.256 393.094
vt -341.785 393.316
f 2306/4655/1203 2255/4605/1203 2254/4604/1204 2305/4656/1204 

v 1584.12 1494.89 -202.753
vt -290.022 377.687
vt -291.556 377.873
f 2307/4657/1202 2256/4601/1202 2255/4600/1203 2306/4658/1203 

v 1582.76 1494.52 -199.088
vt -236.168 364.197
vt -237.707 364.344
f 2308/4659/1201 2257/4597/1201 2256/4596/1202 2307/4660/1202 

v 1581.78 1494.26 -195.297
vt -179.314 353.252
vt -180.855 353.359
f 2309/4661/1199 2258/4593/1199 2257/4592/1201 2308/4662/1201 

vt -121.697 345.432
vt -121.579 345.427
f 2309/4663/1199 2239/4664/1200 2238/4588/1200 2258/4587/1199 

v 1585.06 1495.14 -194.575
vt 32.3131 664.917
vn 0.257895 -0.966173 9.38392e-15
v 1585.04 1495.13 -194.458
vt 32.2669 664.91
v 1617.22 1503.72 -225
v 1621.01 1504.73 -224.795
vt 44.2105 679.565
v 1624.76 1505.73 -224.181
vt 43.9687 681.092
v 1628.42 1506.71 -223.165
vt 43.5687 682.584
v 1631.96 1507.66 -221.758
vt 43.0149 684.027
v 1635.34 1508.56 -219.976
vt 42.3134 685.404
v 1638.52 1509.41 -217.838
vt 41.4717 686.7
v 1641.47 1510.19 -215.368
vt 40.4992 687.901
v 1644.15 1510.91 -212.592
vt 39.4065 688.994
v 1646.53 1511.55 -209.542
vt 38.2055 689.966
v 1648.6 1512.1 -206.25
vt 36.9094 690.808
v 1650.32 1512.56 -202.753
vt 35.5325 691.509
v 1651.68 1512.92 -199.088
vt 34.0898 692.063
v 1652.66 1513.18 -195.297
vt 32.5971 692.463
v 1653.26 1513.34 -191.42
vt 31.0708 692.705
v 1653.45 1513.39 -187.5
vt 29.5276 692.786
v 1653.26 1513.34 -183.58
vt 27.9843 692.705
v 1652.66 1513.18 -179.703
vt 26.458 692.463
v 1651.68 1512.92 -175.912
vt 24.9653 692.063
v 1650.32 1512.56 -172.247
vt 23.5226 691.509
v 1648.6 1512.1 -168.75
vt 22.1457 690.808
v 1646.53 1511.55 -165.458
vt 20.8496 689.966
v 1644.15 1510.91 -162.408
vt 19.6487 688.994
v 1641.47 1510.19 -159.632
vt 18.5559 687.901
v 1638.52 1509.41 -157.162
vt 17.5834 686.7
v 1635.34 1508.56 -155.024
vt 16.7418 685.404
v 1631.96 1507.66 -153.242
vt 16.0402 684.027
v 1628.42 1506.71 -151.835
vt 15.4864 682.584
v 1624.76 1505.73 -150.819
vt 15.0864 681.092
v 1621.01 1504.73 -150.205
vt 14.8447 679.565
v 1617.22 1503.72 -150
v 1613.44 1502.71 -150.205
v 1609.69 1501.71 -150.819
v 1606.03 1500.73 -151.835
v 1602.49 1499.79 -153.242
v 1599.11 1498.89 -155.024
v 1595.93 1498.04 -157.162
v 1592.98 1497.25 -159.632
v 1590.3 1496.53 -162.408
v 1587.91 1495.9 -165.458
v 1585.85 1495.35 -168.75
v 1584.12 1494.89 -172.247
v 1582.76 1494.52 -175.912
v 1581.78 1494.26 -179.703
v 1585.04 1495.13 -180.542
vt 26.7882 664.91
v 1585.06 1495.14 -180.425
vt 26.742 664.917
v 1585.95 1495.38 -176.984
vt 25.3874 665.28
v 1587.19 1495.7 -173.659
vt 24.0782 665.783
v 1588.75 1496.12 -170.485
vt 22.8286 666.419
v 1590.62 1496.62 -167.497
vt 21.6525 667.183
v 1592.79 1497.2 -164.729
vt 20.5626 668.066
v 1595.22 1497.85 -162.21
vt 19.571 669.057
v 1597.9 1498.56 -159.969
vt 18.6885 670.147
v 1600.78 1499.33 -158.029
vt 17.9247 671.323
v 1603.85 1500.15 -156.411
vt 17.288 672.573
v 1607.06 1501.01 -155.135
vt 16.7854 673.882
v 1610.39 1501.9 -154.213
vt 16.4225 675.237
v 1613.79 1502.8 -153.656
vt 16.2031 676.622
v 1617.22 1503.72 -153.469
vt 16.1297 678.022
v 1620.66 1504.64 -153.656
vt 16.2031 679.423
v 1624.06 1505.55 -154.213
vt 16.4225 680.808
v 1627.38 1506.43 -155.135
vt 16.7854 682.162
v 1630.6 1507.29 -156.411
vt 17.288 683.471
v 1633.66 1508.11 -158.029
vt 17.9247 684.721
v 1636.55 1508.88 -159.969
vt 18.6885 685.897
v 1639.22 1509.59 -162.21
vt 19.571 686.987
v 1641.66 1510.24 -164.729
vt 20.5626 687.979
v 1643.82 1510.82 -167.497
vt 21.6525 688.861
v 1645.7 1511.32 -170.485
vt 22.8286 689.625
v 1647.26 1511.74 -173.659
vt 24.0782 690.262
v 1648.49 1512.07 -176.984
vt 25.3874 690.764
v 1649.38 1512.31 -180.425
vt 26.742 691.127
v 1649.92 1512.45 -183.943
vt 28.1271 691.347
v 1650.1 1512.5 -187.5
vt 29.5276 691.42
v 1649.92 1512.45 -191.057
vt 30.928 691.347
v 1649.38 1512.31 -194.575
vt 32.3131 691.127
v 1648.49 1512.07 -198.016
vt 33.6677 690.764
v 1647.26 1511.74 -201.341
vt 34.977 690.262
v 1645.7 1511.32 -204.515
vt 36.2265 689.625
v 1643.82 1510.82 -207.503
vt 37.4026 688.861
v 1641.66 1510.24 -210.271
vt 38.4925 687.979
v 1639.22 1509.59 -212.79
vt 39.4841 686.987
v 1636.55 1508.88 -215.031
vt 40.3667 685.897
v 1633.66 1508.11 -216.971
vt 41.1305 684.721
v 1630.6 1507.29 -218.589
vt 41.7671 683.471
v 1627.38 1506.43 -219.865
vt 42.2697 682.162
v 1624.06 1505.55 -220.787
vt 42.6327 680.808
v 1620.66 1504.64 -221.344
vt 42.852 679.423
v 1617.22 1503.72 -221.531
vt 42.9254 678.022
v 1613.79 1502.8 -221.344
vt 42.852 676.622
v 1610.39 1501.9 -220.787
vt 42.6327 675.237
v 1607.06 1501.01 -219.865
vt 42.2697 673.882
v 1603.85 1500.15 -218.589
vt 41.7671 672.573
v 1600.78 1499.33 -216.971
vt 41.1305 671.323
v 1597.9 1498.56 -215.031
vt 40.3667 670.147
v 1595.22 1497.85 -212.79
vt 39.4841 669.057
v 1592.79 1497.2 -210.271
vt 38.4925 668.066
v 1590.62 1496.62 -207.503
vt 37.4026 667.183
v 1588.75 1496.12 -204.515
vt 36.2265 666.419
v 1587.19 1495.7 -201.341
vt 34.977 665.783
v 1585.95 1495.38 -198.016
vt 33.6677 665.28
f 2310/4665/1212 2311/4666/1212 2239/4472/1212 2309/4471/1212 2308/4470/1212 2307/4469/1212 2306/4468/1212 2305/4467/1212 2304/4466/1212 2303/4465/1212 2302/4464/1212 2301/4463/1212 2300/4462/1212 2299/4461/1212 2297/4460/1212 2298/4459/1212 2312/4458/1212 2313/4667/1212 2314/4668/1212 2315/4669/1212 2316/4670/1212 2317/4671/1212 2318/4672/1212 2319/4673/1212 2320/4674/1212 2321/4675/1212 2322/4676/1212 2323/4677/1212 2324/4678/1212 2325/4679/1212 2326/4680/1212 2327/4681/1212 2328/4682/1212 2329/4683/1212 2330/4684/1212 2331/4685/1212 2332/4686/1212 2333/4687/1212 2334/4688/1212 2335/4689/1212 2336/4690/1212 2337/4691/1212 2338/4692/1212 2339/4693/1212 2340/4694/1212 2341/4695/1212 2342/3986/1212 2343/3985/1212 2344/3984/1212 2345/3983/1212 2346/3982/1212 2347/3981/1212 2348/3980/1212 2349/3979/1212 2350/3978/1212 2351/3977/1212 2352/3976/1212 2353/3975/1212 2354/3974/1212 2355/3973/1212 2032/3972/1212 2356/4696/1212 2357/4697/1212 2358/4698/1212 2359/4699/1212 2360/4700/1212 2361/4701/1212 2362/4702/1212 2363/4703/1212 2364/4704/1212 2365/4705/1212 2366/4706/1212 2367/4707/1212 2368/4708/1212 2369/4709/1212 2370/4710/1212 2371/4711/1212 2372/4712/1212 2373/4713/1212 2374/4714/1212 2375/4715/1212 2376/4716/1212 2377/4717/1212 2378/4718/1212 2379/4719/1212 2380/4720/1212 2381/4721/1212 2382/4722/1212 2383/4723/1212 2384/4724/1212 2385/4725/1212 2386/4726/1212 2387/4727/1212 2388/4728/1212 2389/4729/1212 2390/4730/1212 2391/4731/1212 2392/4732/1212 2393/4733/1212 2394/4734/1212 2395/4735/1212 2396/4736/1212 2397/4737/1212 2398/4738/1212 2399/4739/1212 2400/4740/1212 2401/4741/1212 2402/4742/1212 2403/4743/1212 2404/4744/1212 2405/4745/1212 2406/4746/1212 2407/4747/1212 2408/4748/1212 2409/4749/1212 2410/4750/1212 2411/4751/1212 2412/4752/1212 

v 1589.97 1474.71 -191.237
vt -120.641 337.113
v 1589.94 1474.7 -191.057
vt -120.57 337.11
v 1584.52 1494.99 -191.057
vt -120.225 345.37
v 1584.55 1495 -191.237
vt -120.297 345.373
vt -121.626 345.429
v 1590.48 1474.85 -194.575
vt -121.971 337.168
v 1590.46 1474.84 -194.458
vt -121.924 337.166
f 2413/4753/1200 2414/4754/1198 2415/4755/1198 2416/4756/1200 2311/4664/1200 2310/4757/1199 2417/4758/1199 2418/4759/1200 

vt 30.928 664.698
vn 0.257895 -0.966173 7.39387e-14
v 1589.93 1474.7 -190.875
vt 30.8562 664.694
v 1586.61 1473.81 -191.42
vt 31.0708 663.339
vt 30.999 664.709
f 2414/4760/1213 2419/4761/1213 2420/4762/1213 2413/4763/1213 

v 1589.77 1474.66 -187.682
vt -59.7019 332.653
vn -0.964849 -0.257542 -0.052336
v 1589.76 1474.66 -187.5
vt -59.63 332.652
vn -0.966173 -0.257895 -4.10304e-15
v 1584.34 1494.95 -187.5
vt -59.5146 340.918
v 1584.35 1494.95 -187.682
vt -59.5864 340.919
v 1584.51 1494.99 -190.875
vt -60.8449 340.937
vt -60.9168 340.938
vt -61.0323 332.671
vt -60.9604 332.67
f 2421/4764/1214 2422/4765/1215 2423/4766/1215 2424/4767/1214 2425/4768/1214 2415/4769/1198 2414/4770/1198 2419/4771/1214 

v 1589.77 1474.66 -187.318
vt 29.4558 664.628
vn 0.257895 -0.966173 7.50922e-18
v 1586.41 1473.76 -187.5
vt 29.5276 663.258
vt 29.5993 664.628
vt 29.5276 664.624
f 2426/4772/1216 2427/4773/1216 2421/4774/1216 2422/4775/1216 

v 1580.99 1494.05 -187.5
vt 550.923 498.781
vt 553.052 490.792
vt 554.378 491.145
v 1591.23 1475.05 -187.238
vt 554.954 491.299
v 1585.82 1495.34 -187.238
vt 552.825 499.288
v 1584.35 1494.95 -187.318
vt 552.248 499.134
f 2428/4776/1182 2427/4777/1182 2426/4778/1182 2429/4779/1182 2430/4780/1182 2431/4781/1182 

vt -556.039 491.588
vt -553.909 499.577
vt -555.235 499.93
v 1585.82 1495.34 -187.762
vt -555.811 500.084
v 1591.23 1475.05 -187.762
vt -557.941 492.095
vt -557.364 491.942
f 2427/4782/1176 2428/4783/1176 2424/4784/1176 2432/4785/1176 2433/4786/1176 2421/4787/1176 

vn 0.257895 -0.966173 -8.13921e-17
f 2431/4772/1217 2428/4773/1217 2424/4774/1217 2423/4775/1217 

vn -0.257895 0.966173 2.08133e-14
v 1581.19 1494.1 -183.58
v 1584.51 1494.99 -184.125
vt -28.1989 664.694
vt -29.4558 664.628
f 2428/4504/1218 2434/4503/1218 2435/4788/1218 2431/4789/1218 

vt -2.0149 340.47
vn 0.964849 0.257542 -0.052336
vt -2.01985 340.115
vt -0.474648 340.094
vt -0.469699 340.448
f 2294/4790/1219 2434/4791/1219 2428/4792/1219 2295/4793/1219 

vt 61.876 342.934
vt 63.3019 342.993
f 2434/4794/1196 2032/4795/1196 2018/4575/1196 2294/4574/1196 

vt -26.7882 664.91
vn -0.257895 0.966173 -2.62805e-14
v 1584.55 1495 -183.763
vt -28.0561 664.709
vt -26.5748 663.562
f 2356/4796/1220 2436/4797/1220 2434/4503/1220 2032/4798/1220 

v 1590.46 1474.84 -180.542
vt 63.6468 334.733
v 1590.48 1474.85 -180.425
vt 63.6935 334.735
vt 63.3486 342.995
vt 62.0193 342.94
v 1584.52 1494.99 -183.943
vt 61.9475 342.937
v 1589.94 1474.7 -183.943
vt 62.2924 334.676
v 1589.97 1474.71 -183.763
vt 62.3642 334.679
f 2437/4799/1196 2438/4800/1194 2357/4801/1194 2356/4795/1196 2436/4802/1196 2439/4803/1195 2440/4804/1195 2441/4805/1196 

v 1591.24 1475.05 -187.5
vt 29.5276 665.23
vn 0.257895 -0.966173 9.39003e-15
v 1591.42 1475.1 -190.896
vt 30.8647 665.3
v 1591.93 1475.23 -194.218
vt 32.1724 665.507
v 1591.37 1475.09 -198.016
v 1592.6 1475.41 -201.341
v 1594.16 1475.83 -204.515
v 1596.04 1476.33 -207.503
v 1598.2 1476.91 -210.271
v 1600.64 1477.56 -212.79
v 1603.31 1478.27 -215.031
v 1606.2 1479.04 -216.971
v 1609.27 1479.86 -218.589
v 1612.48 1480.72 -219.865
v 1615.8 1481.61 -220.787
v 1619.2 1482.51 -221.344
v 1622.64 1483.43 -221.531
v 1626.08 1484.35 -221.344
v 1629.47 1485.26 -220.787
v 1632.8 1486.14 -219.865
v 1636.01 1487 -218.589
v 1639.08 1487.82 -216.971
v 1641.96 1488.59 -215.031
v 1644.64 1489.3 -212.79
v 1647.07 1489.95 -210.271
v 1649.24 1490.53 -207.503
v 1651.11 1491.03 -204.515
v 1652.68 1491.45 -201.341
v 1653.91 1491.78 -198.016
v 1654.8 1492.02 -194.575
v 1655.34 1492.16 -191.057
v 1655.52 1492.21 -187.5
v 1655.34 1492.16 -183.943
v 1654.8 1492.02 -180.425
v 1653.91 1491.78 -176.984
v 1652.68 1491.45 -173.659
v 1651.11 1491.03 -170.485
v 1649.24 1490.53 -167.497
v 1647.07 1489.95 -164.729
v 1644.64 1489.3 -162.21
v 1641.96 1488.59 -159.969
v 1639.08 1487.82 -158.029
v 1636.01 1487 -156.411
v 1632.8 1486.14 -155.135
v 1629.47 1485.26 -154.213
v 1626.08 1484.35 -153.656
v 1622.64 1483.43 -153.469
v 1619.2 1482.51 -153.656
v 1615.8 1481.61 -154.213
v 1612.48 1480.72 -155.135
v 1609.27 1479.86 -156.411
v 1606.2 1479.04 -158.029
v 1603.31 1478.27 -159.969
v 1600.64 1477.56 -162.21
v 1598.2 1476.91 -164.729
v 1596.04 1476.33 -167.497
v 1594.16 1475.83 -170.485
v 1592.6 1475.41 -173.659
v 1591.37 1475.09 -176.984
v 1591.93 1475.23 -180.782
vt 26.8827 665.507
v 1591.42 1475.1 -184.104
vt 28.1904 665.3
f 2442/4806/1221 2443/4807/1221 2444/4808/1221 2418/4666/1221 2417/4665/1221 2445/4752/1221 2446/4751/1221 2447/4750/1221 2448/4749/1221 2449/4748/1221 2450/4747/1221 2451/4746/1221 2452/4745/1221 2453/4744/1221 2454/4743/1221 2455/4742/1221 2456/4741/1221 2457/4740/1221 2458/4739/1221 2459/4738/1221 2460/4737/1221 2461/4736/1221 2462/4735/1221 2463/4734/1221 2464/4733/1221 2465/4732/1221 2466/4731/1221 2467/4730/1221 2468/4729/1221 2469/4728/1221 2470/4727/1221 2471/4726/1221 2472/4725/1221 2473/4724/1221 2474/4723/1221 2475/4722/1221 2476/4721/1221 2477/4720/1221 2478/4719/1221 2479/4718/1221 2480/4717/1221 2481/4716/1221 2482/4715/1221 2483/4714/1221 2484/4713/1221 2485/4712/1221 2486/4711/1221 2487/4710/1221 2488/4709/1221 2489/4708/1221 2490/4707/1221 2491/4706/1221 2492/4705/1221 2493/4704/1221 2494/4703/1221 2495/4702/1221 2496/4701/1221 2497/4700/1221 2498/4699/1221 2499/4698/1221 2438/4697/1221 2437/4696/1221 2500/4809/1221 2501/4810/1221 

vn 0.257895 -0.966173 -8.14383e-14
v 1591.38 1475.09 -190.638
vt 30.7629 665.283
vt 29.6306 665.224
f 2421/4774/1222 2419/4761/1222 2502/4811/1222 2443/4807/1222 2442/4806/1222 2433/4812/1222 

vn 0.257895 -0.966173 -3.93145e-14
f 2427/4773/1223 2420/4762/1223 2419/4761/1223 2421/4774/1223 

v 1581.19 1494.1 -191.42
vt 542.136 494.601
vn -0.151143 -0.0403437 0.987688
vt 544.244 486.607
vt 545.57 486.956
vt 546.148 487.108
v 1585.96 1495.38 -190.638
vt 544.04 495.103
vt 543.463 494.951
f 2503/4813/1224 2420/4814/1224 2419/4815/1224 2502/4816/1224 2504/4817/1224 2425/4818/1224 

vt -553.052 490.792
vt -550.923 498.781
vt -552.248 499.134
v 1586.01 1495.39 -191.158
vt -552.825 499.288
v 1591.43 1475.1 -191.158
vt -554.954 491.299
vt -554.378 491.145
f 2420/4819/1178 2503/4820/1178 2416/4821/1178 2505/4822/1178 2506/4823/1178 2413/4824/1178 

vt -32.4803 663.562
vn -0.257895 0.966173 1.77948e-14
vt -30.999 664.709
vt -32.2669 664.91
f 2239/4825/1225 2503/4505/1225 2416/4826/1225 2311/4827/1225 

vt -120.153 345.367
f 2296/4589/1200 2238/4588/1200 2239/4664/1200 2503/4828/1200 

v 1620.78 1505.6 -150.205
vn 0.257895 -0.966173 1.78133e-14
vt 27.9843 663.339
v 1624.52 1506.6 -224.181
v 1628.19 1507.58 -223.165
v 1631.73 1508.53 -221.758
v 1635.11 1509.43 -219.976
v 1638.29 1510.28 -217.838
v 1641.23 1511.06 -215.368
v 1643.92 1511.78 -212.592
v 1646.3 1512.42 -209.542
v 1648.37 1512.97 -206.25
v 1650.09 1513.43 -202.753
v 1651.45 1513.79 -199.088
v 1652.43 1514.05 -195.297
v 1653.02 1514.21 -191.42
v 1653.22 1514.26 -187.5
v 1653.02 1514.21 -183.58
v 1652.43 1514.05 -179.703
v 1651.45 1513.79 -175.912
v 1650.09 1513.43 -172.247
v 1648.37 1512.97 -168.75
v 1646.3 1512.42 -165.458
v 1643.92 1511.78 -162.408
v 1641.23 1511.06 -159.632
v 1638.29 1510.28 -157.162
v 1635.11 1509.43 -155.024
v 1631.73 1508.53 -153.242
v 1628.19 1507.58 -151.835
v 1624.52 1506.6 -150.819
f 2507/4695/1226 2014/3986/1226 2031/3985/1226 2030/3984/1226 2029/3983/1226 2028/3982/1226 2027/3981/1226 2026/3980/1226 2025/3979/1226 2024/3978/1226 2023/3977/1226 2022/3976/1226 2021/3975/1226 2020/3974/1226 2019/3973/1226 2018/3972/1226 2294/4829/1226 2295/4773/1226 2296/4762/1226 2238/4472/1226 2258/4471/1226 2257/4470/1226 2256/4469/1226 2255/4468/1226 2254/4467/1226 2253/4466/1226 2252/4465/1226 2251/4464/1226 2250/4463/1226 2249/4462/1226 2248/4461/1226 2247/4460/1226 2246/4459/1226 2245/4458/1226 2264/4667/1226 2508/4668/1226 2509/4669/1226 2510/4670/1226 2511/4671/1226 2512/4672/1226 2513/4673/1226 2514/4674/1226 2515/4675/1226 2516/4676/1226 2517/4677/1226 2518/4678/1226 2519/4679/1226 2520/4680/1226 2521/4681/1226 2522/4682/1226 2523/4683/1226 2524/4684/1226 2525/4685/1226 2526/4686/1226 2527/4687/1226 2528/4688/1226 2529/4689/1226 2530/4690/1226 2531/4691/1226 2532/4692/1226 2533/4693/1226 2534/4694/1226 

vt 568.811 503.916
vn 0.100993 0.0269574 0.994522
v 1616.39 1522.03 -150.205
vt 567.087 510.383
v 1612.61 1521.02 -150
vt 565.594 509.985
vn 0.0505656 0.0134972 0.99863
vt 567.115 504.279
vt 567.318 503.518
f 2507/4830/1227 2535/4831/1227 2536/4832/1228 2015/4833/1228 2014/4834/1228 

vt 565.983 501.254
vn 0.200879 0.0536195 0.978148
v 1620.14 1523.03 -150.819
vt 564.276 507.726
vt 562.782 507.332
vt 564.488 500.86
f 2534/4835/1229 2537/4836/1229 2535/4837/1227 2507/4838/1227 

vt 557.34 495.239
vn 0.298564 0.0796941 0.951057
v 1623.8 1524 -151.835
vt 555.669 501.72
vt 554.173 501.334
vt 555.844 494.853
f 2533/4839/1230 2538/4840/1230 2537/4841/1229 2534/4842/1229 

vt 542.911 486.11
vn 0.392978 0.104896 0.913545
v 1627.34 1524.95 -153.242
vt 541.293 492.604
vt 539.793 492.23
vt 541.412 485.736
f 2532/4843/1231 2539/4844/1231 2538/4845/1230 2533/4846/1230 

vt 522.759 474.232
vn 0.483086 0.128948 0.866025
v 1630.72 1525.85 -155.024
vt 521.21 480.743
vt 519.707 480.386
vt 521.255 473.874
f 2531/4847/1232 2540/4848/1232 2539/4849/1231 2532/4850/1231 

vt 496.986 460.09
vn 0.567902 0.151587 0.809017
v 1633.9 1526.7 -157.162
vt 495.524 466.621
vt 494.016 466.284
vt 495.478 459.752
f 2530/4851/1233 2541/4852/1233 2540/4853/1232 2531/4854/1232 

vt 465.748 444.27
vn 0.646496 0.172566 0.743145
v 1636.85 1527.49 -159.632
vt 464.388 450.823
vt 462.875 450.509
vt 464.235 443.956
f 2529/4855/1234 2542/4856/1234 2541/4857/1233 2530/4858/1233 

vt 429.257 427.438
vn 0.718006 0.191654 0.669131
v 1639.53 1528.2 -162.408
vt 428.015 434.015
vt 426.497 433.728
vt 427.738 427.152
f 2528/4859/1235 2543/4860/1235 2542/4861/1234 2529/4862/1234 

vt 387.798 410.32
vn 0.78165 0.208642 0.587785
v 1641.92 1528.84 -165.458
vt 386.689 416.921
vt 385.165 416.665
vt 386.274 410.064
f 2527/4863/1236 2544/4864/1236 2543/4865/1235 2528/4866/1235 

vt 341.734 393.667
vn 0.83673 0.223344 0.5
v 1643.98 1529.39 -168.75
vt 340.771 400.29
vt 339.242 400.068
vt 340.205 393.445
f 2526/4867/1237 2545/4868/1237 2544/4869/1236 2527/4870/1236 

vt 291.514 378.225
vn 0.882643 0.235599 0.406737
v 1645.71 1529.85 -172.247
vt 290.709 384.869
vt 289.174 384.683
vt 289.98 378.039
f 2525/4871/1238 2546/4872/1238 2545/4873/1237 2526/4874/1237 

vt 237.673 364.697
vn 0.918885 0.245273 0.309017
v 1647.06 1530.21 -175.912
vt 237.036 371.36
vt 235.497 371.213
vt 236.135 364.55
f 2524/4875/1239 2547/4876/1239 2546/4877/1238 2525/4878/1238 

vt 180.831 353.712
vn 0.94506 0.25226 0.207912
v 1648.05 1530.48 -179.703
vt 180.37 360.389
vt 178.828 360.283
vt 179.289 353.606
f 2523/4879/1240 2548/4880/1240 2547/4881/1239 2524/4882/1239 

vt 121.683 345.786
vn 0.96088 0.256483 0.104528
v 1648.64 1530.63 -183.58
vt 121.403 352.473
vt 119.859 352.408
vt 120.139 345.721
f 2522/4883/1241 2549/4884/1241 2548/4885/1240 2523/4886/1240 

v 1652.71 1516.19 -187.5
vt 60.9723 342.081
vn 0.964849 0.257542 0.052336
v 1648.84 1530.69 -187.5
vt 60.8898 347.986
vt 59.3446 347.964
vt 59.4381 341.272
vt 60.9833 341.293
f 2550/4887/1242 2551/4888/1242 2549/4889/1241 2522/4890/1241 2521/4891/1242 

vn 0.96088 0.256483 -0.104528
v 1648.64 1530.63 -191.42
vt -0.376209 347.14
vt -1.92141 347.162
vt -2.0039 341.257
f 2520/4793/1243 2552/4892/1243 2551/4893/1219 2550/4894/1219 2521/4790/1219 

vt -61.8613 343.288
vn 0.94506 0.25226 -0.207912
v 1648.05 1530.48 -195.297
vt -61.582 349.975
vt -63.126 350.039
vt -63.4053 343.352
f 2519/4895/1244 2553/4896/1244 2552/4897/1243 2520/4898/1243 

vt -122.382 349.674
vn 0.918885 0.245273 -0.309017
v 1647.06 1530.21 -199.088
vt -121.921 356.351
vt -123.462 356.458
vt -123.924 349.781
f 2518/4899/1245 2554/4900/1245 2553/4901/1244 2519/4902/1244 

vt -181.252 359.3
vn 0.882643 0.235599 -0.406737
v 1645.71 1529.85 -202.753
vt -180.615 365.963
vt -182.153 366.11
vt -182.791 359.447
f 2517/4903/1246 2555/4904/1246 2554/4905/1245 2518/4906/1245 

vt -237.743 371.709
vn 0.83673 0.223344 -0.5
v 1643.98 1529.39 -206.25
vt -236.938 378.353
vt -238.472 378.539
vt -239.277 371.894
f 2516/4907/1247 2556/4908/1247 2555/4909/1246 2517/4910/1246 

vt -291.192 386.319
vn 0.78165 0.208642 -0.587785
v 1641.92 1528.84 -209.542
vt -290.229 392.943
vt -291.758 393.165
vt -292.721 386.542
f 2515/4911/1248 2557/4912/1248 2556/4913/1247 2516/4914/1247 

vt -341.013 402.461
vn 0.718006 0.191654 -0.669131
v 1639.53 1528.2 -212.592
vt -339.904 409.062
vt -341.428 409.318
vt -342.537 402.717
f 2514/4915/1249 2558/4916/1249 2557/4917/1248 2515/4918/1248 

vt -386.704 419.407
vn 0.646496 0.172566 -0.743145
v 1636.85 1527.49 -215.368
vt -385.463 425.984
vt -386.982 426.27
vt -388.223 419.693
f 2513/4919/1250 2559/4920/1250 2558/4921/1249 2514/4922/1249 

vt -427.845 436.407
vn 0.567902 0.151587 -0.809017
v 1633.9 1526.7 -217.838
vt -426.485 442.96
vt -427.998 443.274
vt -429.358 436.721
f 2512/4923/1251 2560/4924/1251 2559/4925/1250 2513/4926/1250 

vt -464.092 452.726
vn 0.483086 0.128948 -0.866025
v 1630.72 1525.85 -219.976
vt -462.629 459.257
vt -464.138 459.595
vt -465.6 453.064
f 2511/4927/1252 2561/4928/1252 2560/4929/1251 2512/4930/1251 

vt -495.173 467.671
vn 0.392978 0.104896 -0.913545
v 1627.34 1524.95 -221.758
vt -493.624 474.182
vt -495.127 474.54
vt -496.676 468.028
f 2510/4931/1253 2562/4932/1253 2561/4933/1252 2511/4934/1252 

vt -520.876 480.619
vn 0.298564 0.0796941 -0.951057
v 1623.8 1524 -223.165
vt -519.258 487.113
vt -520.757 487.486
vt -522.376 480.992
f 2509/4935/1254 2563/4936/1254 2562/4937/1253 2510/4938/1253 

vt -541.043 491.037
vn 0.200879 0.0536195 -0.978148
v 1620.14 1523.03 -224.181
vt -539.372 497.518
vt -540.868 497.904
vt -542.539 491.423
f 2508/4939/1255 2564/4940/1255 2563/4941/1254 2509/4942/1254 

vt -555.555 498.505
vt -553.849 504.977
vt -555.343 505.371
vt -557.05 498.899
f 2264/4943/1179 2263/4944/1179 2564/4945/1255 2508/4946/1255 

vt -27.9843 692.705
vn -0.257895 0.966173 -9.35699e-15
vt -29.5276 692.786
vt -31.0708 692.705
vt -32.5971 692.463
vt -34.0898 692.063
vt -35.5325 691.509
vt -36.9094 690.808
vt -38.2055 689.966
vt -39.4065 688.994
vt -40.4992 687.901
vt -41.4717 686.7
vt -42.3134 685.404
vt -43.0149 684.027
vt -43.5687 682.584
vt -43.9687 681.092
vt -44.2105 679.565
v 1605.07 1519.01 -224.181
v 1601.41 1518.03 -223.165
v 1597.87 1517.08 -221.758
v 1594.49 1516.18 -219.976
v 1591.31 1515.33 -217.838
v 1588.36 1514.55 -215.368
v 1585.68 1513.83 -212.592
v 1583.29 1513.19 -209.542
v 1581.23 1512.64 -206.25
v 1579.51 1512.18 -202.753
v 1578.15 1511.82 -199.088
v 1577.17 1511.56 -195.297
v 1576.57 1511.4 -191.42
v 1576.38 1511.35 -187.5
v 1576.57 1511.4 -183.58
v 1577.17 1511.56 -179.703
v 1578.15 1511.82 -175.912
v 1579.51 1512.18 -172.247
v 1581.23 1512.64 -168.75
v 1583.29 1513.19 -165.458
v 1585.68 1513.83 -162.408
v 1588.36 1514.55 -159.632
v 1591.31 1515.33 -157.162
v 1594.49 1516.18 -155.024
v 1597.87 1517.08 -153.242
v 1601.41 1518.03 -151.835
v 1605.07 1519.01 -150.819
v 1608.82 1520.01 -150.205
vt -14.8447 679.565
vt -15.0864 681.092
vt -15.4864 682.584
vt -16.0402 684.027
vt -16.7418 685.404
vt -17.5834 686.7
vt -18.5559 687.901
vt -19.6487 688.994
vt -20.8496 689.966
vt -22.1457 690.808
vt -23.5226 691.509
vt -24.9653 692.063
vt -26.458 692.463
f 2549/4947/1256 2551/4948/1256 2552/4949/1256 2553/4950/1256 2554/4951/1256 2555/4952/1256 2556/4953/1256 2557/4954/1256 2558/4955/1256 2559/4956/1256 2560/4957/1256 2561/4958/1256 2562/4959/1256 2563/4960/1256 2564/4961/1256 2263/4962/1256 2262/4519/1256 2265/4518/1256 2565/4517/1256 2566/4516/1256 2567/4515/1256 2568/4514/1256 2569/4513/1256 2570/4512/1256 2571/4511/1256 2572/4510/1256 2573/4509/1256 2574/4508/1256 2575/4507/1256 2576/4506/1256 2577/4505/1256 2578/4504/1256 2579/4503/1256 2580/4502/1256 2581/4501/1256 2582/4500/1256 2583/4499/1256 2584/4498/1256 2585/4497/1256 2586/4496/1256 2587/4495/1256 2588/4494/1256 2589/4493/1256 2590/4492/1256 2591/4491/1256 2592/4490/1256 2536/4489/1256 2535/4963/1256 2537/4964/1256 2538/4965/1256 2539/4966/1256 2540/4967/1256 2541/4968/1256 2542/4969/1256 2543/4970/1256 2544/4971/1256 2545/4972/1256 2546/4973/1256 2547/4974/1256 2548/4975/1256 

vt -562.782 507.332
vt -564.276 507.726
f 2261/4635/1177 2293/4638/1211 2565/4976/1211 2265/4977/1177 

vt -554.173 501.334
vt -555.669 501.72
f 2293/4631/1211 2292/4634/1210 2566/4978/1210 2565/4979/1211 

vt -539.793 492.23
vt -541.293 492.604
f 2292/4627/1210 2291/4630/1209 2567/4980/1209 2566/4981/1210 

vt -519.707 480.386
vt -521.21 480.743
f 2291/4623/1209 2290/4626/1208 2568/4982/1208 2567/4983/1209 

vt -494.016 466.284
vt -495.524 466.621
f 2290/4619/1208 2289/4622/1207 2569/4984/1207 2568/4985/1208 

vt -462.875 450.509
vt -464.388 450.823
f 2289/4615/1207 2288/4618/1206 2570/4986/1206 2569/4987/1207 

vt -426.497 433.728
vt -428.015 434.015
f 2288/4611/1206 2287/4614/1205 2571/4988/1205 2570/4989/1206 

vt -385.165 416.665
vt -386.689 416.921
f 2287/4607/1205 2286/4610/1204 2572/4990/1204 2571/4991/1205 

vt -339.242 400.068
vt -340.771 400.29
f 2286/4603/1204 2285/4606/1203 2573/4992/1203 2572/4993/1204 

vt -289.174 384.683
vt -290.709 384.869
f 2285/4599/1203 2284/4602/1202 2574/4994/1202 2573/4995/1203 

vt -235.497 371.213
vt -237.036 371.36
f 2284/4595/1202 2283/4598/1201 2575/4996/1201 2574/4997/1202 

vt -178.828 360.283
vt -180.37 360.389
f 2283/4591/1201 2282/4594/1199 2576/4998/1199 2575/4999/1201 

vt -119.859 352.408
vt -121.403 352.473
f 2282/4586/1199 2281/4590/1198 2577/5000/1198 2576/5001/1199 

vn -0.966173 -0.257895 -5.55873e-17
vt -59.3446 347.964
vt -60.8898 347.986
f 2281/4582/1198 2280/4585/1257 2578/5002/1257 2577/5003/1198 

vt 1.92141 347.162
vt 0.376209 347.14
f 2280/4578/1257 2279/4581/1195 2579/5004/1195 2578/5005/1257 

vt 63.126 350.039
vt 61.582 349.975
f 2279/4573/1195 2278/4577/1194 2580/5006/1194 2579/5007/1195 

vt 123.462 356.458
vt 121.921 356.351
f 2278/4569/1194 2277/4572/1193 2581/5008/1193 2580/5009/1194 

vt 182.153 366.11
vt 180.615 365.963
f 2277/4565/1193 2276/4568/1192 2582/5010/1192 2581/5011/1193 

vt 238.472 378.539
vt 236.938 378.353
f 2276/4561/1192 2275/4564/1191 2583/5012/1191 2582/5013/1192 

vt 291.758 393.165
vt 290.229 392.943
f 2275/4557/1191 2274/4560/1190 2584/5014/1190 2583/5015/1191 

vt 341.428 409.318
vt 339.904 409.062
f 2274/4553/1190 2273/4556/1189 2585/5016/1189 2584/5017/1190 

vt 386.982 426.27
vt 385.463 425.984
f 2273/4549/1189 2272/4552/1188 2586/5018/1188 2585/5019/1189 

vt 427.998 443.274
vt 426.485 442.96
f 2272/4545/1188 2271/4548/1187 2587/5020/1187 2586/5021/1188 

vt 464.138 459.595
vt 462.629 459.257
f 2271/4541/1187 2270/4544/1186 2588/5022/1186 2587/5023/1187 

vt 495.127 474.54
vt 493.624 474.182
f 2270/4537/1186 2269/4540/1185 2589/5024/1185 2588/5025/1186 

vt 520.757 487.486
vt 519.258 487.113
f 2269/4533/1185 2268/4536/1184 2590/5026/1184 2589/5027/1185 

vt 540.868 497.904
vt 539.372 497.518
f 2268/4529/1184 2267/4532/1183 2591/5028/1183 2590/5029/1184 

vt 555.343 505.371
vt 553.849 504.977
f 2267/4525/1183 2266/4528/1181 2592/5030/1181 2591/5031/1183 

vt 564.1 509.587
vt 562.607 509.189
f 2266/4521/1181 2015/4524/1182 2536/5032/1182 2592/5033/1181 

vt -555.646 498.163
vt -557.14 498.557
f 2313/5034/1179 2264/4943/1179 2508/4946/1255 2314/5035/1255 

vt -564.422 502.379
vt -565.916 502.777
f 2312/5036/1178 2245/4481/1178 2264/4485/1179 2313/5037/1179 

vt -567.409 503.175
vt -568.902 503.573
f 2298/5038/1177 2246/4479/1177 2245/4478/1176 2312/5039/1176 

vt -541.131 490.694
vt -542.628 491.08
f 2314/5040/1255 2508/4939/1255 2509/4942/1254 2315/5041/1254 

vt -520.962 480.275
vt -522.461 480.648
f 2315/5042/1254 2509/4935/1254 2510/4938/1253 2316/5043/1253 

vt -495.255 467.326
vt -496.758 467.684
f 2316/5044/1253 2510/4931/1253 2511/4934/1252 2317/5045/1252 

vt -464.169 452.38
vt -465.677 452.718
f 2317/5046/1252 2511/4927/1252 2512/4930/1251 2318/5047/1251 

vt -427.917 436.06
vt -429.43 436.374
f 2318/5048/1251 2512/4923/1251 2513/4926/1250 2319/5049/1250 

vt -386.77 419.059
vt -388.289 419.345
f 2319/5050/1250 2513/4919/1250 2514/4922/1249 2320/5051/1249 

vt -341.072 402.112
vt -342.596 402.368
f 2320/5052/1249 2514/4915/1249 2515/4918/1248 2321/5053/1248 

vt -291.243 385.969
vt -292.772 386.191
f 2321/5054/1248 2515/4911/1248 2516/4914/1247 2322/5055/1247 

vt -237.786 371.357
vt -239.32 371.543
f 2322/5056/1247 2516/4907/1247 2517/4910/1246 2323/5057/1246 

vt -181.286 358.947
vt -182.825 359.095
f 2323/5058/1246 2517/4903/1246 2518/4906/1245 2324/5059/1245 

vt -122.406 349.321
vt -123.948 349.427
f 2324/5060/1245 2518/4899/1245 2519/4902/1244 2325/5061/1244 

vt -61.876 342.934
vt -63.42 342.998
f 2325/5062/1244 2519/4895/1244 2520/4898/1243 2326/5063/1243 

f 2326/4792/1243 2520/4793/1243 2521/4790/1219 2327/4791/1219 

vt 60.9883 340.939
vt 59.4431 340.917
f 2327/5064/1242 2521/4891/1242 2522/4890/1241 2328/5065/1241 

vt 121.697 345.432
vt 120.153 345.367
f 2328/5066/1241 2522/4883/1241 2523/4886/1240 2329/5067/1240 

vt 180.855 353.359
vt 179.314 353.252
f 2329/5068/1240 2523/4879/1240 2524/4882/1239 2330/5069/1239 

vt 237.707 364.344
vt 236.168 364.197
f 2330/5070/1239 2524/4875/1239 2525/4878/1238 2331/5071/1238 

vt 291.556 377.873
vt 290.022 377.687
f 2331/5072/1238 2525/4871/1238 2526/4874/1237 2332/5073/1237 

vt 341.785 393.316
vt 340.256 393.094
f 2332/5074/1237 2526/4867/1237 2527/4870/1236 2333/5075/1236 

vt 387.856 409.971
vt 386.332 409.715
f 2333/5076/1236 2527/4863/1236 2528/4866/1235 2334/5077/1235 

vt 429.322 427.09
vt 427.804 426.803
f 2334/5078/1235 2528/4859/1235 2529/4862/1234 2335/5079/1234 

vt 465.82 443.923
vt 464.307 443.609
f 2335/5080/1234 2529/4855/1234 2530/4858/1233 2336/5081/1233 

vt 497.064 459.744
vt 495.556 459.407
f 2336/5082/1233 2530/4851/1233 2531/4854/1232 2337/5083/1232 

vt 522.841 473.887
vt 521.337 473.529
f 2337/5084/1232 2531/4847/1232 2532/4850/1231 2338/5085/1231 

vt 542.997 485.766
vt 541.497 485.392
f 2338/5086/1231 2532/4843/1231 2533/4846/1230 2339/5087/1230 

vt 557.428 494.896
vt 555.932 494.51
f 2339/5088/1230 2533/4839/1230 2534/4842/1229 2340/5089/1229 

vt 566.073 500.912
vt 564.579 500.518
f 2340/5090/1229 2534/4835/1229 2507/4838/1227 2341/5091/1227 

vt 568.902 503.573
vt 567.409 503.175
f 2341/5092/1227 2507/4830/1227 2014/4834/1228 2342/5093/1228 

vt 565.916 502.777
vt 564.422 502.379
f 2342/5094/1182 2014/4523/1182 2031/4522/1181 2343/5095/1181 

vt 557.14 498.557
vt 555.646 498.163
f 2343/5096/1181 2031/4527/1181 2030/4526/1183 2344/5097/1183 

vt 542.628 491.08
vt 541.131 490.694
f 2344/5098/1183 2030/4531/1183 2029/4530/1184 2345/5099/1184 

vt 522.461 480.648
vt 520.962 480.275
f 2345/5100/1184 2029/4535/1184 2028/4534/1185 2346/5101/1185 

vt 496.758 467.684
vt 495.255 467.326
f 2346/5102/1185 2028/4539/1185 2027/4538/1186 2347/5103/1186 

vt 465.677 452.718
vt 464.169 452.38
f 2347/5104/1186 2027/4543/1186 2026/4542/1187 2348/5105/1187 

vt 429.43 436.374
vt 427.917 436.06
f 2348/5106/1187 2026/4547/1187 2025/4546/1188 2349/5107/1188 

vt 388.289 419.345
vt 386.77 419.059
f 2349/5108/1188 2025/4551/1188 2024/4550/1189 2350/5109/1189 

vt 342.596 402.368
vt 341.072 402.112
f 2350/5110/1189 2024/4555/1189 2023/4554/1190 2351/5111/1190 

vt 292.772 386.191
vt 291.243 385.969
f 2351/5112/1190 2023/4559/1190 2022/4558/1191 2352/5113/1191 

vt 239.32 371.543
vt 237.786 371.357
f 2352/5114/1191 2022/4563/1191 2021/4562/1192 2353/5115/1192 

vt 182.825 359.095
vt 181.286 358.947
f 2353/5116/1192 2021/4567/1192 2020/4566/1193 2354/5117/1193 

vt 123.948 349.427
vt 122.406 349.321
f 2354/5118/1193 2020/4571/1193 2019/4570/1194 2355/5119/1194 

vt 63.42 342.998
f 2019/4576/1194 2018/4575/1196 2032/4795/1196 2355/5120/1194 

f 2295/4890/1242 2428/5065/1242 2503/5064/1242 2296/4891/1242 

vn 0.257895 -0.966173 -1.1818e-14
f 2428/4773/1258 2503/4762/1258 2425/4761/1258 2424/4774/1258 

vn 0.257895 -0.966173 8.24739e-13
f 2415/4760/1259 2425/4761/1259 2503/4762/1259 2416/4763/1259 

vt -30.928 664.698
vn -0.257895 0.966173 -6.04095e-13
vt -30.8562 664.694
vt -30.7629 665.283
v 1586 1495.39 -190.896
vt -30.8647 665.3
vt -30.9678 665.305
f 2415/5121/1260 2425/5122/1260 2504/5123/1260 2593/5124/1260 2505/5125/1260 2416/4826/1260 

v 1585.83 1495.34 -187.5
vt -29.5276 665.23
vn -0.257895 0.966173 5.9197e-14
vt -29.5993 664.628
vt -29.6306 665.224
f 2594/5126/1261 2593/5124/1261 2504/5123/1261 2425/5122/1261 2424/5127/1261 2432/5128/1261 

vt 61.1038 332.672
vt 60.8851 340.938
vt 59.5462 340.919
vt 59.5586 332.651
vt 59.6617 332.652
vt 61.0006 332.671
f 2506/5129/1242 2505/5064/1242 2593/5130/1242 2594/5131/1242 2430/5065/1242 2429/5132/1242 2442/5133/1242 2443/5134/1242 

v 1586.51 1495.52 -194.218
vt -32.1724 665.507
vn -0.257895 0.966173 9.33692e-15
f 2595/5135/1262 2311/4827/1262 2416/4826/1262 2505/5125/1262 2593/5124/1262 

vt -544.244 486.607
vn 0.151143 0.0403437 -0.987688
vt -542.136 494.601
vt -543.455 494.949
vt -544.04 495.103
vt -546.148 487.108
vt -545.563 486.954
f 2240/5136/1263 2239/5137/1263 2311/5138/1263 2595/5139/1263 2444/5140/1263 2418/5141/1263 

vt 121.924 337.166
vn 0.954278 0.25472 0.156434
vt 121.579 345.427
vt 120.256 345.372
vt 120.498 337.107
vt 120.601 337.111
f 2444/5142/1264 2595/5143/1264 2593/5144/1264 2504/5067/1264 2502/5145/1264 2443/5146/1264 

vt 30.9678 665.305
vn 0.257895 -0.966173 3.26046e-13
f 2506/5147/1265 2443/4807/1265 2502/4811/1265 2419/4761/1265 2414/4760/1265 2413/4763/1265 

vn 0.257895 -0.966173 -8.90367e-14
f 2413/4763/1266 2418/4666/1266 2444/4808/1266 2443/4807/1266 2506/5147/1266 

vn 0.257895 -0.966173 1.52114e-15
f 2240/4472/1267 2418/4666/1267 2413/4763/1267 2420/4762/1267 

vt -29.4245 665.224
vn -0.257895 0.966173 -1.04973e-17
vt -29.5276 664.624
f 2430/5148/1268 2594/5126/1268 2432/5128/1268 2424/5127/1268 2423/5149/1268 2431/4789/1268 

vn -0.257895 0.966173 -4.55349e-16
v 1585.96 1495.38 -184.362
vt -28.2923 665.283
v 1586 1495.39 -184.104
vt -28.1904 665.3
f 2431/4789/1269 2435/4788/1269 2596/5150/1269 2597/5151/1269 2594/5126/1269 2430/5148/1269 

v 1589.93 1474.7 -184.125
vt 1.99199 331.846
vn -0.964849 -0.257542 0.052336
vt 2.06386 331.847
vt 1.94837 340.114
vt 1.8765 340.113
vt 0.618 340.096
vt 0.546127 340.095
vt 0.661614 331.828
vt 0.733486 331.829
f 2598/5152/1270 2440/5153/1195 2439/5154/1195 2435/5155/1270 2431/5156/1270 2423/5157/1215 2422/5158/1215 2426/5159/1270 

vt 28.0561 664.709
vn 0.257895 -0.966173 6.93734e-13
v 1586.61 1473.81 -183.58
vt 28.1989 664.694
vt 28.1271 664.698
f 2441/5160/1271 2599/4829/1271 2598/5161/1271 2440/5162/1271 

vt 553.909 499.577
vt 556.039 491.588
vt 557.364 491.942
v 1591.43 1475.1 -183.842
vt 557.941 492.095
v 1586.01 1495.39 -183.842
vt 555.811 500.084
vt 555.235 499.93
f 2434/5163/1228 2599/5164/1228 2441/5165/1228 2600/5166/1228 2601/5167/1228 2436/5168/1228 

vt -553.177 488.962
vn -0.151143 -0.0403437 -0.987688
vt -551.069 496.956
vt -552.396 497.306
vt -552.973 497.458
v 1591.38 1475.09 -184.362
vt -555.081 489.463
vt -554.503 489.311
f 2599/5169/1272 2434/5170/1272 2435/5171/1272 2596/5172/1272 2602/5173/1272 2598/5174/1272 

vt -28.1271 664.698
vn -0.257895 0.966173 6.10367e-14
f 2439/5175/1273 2435/4788/1273 2434/4503/1273 2436/4797/1273 

vt -28.0873 665.305
vn -0.257895 0.966173 -1.53297e-15
f 2601/5176/1274 2597/5151/1274 2596/5150/1274 2435/4788/1274 2439/5175/1274 2436/4797/1274 

vt -0.590135 331.827
vt -0.577803 340.095
vt -1.9167 340.114
vt -2.13534 331.848
vt -2.03218 331.847
vt -0.69329 331.828
f 2433/5177/1219 2432/4792/1219 2594/5178/1219 2597/5179/1219 2601/4791/1219 2600/5180/1219 2501/5181/1219 2442/5182/1219 

v 1586.51 1495.52 -180.782
vt -26.8827 665.507
vn -0.257895 0.966173 1.34462e-14
f 2603/5183/1275 2597/5151/1275 2601/5176/1275 2436/4797/1275 2356/4796/1275 

vt -62.221 334.673
vn 0.954278 0.25472 -0.156434
vt -61.9791 342.938
vt -63.3019 342.993
vt -63.6468 334.733
vt -62.324 334.678
f 2602/5184/1276 2596/5062/1276 2597/5185/1276 2603/5186/1276 2500/5187/1276 2501/5188/1276 

vt 551.069 496.956
vn 0.151143 0.0403437 0.987688
vt 553.177 488.962
vt 554.496 489.309
vt 555.081 489.463
vt 552.973 497.458
vt 552.388 497.304
f 2032/5189/1277 2033/5190/1277 2437/5191/1277 2500/5192/1277 2603/5193/1277 2356/5194/1277 

vn 0.257895 -0.966173 5.89893e-14
f 2033/3972/1278 2599/4829/1278 2441/5160/1278 2437/4696/1278 

vt 28.0873 665.305
vn 0.257895 -0.966173 9.43857e-14
f 2600/5195/1279 2501/4810/1279 2500/4809/1279 2437/4696/1279 2441/5160/1279 

vn 0.257895 -0.966173 2.74454e-13
vt 28.2923 665.283
f 2440/5162/1280 2598/5161/1280 2602/5196/1280 2501/4810/1280 2600/5195/1280 2441/5160/1280 

vn 0.257895 -0.966173 3.69412e-14
vt 29.4245 665.224
f 2442/4806/1281 2501/4810/1281 2602/5196/1281 2598/5161/1281 2426/4772/1281 2429/5197/1281 

vn 0.257895 -0.966173 1.86322e-14
f 2426/4772/1282 2598/5161/1282 2599/4829/1282 2427/4773/1282 

vn 0.257895 -0.966173 -5.65162e-17
f 2422/4775/1283 2421/4774/1283 2433/4812/1283 2442/4806/1283 2429/5197/1283 2426/4772/1283 

vn -0.257895 0.966173 -7.43923e-15
f 2435/4788/1284 2434/4503/1284 2436/4797/1284 2439/5175/1284 

vn -0.257895 0.966173 2.37757e-14
f 2424/5127/1285 2428/4504/1285 2431/4789/1285 2423/5149/1285 

vt -181.354 345.106
vt -179.955 345.009
vt -179.385 353.257
vt -180.784 353.354
f 2445/5198/1201 2417/5199/1199 2310/5200/1199 2412/5201/1201 

vt -238.423 356.108
vt -237.027 355.974
vt -236.24 364.204
vt -237.636 364.338
f 2446/5202/1202 2445/5203/1201 2412/5204/1201 2411/5205/1202 

vt -292.48 369.656
vt -291.088 369.488
vt -290.093 377.695
vt -291.485 377.864
f 2447/5206/1203 2446/5207/1202 2411/5208/1202 2410/5209/1203 

vt -342.903 385.124
vt -341.516 384.923
vt -340.326 393.104
vt -341.714 393.306
f 2448/5210/1204 2447/5211/1203 2410/5212/1203 2409/5213/1204 

vt -389.155 401.805
vt -387.772 401.573
vt -386.403 409.727
vt -387.786 409.959
f 2449/5214/1205 2448/5215/1204 2409/5216/1204 2408/5217/1205 

vt -430.786 418.953
vt -429.407 418.692
vt -427.874 426.817
vt -429.252 427.077
f 2450/5218/1206 2449/5219/1205 2408/5220/1205 2407/5221/1206 

vt -467.429 435.813
vt -466.056 435.528
vt -464.377 443.623
vt -465.75 443.908
f 2451/5222/1207 2450/5223/1206 2407/5224/1206 2406/5225/1207 

vt -498.8 451.66
vt -497.432 451.354
vt -495.626 459.422
vt -496.994 459.728
f 2452/5226/1208 2451/5227/1207 2406/5228/1207 2405/5229/1208 

vt -524.684 465.827
vt -523.32 465.503
vt -521.407 473.546
vt -522.771 473.871
f 2453/5230/1209 2452/5231/1208 2405/5232/1208 2404/5233/1209 

vt -544.927 477.726
vt -543.566 477.387
vt -541.567 485.409
vt -542.928 485.748
f 2454/5234/1210 2453/5235/1209 2404/5236/1209 2403/5237/1210 

vt -559.423 486.872
vt -558.065 486.522
vt -556.001 494.528
vt -557.359 494.878
f 2455/5238/1211 2454/5239/1210 2403/5240/1210 2402/5241/1211 

vt -568.112 492.899
vt -566.755 492.541
vt -564.648 500.536
vt -566.004 500.893
f 2456/5242/1177 2455/5243/1211 2402/5244/1211 2401/5245/1177 

vt -570.962 495.566
vt -569.607 495.205
vt -567.478 503.194
vt -568.833 503.555
f 2457/5246/1176 2456/5247/1177 2401/5248/1177 2400/5249/1176 

vt -567.976 494.77
vt -566.621 494.409
vt -564.491 502.398
vt -565.847 502.759
f 2458/5250/1179 2457/5251/1178 2400/5252/1178 2399/5253/1179 

vt -559.179 490.544
vt -557.822 490.186
vt -555.715 498.181
vt -557.071 498.538
f 2459/5254/1255 2458/5255/1179 2399/5256/1179 2398/5257/1255 

vt -544.623 483.056
vt -543.265 482.706
vt -541.201 490.712
vt -542.559 491.062
f 2460/5258/1254 2459/5259/1255 2398/5260/1255 2397/5261/1254 

vt -524.391 472.609
vt -523.03 472.27
vt -521.031 480.292
vt -522.392 480.631
f 2461/5262/1253 2460/5263/1254 2397/5264/1254 2396/5265/1253 

vt -498.601 459.624
vt -497.237 459.299
vt -495.324 467.343
vt -496.688 467.667
f 2462/5266/1252 2461/5267/1253 2396/5268/1253 2395/5269/1252 

vt -467.413 444.634
vt -466.045 444.328
vt -464.239 452.396
vt -465.607 452.702
f 2463/5270/1251 2462/5271/1252 2395/5272/1252 2394/5273/1251 

vt -431.039 428.264
vt -429.666 427.979
vt -427.987 436.075
vt -429.36 436.359
f 2464/5274/1250 2463/5275/1251 2394/5276/1251 2393/5277/1250 

vt -389.752 411.208
vt -388.374 410.948
vt -386.84 419.072
vt -388.218 419.332
f 2465/5278/1249 2464/5279/1250 2393/5280/1250 2392/5281/1249 

vt -343.895 394.203
vt -342.512 393.97
vt -341.142 402.124
vt -342.525 402.356
f 2466/5282/1248 2465/5283/1249 2392/5284/1249 2391/5285/1248 

vt -293.891 377.999
vt -292.503 377.797
vt -291.314 385.979
vt -292.701 386.181
f 2467/5286/1247 2466/5287/1248 2391/5288/1248 2390/5289/1247 

vt -240.244 363.326
vt -238.852 363.158
vt -237.857 371.365
vt -239.249 371.534
f 2468/5290/1246 2467/5291/1247 2390/5292/1247 2389/5293/1246 

vt -183.541 350.858
vt -182.145 350.724
vt -181.357 358.954
vt -182.753 359.088
f 2469/5294/1245 2468/5295/1246 2389/5296/1246 2388/5297/1245 

vt -124.447 341.174
vt -123.048 341.078
vt -122.478 349.326
vt -123.877 349.422
f 2470/5298/1244 2469/5299/1245 2388/5300/1245 2387/5301/1244 

vt -63.6935 334.735
vt -62.2924 334.676
vt -61.9475 342.937
vt -63.3486 342.995
f 2471/5302/1243 2470/5303/1244 2387/5304/1244 2386/5305/1243 

vt -2.06386 331.847
vt -0.661614 331.828
vt -0.546127 340.095
vt -1.94837 340.114
f 2472/5306/1219 2471/5307/1243 2386/5308/1243 2385/5309/1219 

vt 59.63 332.652
vt 61.0323 332.671
vt 60.9168 340.938
vt 59.5146 340.918
f 2473/5310/1241 2472/5311/1242 2385/5312/1242 2384/5313/1241 

vt 120.57 337.11
vt 121.971 337.168
vt 121.626 345.429
vt 120.225 345.37
f 2474/5314/1240 2473/5315/1241 2384/5316/1241 2383/5317/1240 

vt 179.955 345.009
vt 181.354 345.106
vt 180.784 353.354
vt 179.385 353.257
f 2475/5318/1239 2474/5319/1240 2383/5320/1240 2382/5321/1239 

vt 237.027 355.974
vt 238.423 356.108
vt 237.636 364.338
vt 236.24 364.204
f 2476/5322/1238 2475/5323/1239 2382/5324/1239 2381/5325/1238 

vt 291.088 369.488
vt 292.48 369.656
vt 291.485 377.864
vt 290.093 377.695
f 2477/5326/1237 2476/5327/1238 2381/5328/1238 2380/5329/1237 

vt 341.516 384.923
vt 342.903 385.124
vt 341.714 393.306
vt 340.326 393.104
f 2478/5330/1236 2477/5331/1237 2380/5332/1237 2379/5333/1236 

vt 387.772 401.573
vt 389.155 401.805
vt 387.786 409.959
vt 386.403 409.727
f 2479/5334/1235 2478/5335/1236 2379/5336/1236 2378/5337/1235 

vt 429.407 418.692
vt 430.786 418.953
vt 429.252 427.077
vt 427.874 426.817
f 2480/5338/1234 2479/5339/1235 2378/5340/1235 2377/5341/1234 

vt 466.056 435.528
vt 467.429 435.813
vt 465.75 443.908
vt 464.377 443.623
f 2481/5342/1233 2480/5343/1234 2377/5344/1234 2376/5345/1233 

vt 497.432 451.354
vt 498.8 451.66
vt 496.994 459.728
vt 495.626 459.422
f 2482/5346/1232 2481/5347/1233 2376/5348/1233 2375/5349/1232 

vt 523.32 465.503
vt 524.684 465.827
vt 522.771 473.871
vt 521.407 473.546
f 2483/5350/1231 2482/5351/1232 2375/5352/1232 2374/5353/1231 

vt 543.566 477.387
vt 544.927 477.726
vt 542.928 485.748
vt 541.567 485.409
f 2484/5354/1230 2483/5355/1231 2374/5356/1231 2373/5357/1230 

vt 558.065 486.522
vt 559.423 486.872
vt 557.359 494.878
vt 556.001 494.528
f 2485/5358/1229 2484/5359/1230 2373/5360/1230 2372/5361/1229 

vt 566.755 492.541
vt 568.112 492.899
vt 566.004 500.893
vt 564.648 500.536
f 2486/5362/1227 2485/5363/1229 2372/5364/1229 2371/5365/1227 

vt 569.607 495.205
vt 570.962 495.566
vt 568.833 503.555
vt 567.478 503.194
f 2487/5366/1228 2486/5367/1227 2371/5368/1227 2370/5369/1228 

vt 566.621 494.409
vt 567.976 494.77
vt 565.847 502.759
vt 564.491 502.398
f 2488/5370/1181 2487/5371/1182 2370/5372/1182 2369/5373/1181 

vt 557.822 490.186
vt 559.179 490.544
vt 557.071 498.538
vt 555.715 498.181
f 2489/5374/1183 2488/5375/1181 2369/5376/1181 2368/5377/1183 

vt 543.265 482.706
vt 544.623 483.056
vt 542.559 491.062
vt 541.201 490.712
f 2490/5378/1184 2489/5379/1183 2368/5380/1183 2367/5381/1184 

vt 523.03 472.27
vt 524.391 472.609
vt 522.392 480.631
vt 521.031 480.292
f 2491/5382/1185 2490/5383/1184 2367/5384/1184 2366/5385/1185 

vt 497.237 459.299
vt 498.601 459.624
vt 496.688 467.667
vt 495.324 467.343
f 2492/5386/1186 2491/5387/1185 2366/5388/1185 2365/5389/1186 

vt 466.045 444.328
vt 467.413 444.634
vt 465.607 452.702
vt 464.239 452.396
f 2493/5390/1187 2492/5391/1186 2365/5392/1186 2364/5393/1187 

vt 429.666 427.979
vt 431.039 428.264
vt 429.36 436.359
vt 427.987 436.075
f 2494/5394/1188 2493/5395/1187 2364/5396/1187 2363/5397/1188 

vt 388.374 410.948
vt 389.752 411.208
vt 388.218 419.332
vt 386.84 419.072
f 2495/5398/1189 2494/5399/1188 2363/5400/1188 2362/5401/1189 

vt 342.512 393.97
vt 343.895 394.203
vt 342.525 402.356
vt 341.142 402.124
f 2496/5402/1190 2495/5403/1189 2362/5404/1189 2361/5405/1190 

vt 292.503 377.797
vt 293.891 377.999
vt 292.701 386.181
vt 291.314 385.979
f 2497/5406/1191 2496/5407/1190 2361/5408/1190 2360/5409/1191 

vt 238.852 363.158
vt 240.244 363.326
vt 239.249 371.534
vt 237.857 371.365
f 2498/5410/1192 2497/5411/1191 2360/5412/1191 2359/5413/1192 

vt 182.145 350.724
vt 183.541 350.858
vt 182.753 359.088
vt 181.357 358.954
f 2499/5414/1193 2498/5415/1192 2359/5416/1192 2358/5417/1193 

vt 123.048 341.078
vt 124.447 341.174
vt 123.877 349.422
vt 122.478 349.326
f 2438/5418/1194 2499/5419/1193 2358/5420/1193 2357/5421/1194 

vt -14.7638 341.196
vn -0.966173 -0.257895 5.52921e-20
vt -44.2913 341.196
vt -44.2913 340.408
vt -32.4803 340.408
vt -26.5748 340.408
vt -14.7638 340.408
f 2016/5422/1286 2260/5423/1286 2244/5424/1286 2237/5425/1286 2017/5426/1286 2013/5427/1286 

vt 32.4803 710.814
vn 0.420547 -0.907271 2.75965e-16
v 1468.31 1418.87 -180.457
vt 26.7549 659.243
vt 32.4803 659.243
f 2240/5428/1287 2604/5429/1287 2241/5430/1287

vt 26.5748 640.588
vn 0.348233 -0.937408 2.80595e-19
vt 26.5748 640.403
vn 0.273782 -0.961792 -1.05829e-15
vt 32.4803 640.403
vt 32.4803 640.588
vt 26.7549 640.588
f 2063/5431/1288 2065/5432/1289 2242/5433/1289 2241/5434/1288 2604/5435/1288 

vt 26.5748 591.439
vt 26.5748 591.253
vn 0.120307 -0.992737 -1.22107e-15
vt 32.4803 591.253
vt 32.4803 591.439
f 2065/5436/1289 2067/5437/1290 2243/5438/1290 2242/5439/1289 

vt 26.5748 527.794
vt 26.5748 527.608
vt 32.4803 527.608
vt 32.4803 527.794
f 2067/5440/1290 2068/5441/1065 2070/5442/1065 2243/5443/1290 

vt -26.5748 51.6692
vt -26.5748 51.8545
vt -32.4803 51.8545
vt -32.4803 51.6692
f 2074/5444/1070 2231/5445/1136 2233/5446/1136 2075/5447/1070 

f 2074/4047/1064 2168/4303/1064 2231/4328/1064

f 2074/4047/1064 2170/4290/1064 2168/4303/1064

usemtl M_0129_WhiteSmoke
vn 0.104528 -0.994522 -0
vt 26.1811 575.726
vt 26.1811 575.672
f 2168/4284/1291 2170/4283/1133 2171/5448/1133 2182/5449/1291 

vt 26.1811 532.249
vt 26.1811 532.194
f 2166/4280/1 2168/4279/1291 2182/5450/1291 2181/5451/1 

usemtl M_0063_GreenYellow
f 2231/4328/1064 2168/4303/1064 2166/4302/1064

usemtl M_0129_WhiteSmoke
vn -0.104528 -0.994522 -0
vt -26.1811 -482.94
vt -26.1811 -482.885
f 2164/4276/1292 2166/4275/1 2181/5452/1 2180/5453/1292 

vn -0.207912 -0.978148 -0
vt -26.1811 -428.34
vt -26.1811 -428.286
f 2162/4272/1293 2164/4271/1292 2180/5454/1292 2179/5455/1293 

vn -0.309017 -0.951057 -0
vt -26.1811 -369.048
vt -26.1811 -368.994
f 2160/4268/1294 2162/4267/1293 2179/5456/1293 2178/5457/1294 

vn -0.406737 -0.913545 -0
vt -26.1811 -305.713
vt -26.1811 -305.658
f 2158/4264/1295 2160/4263/1294 2178/5458/1294 2177/5459/1295 

vn -0.5 -0.866025 -0
vt -26.1811 -239.028
vt -26.1811 -238.974
f 2156/4260/1296 2158/4259/1295 2177/5460/1295 2176/5461/1296 

vn -0.587785 -0.809017 -0
vt -26.1811 -169.725
vt -26.1811 -169.671
f 2154/4256/1297 2156/4255/1296 2176/5462/1296 2175/5463/1297 

vn -0.669131 -0.743145 -0
vt -26.1811 -98.5628
vt -26.1811 -98.5084
f 2152/4252/1298 2154/4251/1297 2175/5464/1297 2174/5465/1298 

vt -26.1811 -26.3209
vt -26.1811 -26.2666
f 2150/4248/1135 2152/4247/1298 2174/5466/1298 2173/5467/1135 

vt -507.878 470.731
vt -507.844 470.773
vt -507.814 470.819
vt -507.789 470.867
vt -507.77 470.918
vt -507.756 470.971
vt -507.747 471.024
vt -507.744 471.079
vt -507.747 471.133
vt -507.756 471.186
vt -507.77 471.239
vt -507.789 471.29
vt -507.814 471.338
vt -507.844 471.384
vt -507.878 471.426
vt -507.916 471.464
vt -507.958 471.499
vt -508.004 471.528
vt -508.052 471.553
vt -508.103 471.572
vt -508.156 471.586
vt -508.209 471.595
vt -508.264 471.598
vt -508.318 471.595
vt -508.371 471.586
vt -508.424 471.572
vt -508.475 471.553
vt -508.523 471.528
vt -508.569 471.499
vt -508.611 471.464
vt -508.649 471.426
vt -508.684 471.384
vt -508.713 471.338
vt -508.738 471.29
vt -508.757 471.239
vt -508.771 471.186
vt -508.78 471.133
vt -508.783 471.079
vt -508.78 471.024
vt -508.771 470.971
vt -508.757 470.918
vt -508.738 470.867
vt -508.713 470.819
vt -508.684 470.773
vt -508.649 470.731
vt -508.611 470.693
vt -508.569 470.659
vt -508.523 470.629
vt -508.475 470.604
vt -508.424 470.585
vt -508.371 470.571
vt -508.318 470.562
vt -508.264 470.559
vt -508.209 470.562
vt -508.156 470.571
vt -508.103 470.585
vt -508.052 470.604
vt -508.004 470.629
vt -507.958 470.659
vt -507.916 470.693
f 2149/5468/106 2147/5469/106 2145/5470/106 2143/5471/106 2141/5472/106 2139/5473/106 2137/5474/106 2135/5475/106 2133/5476/106 2131/5477/106 2129/5478/106 2127/5479/106 2125/5480/106 2123/5481/106 2121/5482/106 2119/5483/106 2117/5484/106 2115/5485/106 2113/5486/106 2111/5487/106 2109/5488/106 2107/5489/106 2106/5490/106 2105/5491/106 2104/5492/106 2103/5493/106 2102/5494/106 2101/5495/106 2100/5496/106 2099/5497/106 2098/5498/106 2097/5499/106 2096/5500/106 2095/5501/106 2094/5502/106 2093/5503/106 2092/5504/106 2091/5505/106 2090/5506/106 2089/5507/106 2088/5508/106 2087/5509/106 2086/5510/106 2085/5511/106 2084/5512/106 2083/5513/106 2082/5514/106 2081/5515/106 2079/5516/106 2080/5517/106 2169/5518/106 2167/5519/106 2165/5520/106 2163/5521/106 2161/5522/106 2159/5523/106 2157/5524/106 2155/5525/106 2153/5526/106 2151/5527/106 

g Mesh27 Group5 Group1 Model

usemtl M_0063_GreenYellow
v 1436.11 1502.04 -148
vt 496.084 502.747
vn 7.92547e-15 1.15288e-14 1
v 1435.07 1501.93 -148
vt 495.674 502.704
v 1434.04 1501.71 -148
vt 495.271 502.619
v 1433.05 1501.39 -148
vt 494.879 502.492
v 1432.09 1500.97 -148
vt 494.502 502.324
v 1431.19 1500.44 -148
vt 494.145 502.119
v 1430.34 1499.83 -148
vt 493.811 501.877
v 1429.56 1499.13 -148
vt 493.505 501.601
v 1428.86 1498.35 -148
vt 493.229 501.295
v 1428.24 1497.51 -148
vt 492.986 500.962
v 1427.72 1496.6 -148
vt 492.78 500.606
v 1427.29 1495.64 -148
vt 492.612 500.229
v 1426.97 1494.65 -148
vt 492.484 499.837
v 1426.75 1493.63 -148
vt 492.398 499.434
v 1426.64 1492.58 -148
vt 492.355 499.025
v 1426.64 1491.54 -148
vt 492.354 498.613
v 1426.75 1490.5 -148
vt 492.397 498.203
v 1426.96 1489.47 -148
vt 492.482 497.8
v 1427.28 1488.48 -148
vt 492.609 497.407
v 1427.71 1487.52 -148
vt 492.776 497.031
v 1428.23 1486.61 -148
vt 492.982 496.674
v 1428.85 1485.77 -148
vt 493.224 496.34
v 1429.55 1484.99 -148
vt 493.5 496.034
v 1430.32 1484.29 -148
vt 493.806 495.758
v 1431.17 1483.67 -148
vt 494.139 495.515
v 1432.08 1483.15 -148
vt 494.495 495.309
v 1433.03 1482.72 -148
vt 494.872 495.141
v 1434.03 1482.39 -148
vt 495.263 495.013
v 1435.05 1482.18 -148
vt 495.666 494.927
v 1436.09 1482.07 -148
vt 496.076 494.883
v 1437.14 1482.06 -148
vt 496.488 494.883
v 1438.18 1482.17 -148
vt 496.898 494.926
v 1439.2 1482.39 -148
vt 497.301 495.011
v 1440.2 1482.71 -148
vt 497.693 495.138
v 1441.15 1483.14 -148
vt 498.07 495.305
v 1442.06 1483.66 -148
vt 498.427 495.511
v 1442.91 1484.27 -148
vt 498.761 495.753
v 1443.69 1484.97 -148
vt 499.067 496.028
v 1444.39 1485.75 -148
vt 499.343 496.334
v 1445.01 1486.6 -148
vt 499.586 496.667
v 1445.53 1487.5 -148
vt 499.792 497.024
v 1445.96 1488.46 -148
vt 499.96 497.4
v 1446.28 1489.45 -148
vt 500.088 497.792
v 1446.5 1490.48 -148
vt 500.174 498.195
v 1446.61 1491.52 -148
vt 500.217 498.605
v 1446.61 1492.57 -148
vt 500.218 499.017
v 1446.5 1493.61 -148
vt 500.175 499.427
v 1446.29 1494.63 -148
vt 500.09 499.83
v 1445.96 1495.63 -148
vt 499.963 500.222
v 1445.54 1496.58 -148
vt 499.796 500.599
v 1445.02 1497.49 -148
vt 499.59 500.956
v 1444.4 1498.34 -148
vt 499.348 501.29
v 1443.7 1499.12 -148
vt 499.073 501.596
v 1442.92 1499.82 -148
vt 498.767 501.872
v 1442.08 1500.43 -148
vt 498.433 502.115
v 1441.17 1500.96 -148
vt 498.077 502.321
v 1440.22 1501.38 -148
vt 497.7 502.489
v 1439.22 1501.71 -148
vt 497.309 502.617
v 1438.2 1501.93 -148
vt 496.906 502.703
v 1437.16 1502.04 -148
vt 496.496 502.746
f 2605/5528/1299 2606/5529/1299 2607/5530/1299 2608/5531/1299 2609/5532/1299 2610/5533/1299 2611/5534/1299 2612/5535/1299 2613/5536/1299 2614/5537/1299 2615/5538/1299 2616/5539/1299 2617/5540/1299 2618/5541/1299 2619/5542/1299 2620/5543/1299 2621/5544/1299 2622/5545/1299 2623/5546/1299 2624/5547/1299 2625/5548/1299 2626/5549/1299 2627/5550/1299 2628/5551/1299 2629/5552/1299 2630/5553/1299 2631/5554/1299 2632/5555/1299 2633/5556/1299 2634/5557/1299 2635/5558/1299 2636/5559/1299 2637/5560/1299 2638/5561/1299 2639/5562/1299 2640/5563/1299 2641/5564/1299 2642/5565/1299 2643/5566/1299 2644/5567/1299 2645/5568/1299 2646/5569/1299 2647/5570/1299 2648/5571/1299 2649/5572/1299 2650/5573/1299 2651/5574/1299 2652/5575/1299 2653/5576/1299 2654/5577/1299 2655/5578/1299 2656/5579/1299 2657/5580/1299 2658/5581/1299 2659/5582/1299 2660/5583/1299 2661/5584/1299 2662/5585/1299 2663/5586/1299 2664/5587/1299 

vt -13.9764 545.077
vn -0.15549 0.987837 -1.01562e-14
vt -13.9764 545.489
vn -0.0513811 0.998679 -1.11063e-14
v 1436.11 1502.04 -227
vt -45.0787 545.489
v 1435.07 1501.93 -227
vt -45.0787 545.077
f 2606/5588/1300 2605/5589/1301 2665/5590/1301 2666/5591/1300 

vt 495.603 13.9764
vt 496.015 13.9764
vn 0.0532907 0.998579 -1.19347e-14
v 1437.16 1502.04 -227
vt 496.015 45.0787
vt 495.603 45.0787
f 2605/5592/1301 2664/5593/1302 2667/5594/1302 2665/5595/1301 

vt 13.9764 -440.697
vt 13.9764 -441.109
vn 0.157379 0.987538 -1.26324e-14
v 1438.2 1501.93 -227
vt 45.0787 -441.109
vt 45.0787 -440.697
f 2664/5596/1302 2663/5597/1303 2668/5598/1303 2667/5599/1302 

vt 13.9764 -380.96
vt 13.9764 -381.372
vn 0.259742 0.965678 -1.31917e-14
v 1439.22 1501.71 -227
vt 45.0787 -381.372
vt 45.0787 -380.96
f 2663/5600/1303 2662/5601/1304 2669/5602/1304 2668/5603/1303 

vt 13.9764 -317.047
vt 13.9764 -317.46
vn 0.35926 0.933237 -1.36064e-14
v 1440.22 1501.38 -227
vt 45.0787 -317.46
vt 45.0787 -317.047
f 2662/5604/1304 2661/5605/1305 2670/5606/1305 2669/5607/1304 

vt 13.9764 -249.659
vt 13.9764 -250.071
vn 0.454842 0.890572 -1.3872e-14
v 1441.17 1500.96 -227
vt 45.0787 -250.071
vt 45.0787 -249.659
f 2661/5608/1305 2660/5609/1306 2671/5610/1306 2670/5611/1305 

vt 13.9764 -179.533
vt 13.9764 -179.945
vn 0.545441 0.838149 -1.39857e-14
v 1442.08 1500.43 -227
vt 45.0787 -179.945
vt 45.0787 -179.533
f 2660/5612/1306 2659/5613/1307 2672/5614/1307 2671/5615/1306 

vt 13.9764 -107.437
vt 13.9764 -107.849
vn 0.630063 0.776544 -1.39461e-14
v 1442.92 1499.82 -227
vt 45.0787 -107.849
vt 45.0787 -107.437
f 2659/5616/1307 2658/5617/1308 2673/5618/1308 2672/5619/1307 

vt 13.9764 -34.1622
vt 13.9764 -34.5742
vn 0.707783 0.70643 -1.37538e-14
v 1443.7 1499.12 -227
vt 45.0787 -34.5742
vt 45.0787 -34.1622
f 2658/5620/1308 2657/5621/1309 2674/5622/1309 2673/5623/1308 

vt 13.9764 39.4893
vt 13.9764 39.0772
vn 0.777747 0.628577 -1.34107e-14
v 1444.4 1498.34 -227
vt 45.0787 39.0772
vt 45.0787 39.4893
f 2657/5624/1309 2656/5625/1310 2675/5626/1310 2674/5627/1309 

vt 13.9764 112.71
vt 13.9764 112.298
vn 0.839191 0.543837 -1.29208e-14
v 1445.02 1497.49 -227
vt 45.0787 112.298
vt 45.0787 112.71
f 2656/5628/1310 2655/5629/1311 2676/5630/1311 2675/5631/1310 

vt 13.9764 184.699
vt 13.9764 184.287
vn 0.89144 0.453138 -1.22892e-14
v 1445.54 1496.58 -227
vt 45.0787 184.287
vt 45.0787 184.699
f 2655/5632/1311 2654/5633/1312 2677/5634/1312 2676/5635/1311 

vt 13.9764 254.666
vt 13.9764 254.254
vn 0.933923 0.357475 -1.1523e-14
v 1445.96 1495.63 -227
vt 45.0787 254.254
vt 45.0787 254.666
f 2654/5636/1312 2653/5637/1313 2678/5638/1313 2677/5639/1312 

vt 13.9764 321.845
vt 13.9764 321.433
vn 0.966173 0.257895 -1.06306e-14
v 1446.29 1494.63 -227
vt 45.0787 321.433
vt 45.0787 321.845
f 2653/5640/1313 2652/5641/1314 2679/5642/1314 2678/5643/1313 

vt 13.9764 385.5
vt 13.9764 385.088
vn 0.987837 0.15549 -9.62169e-15
v 1446.5 1493.61 -227
vt 45.0787 385.088
vt 45.0787 385.5
f 2652/5644/1314 2651/5645/1315 2680/5646/1315 2679/5647/1314 

vt 13.9764 444.934
vt 13.9764 444.522
vn 0.998679 0.0513811 -8.50737e-15
v 1446.61 1492.57 -227
vt 45.0787 444.522
vt 45.0787 444.934
f 2651/5648/1315 2650/5649/1316 2681/5650/1316 2680/5651/1315 

vt 13.9764 499.495
vt 13.9764 499.083
vn 0.998579 -0.0532907 -7.29984e-15
v 1446.61 1491.52 -227
vt 45.0787 499.083
vt 45.0787 499.495
f 2650/5652/1316 2649/5653/1317 2682/5654/1317 2681/5655/1316 

vt 13.9764 548.586
vt 13.9764 548.174
vn 0.987538 -0.157379 -6.01233e-15
v 1446.5 1490.48 -227
vt 45.0787 548.174
vt 45.0787 548.586
f 2649/5656/1317 2648/5657/1318 2683/5658/1318 2682/5659/1317 

vt 13.9764 591.669
vt 13.9764 591.257
vn 0.965678 -0.259742 -4.65895e-15
v 1446.28 1489.45 -227
vt 45.0787 591.257
vt 45.0787 591.669
f 2648/5660/1318 2647/5661/1319 2684/5662/1319 2683/5663/1318 

vt 13.9764 628.272
vt 13.9764 627.86
vn 0.933237 -0.35926 -3.25452e-15
v 1445.96 1488.46 -227
vt 45.0787 627.86
vt 45.0787 628.272
f 2647/5664/1319 2646/5665/1320 2685/5666/1320 2684/5667/1319 

vt 13.9764 657.993
vt 13.9764 657.581
vn 0.890572 -0.454842 -1.81444e-15
v 1445.53 1487.5 -227
vt 45.0787 657.581
vt 45.0787 657.993
f 2646/5668/1320 2645/5669/1321 2686/5670/1321 2685/5671/1320 

vt 13.9764 680.508
vt 13.9764 680.095
vn 0.838149 -0.545441 -3.54474e-16
v 1445.01 1486.6 -227
vt 45.0787 680.095
vt 45.0787 680.508
f 2645/5672/1321 2644/5673/1322 2687/5674/1322 2686/5675/1321 

vt 13.9764 695.569
vt 13.9764 695.157
vn 0.776544 -0.630063 1.10937e-15
v 1444.39 1485.75 -227
vt 45.0787 695.157
vt 45.0787 695.569
f 2644/5676/1322 2643/5677/1323 2688/5678/1323 2687/5679/1322 

vt 13.9764 703.011
vt 13.9764 702.599
vn 0.70643 -0.707783 2.56106e-15
v 1443.69 1484.97 -227
vt 45.0787 702.599
vt 45.0787 703.011
f 2643/5680/1323 2642/5681/1324 2689/5682/1324 2688/5683/1323 

vt 13.9764 702.754
vt 13.9764 702.341
vn 0.628577 -0.777747 3.9847e-15
v 1442.91 1484.27 -227
vt 45.0787 702.341
vt 45.0787 702.754
f 2642/5684/1324 2641/5685/1325 2690/5686/1325 2689/5687/1324 

vt 13.9764 694.799
vt 13.9764 694.387
vn 0.543837 -0.839191 5.36467e-15
v 1442.06 1483.66 -227
vt 45.0787 694.387
vt 45.0787 694.799
f 2641/5688/1325 2640/5689/1326 2691/5690/1326 2690/5691/1325 

vt 13.9764 679.234
vt 13.9764 678.822
vn 0.453138 -0.89144 6.68587e-15
v 1441.15 1483.14 -227
vt 45.0787 678.822
vt 45.0787 679.234
f 2640/5692/1326 2639/5693/1327 2692/5694/1327 2691/5695/1326 

vt 13.9764 656.229
vt 13.9764 655.817
vn 0.357475 -0.933923 7.93382e-15
v 1440.2 1482.71 -227
vt 45.0787 655.817
vt 45.0787 656.229
f 2639/5696/1327 2638/5697/1328 2693/5698/1328 2692/5699/1327 

vt 13.9764 626.037
vt 13.9764 625.625
vn 0.257895 -0.966173 9.09484e-15
v 1439.2 1482.39 -227
vt 45.0787 625.625
vt 45.0787 626.037
f 2638/5700/1328 2637/5701/1329 2694/5702/1329 2693/5703/1328 

vt 13.9764 588.988
vt 13.9764 588.576
vn 0.15549 -0.987837 1.01562e-14
v 1438.18 1482.17 -227
vt 45.0787 588.576
vt 45.0787 588.988
f 2637/5704/1329 2636/5705/1330 2695/5706/1330 2694/5707/1329 

vt 13.9764 545.489
vt 13.9764 545.077
vn 0.0513811 -0.998679 1.11063e-14
v 1437.14 1482.06 -227
vt 45.0787 545.077
vt 45.0787 545.489
f 2636/5708/1330 2635/5709/1331 2696/5710/1331 2695/5711/1330 

vt -496.015 13.9764
vt -495.603 13.9764
vn -0.0532907 -0.998579 1.19347e-14
v 1436.09 1482.07 -227
vt -495.603 45.0787
vt -496.015 45.0787
f 2635/5712/1331 2634/5713/1332 2697/5714/1332 2696/5715/1331 

vt -13.9764 -441.109
vt -13.9764 -440.697
vn -0.157379 -0.987538 1.26324e-14
v 1435.05 1482.18 -227
vt -45.0787 -440.697
vt -45.0787 -441.109
f 2634/5716/1332 2633/5717/1333 2698/5718/1333 2697/5719/1332 

vt -13.9764 -381.372
vt -13.9764 -380.96
vn -0.259742 -0.965678 1.31917e-14
v 1434.03 1482.39 -227
vt -45.0787 -380.96
vt -45.0787 -381.372
f 2633/5720/1333 2632/5721/1334 2699/5722/1334 2698/5723/1333 

vt -13.9764 -317.46
vt -13.9764 -317.047
vn -0.35926 -0.933237 1.36064e-14
v 1433.03 1482.72 -227
vt -45.0787 -317.047
vt -45.0787 -317.46
f 2632/5724/1334 2631/5725/1335 2700/5726/1335 2699/5727/1334 

vt -13.9764 -250.071
vt -13.9764 -249.659
vn -0.454842 -0.890572 1.3872e-14
v 1432.08 1483.15 -227
vt -45.0787 -249.659
vt -45.0787 -250.071
f 2631/5728/1335 2630/5729/1336 2701/5730/1336 2700/5731/1335 

vt -13.9764 -179.945
vt -13.9764 -179.533
vn -0.545441 -0.838149 1.39857e-14
v 1431.17 1483.67 -227
vt -45.0787 -179.533
vt -45.0787 -179.945
f 2630/5732/1336 2629/5733/1337 2702/5734/1337 2701/5735/1336 

vt -13.9764 -107.849
vt -13.9764 -107.437
vn -0.630063 -0.776544 1.39461e-14
v 1430.32 1484.29 -227
vt -45.0787 -107.437
vt -45.0787 -107.849
f 2629/5736/1337 2628/5737/1338 2703/5738/1338 2702/5739/1337 

vt -13.9764 -34.5742
vt -13.9764 -34.1622
vn -0.707783 -0.70643 1.37538e-14
v 1429.55 1484.99 -227
vt -45.0787 -34.1622
vt -45.0787 -34.5742
f 2628/5740/1338 2627/5741/1339 2704/5742/1339 2703/5743/1338 

vt -13.9764 39.0772
vt -13.9764 39.4893
vn -0.777747 -0.628577 1.34107e-14
v 1428.85 1485.77 -227
vt -45.0787 39.4893
vt -45.0787 39.0772
f 2627/5744/1339 2626/5745/1340 2705/5746/1340 2704/5747/1339 

vt -13.9764 112.298
vt -13.9764 112.71
vn -0.839191 -0.543837 1.29208e-14
v 1428.23 1486.61 -227
vt -45.0787 112.71
vt -45.0787 112.298
f 2626/5748/1340 2625/5749/1341 2706/5750/1341 2705/5751/1340 

vt -13.9764 184.287
vt -13.9764 184.699
vn -0.89144 -0.453138 1.22892e-14
v 1427.71 1487.52 -227
vt -45.0787 184.699
vt -45.0787 184.287
f 2625/5752/1341 2624/5753/1342 2707/5754/1342 2706/5755/1341 

vt -13.9764 254.254
vt -13.9764 254.666
vn -0.933923 -0.357475 1.1523e-14
v 1427.28 1488.48 -227
vt -45.0787 254.666
vt -45.0787 254.254
f 2624/5756/1342 2623/5757/1343 2708/5758/1343 2707/5759/1342 

vt -13.9764 321.433
vt -13.9764 321.845
vn -0.966173 -0.257895 1.06306e-14
v 1426.96 1489.47 -227
vt -45.0787 321.845
vt -45.0787 321.433
f 2623/5760/1343 2622/5761/1344 2709/5762/1344 2708/5763/1343 

vt -13.9764 385.088
vt -13.9764 385.5
vn -0.987837 -0.15549 9.62169e-15
v 1426.75 1490.5 -227
vt -45.0787 385.5
vt -45.0787 385.088
f 2622/5764/1344 2621/5765/1345 2710/5766/1345 2709/5767/1344 

vt -13.9764 444.522
vt -13.9764 444.934
vn -0.998679 -0.0513811 8.50737e-15
v 1426.64 1491.54 -227
vt -45.0787 444.934
vt -45.0787 444.522
f 2621/5768/1345 2620/5769/1346 2711/5770/1346 2710/5771/1345 

vt -13.9764 499.083
vt -13.9764 499.495
vn -0.998579 0.0532907 7.29984e-15
v 1426.64 1492.58 -227
vt -45.0787 499.495
vt -45.0787 499.083
f 2620/5772/1346 2619/5773/1347 2712/5774/1347 2711/5775/1346 

vt -13.9764 548.174
vt -13.9764 548.586
vn -0.987538 0.157379 6.01233e-15
v 1426.75 1493.63 -227
vt -45.0787 548.586
vt -45.0787 548.174
f 2619/5776/1347 2618/5777/1348 2713/5778/1348 2712/5779/1347 

vt -13.9764 591.257
vt -13.9764 591.669
vn -0.965678 0.259742 4.65895e-15
v 1426.97 1494.65 -227
vt -45.0787 591.669
vt -45.0787 591.257
f 2618/5780/1348 2617/5781/1349 2714/5782/1349 2713/5783/1348 

vt -13.9764 627.86
vt -13.9764 628.272
vn -0.933237 0.35926 3.25452e-15
v 1427.29 1495.64 -227
vt -45.0787 628.272
vt -45.0787 627.86
f 2617/5784/1349 2616/5785/1350 2715/5786/1350 2714/5787/1349 

vt -13.9764 657.581
vt -13.9764 657.993
vn -0.890572 0.454842 1.81444e-15
v 1427.72 1496.6 -227
vt -45.0787 657.993
vt -45.0787 657.581
f 2616/5788/1350 2615/5789/1351 2716/5790/1351 2715/5791/1350 

vt -13.9764 680.095
vt -13.9764 680.508
vn -0.838149 0.545441 3.54474e-16
v 1428.24 1497.51 -227
vt -45.0787 680.508
vt -45.0787 680.095
f 2615/5792/1351 2614/5793/1352 2717/5794/1352 2716/5795/1351 

vt -13.9764 695.157
vt -13.9764 695.569
vn -0.776544 0.630063 -1.10937e-15
v 1428.86 1498.35 -227
vt -45.0787 695.569
vt -45.0787 695.157
f 2614/5796/1352 2613/5797/1353 2718/5798/1353 2717/5799/1352 

vt -13.9764 702.599
vt -13.9764 703.011
vn -0.70643 0.707783 -2.56106e-15
v 1429.56 1499.13 -227
vt -45.0787 703.011
vt -45.0787 702.599
f 2613/5800/1353 2612/5801/1354 2719/5802/1354 2718/5803/1353 

vt -13.9764 702.341
vt -13.9764 702.754
vn -0.628577 0.777747 -3.9847e-15
v 1430.34 1499.83 -227
vt -45.0787 702.754
vt -45.0787 702.341
f 2612/5804/1354 2611/5805/1355 2720/5806/1355 2719/5807/1354 

vt -13.9764 694.387
vt -13.9764 694.799
vn -0.543837 0.839191 -5.36467e-15
v 1431.19 1500.44 -227
vt -45.0787 694.799
vt -45.0787 694.387
f 2611/5808/1355 2610/5809/1356 2721/5810/1356 2720/5811/1355 

vt -13.9764 678.822
vt -13.9764 679.234
vn -0.453138 0.89144 -6.68587e-15
v 1432.09 1500.97 -227
vt -45.0787 679.234
vt -45.0787 678.822
f 2610/5812/1356 2609/5813/1357 2722/5814/1357 2721/5815/1356 

vt -13.9764 655.817
vt -13.9764 656.229
vn -0.357475 0.933923 -7.93382e-15
v 1433.05 1501.39 -227
vt -45.0787 656.229
vt -45.0787 655.817
f 2609/5816/1357 2608/5817/1358 2723/5818/1358 2722/5819/1357 

vt -13.9764 625.625
vt -13.9764 626.037
vn -0.257895 0.966173 -9.09484e-15
v 1434.04 1501.71 -227
vt -45.0787 626.037
vt -45.0787 625.625
f 2608/5820/1358 2607/5821/1359 2724/5822/1359 2723/5823/1358 

vt -13.9764 588.576
vt -13.9764 588.988
vt -45.0787 588.988
vt -45.0787 588.576
f 2607/5824/1359 2606/5825/1300 2666/5826/1300 2724/5827/1359 

vt -495.674 502.704
vn -7.92547e-15 -1.15288e-14 -1
vt -496.084 502.747
vt -496.496 502.746
vt -496.906 502.703
vt -497.309 502.617
vt -497.7 502.489
vt -498.077 502.321
vt -498.433 502.115
vt -498.767 501.872
vt -499.073 501.596
vt -499.348 501.29
vt -499.59 500.956
vt -499.796 500.599
vt -499.963 500.222
vt -500.09 499.83
vt -500.175 499.427
vt -500.218 499.017
vt -500.217 498.605
vt -500.174 498.195
vt -500.088 497.792
vt -499.96 497.4
vt -499.792 497.024
vt -499.586 496.667
vt -499.343 496.334
vt -499.067 496.028
vt -498.761 495.753
vt -498.427 495.511
vt -498.07 495.305
vt -497.693 495.138
vt -497.301 495.011
vt -496.898 494.926
vt -496.488 494.883
vt -496.076 494.883
vt -495.666 494.927
vt -495.263 495.013
vt -494.872 495.141
vt -494.495 495.309
vt -494.139 495.515
vt -493.806 495.758
vt -493.5 496.034
vt -493.224 496.34
vt -492.982 496.674
vt -492.776 497.031
vt -492.609 497.407
vt -492.482 497.8
vt -492.397 498.203
vt -492.354 498.613
vt -492.355 499.025
vt -492.398 499.434
vt -492.484 499.837
vt -492.612 500.229
vt -492.78 500.606
vt -492.986 500.962
vt -493.229 501.295
vt -493.505 501.601
vt -493.811 501.877
vt -494.145 502.119
vt -494.502 502.324
vt -494.879 502.492
vt -495.271 502.619
f 2666/5828/1360 2665/5829/1360 2667/5830/1360 2668/5831/1360 2669/5832/1360 2670/5833/1360 2671/5834/1360 2672/5835/1360 2673/5836/1360 2674/5837/1360 2675/5838/1360 2676/5839/1360 2677/5840/1360 2678/5841/1360 2679/5842/1360 2680/5843/1360 2681/5844/1360 2682/5845/1360 2683/5846/1360 2684/5847/1360 2685/5848/1360 2686/5849/1360 2687/5850/1360 2688/5851/1360 2689/5852/1360 2690/5853/1360 2691/5854/1360 2692/5855/1360 2693/5856/1360 2694/5857/1360 2695/5858/1360 2696/5859/1360 2697/5860/1360 2698/5861/1360 2699/5862/1360 2700/5863/1360 2701/5864/1360 2702/5865/1360 2703/5866/1360 2704/5867/1360 2705/5868/1360 2706/5869/1360 2707/5870/1360 2708/5871/1360 2709/5872/1360 2710/5873/1360 2711/5874/1360 2712/5875/1360 2713/5876/1360 2714/5877/1360 2715/5878/1360 2716/5879/1360 2717/5880/1360 2718/5881/1360 2719/5882/1360 2720/5883/1360 2721/5884/1360 2722/5885/1360 2723/5886/1360 2724/5887/1360 

g Mesh28 Group5 Group1 Model

v 1898.84 1530.69 -177.5
vt -678.26 25.5906
v 1647.54 1530.69 -177.5
vt -579.322 25.5906
v 1647.54 1530.69 -197.5
vt -579.322 33.4646
v 1898.84 1530.69 -197.5
vt -678.26 33.4646
v 1898.84 1530.69 -187.5
vt -678.26 29.5276
f 2725/5888/1 2726/5889/1 2727/5890/1 2728/5891/1 2729/5892/1 

v 1898.84 1550.69 -177.5
vt 678.26 521.9
vn 5.14651e-16 1.37458e-14 1
v 1598.84 1550.69 -177.5
vt 560.15 521.9
v 1576.38 1511.35 -177.5
vt 551.306 506.411
vt 579.322 514.026
vt 678.26 514.026
f 2730/5893/1361 2731/5894/1361 2732/5895/1361 2726/5896/1361 2725/5897/1361 

v 1898.84 1550.69 -197.5
vt 678.26 33.4646
v 1598.84 1550.69 -197.5
vt 560.15 33.4646
vt 560.15 25.5906
vt 678.26 25.5906
f 2733/5898/66 2734/5899/66 2731/5900/66 2730/5901/66 

vt -678.26 514.026
vn -5.14651e-16 -1.37458e-14 -1
vt -579.322 514.026
v 1576.38 1511.35 -197.5
vt -551.306 506.411
vt -560.15 521.9
vt -678.26 521.9
f 2728/5902/1362 2727/5903/1362 2735/5904/1362 2734/5905/1362 2733/5906/1362 

vt -33.4646 713.133
vn -0.868417 0.495835 -3.25946e-19
vt -29.5276 713.133
vt -25.5906 713.133
vt -25.5906 730.969
vt -33.4646 730.969
f 2735/5907/1363 2578/5908/1363 2732/5909/1363 2731/5910/1363 2734/5911/1363 

vt 25.5906 514.026
vt 29.5276 514.026
vt 33.4646 514.026
vt 33.4646 521.9
vt 25.5906 521.9
f 2725/5912/68 2729/5913/68 2728/5914/68 2733/5915/68 2730/5916/68 

g Mesh29 Group26 Group1 Model

usemtl M_0133_Gray
v 1783.84 1510.69 -177.5
vt -5.68434e-13 7.87402
v 1783.84 1525.69 -177.5
vt 0 13.7795
v 1823.84 1525.69 -177.5
vt -15.748 13.7795
v 1823.84 1510.69 -177.5
vt -15.748 7.87402
v 1823.67 1508.08 -177.5
vt -15.6807 6.84625
v 1823.16 1505.51 -177.5
vt -15.4797 5.83607
v 1822.32 1503.03 -177.5
vt -15.1487 4.86076
v 1821.16 1500.69 -177.5
vt -14.6931 3.93701
v 1819.71 1498.51 -177.5
vt -14.1209 3.08062
v 1817.98 1496.55 -177.5
vt -13.4418 2.30625
v 1816.01 1494.82 -177.5
vt -12.6674 1.62714
v 1813.84 1493.37 -177.5
vt -11.811 1.05492
v 1811.49 1492.21 -177.5
vt -10.8873 0.599374
v 1809.01 1491.37 -177.5
vt -9.91196 0.268301
v 1806.45 1490.86 -177.5
vt -8.90178 0.0673633
v 1803.84 1490.69 -177.5
vt -7.87402 0
v 1801.23 1490.86 -177.5
vt -6.84625 0.0673633
v 1798.66 1491.37 -177.5
vt -5.83607 0.268301
v 1796.18 1492.21 -177.5
vt -4.86076 0.599374
v 1793.84 1493.37 -177.5
vt -3.93701 1.05492
v 1791.66 1494.82 -177.5
vt -3.08062 1.62714
v 1789.7 1496.55 -177.5
vt -2.30625 2.30625
v 1787.97 1498.51 -177.5
vt -1.62714 3.08062
v 1786.52 1500.69 -177.5
vt -1.05492 3.93701
v 1785.36 1503.03 -177.5
vt -0.599374 4.86076
v 1784.52 1505.51 -177.5
vt -0.268301 5.83607
v 1784.01 1508.08 -177.5
vt -0.0673633 6.84625
f 2736/5917/106 2737/5918/106 2738/5919/106 2739/5920/106 2740/5921/106 2741/5922/106 2742/5923/106 2743/5924/106 2744/5925/106 2745/5926/106 2746/5927/106 2747/5928/106 2748/5929/106 2749/5930/106 2750/5931/106 2751/5932/106 2752/5933/106 2753/5934/106 2754/5935/106 2755/5936/106 2756/5937/106 2757/5938/106 2758/5939/106 2759/5940/106 2760/5941/106 2761/5942/106 2762/5943/106 

v 1783.84 1530.69 -177.5
vt -2.3622 15.748
vn -1 -1.15506e-14 9.24047e-14
vt -2.3622 13.7795
vt -2.3622 7.87402
v 1783.84 1510.69 -172.5
vt -0.393701 7.87402
v 1783.84 1530.69 -172.5
vt -0.393701 15.748
f 2763/5944/1364 2737/5945/1364 2736/5946/1364 2764/5947/1364 2765/5948/1364 

v 1823.84 1530.69 -177.5
vt -15.748 15.748
vt -5.68434e-13 15.748
f 2766/5949/106 2738/5919/106 2737/5918/106 2763/5950/106 

vt 2.3622 15.748
vt 2.3622 13.7795
v 1823.84 1525.69 -197.5
vt 10.2362 13.7795
v 1823.84 1530.69 -197.5
vt 10.2362 15.748
f 2766/5951/68 2738/5952/68 2767/5953/68 2768/5954/68 

v 1823.84 1530.69 -172.5
vt 0.393701 15.748
v 1823.84 1510.69 -172.5
vt 0.393701 7.87402
vt 2.3622 7.87402
f 2738/5952/68 2766/5951/68 2769/5955/68 2770/5956/68 2739/5957/68 

vt 15.748 2.3622
vt 5.68434e-13 2.3622
vt 5.68434e-13 0.393701
vt 15.748 0.393701
f 2766/5958/66 2763/5959/66 2765/5960/66 2769/5961/66 

vt 15.748 10.2362
v 1783.84 1530.69 -197.5
vt 5.68434e-13 10.2362
f 2768/5962/66 2771/5963/66 2763/5959/66 2766/5958/66 

vt 15.748 13.7795
vt 15.748 15.748
vt 5.68434e-13 15.748
v 1783.84 1525.69 -197.5
f 2767/5964/117 2768/5965/117 2771/5966/117 2772/5918/117 

v 1823.84 1510.69 -197.5
vt 10.2362 7.87402
v 1823.84 1510.69 -202.5
vt 12.2047 7.87402
v 1823.84 1530.69 -202.5
vt 12.2047 15.748
f 2768/5954/68 2767/5953/68 2773/5967/68 2774/5968/68 2775/5969/68 

vt 15.748 7.87402
v 1783.84 1510.69 -197.5
vt 5.68434e-13 7.87402
v 1784.01 1508.08 -197.5
vt 0.0673633 6.84625
v 1784.52 1505.51 -197.5
vt 0.268301 5.83607
v 1785.36 1503.03 -197.5
vt 0.599374 4.86076
v 1786.52 1500.69 -197.5
vt 1.05492 3.93701
v 1787.97 1498.51 -197.5
vt 1.62714 3.08062
v 1789.7 1496.55 -197.5
vt 2.30625 2.30625
v 1791.66 1494.82 -197.5
vt 3.08062 1.62714
v 1793.84 1493.37 -197.5
vt 3.93701 1.05492
v 1796.18 1492.21 -197.5
vt 4.86076 0.599374
v 1798.66 1491.37 -197.5
vt 5.83607 0.268301
v 1801.23 1490.86 -197.5
vt 6.84625 0.0673633
v 1803.84 1490.69 -197.5
vt 7.87402 0
v 1806.45 1490.86 -197.5
vt 8.90178 0.0673633
v 1809.01 1491.37 -197.5
vt 9.91196 0.268301
v 1811.49 1492.21 -197.5
vt 10.8873 0.599374
v 1813.84 1493.37 -197.5
vt 11.811 1.05492
v 1816.01 1494.82 -197.5
vt 12.6674 1.62714
v 1817.98 1496.55 -197.5
vt 13.4418 2.30625
v 1819.71 1498.51 -197.5
vt 14.1209 3.08062
v 1821.16 1500.69 -197.5
vt 14.6931 3.93701
v 1822.32 1503.03 -197.5
vt 15.1487 4.86076
v 1823.16 1505.51 -197.5
vt 15.4797 5.83607
v 1823.67 1508.08 -197.5
vt 15.6807 6.84625
f 2773/5970/117 2767/5964/117 2772/5918/117 2776/5971/117 2777/5972/117 2778/5973/117 2779/5974/117 2780/5975/117 2781/5976/117 2782/5977/117 2783/5978/117 2784/5979/117 2785/5980/117 2786/5981/117 2787/5982/117 2788/5983/117 2789/5984/117 2790/5985/117 2791/5986/117 2792/5987/117 2793/5988/117 2794/5989/117 2795/5990/117 2796/5991/117 2797/5992/117 2798/5993/117 2799/5994/117 

vt -15.748 10.2362
vt -15.748 2.3622
vt 0 2.3622
vt 0 10.2362
f 2767/5995/1 2738/5996/1 2737/5997/1 2772/5998/1 

vn -1 2.88765e-13 -0
vt -10.2362 15.748
vt -10.2362 13.7795
f 2737/5945/1365 2763/5944/1365 2771/5999/1365 2772/6000/1365 

vn -1 -1.15506e-14 -9.24047e-14
v 1783.84 1530.69 -202.5
vt -12.2047 15.748
v 1783.84 1510.69 -202.5
vt -12.2047 7.87402
vt -10.2362 7.87402
f 2772/6000/1366 2771/5999/1366 2800/6001/1366 2801/6002/1366 2776/6003/1366 

vt 15.748 12.2047
vt 5.68434e-13 12.2047
f 2771/5963/66 2768/5962/66 2775/6004/66 2800/6005/66 

v 1823.67 1508.08 -202.5
v 1823.16 1505.51 -202.5
v 1822.32 1503.03 -202.5
v 1821.16 1500.69 -202.5
v 1819.71 1498.51 -202.5
v 1817.98 1496.55 -202.5
v 1816.01 1494.82 -202.5
v 1813.84 1493.37 -202.5
v 1811.49 1492.21 -202.5
v 1809.01 1491.37 -202.5
v 1806.45 1490.86 -202.5
v 1803.84 1490.69 -202.5
v 1801.23 1490.86 -202.5
v 1798.66 1491.37 -202.5
v 1796.18 1492.21 -202.5
v 1793.84 1493.37 -202.5
v 1791.66 1494.82 -202.5
v 1789.7 1496.55 -202.5
v 1787.97 1498.51 -202.5
v 1786.52 1500.69 -202.5
v 1785.36 1503.03 -202.5
v 1784.52 1505.51 -202.5
v 1784.01 1508.08 -202.5
f 2800/5950/106 2775/5949/106 2774/5920/106 2802/5921/106 2803/5922/106 2804/5923/106 2805/5924/106 2806/5925/106 2807/5926/106 2808/5927/106 2809/5928/106 2810/5929/106 2811/5930/106 2812/5931/106 2813/5932/106 2814/5933/106 2815/5934/106 2816/5935/106 2817/5936/106 2818/5937/106 2819/5938/106 2820/5939/106 2821/5940/106 2822/5941/106 2823/5942/106 2824/5943/106 2801/5917/106 

vt 10.2362 8.88713
vn 0.997859 -0.0654031 -0
vt 10.2362 7.85716
vn 0.991445 -0.130526 -0
vt 12.2047 7.85716
vt 12.2047 8.88713
f 2773/6006/1367 2799/6007/1368 2802/6008/1368 2774/6009/1367 

vt 10.2362 9.77385
vt 10.2362 8.74388
vn 0.965926 -0.258819 -0
vt 12.2047 8.74388
vt 12.2047 9.77385
f 2799/6010/1368 2798/6011/1369 2803/6012/1369 2802/6013/1368 

vt 10.2362 10.5021
vt 10.2362 9.47218
vn 0.92388 -0.382683 -0
vt 12.2047 9.47218
vt 12.2047 10.5021
f 2798/6014/1369 2797/6015/1370 2804/6016/1370 2803/6017/1369 

vt 10.2362 11.0596
vt 10.2362 10.0296
vt 12.2047 10.0296
vt 12.2047 11.0596
f 2797/6018/1370 2796/6019/1166 2805/6020/1166 2804/6021/1370 

vt 10.2362 11.4366
vt 10.2362 10.4066
vn 0.793353 -0.608761 -0
vt 12.2047 10.4066
vt 12.2047 11.4366
f 2796/6022/1166 2795/6023/1371 2806/6024/1371 2805/6025/1166 

vt 10.2362 11.6267
vt 10.2362 10.5967
vn 0.707107 -0.707107 -0
vt 12.2047 10.5967
vt 12.2047 11.6267
f 2795/6026/1371 2794/6027/1372 2807/6028/1372 2806/6029/1371 

vn 0.608761 -0.793353 -0
f 2794/6026/1372 2793/6027/1373 2808/6028/1373 2807/6029/1372 

f 2793/6022/1373 2792/6023/1171 2809/6024/1171 2808/6025/1373 

vn 0.382683 -0.92388 -0
f 2792/6018/1171 2791/6019/1374 2810/6020/1374 2809/6021/1171 

vn 0.258819 -0.965926 -0
f 2791/6014/1374 2790/6015/1375 2811/6016/1375 2810/6017/1374 

vn 0.130526 -0.991445 -0
f 2790/6010/1375 2789/6011/1376 2812/6012/1376 2811/6013/1375 

vn 0.0654031 -0.997859 -0
f 2789/6006/1376 2788/6007/1377 2813/6008/1377 2812/6009/1376 

vt -10.2362 -7.85716
vn -0.0654031 -0.997859 -0
vt -10.2362 -6.82719
vn -0.130526 -0.991445 -0
vt -12.2047 -6.82719
vt -12.2047 -7.85716
f 2788/6030/1378 2787/6031/1379 2814/6032/1379 2813/6033/1378 

vt -10.2362 -6.70156
vt -10.2362 -5.67159
vn -0.258819 -0.965926 -0
vt -12.2047 -5.67159
vt -12.2047 -6.70156
f 2787/6034/1379 2786/6035/1380 2815/6036/1380 2814/6037/1379 

vt -10.2362 -5.44011
vt -10.2362 -4.41014
vn -0.382683 -0.92388 -0
vt -12.2047 -4.41014
vt -12.2047 -5.44011
f 2786/6038/1380 2785/6039/1381 2816/6040/1381 2815/6041/1380 

vt -10.2362 -4.09439
vt -10.2362 -3.06442
vt -12.2047 -3.06442
vt -12.2047 -4.09439
f 2785/6042/1381 2784/6043/1296 2817/6044/1296 2816/6045/1381 

vt -10.2362 -2.68742
vt -10.2362 -1.65745
vn -0.608761 -0.793353 -0
vt -12.2047 -1.65745
vt -12.2047 -2.68742
f 2784/6046/1296 2783/6047/1382 2818/6048/1382 2817/6049/1296 

vt -10.2362 -1.24328
vt -10.2362 -0.213314
vn -0.707107 -0.707107 -0
vt -12.2047 -0.213314
vt -12.2047 -1.24328
f 2783/6050/1382 2782/6051/1383 2819/6052/1383 2818/6053/1382 

vt -10.2362 0.213314
vt -10.2362 1.24328
vn -0.793353 -0.608761 -0
vt -12.2047 1.24328
vt -12.2047 0.213314
f 2782/6054/1383 2781/6055/1384 2820/6056/1384 2819/6057/1383 

vt -10.2362 1.65745
vt -10.2362 2.68742
vt -12.2047 2.68742
vt -12.2047 1.65745
f 2781/6058/1384 2780/6059/1140 2821/6060/1140 2820/6061/1384 

vt -10.2362 3.06442
vt -10.2362 4.09439
vn -0.92388 -0.382683 -0
vt -12.2047 4.09439
vt -12.2047 3.06442
f 2780/6062/1140 2779/6063/1385 2822/6064/1385 2821/6065/1140 

vt -10.2362 4.41014
vt -10.2362 5.44011
vn -0.965926 -0.258819 -0
vt -12.2047 5.44011
vt -12.2047 4.41014
f 2779/6066/1385 2778/6067/1386 2823/6068/1386 2822/6069/1385 

vt -10.2362 5.67159
vt -10.2362 6.70156
vn -0.991445 -0.130526 -0
vt -12.2047 6.70156
vt -12.2047 5.67159
f 2778/6070/1386 2777/6071/1387 2824/6072/1387 2823/6073/1386 

vt -10.2362 6.82719
vt -10.2362 7.85716
vn -0.997859 -0.0654031 -0
vt -12.2047 7.85716
vt -12.2047 6.82719
f 2777/6074/1387 2776/6075/1388 2801/6076/1388 2824/6077/1387 

v 1803.97 1518.08 -172.5
vt 7.92418 10.7831
f 2765/5966/117 2825/6078/117 2769/5965/117

v 1803.19 1518.05 -172.5
vt 7.61982 10.7724
f 2765/5966/117 2826/6079/117 2825/6078/117

v 1802.43 1517.94 -172.5
vt 7.31825 10.73
f 2765/5966/117 2827/6080/117 2826/6079/117

v 1801.68 1517.75 -172.5
vt 7.02277 10.6562
f 2765/5966/117 2828/6081/117 2827/6080/117

v 1800.95 1517.49 -172.5
vt 6.73661 10.552
f 2765/5966/117 2829/6082/117 2828/6081/117

v 1800.25 1517.15 -172.5
vt 6.46292 10.4184
f 2765/5966/117 2830/6083/117 2829/6082/117

v 1799.6 1516.74 -172.5
vt 6.20468 10.257
f 2765/5966/117 2831/6084/117 2830/6083/117

v 1798.99 1516.26 -172.5
vt 5.96474 10.0695
f 2765/5966/117 2832/6085/117 2831/6084/117

v 1798.43 1515.73 -172.5
vt 5.74571 9.85785
f 2765/5966/117 2833/6086/117 2832/6085/117

v 1797.94 1515.13 -172.5
vt 5.55 9.62451
f 2765/5966/117 2834/6087/117 2833/6086/117

v 1797.5 1514.49 -172.5
vt 5.37976 9.372
f 2765/5966/117 2835/6088/117 2834/6087/117

v 1797.14 1513.81 -172.5
vt 5.23684 9.10307
f 2765/5966/117 2836/6089/117 2835/6088/117

v 1796.85 1513.09 -172.5
vt 5.12282 8.82068
f 2765/5966/117 2837/6090/117 2836/6089/117

v 1796.64 1512.35 -172.5
vt 5.03893 8.52791
f 2765/5966/117 2838/6091/117 2837/6090/117

v 1796.5 1511.59 -172.5
vt 4.98611 8.22799
f 2765/5966/117 2839/6092/117 2838/6091/117

v 1796.45 1510.81 -172.5
vt 4.96493 7.92418
f 2765/5966/117 2840/6093/117 2839/6092/117

f 2764/5971/117 2840/6093/117 2765/5966/117

v 1796.48 1510.04 -172.5
vt 4.97563 7.61982
f 2764/5971/117 2841/6094/117 2840/6093/117

v 1796.58 1509.28 -172.5
vt 5.01807 7.31825
f 2764/5971/117 2842/6095/117 2841/6094/117

v 1796.77 1508.53 -172.5
vt 5.09181 7.02277
f 2764/5971/117 2843/6096/117 2842/6095/117

v 1784.01 1508.08 -172.5
f 2844/5972/117 2843/6096/117 2764/5971/117

v 1797.04 1507.8 -172.5
vt 5.19603 6.73661
f 2844/5972/117 2845/6097/117 2843/6096/117

v 1797.38 1507.1 -172.5
vt 5.3296 6.46292
f 2844/5972/117 2846/6098/117 2845/6097/117

v 1797.79 1506.45 -172.5
vt 5.49103 6.20468
f 2844/5972/117 2847/6099/117 2846/6098/117

v 1798.26 1505.84 -172.5
vt 5.67858 5.96474
f 2844/5972/117 2848/6100/117 2847/6099/117

v 1784.52 1505.51 -172.5
f 2849/5973/117 2848/6100/117 2844/5972/117

v 1798.8 1505.28 -172.5
vt 5.89018 5.74571
f 2849/5973/117 2850/6101/117 2848/6100/117

v 1799.39 1504.78 -172.5
vt 6.12352 5.55
f 2849/5973/117 2851/6102/117 2850/6101/117

v 1800.03 1504.35 -172.5
vt 6.37603 5.37976
f 2849/5973/117 2852/6103/117 2851/6102/117

v 1800.72 1503.99 -172.5
vt 6.64496 5.23684
f 2849/5973/117 2853/6104/117 2852/6103/117

v 1801.43 1503.7 -172.5
vt 6.92735 5.12282
f 2849/5973/117 2854/6105/117 2853/6104/117

v 1802.18 1503.49 -172.5
vt 7.22012 5.03893
f 2849/5973/117 2855/6106/117 2854/6105/117

v 1802.94 1503.35 -172.5
vt 7.52005 4.98611
f 2849/5973/117 2856/6107/117 2855/6106/117

v 1785.36 1503.03 -172.5
f 2857/5974/117 2856/6107/117 2849/5973/117

v 1803.71 1503.3 -172.5
vt 7.82385 4.96493
f 2856/6107/117 2857/5974/117 2858/6108/117

v 1822.32 1503.03 -172.5
f 2857/5974/117 2859/5992/117 2858/6108/117

v 1786.52 1500.69 -172.5
f 2860/5975/117 2859/5992/117 2857/5974/117

v 1821.16 1500.69 -172.5
f 2860/5975/117 2861/5991/117 2859/5992/117

v 1787.97 1498.51 -172.5
f 2862/5976/117 2861/5991/117 2860/5975/117

v 1819.71 1498.51 -172.5
f 2862/5976/117 2863/5990/117 2861/5991/117

v 1789.7 1496.55 -172.5
f 2864/5977/117 2863/5990/117 2862/5976/117

v 1817.98 1496.55 -172.5
f 2864/5977/117 2865/5989/117 2863/5990/117

v 1791.66 1494.82 -172.5
f 2866/5978/117 2865/5989/117 2864/5977/117

v 1816.01 1494.82 -172.5
f 2866/5978/117 2867/5988/117 2865/5989/117

v 1793.84 1493.37 -172.5
f 2868/5979/117 2867/5988/117 2866/5978/117

v 1813.84 1493.37 -172.5
f 2868/5979/117 2869/5987/117 2867/5988/117

v 1796.18 1492.21 -172.5
f 2870/5980/117 2869/5987/117 2868/5979/117

v 1811.49 1492.21 -172.5
f 2870/5980/117 2871/5986/117 2869/5987/117

v 1798.66 1491.37 -172.5
f 2872/5981/117 2871/5986/117 2870/5980/117

v 1809.01 1491.37 -172.5
f 2872/5981/117 2873/5985/117 2871/5986/117

v 1801.23 1490.86 -172.5
f 2874/5982/117 2873/5985/117 2872/5981/117

v 1806.45 1490.86 -172.5
f 2874/5982/117 2875/5984/117 2873/5985/117

v 1803.84 1490.69 -172.5
f 2875/5984/117 2874/5982/117 2876/5983/117

vt -2.3622 -6.82719
vt -2.3622 -7.85716
vt -0.393701 -7.85716
vt -0.393701 -6.82719
f 2752/6109/1379 2751/6110/1378 2876/6111/1378 2874/6112/1379 

vt 2.3622 7.85716
vt 2.3622 8.88713
vt 0.393701 8.88713
vt 0.393701 7.85716
f 2751/6113/1377 2750/6114/1376 2875/6115/1376 2876/6116/1377 

vt 2.3622 8.74388
vt 2.3622 9.77385
vt 0.393701 9.77385
vt 0.393701 8.74388
f 2750/6117/1376 2749/6118/1375 2873/6119/1375 2875/6120/1376 

vt 2.3622 9.47218
vt 2.3622 10.5021
vt 0.393701 10.5021
vt 0.393701 9.47218
f 2749/6121/1375 2748/6122/1374 2871/6123/1374 2873/6124/1375 

vt 2.3622 10.0296
vt 2.3622 11.0596
vt 0.393701 11.0596
vt 0.393701 10.0296
f 2748/6125/1374 2747/6126/1171 2869/6127/1171 2871/6128/1374 

vt 2.3622 10.4066
vt 2.3622 11.4366
vt 0.393701 11.4366
vt 0.393701 10.4066
f 2747/6129/1171 2746/6130/1373 2867/6131/1373 2869/6132/1171 

vt 2.3622 10.5967
vt 2.3622 11.6267
vt 0.393701 11.6267
vt 0.393701 10.5967
f 2746/6133/1373 2745/6134/1372 2865/6135/1372 2867/6136/1373 

f 2745/6133/1372 2744/6134/1371 2863/6135/1371 2865/6136/1372 

f 2744/6129/1371 2743/6130/1166 2861/6131/1166 2863/6132/1371 

f 2743/6125/1166 2742/6126/1370 2859/6127/1370 2861/6128/1166 

v 1823.16 1505.51 -172.5
f 2742/6121/1370 2741/6122/1369 2877/6123/1369 2859/6124/1370 

v 1823.67 1508.08 -172.5
f 2741/6117/1369 2740/6118/1368 2878/6119/1368 2877/6120/1369 

f 2740/6113/1368 2739/6114/1367 2770/6115/1367 2878/6116/1368 

v 1810.83 1508.28 -172.5
vt 10.6252 6.92735
f 2879/6137/117 2878/5994/117 2770/5970/117

v 1810.54 1507.57 -172.5
vt 10.5112 6.64496
f 2880/6138/117 2878/5994/117 2879/6137/117

v 1810.17 1506.88 -172.5
vt 10.3683 6.37603
f 2881/6139/117 2878/5994/117 2880/6138/117

v 1809.74 1506.24 -172.5
vt 10.198 6.12352
f 2882/6140/117 2878/5994/117 2881/6139/117

v 1809.24 1505.65 -172.5
vt 10.0023 5.89018
f 2883/6141/117 2878/5994/117 2882/6140/117

f 2883/6141/117 2877/5993/117 2878/5994/117

v 1808.69 1505.11 -172.5
vt 9.78329 5.67858
f 2884/6142/117 2877/5993/117 2883/6141/117

v 1808.08 1504.63 -172.5
vt 9.54335 5.49103
f 2885/6143/117 2877/5993/117 2884/6142/117

v 1807.42 1504.22 -172.5
vt 9.28511 5.3296
f 2886/6144/117 2877/5993/117 2885/6143/117

v 1806.73 1503.89 -172.5
vt 9.01142 5.19603
f 2887/6145/117 2877/5993/117 2886/6144/117

v 1806 1503.62 -172.5
vt 8.72526 5.09181
f 2888/6146/117 2877/5993/117 2887/6145/117

v 1805.25 1503.43 -172.5
vt 8.42978 5.01807
f 2889/6147/117 2877/5993/117 2888/6146/117

v 1804.48 1503.33 -172.5
vt 8.12821 4.97563
f 2890/6148/117 2877/5993/117 2889/6147/117

f 2890/6148/117 2859/5992/117 2877/5993/117

f 2858/6108/117 2859/5992/117 2890/6148/117

usemtl M_0128_White
vt 0.393701 7.99335
vn -0.0172409 -0.999851 -0
vt 0.393701 8.2979
vn 0.0873664 -0.996176 -0
v 1804.48 1503.33 -171.5
vt 0 8.2979
v 1803.71 1503.3 -171.5
vt 0 7.99335
f 2858/6149/1389 2890/6150/1390 2891/6151/1390 2892/6152/1389 

v 1803.71 1503.3 -203.5
vt 12.5984 7.99335
v 1804.48 1503.33 -203.5
vt 12.5984 8.2979
f 2890/6150/1390 2858/6149/1389 2893/6153/1389 2894/6154/1390 

vt -0.393701 -7.45962
vt -0.393701 -7.15508
vn -0.121659 -0.992572 -0
v 1802.94 1503.35 -203.5
vt -12.5984 -7.15508
vt -12.5984 -7.45962
f 2858/6155/1389 2856/6156/1391 2895/6157/1391 2893/6158/1389 

vt 0 -7.45962
v 1802.94 1503.35 -171.5
vt 0 -7.15508
f 2856/6156/1391 2858/6155/1389 2892/6159/1389 2896/6160/1391 

v 1797.79 1506.45 -171.5
v 1798.26 1505.84 -171.5
v 1798.8 1505.28 -171.5
v 1799.39 1504.78 -171.5
v 1800.03 1504.35 -171.5
v 1800.72 1503.99 -171.5
v 1801.43 1503.7 -171.5
v 1802.18 1503.49 -171.5
v 1805.25 1503.43 -171.5
v 1806 1503.62 -171.5
v 1806.73 1503.89 -171.5
v 1807.42 1504.22 -171.5
v 1808.08 1504.63 -171.5
v 1808.69 1505.11 -171.5
v 1809.24 1505.65 -171.5
v 1809.74 1506.24 -171.5
v 1810.17 1506.88 -171.5
v 1810.54 1507.57 -171.5
v 1810.83 1508.28 -171.5
v 1811.04 1509.03 -171.5
vt 10.7091 7.22012
v 1811.17 1509.79 -171.5
vt 10.7619 7.52005
v 1811.23 1510.56 -171.5
vt 10.7831 7.82385
v 1811.2 1511.33 -171.5
vt 10.7724 8.12821
v 1811.09 1512.1 -171.5
vt 10.73 8.42978
v 1810.9 1512.85 -171.5
vt 10.6562 8.72526
v 1810.64 1513.58 -171.5
vt 10.552 9.01142
v 1810.3 1514.27 -171.5
vt 10.4184 9.28511
v 1809.89 1514.93 -171.5
vt 10.257 9.54335
v 1809.41 1515.54 -171.5
vt 10.0695 9.78329
v 1808.88 1516.09 -171.5
vt 9.85785 10.0023
v 1808.28 1516.59 -171.5
vt 9.62451 10.198
v 1807.64 1517.02 -171.5
vt 9.372 10.3683
v 1806.96 1517.39 -171.5
vt 9.10307 10.5112
v 1806.24 1517.68 -171.5
vt 8.82068 10.6252
v 1805.5 1517.89 -171.5
vt 8.52791 10.7091
v 1804.74 1518.02 -171.5
vt 8.22799 10.7619
v 1803.97 1518.08 -171.5
v 1803.19 1518.05 -171.5
v 1802.43 1517.94 -171.5
v 1801.68 1517.75 -171.5
v 1800.95 1517.49 -171.5
v 1800.25 1517.15 -171.5
v 1799.6 1516.74 -171.5
v 1798.99 1516.26 -171.5
v 1798.43 1515.73 -171.5
v 1797.94 1515.13 -171.5
v 1797.5 1514.49 -171.5
v 1797.14 1513.81 -171.5
v 1796.85 1513.09 -171.5
v 1796.64 1512.35 -171.5
v 1796.5 1511.59 -171.5
v 1796.45 1510.81 -171.5
v 1796.48 1510.04 -171.5
v 1796.58 1509.28 -171.5
v 1796.77 1508.53 -171.5
v 1797.04 1507.8 -171.5
v 1797.38 1507.1 -171.5
f 2897/6099/117 2898/6100/117 2899/6101/117 2900/6102/117 2901/6103/117 2902/6104/117 2903/6105/117 2904/6106/117 2896/6107/117 2892/6108/117 2891/6148/117 2905/6147/117 2906/6146/117 2907/6145/117 2908/6144/117 2909/6143/117 2910/6142/117 2911/6141/117 2912/6140/117 2913/6139/117 2914/6138/117 2915/6137/117 2916/6161/117 2917/6162/117 2918/6163/117 2919/6164/117 2920/6165/117 2921/6166/117 2922/6167/117 2923/6168/117 2924/6169/117 2925/6170/117 2926/6171/117 2927/6172/117 2928/6173/117 2929/6174/117 2930/6175/117 2931/6176/117 2932/6177/117 2933/6078/117 2934/6079/117 2935/6080/117 2936/6081/117 2937/6082/117 2938/6083/117 2939/6084/117 2940/6085/117 2941/6086/117 2942/6087/117 2943/6088/117 2944/6089/117 2945/6090/117 2946/6091/117 2947/6092/117 2948/6093/117 2949/6094/117 2950/6095/117 2951/6096/117 2952/6097/117 2953/6098/117 

vt -0.393701 1.50702
vn -0.819031 -0.57375 -0
vt -0.393701 1.20247
vn -0.754571 -0.656219 -0
vt 0 1.20247
vt 0 1.50702
f 2847/6178/1392 2848/6179/1393 2898/6180/1393 2897/6181/1392 

v 1797.79 1506.45 -203.5
vt -12.5984 1.50702
v 1798.26 1505.84 -203.5
vt -12.5984 1.20247
f 2848/6179/1393 2847/6178/1392 2954/6182/1392 2955/6183/1393 

vt -0.393701 2.35038
vt -0.393701 2.65493
vn -0.874517 -0.484995 -0
v 1797.38 1507.1 -203.5
vt -12.5984 2.65493
vt -12.5984 2.35038
f 2847/6184/1392 2846/6185/1394 2956/6186/1394 2954/6187/1392 

vt 0 2.35038
vt 0 2.65493
f 2846/6185/1394 2847/6184/1392 2897/6188/1392 2953/6189/1394 

vt -0.393701 3.77542
vn -0.920422 -0.390926 -0
vt -0.393701 3.47088
vt 0 3.47088
vt 0 3.77542
f 2845/6190/1395 2846/6191/1394 2953/6192/1394 2952/6193/1395 

v 1797.04 1507.8 -203.5
vt -12.5984 3.77542
vt -12.5984 3.47088
f 2846/6191/1394 2845/6190/1395 2957/6194/1395 2956/6195/1394 

vt -0.393701 4.55168
vt -0.393701 4.85622
vn -0.956243 -0.292574 -0
v 1796.77 1508.53 -203.5
vt -12.5984 4.85622
vt -12.5984 4.55168
f 2845/6196/1395 2843/6197/1396 2958/6198/1396 2957/6199/1395 

vt 0 4.55168
vt 0 4.85622
f 2843/6197/1396 2845/6196/1395 2952/6200/1395 2951/6201/1396 

vt -0.393701 5.88548
vn -0.981587 -0.191017 -0
vt -0.393701 5.58094
vt 0 5.58094
vt 0 5.88548
f 2842/6202/1397 2843/6203/1396 2951/6204/1396 2950/6205/1397 

v 1796.58 1509.28 -203.5
vt -12.5984 5.88548
vt -12.5984 5.58094
f 2843/6203/1396 2842/6202/1397 2959/6206/1397 2958/6207/1396 

vt -0.393701 6.54738
vt -0.393701 6.85193
vn -0.996176 -0.0873664 -0
v 1796.48 1510.04 -203.5
vt -12.5984 6.85193
vt -12.5984 6.54738
f 2842/6208/1397 2841/6209/1398 2960/6210/1398 2959/6211/1397 

vt 0 6.54738
vt 0 6.85193
f 2841/6209/1398 2842/6208/1397 2950/6212/1397 2949/6213/1398 

vt -0.393701 7.74497
vn -0.999851 0.0172409 -0
vt -0.393701 7.44043
vt 0 7.44043
vt 0 7.74497
f 2840/6214/1399 2841/6215/1398 2949/6216/1398 2948/6217/1399 

v 1796.45 1510.81 -203.5
vt -12.5984 7.74497
vt -12.5984 7.44043
f 2841/6215/1398 2840/6214/1399 2961/6218/1399 2960/6219/1398 

vt -0.393701 8.25028
vt -0.393701 8.55483
vn -0.992572 0.121659 -0
v 1796.5 1511.59 -203.5
vt -12.5984 8.55483
vt -12.5984 8.25028
f 2840/6220/1399 2839/6221/1400 2962/6222/1400 2961/6223/1399 

vt 0 8.25028
vt 0 8.55483
f 2839/6221/1400 2840/6220/1399 2948/6224/1399 2947/6225/1400 

vt -0.393701 9.27262
vn -0.974418 0.224745 -0
vt -0.393701 8.96808
vt 0 8.96808
vt 0 9.27262
f 2838/6226/1401 2839/6227/1400 2947/6228/1400 2946/6229/1401 

v 1796.64 1512.35 -203.5
vt -12.5984 9.27262
vt -12.5984 8.96808
f 2839/6227/1400 2838/6226/1401 2963/6230/1401 2962/6231/1400 

vt -0.393701 9.58595
vt -0.393701 9.89049
vn -0.945587 0.325368 -0
v 1796.85 1513.09 -203.5
vt -12.5984 9.89049
vt -12.5984 9.58595
f 2838/6232/1401 2837/6233/1402 2964/6234/1402 2963/6235/1401 

vt 0 9.58595
vt 0 9.89049
f 2837/6233/1402 2838/6232/1401 2946/6236/1401 2945/6237/1402 

vt -0.393701 10.4017
vn -0.906397 0.422427 -0
vt -0.393701 10.0971
vt 0 10.0971
vt 0 10.4017
f 2836/6238/1403 2837/6239/1402 2945/6240/1402 2944/6241/1403 

v 1797.14 1513.81 -203.5
vt -12.5984 10.4017
vt -12.5984 10.0971
f 2837/6239/1402 2836/6238/1403 2965/6242/1403 2964/6243/1402 

vt -0.393701 10.496
vt -0.393701 10.8006
vn -0.857276 0.514857 -0
v 1797.5 1514.49 -203.5
vt -12.5984 10.8006
vt -12.5984 10.496
f 2836/6244/1403 2835/6245/1404 2966/6246/1404 2965/6247/1403 

vt 0 10.496
vt 0 10.8006
f 2835/6245/1404 2836/6244/1403 2944/6248/1403 2943/6249/1404 

vt -0.393701 11.0828
vn -0.798763 0.601646 -0
vt -0.393701 10.7782
vt 0 10.7782
vt 0 11.0828
f 2834/6250/1405 2835/6251/1404 2943/6252/1404 2942/6253/1405 

v 1797.94 1515.13 -203.5
vt -12.5984 11.0828
vt -12.5984 10.7782
f 2835/6251/1404 2834/6250/1405 2967/6254/1405 2966/6255/1404 

vt -0.393701 10.9407
vt -0.393701 11.2452
vn -0.731498 0.681844 -0
v 1798.43 1515.73 -203.5
vt -12.5984 11.2452
vt -12.5984 10.9407
f 2834/6256/1405 2833/6257/1406 2968/6258/1406 2967/6259/1405 

vt 0 10.9407
vt 0 11.2452
f 2833/6257/1406 2834/6256/1405 2942/6260/1405 2941/6261/1406 

vt -0.393701 11.2862
vn -0.656219 0.754571 -0
vt -0.393701 10.9816
vt 0 10.9816
vt 0 11.2862
f 2832/6262/1407 2833/6263/1406 2941/6264/1406 2940/6265/1407 

v 1798.99 1516.26 -203.5
vt -12.5984 11.2862
vt -12.5984 10.9816
f 2833/6263/1406 2832/6262/1407 2969/6266/1407 2968/6267/1406 

vt -0.393701 10.9006
vt -0.393701 11.2051
vn -0.57375 0.819031 -0
v 1799.6 1516.74 -203.5
vt -12.5984 11.2051
vt -12.5984 10.9006
f 2832/6268/1407 2831/6269/1408 2970/6270/1408 2969/6271/1407 

vt 0 10.9006
vt 0 11.2051
f 2831/6269/1408 2832/6268/1407 2940/6272/1407 2939/6273/1408 

vt -0.393701 11.0029
vn -0.484995 0.874517 -0
vt -0.393701 10.6984
vt 0 10.6984
vt 0 11.0029
f 2830/6274/1409 2831/6275/1408 2939/6276/1408 2938/6277/1409 

v 1800.25 1517.15 -203.5
vt -12.5984 11.0029
vt -12.5984 10.6984
f 2831/6275/1408 2830/6274/1409 2971/6278/1409 2970/6279/1408 

vt -0.393701 10.3774
vt -0.393701 10.6819
vn -0.390926 0.920422 -0
v 1800.95 1517.49 -203.5
vt -12.5984 10.6819
vt -12.5984 10.3774
f 2830/6280/1409 2829/6281/1410 2972/6282/1410 2971/6283/1409 

vt 0 10.3774
vt 0 10.6819
f 2829/6281/1410 2830/6280/1409 2938/6284/1409 2937/6285/1410 

vt -0.393701 10.2455
vn -0.292574 0.956243 -0
vt -0.393701 9.94095
vt 0 9.94095
vt 0 10.2455
f 2828/6286/1411 2829/6287/1410 2937/6288/1410 2936/6289/1411 

v 1801.68 1517.75 -203.5
vt -12.5984 10.2455
vt -12.5984 9.94095
f 2829/6287/1410 2828/6286/1411 2973/6290/1411 2972/6291/1410 

vt -0.393701 9.39396
vt -0.393701 9.69851
vn -0.191017 0.981587 -0
v 1802.43 1517.94 -203.5
vt -12.5984 9.69851
vt -12.5984 9.39396
f 2828/6292/1411 2827/6293/1412 2974/6294/1412 2973/6295/1411 

vt 0 9.39396
vt 0 9.69851
f 2827/6293/1412 2828/6292/1411 2936/6296/1411 2935/6297/1412 

vt -0.393701 9.04693
vn -0.0873664 0.996176 -0
vt -0.393701 8.74238
vt 0 8.74238
vt 0 9.04693
f 2826/6298/1413 2827/6299/1412 2935/6300/1412 2934/6301/1413 

v 1803.19 1518.05 -203.5
vt -12.5984 9.04693
vt -12.5984 8.74238
f 2827/6299/1412 2826/6298/1413 2975/6302/1413 2974/6303/1412 

vt -0.393701 7.99335
vt -0.393701 8.2979
vn 0.0172409 0.999851 -0
v 1803.97 1518.08 -203.5
vt -12.5984 8.2979
vt -12.5984 7.99335
f 2826/6304/1413 2825/6305/1414 2976/6306/1414 2975/6307/1413 

f 2825/6305/1414 2826/6304/1413 2934/6152/1413 2933/6151/1414 

v 1804.74 1518.02 -172.5
vt 0.393701 -7.45962
vn 0.121659 0.992572 -0
vt 0.393701 -7.15508
f 2977/6308/1415 2825/6309/1414 2933/6160/1414 2932/6159/1415 

usemtl M_0133_Gray
f 2977/6177/117 2769/5965/117 2825/6078/117

v 1805.5 1517.89 -172.5
f 2978/6176/117 2769/5965/117 2977/6177/117

v 1806.24 1517.68 -172.5
f 2979/6175/117 2769/5965/117 2978/6176/117

v 1806.96 1517.39 -172.5
f 2980/6174/117 2769/5965/117 2979/6175/117

v 1807.64 1517.02 -172.5
f 2981/6173/117 2769/5965/117 2980/6174/117

v 1808.28 1516.59 -172.5
f 2982/6172/117 2769/5965/117 2981/6173/117

v 1808.88 1516.09 -172.5
f 2983/6171/117 2769/5965/117 2982/6172/117

v 1809.41 1515.54 -172.5
f 2984/6170/117 2769/5965/117 2983/6171/117

v 1809.89 1514.93 -172.5
f 2985/6169/117 2769/5965/117 2984/6170/117

v 1810.3 1514.27 -172.5
f 2986/6168/117 2769/5965/117 2985/6169/117

v 1810.64 1513.58 -172.5
f 2987/6167/117 2769/5965/117 2986/6168/117

v 1810.9 1512.85 -172.5
f 2988/6166/117 2769/5965/117 2987/6167/117

v 1811.09 1512.1 -172.5
f 2989/6165/117 2769/5965/117 2988/6166/117

v 1811.2 1511.33 -172.5
f 2990/6164/117 2769/5965/117 2989/6165/117

f 2990/6164/117 2770/5970/117 2769/5965/117

v 1811.23 1510.56 -172.5
f 2991/6163/117 2770/5970/117 2990/6164/117

v 1811.17 1509.79 -172.5
f 2992/6162/117 2770/5970/117 2991/6163/117

v 1811.04 1509.03 -172.5
f 2993/6161/117 2770/5970/117 2992/6162/117

f 2879/6137/117 2770/5970/117 2993/6161/117

usemtl M_0128_White
vt 0.393701 9.58595
vn 0.945587 -0.325368 -0
vt 0.393701 9.89049
vn 0.974418 -0.224745 -0
f 2879/6310/1416 2993/6311/1417 2916/6237/1417 2915/6236/1416 

v 1810.83 1508.28 -203.5
vt 12.5984 9.58595
v 1811.04 1509.03 -203.5
vt 12.5984 9.89049
f 2993/6311/1417 2879/6310/1416 2994/6312/1416 2995/6313/1417 

vt 0.393701 10.4017
vt 0.393701 10.0971
vn 0.906397 -0.422427 -0
v 1810.54 1507.57 -203.5
vt 12.5984 10.0971
vt 12.5984 10.4017
f 2879/6314/1416 2880/6315/1418 2996/6316/1418 2994/6317/1416 

f 2880/6315/1418 2879/6314/1416 2915/6241/1416 2914/6240/1418 

vt 0.393701 10.496
vn 0.857276 -0.514857 -0
vt 0.393701 10.8006
f 2881/6318/1419 2880/6319/1418 2914/6249/1418 2913/6248/1419 

v 1810.17 1506.88 -203.5
vt 12.5984 10.496
vt 12.5984 10.8006
f 2880/6319/1418 2881/6318/1419 2997/6320/1419 2996/6321/1418 

vt 0.393701 11.0828
vt 0.393701 10.7782
vn 0.798763 -0.601646 -0
v 1809.74 1506.24 -203.5
vt 12.5984 10.7782
vt 12.5984 11.0828
f 2881/6322/1419 2882/6323/1420 2998/6324/1420 2997/6325/1419 

f 2882/6323/1420 2881/6322/1419 2913/6253/1419 2912/6252/1420 

vt 0.393701 10.9407
vn 0.731498 -0.681844 -0
vt 0.393701 11.2452
f 2883/6326/1421 2882/6327/1420 2912/6261/1420 2911/6260/1421 

v 1809.24 1505.65 -203.5
vt 12.5984 10.9407
vt 12.5984 11.2452
f 2882/6327/1420 2883/6326/1421 2999/6328/1421 2998/6329/1420 

vt 0.393701 11.2862
vt 0.393701 10.9816
vn 0.656219 -0.754571 -0
v 1808.69 1505.11 -203.5
vt 12.5984 10.9816
vt 12.5984 11.2862
f 2883/6330/1421 2884/6331/1422 3000/6332/1422 2999/6333/1421 

f 2884/6331/1422 2883/6330/1421 2911/6265/1421 2910/6264/1422 

vt 0.393701 10.9006
vn 0.57375 -0.819031 -0
vt 0.393701 11.2051
f 2885/6334/1423 2884/6335/1422 2910/6273/1422 2909/6272/1423 

v 1808.08 1504.63 -203.5
vt 12.5984 10.9006
vt 12.5984 11.2051
f 2884/6335/1422 2885/6334/1423 3001/6336/1423 3000/6337/1422 

vt 0.393701 11.0029
vt 0.393701 10.6984
vn 0.484995 -0.874517 -0
v 1807.42 1504.22 -203.5
vt 12.5984 10.6984
vt 12.5984 11.0029
f 2885/6338/1423 2886/6339/1424 3002/6340/1424 3001/6341/1423 

f 2886/6339/1424 2885/6338/1423 2909/6277/1423 2908/6276/1424 

vt 0.393701 10.3774
vn 0.390926 -0.920422 -0
vt 0.393701 10.6819
f 2887/6342/1425 2886/6343/1424 2908/6285/1424 2907/6284/1425 

v 1806.73 1503.89 -203.5
vt 12.5984 10.3774
vt 12.5984 10.6819
f 2886/6343/1424 2887/6342/1425 3003/6344/1425 3002/6345/1424 

vt 0.393701 10.2455
vt 0.393701 9.94095
vn 0.292574 -0.956243 -0
v 1806 1503.62 -203.5
vt 12.5984 9.94095
vt 12.5984 10.2455
f 2887/6346/1425 2888/6347/1426 3004/6348/1426 3003/6349/1425 

f 2888/6347/1426 2887/6346/1425 2907/6289/1425 2906/6288/1426 

vt 0.393701 9.39396
vn 0.191017 -0.981587 -0
vt 0.393701 9.69851
f 2889/6350/1427 2888/6351/1426 2906/6297/1426 2905/6296/1427 

v 1805.25 1503.43 -203.5
vt 12.5984 9.39396
vt 12.5984 9.69851
f 2888/6351/1426 2889/6350/1427 3005/6352/1427 3004/6353/1426 

vt 0.393701 9.04693
vt 0.393701 8.74238
vt 12.5984 8.74238
vt 12.5984 9.04693
f 2889/6354/1427 2890/6355/1390 2894/6356/1390 3005/6357/1427 

f 2890/6355/1390 2889/6354/1427 2905/6301/1427 2891/6300/1390 

vt -5.67858 5.96474
vt -5.49103 6.20468
vt -5.3296 6.46292
vt -5.19603 6.73661
vt -5.09181 7.02277
vt -5.01807 7.31825
vt -4.97563 7.61982
vt -4.96493 7.92418
vt -4.98611 8.22799
vt -5.03893 8.52791
vt -5.12282 8.82068
vt -5.23684 9.10307
vt -5.37976 9.372
vt -5.55 9.62451
vt -5.74571 9.85785
vt -5.96474 10.0695
vt -6.20468 10.257
vt -6.46292 10.4184
vt -6.73661 10.552
vt -7.02277 10.6562
vt -7.31825 10.73
vt -7.61982 10.7724
vt -7.92418 10.7831
v 1804.74 1518.02 -203.5
vt -8.22799 10.7619
v 1805.5 1517.89 -203.5
vt -8.52791 10.7091
v 1806.24 1517.68 -203.5
vt -8.82068 10.6252
v 1806.96 1517.39 -203.5
vt -9.10307 10.5112
v 1807.64 1517.02 -203.5
vt -9.372 10.3683
v 1808.28 1516.59 -203.5
vt -9.62451 10.198
v 1808.88 1516.09 -203.5
vt -9.85785 10.0023
v 1809.41 1515.54 -203.5
vt -10.0695 9.78329
v 1809.89 1514.93 -203.5
vt -10.257 9.54335
v 1810.3 1514.27 -203.5
vt -10.4184 9.28511
v 1810.64 1513.58 -203.5
vt -10.552 9.01142
v 1810.9 1512.85 -203.5
vt -10.6562 8.72526
v 1811.09 1512.1 -203.5
vt -10.73 8.42978
v 1811.2 1511.33 -203.5
vt -10.7724 8.12821
v 1811.23 1510.56 -203.5
vt -10.7831 7.82385
v 1811.17 1509.79 -203.5
vt -10.7619 7.52005
vt -10.7091 7.22012
vt -10.6252 6.92735
vt -10.5112 6.64496
vt -10.3683 6.37603
vt -10.198 6.12352
vt -10.0023 5.89018
vt -9.78329 5.67858
vt -9.54335 5.49103
vt -9.28511 5.3296
vt -9.01142 5.19603
vt -8.72526 5.09181
vt -8.42978 5.01807
vt -8.12821 4.97563
vt -7.82385 4.96493
vt -7.52005 4.98611
v 1802.18 1503.49 -203.5
vt -7.22012 5.03893
v 1801.43 1503.7 -203.5
vt -6.92735 5.12282
v 1800.72 1503.99 -203.5
vt -6.64496 5.23684
v 1800.03 1504.35 -203.5
vt -6.37603 5.37976
v 1799.39 1504.78 -203.5
vt -6.12352 5.55
v 1798.8 1505.28 -203.5
vt -5.89018 5.74571
f 2955/6358/106 2954/6359/106 2956/6360/106 2957/6361/106 2958/6362/106 2959/6363/106 2960/6364/106 2961/6365/106 2962/6366/106 2963/6367/106 2964/6368/106 2965/6369/106 2966/6370/106 2967/6371/106 2968/6372/106 2969/6373/106 2970/6374/106 2971/6375/106 2972/6376/106 2973/6377/106 2974/6378/106 2975/6379/106 2976/6380/106 3006/6381/106 3007/6382/106 3008/6383/106 3009/6384/106 3010/6385/106 3011/6386/106 3012/6387/106 3013/6388/106 3014/6389/106 3015/6390/106 3016/6391/106 3017/6392/106 3018/6393/106 3019/6394/106 3020/6395/106 3021/6396/106 2995/6397/106 2994/6398/106 2996/6399/106 2997/6400/106 2998/6401/106 2999/6402/106 3000/6403/106 3001/6404/106 3002/6405/106 3003/6406/106 3004/6407/106 3005/6408/106 2894/6409/106 2893/6410/106 2895/6411/106 3022/6412/106 3023/6413/106 3024/6414/106 3025/6415/106 3026/6416/106 3027/6417/106 

vt 12.5984 -7.45962
vt 12.5984 -7.15508
f 2825/6309/1414 2977/6308/1415 3006/6418/1415 2976/6419/1414 

vt 0.393701 -6.23674
vt 0.393701 -6.54128
vn 0.224745 0.974418 -0
vt 12.5984 -6.54128
vt 12.5984 -6.23674
f 2977/6420/1415 2978/6421/1428 3007/6422/1428 3006/6423/1415 

vt 0 -6.23674
vt 0 -6.54128
f 2978/6421/1428 2977/6420/1415 2932/6424/1415 2931/6425/1428 

vt 0.393701 -5.55295
vn 0.325368 0.945587 -0
vt 0.393701 -5.2484
vt 0 -5.2484
vt 0 -5.55295
f 2979/6426/1429 2978/6427/1428 2931/6428/1428 2930/6429/1429 

vt 12.5984 -5.55295
vt 12.5984 -5.2484
f 2978/6427/1428 2979/6426/1429 3008/6430/1429 3007/6431/1428 

vt 0.393701 -4.2009
vt 0.393701 -4.50544
vn 0.422427 0.906397 -0
vt 12.5984 -4.50544
vt 12.5984 -4.2009
f 2979/6432/1429 2980/6433/1430 3009/6434/1430 3008/6435/1429 

vt 0 -4.2009
vt 0 -4.50544
f 2980/6433/1430 2979/6432/1429 2930/6436/1429 2929/6437/1430 

vt 0.393701 -3.41024
vn 0.514857 0.857276 -0
vt 0.393701 -3.1057
vt 0 -3.1057
vt 0 -3.41024
f 2981/6438/1431 2980/6439/1430 2929/6440/1430 2928/6441/1431 

vt 12.5984 -3.41024
vt 12.5984 -3.1057
f 2980/6439/1430 2981/6438/1431 3010/6442/1431 3009/6443/1430 

vt 0.393701 -1.9748
vt 0.393701 -2.27935
vn 0.601646 0.798763 -0
vt 12.5984 -2.27935
vt 12.5984 -1.9748
f 2981/6444/1431 2982/6445/1432 3011/6446/1432 3010/6447/1431 

vt 0 -1.9748
vt 0 -2.27935
f 2982/6445/1432 2981/6444/1431 2928/6448/1431 2927/6449/1432 

vt 0.393701 -1.12514
vn 0.681844 0.731498 -0
vt 0.393701 -0.8206
vt 0 -0.8206
vt 0 -1.12514
f 2983/6450/1433 2982/6451/1432 2927/6452/1432 2926/6453/1433 

vt 12.5984 -1.12514
vt 12.5984 -0.8206
f 2982/6451/1432 2983/6450/1433 3012/6454/1433 3011/6455/1432 

vt 0.393701 0.344259
vt 0.393701 0.039715
vn 0.754571 0.656219 -0
vt 12.5984 0.039715
vt 12.5984 0.344259
f 2983/6456/1433 2984/6457/1434 3013/6458/1434 3012/6459/1433 

vt 0 0.344259
vt 0 0.039715
f 2984/6457/1434 2983/6456/1433 2926/6460/1433 2925/6461/1434 

vt 0.393701 1.20247
vn 0.819031 0.57375 -0
vt 0.393701 1.50702
f 2985/6462/1435 2984/6463/1434 2925/6181/1434 2924/6180/1435 

vt 12.5984 1.20247
vt 12.5984 1.50702
f 2984/6463/1434 2985/6462/1435 3014/6464/1435 3013/6465/1434 

vt 0.393701 2.65493
vt 0.393701 2.35038
vn 0.874517 0.484995 -0
vt 12.5984 2.35038
vt 12.5984 2.65493
f 2985/6466/1435 2986/6467/1436 3015/6468/1436 3014/6469/1435 

f 2986/6467/1436 2985/6466/1435 2924/6189/1435 2923/6188/1436 

vt 0.393701 3.47088
vn 0.920422 0.390926 -0
vt 0.393701 3.77542
f 2987/6470/1437 2986/6471/1436 2923/6193/1436 2922/6192/1437 

vt 12.5984 3.47088
vt 12.5984 3.77542
f 2986/6471/1436 2987/6470/1437 3016/6472/1437 3015/6473/1436 

vt 0.393701 4.85622
vt 0.393701 4.55168
vn 0.956243 0.292574 -0
vt 12.5984 4.55168
vt 12.5984 4.85622
f 2987/6474/1437 2988/6475/1438 3017/6476/1438 3016/6477/1437 

f 2988/6475/1438 2987/6474/1437 2922/6201/1437 2921/6200/1438 

vt 0.393701 5.58094
vn 0.981587 0.191017 -0
vt 0.393701 5.88548
f 2989/6478/1439 2988/6479/1438 2921/6205/1438 2920/6204/1439 

vt 12.5984 5.58094
vt 12.5984 5.88548
f 2988/6479/1438 2989/6478/1439 3018/6480/1439 3017/6481/1438 

vt 0.393701 6.85193
vt 0.393701 6.54738
vn 0.996176 0.0873664 -0
vt 12.5984 6.54738
vt 12.5984 6.85193
f 2989/6482/1439 2990/6483/1440 3019/6484/1440 3018/6485/1439 

f 2990/6483/1440 2989/6482/1439 2920/6213/1439 2919/6212/1440 

vt 0.393701 7.44043
vn 0.999851 -0.0172409 -0
vt 0.393701 7.74497
f 2991/6486/1441 2990/6487/1440 2919/6217/1440 2918/6216/1441 

vt 12.5984 7.44043
vt 12.5984 7.74497
f 2990/6487/1440 2991/6486/1441 3020/6488/1441 3019/6489/1440 

vt 0.393701 8.55483
vt 0.393701 8.25028
vn 0.992572 -0.121659 -0
vt 12.5984 8.25028
vt 12.5984 8.55483
f 2991/6490/1441 2992/6491/1442 3021/6492/1442 3020/6493/1441 

f 2992/6491/1442 2991/6490/1441 2918/6225/1441 2917/6224/1442 

vt 0.393701 8.96808
vt 0.393701 9.27262
f 2993/6494/1417 2992/6495/1442 2917/6229/1442 2916/6228/1417 

vt 12.5984 8.96808
vt 12.5984 9.27262
f 2992/6495/1442 2993/6494/1417 2995/6496/1417 3021/6497/1442 

vt -0.393701 -6.54128
vt -0.393701 -6.23674
vn -0.224745 -0.974418 -0
vt -12.5984 -6.23674
vt -12.5984 -6.54128
f 2856/6498/1391 2855/6499/1443 3022/6500/1443 2895/6501/1391 

f 2855/6499/1443 2856/6498/1391 2896/6425/1391 2904/6424/1443 

vt -0.393701 -5.2484
vn -0.325368 -0.945587 -0
vt -0.393701 -5.55295
f 2854/6502/1444 2855/6503/1443 2904/6429/1443 2903/6428/1444 

vt -12.5984 -5.2484
vt -12.5984 -5.55295
f 2855/6503/1443 2854/6502/1444 3023/6504/1444 3022/6505/1443 

vt -0.393701 -4.50544
vt -0.393701 -4.2009
vn -0.422427 -0.906397 -0
vt -12.5984 -4.2009
vt -12.5984 -4.50544
f 2854/6506/1444 2853/6507/1445 3024/6508/1445 3023/6509/1444 

f 2853/6507/1445 2854/6506/1444 2903/6437/1444 2902/6436/1445 

vt -0.393701 -3.1057
vn -0.514857 -0.857276 -0
vt -0.393701 -3.41024
f 2852/6510/1446 2853/6511/1445 2902/6441/1445 2901/6440/1446 

vt -12.5984 -3.1057
vt -12.5984 -3.41024
f 2853/6511/1445 2852/6510/1446 3025/6512/1446 3024/6513/1445 

vt -0.393701 -2.27935
vt -0.393701 -1.9748
vn -0.601646 -0.798763 -0
vt -12.5984 -1.9748
vt -12.5984 -2.27935
f 2852/6514/1446 2851/6515/1447 3026/6516/1447 3025/6517/1446 

f 2851/6515/1447 2852/6514/1446 2901/6449/1446 2900/6448/1447 

vt -0.393701 -0.8206
vn -0.681844 -0.731498 -0
vt -0.393701 -1.12514
f 2850/6518/1448 2851/6519/1447 2900/6453/1447 2899/6452/1448 

vt -12.5984 -0.8206
vt -12.5984 -1.12514
f 2851/6519/1447 2850/6518/1448 3027/6520/1448 3026/6521/1447 

vt -0.393701 0.039715
vt -0.393701 0.344259
vt -12.5984 0.344259
vt -12.5984 0.039715
f 2850/6522/1448 2848/6523/1393 2955/6524/1393 3027/6525/1448 

f 2848/6523/1393 2850/6522/1448 2899/6461/1448 2898/6460/1393 

usemtl M_0133_Gray
vt -2.3622 -5.67159
vt -2.3622 -6.70156
vt -0.393701 -6.70156
vt -0.393701 -5.67159
f 2753/6526/1380 2752/6527/1379 2874/6528/1379 2872/6529/1380 

vt -2.3622 -4.41014
vt -2.3622 -5.44011
vt -0.393701 -5.44011
vt -0.393701 -4.41014
f 2754/6530/1381 2753/6531/1380 2872/6532/1380 2870/6533/1381 

vt -2.3622 -3.06442
vt -2.3622 -4.09439
vt -0.393701 -4.09439
vt -0.393701 -3.06442
f 2755/6534/1296 2754/6535/1381 2870/6536/1381 2868/6537/1296 

vt -2.3622 -1.65745
vt -2.3622 -2.68742
vt -0.393701 -2.68742
vt -0.393701 -1.65745
f 2756/6538/1382 2755/6539/1296 2868/6540/1296 2866/6541/1382 

vt -2.3622 -0.213314
vt -2.3622 -1.24328
vt -0.393701 -1.24328
vt -0.393701 -0.213314
f 2757/6542/1383 2756/6543/1382 2866/6544/1382 2864/6545/1383 

vt -2.3622 1.24328
vt -2.3622 0.213314
vt -0.393701 0.213314
vt -0.393701 1.24328
f 2758/6546/1384 2757/6547/1383 2864/6548/1383 2862/6549/1384 

vt -2.3622 2.68742
vt -2.3622 1.65745
vt -0.393701 1.65745
vt -0.393701 2.68742
f 2759/6550/1140 2758/6551/1384 2862/6552/1384 2860/6553/1140 

vt -2.3622 4.09439
vt -2.3622 3.06442
vt -0.393701 3.06442
vt -0.393701 4.09439
f 2760/6554/1385 2759/6555/1140 2860/6556/1140 2857/6557/1385 

vt -2.3622 5.44011
vt -2.3622 4.41014
vt -0.393701 4.41014
vt -0.393701 5.44011
f 2761/6558/1386 2760/6559/1385 2857/6560/1385 2849/6561/1386 

vt -2.3622 6.70156
vt -2.3622 5.67159
vt -0.393701 5.67159
vt -0.393701 6.70156
f 2762/6562/1387 2761/6563/1386 2849/6564/1386 2844/6565/1387 

vt -2.3622 7.85716
vt -2.3622 6.82719
vt -0.393701 6.82719
vt -0.393701 7.85716
f 2736/6566/1388 2762/6567/1387 2844/6568/1387 2764/6569/1388 

g Mesh30 Group27 Group1 Model

v 1833.84 1510.69 -177.5
v 1833.84 1525.69 -177.5
v 1873.84 1525.69 -177.5
v 1873.84 1510.69 -177.5
v 1873.67 1508.08 -177.5
v 1873.16 1505.51 -177.5
v 1872.32 1503.03 -177.5
v 1871.16 1500.69 -177.5
v 1869.71 1498.51 -177.5
v 1867.98 1496.55 -177.5
v 1866.01 1494.82 -177.5
v 1863.84 1493.37 -177.5
v 1861.49 1492.21 -177.5
v 1859.01 1491.37 -177.5
v 1856.45 1490.86 -177.5
v 1853.84 1490.69 -177.5
v 1851.23 1490.86 -177.5
v 1848.66 1491.37 -177.5
v 1846.18 1492.21 -177.5
v 1843.84 1493.37 -177.5
v 1841.66 1494.82 -177.5
v 1839.7 1496.55 -177.5
v 1837.97 1498.51 -177.5
v 1836.52 1500.69 -177.5
v 1835.36 1503.03 -177.5
v 1834.52 1505.51 -177.5
v 1834.01 1508.08 -177.5
f 3028/5917/106 3029/5918/106 3030/5919/106 3031/5920/106 3032/5921/106 3033/5922/106 3034/5923/106 3035/5924/106 3036/5925/106 3037/5926/106 3038/5927/106 3039/5928/106 3040/5929/106 3041/5930/106 3042/5931/106 3043/5932/106 3044/5933/106 3045/5934/106 3046/5935/106 3047/5936/106 3048/5937/106 3049/5938/106 3050/5939/106 3051/5940/106 3052/5941/106 3053/5942/106 3054/5943/106 

v 1833.84 1530.69 -177.5
v 1833.84 1510.69 -172.5
v 1833.84 1530.69 -172.5
f 3055/5944/1364 3029/5945/1364 3028/5946/1364 3056/5947/1364 3057/5948/1364 

v 1873.84 1530.69 -177.5
f 3058/5949/106 3030/5919/106 3029/5918/106 3055/5950/106 

v 1873.84 1525.69 -197.5
v 1873.84 1530.69 -197.5
f 3058/5951/68 3030/5952/68 3059/5953/68 3060/5954/68 

v 1873.84 1530.69 -172.5
v 1873.84 1510.69 -172.5
f 3030/5952/68 3058/5951/68 3061/5955/68 3062/5956/68 3031/5957/68 

f 3058/5958/66 3055/5959/66 3057/5960/66 3061/5961/66 

v 1833.84 1530.69 -197.5
f 3060/5962/66 3063/5963/66 3055/5959/66 3058/5958/66 

v 1833.84 1525.69 -197.5
f 3059/5964/117 3060/5965/117 3063/5966/117 3064/5918/117 

v 1873.84 1510.69 -197.5
v 1873.84 1510.69 -202.5
v 1873.84 1530.69 -202.5
f 3060/5954/68 3059/5953/68 3065/5967/68 3066/5968/68 3067/5969/68 

v 1833.84 1510.69 -197.5
v 1834.01 1508.08 -197.5
v 1834.52 1505.51 -197.5
v 1835.36 1503.03 -197.5
v 1836.52 1500.69 -197.5
v 1837.97 1498.51 -197.5
v 1839.7 1496.55 -197.5
v 1841.66 1494.82 -197.5
v 1843.84 1493.37 -197.5
v 1846.18 1492.21 -197.5
v 1848.66 1491.37 -197.5
v 1851.23 1490.86 -197.5
v 1853.84 1490.69 -197.5
v 1856.45 1490.86 -197.5
v 1859.01 1491.37 -197.5
v 1861.49 1492.21 -197.5
v 1863.84 1493.37 -197.5
v 1866.01 1494.82 -197.5
v 1867.98 1496.55 -197.5
v 1869.71 1498.51 -197.5
v 1871.16 1500.69 -197.5
v 1872.32 1503.03 -197.5
v 1873.16 1505.51 -197.5
v 1873.67 1508.08 -197.5
f 3065/5970/117 3059/5964/117 3064/5918/117 3068/5971/117 3069/5972/117 3070/5973/117 3071/5974/117 3072/5975/117 3073/5976/117 3074/5977/117 3075/5978/117 3076/5979/117 3077/5980/117 3078/5981/117 3079/5982/117 3080/5983/117 3081/5984/117 3082/5985/117 3083/5986/117 3084/5987/117 3085/5988/117 3086/5989/117 3087/5990/117 3088/5991/117 3089/5992/117 3090/5993/117 3091/5994/117 

f 3059/5995/1 3030/5996/1 3029/5997/1 3064/5998/1 

f 3029/5945/1365 3055/5944/1365 3063/5999/1365 3064/6000/1365 

v 1833.84 1530.69 -202.5
v 1833.84 1510.69 -202.5
f 3064/6000/1366 3063/5999/1366 3092/6001/1366 3093/6002/1366 3068/6003/1366 

f 3063/5963/66 3060/5962/66 3067/6004/66 3092/6005/66 

v 1873.67 1508.08 -202.5
v 1873.16 1505.51 -202.5
v 1872.32 1503.03 -202.5
v 1871.16 1500.69 -202.5
v 1869.71 1498.51 -202.5
v 1867.98 1496.55 -202.5
v 1866.01 1494.82 -202.5
v 1863.84 1493.37 -202.5
v 1861.49 1492.21 -202.5
v 1859.01 1491.37 -202.5
v 1856.45 1490.86 -202.5
v 1853.84 1490.69 -202.5
v 1851.23 1490.86 -202.5
v 1848.66 1491.37 -202.5
v 1846.18 1492.21 -202.5
v 1843.84 1493.37 -202.5
v 1841.66 1494.82 -202.5
v 1839.7 1496.55 -202.5
v 1837.97 1498.51 -202.5
v 1836.52 1500.69 -202.5
v 1835.36 1503.03 -202.5
v 1834.52 1505.51 -202.5
v 1834.01 1508.08 -202.5
f 3092/5950/106 3067/5949/106 3066/5920/106 3094/5921/106 3095/5922/106 3096/5923/106 3097/5924/106 3098/5925/106 3099/5926/106 3100/5927/106 3101/5928/106 3102/5929/106 3103/5930/106 3104/5931/106 3105/5932/106 3106/5933/106 3107/5934/106 3108/5935/106 3109/5936/106 3110/5937/106 3111/5938/106 3112/5939/106 3113/5940/106 3114/5941/106 3115/5942/106 3116/5943/106 3093/5917/106 

f 3065/6006/1367 3091/6007/1368 3094/6008/1368 3066/6009/1367 

f 3091/6010/1368 3090/6011/1369 3095/6012/1369 3094/6013/1368 

f 3090/6014/1369 3089/6015/1370 3096/6016/1370 3095/6017/1369 

f 3089/6018/1370 3088/6019/1166 3097/6020/1166 3096/6021/1370 

f 3088/6022/1166 3087/6023/1371 3098/6024/1371 3097/6025/1166 

f 3087/6026/1371 3086/6027/1372 3099/6028/1372 3098/6029/1371 

f 3086/6026/1372 3085/6027/1373 3100/6028/1373 3099/6029/1372 

f 3085/6022/1373 3084/6023/1171 3101/6024/1171 3100/6025/1373 

f 3084/6018/1171 3083/6019/1374 3102/6020/1374 3101/6021/1171 

f 3083/6014/1374 3082/6015/1375 3103/6016/1375 3102/6017/1374 

f 3082/6010/1375 3081/6011/1376 3104/6012/1376 3103/6013/1375 

f 3081/6006/1376 3080/6007/1377 3105/6008/1377 3104/6009/1376 

f 3080/6030/1378 3079/6031/1379 3106/6032/1379 3105/6033/1378 

f 3079/6034/1379 3078/6035/1380 3107/6036/1380 3106/6037/1379 

f 3078/6038/1380 3077/6039/1381 3108/6040/1381 3107/6041/1380 

f 3077/6042/1381 3076/6043/1296 3109/6044/1296 3108/6045/1381 

f 3076/6046/1296 3075/6047/1382 3110/6048/1382 3109/6049/1296 

f 3075/6050/1382 3074/6051/1383 3111/6052/1383 3110/6053/1382 

f 3074/6054/1383 3073/6055/1384 3112/6056/1384 3111/6057/1383 

f 3073/6058/1384 3072/6059/1140 3113/6060/1140 3112/6061/1384 

f 3072/6062/1140 3071/6063/1385 3114/6064/1385 3113/6065/1140 

f 3071/6066/1385 3070/6067/1386 3115/6068/1386 3114/6069/1385 

f 3070/6070/1386 3069/6071/1387 3116/6072/1387 3115/6073/1386 

f 3069/6074/1387 3068/6075/1388 3093/6076/1388 3116/6077/1387 

v 1853.97 1518.08 -172.5
f 3057/5966/117 3117/6078/117 3061/5965/117

v 1853.19 1518.05 -172.5
f 3057/5966/117 3118/6079/117 3117/6078/117

v 1852.43 1517.94 -172.5
f 3057/5966/117 3119/6080/117 3118/6079/117

v 1851.68 1517.75 -172.5
f 3057/5966/117 3120/6081/117 3119/6080/117

v 1850.95 1517.49 -172.5
f 3057/5966/117 3121/6082/117 3120/6081/117

v 1850.25 1517.15 -172.5
f 3057/5966/117 3122/6083/117 3121/6082/117

v 1849.6 1516.74 -172.5
f 3057/5966/117 3123/6084/117 3122/6083/117

v 1848.99 1516.26 -172.5
f 3057/5966/117 3124/6085/117 3123/6084/117

v 1848.43 1515.73 -172.5
f 3057/5966/117 3125/6086/117 3124/6085/117

v 1847.94 1515.13 -172.5
f 3057/5966/117 3126/6087/117 3125/6086/117

v 1847.5 1514.49 -172.5
f 3057/5966/117 3127/6088/117 3126/6087/117

v 1847.14 1513.81 -172.5
f 3057/5966/117 3128/6089/117 3127/6088/117

v 1846.85 1513.09 -172.5
f 3057/5966/117 3129/6090/117 3128/6089/117

v 1846.64 1512.35 -172.5
f 3057/5966/117 3130/6091/117 3129/6090/117

v 1846.5 1511.59 -172.5
f 3057/5966/117 3131/6092/117 3130/6091/117

v 1846.45 1510.81 -172.5
f 3057/5966/117 3132/6093/117 3131/6092/117

f 3056/5971/117 3132/6093/117 3057/5966/117

v 1846.48 1510.04 -172.5
f 3056/5971/117 3133/6094/117 3132/6093/117

v 1846.58 1509.28 -172.5
f 3056/5971/117 3134/6095/117 3133/6094/117

v 1846.77 1508.53 -172.5
f 3056/5971/117 3135/6096/117 3134/6095/117

v 1834.01 1508.08 -172.5
f 3136/5972/117 3135/6096/117 3056/5971/117

v 1847.04 1507.8 -172.5
f 3136/5972/117 3137/6097/117 3135/6096/117

v 1847.38 1507.1 -172.5
f 3136/5972/117 3138/6098/117 3137/6097/117

v 1847.79 1506.45 -172.5
f 3136/5972/117 3139/6099/117 3138/6098/117

v 1848.26 1505.84 -172.5
f 3136/5972/117 3140/6100/117 3139/6099/117

v 1834.52 1505.51 -172.5
f 3141/5973/117 3140/6100/117 3136/5972/117

v 1848.8 1505.28 -172.5
f 3141/5973/117 3142/6101/117 3140/6100/117

v 1849.39 1504.78 -172.5
f 3141/5973/117 3143/6102/117 3142/6101/117

v 1850.03 1504.35 -172.5
f 3141/5973/117 3144/6103/117 3143/6102/117

v 1850.72 1503.99 -172.5
f 3141/5973/117 3145/6104/117 3144/6103/117

v 1851.43 1503.7 -172.5
f 3141/5973/117 3146/6105/117 3145/6104/117

v 1852.18 1503.49 -172.5
f 3141/5973/117 3147/6106/117 3146/6105/117

v 1852.94 1503.35 -172.5
f 3141/5973/117 3148/6107/117 3147/6106/117

v 1835.36 1503.03 -172.5
f 3149/5974/117 3148/6107/117 3141/5973/117

v 1853.71 1503.3 -172.5
f 3148/6107/117 3149/5974/117 3150/6108/117

v 1872.32 1503.03 -172.5
f 3149/5974/117 3151/5992/117 3150/6108/117

v 1836.52 1500.69 -172.5
f 3152/5975/117 3151/5992/117 3149/5974/117

v 1871.16 1500.69 -172.5
f 3152/5975/117 3153/5991/117 3151/5992/117

v 1837.97 1498.51 -172.5
f 3154/5976/117 3153/5991/117 3152/5975/117

v 1869.71 1498.51 -172.5
f 3154/5976/117 3155/5990/117 3153/5991/117

v 1839.7 1496.55 -172.5
f 3156/5977/117 3155/5990/117 3154/5976/117

v 1867.98 1496.55 -172.5
f 3156/5977/117 3157/5989/117 3155/5990/117

v 1841.66 1494.82 -172.5
f 3158/5978/117 3157/5989/117 3156/5977/117

v 1866.01 1494.82 -172.5
f 3158/5978/117 3159/5988/117 3157/5989/117

v 1843.84 1493.37 -172.5
f 3160/5979/117 3159/5988/117 3158/5978/117

v 1863.84 1493.37 -172.5
f 3160/5979/117 3161/5987/117 3159/5988/117

v 1846.18 1492.21 -172.5
f 3162/5980/117 3161/5987/117 3160/5979/117

v 1861.49 1492.21 -172.5
f 3162/5980/117 3163/5986/117 3161/5987/117

v 1848.66 1491.37 -172.5
f 3164/5981/117 3163/5986/117 3162/5980/117

v 1859.01 1491.37 -172.5
f 3164/5981/117 3165/5985/117 3163/5986/117

v 1851.23 1490.86 -172.5
f 3166/5982/117 3165/5985/117 3164/5981/117

v 1856.45 1490.86 -172.5
f 3166/5982/117 3167/5984/117 3165/5985/117

v 1853.84 1490.69 -172.5
f 3167/5984/117 3166/5982/117 3168/5983/117

f 3044/6109/1379 3043/6110/1378 3168/6111/1378 3166/6112/1379 

f 3043/6113/1377 3042/6114/1376 3167/6115/1376 3168/6116/1377 

f 3042/6117/1376 3041/6118/1375 3165/6119/1375 3167/6120/1376 

f 3041/6121/1375 3040/6122/1374 3163/6123/1374 3165/6124/1375 

f 3040/6125/1374 3039/6126/1171 3161/6127/1171 3163/6128/1374 

f 3039/6129/1171 3038/6130/1373 3159/6131/1373 3161/6132/1171 

f 3038/6133/1373 3037/6134/1372 3157/6135/1372 3159/6136/1373 

f 3037/6133/1372 3036/6134/1371 3155/6135/1371 3157/6136/1372 

f 3036/6129/1371 3035/6130/1166 3153/6131/1166 3155/6132/1371 

f 3035/6125/1166 3034/6126/1370 3151/6127/1370 3153/6128/1166 

v 1873.16 1505.51 -172.5
f 3034/6121/1370 3033/6122/1369 3169/6123/1369 3151/6124/1370 

v 1873.67 1508.08 -172.5
f 3033/6117/1369 3032/6118/1368 3170/6119/1368 3169/6120/1369 

f 3032/6113/1368 3031/6114/1367 3062/6115/1367 3170/6116/1368 

v 1860.83 1508.28 -172.5
f 3171/6137/117 3170/5994/117 3062/5970/117

v 1860.54 1507.57 -172.5
f 3172/6138/117 3170/5994/117 3171/6137/117

v 1860.17 1506.88 -172.5
f 3173/6139/117 3170/5994/117 3172/6138/117

v 1859.74 1506.24 -172.5
f 3174/6140/117 3170/5994/117 3173/6139/117

v 1859.24 1505.65 -172.5
f 3175/6141/117 3170/5994/117 3174/6140/117

f 3175/6141/117 3169/5993/117 3170/5994/117

v 1858.69 1505.11 -172.5
f 3176/6142/117 3169/5993/117 3175/6141/117

v 1858.08 1504.63 -172.5
f 3177/6143/117 3169/5993/117 3176/6142/117

v 1857.42 1504.22 -172.5
f 3178/6144/117 3169/5993/117 3177/6143/117

v 1856.73 1503.89 -172.5
f 3179/6145/117 3169/5993/117 3178/6144/117

v 1856 1503.62 -172.5
f 3180/6146/117 3169/5993/117 3179/6145/117

v 1855.25 1503.43 -172.5
f 3181/6147/117 3169/5993/117 3180/6146/117

v 1854.48 1503.33 -172.5
f 3182/6148/117 3169/5993/117 3181/6147/117

f 3182/6148/117 3151/5992/117 3169/5993/117

f 3150/6108/117 3151/5992/117 3182/6148/117

usemtl M_0128_White
v 1854.48 1503.33 -171.5
v 1853.71 1503.3 -171.5
f 3150/6149/1389 3182/6150/1390 3183/6151/1390 3184/6152/1389 

v 1853.71 1503.3 -203.5
v 1854.48 1503.33 -203.5
f 3182/6150/1390 3150/6149/1389 3185/6153/1389 3186/6154/1390 

v 1852.94 1503.35 -203.5
f 3150/6155/1389 3148/6156/1391 3187/6157/1391 3185/6158/1389 

v 1852.94 1503.35 -171.5
f 3148/6156/1391 3150/6155/1389 3184/6159/1389 3188/6160/1391 

v 1847.79 1506.45 -171.5
v 1848.26 1505.84 -171.5
v 1848.8 1505.28 -171.5
v 1849.39 1504.78 -171.5
v 1850.03 1504.35 -171.5
v 1850.72 1503.99 -171.5
v 1851.43 1503.7 -171.5
v 1852.18 1503.49 -171.5
v 1855.25 1503.43 -171.5
v 1856 1503.62 -171.5
v 1856.73 1503.89 -171.5
v 1857.42 1504.22 -171.5
v 1858.08 1504.63 -171.5
v 1858.69 1505.11 -171.5
v 1859.24 1505.65 -171.5
v 1859.74 1506.24 -171.5
v 1860.17 1506.88 -171.5
v 1860.54 1507.57 -171.5
v 1860.83 1508.28 -171.5
v 1861.04 1509.03 -171.5
v 1861.17 1509.79 -171.5
v 1861.23 1510.56 -171.5
v 1861.2 1511.33 -171.5
v 1861.09 1512.1 -171.5
v 1860.9 1512.85 -171.5
v 1860.64 1513.58 -171.5
v 1860.3 1514.27 -171.5
v 1859.89 1514.93 -171.5
v 1859.41 1515.54 -171.5
v 1858.88 1516.09 -171.5
v 1858.28 1516.59 -171.5
v 1857.64 1517.02 -171.5
v 1856.96 1517.39 -171.5
v 1856.24 1517.68 -171.5
v 1855.5 1517.89 -171.5
v 1854.74 1518.02 -171.5
v 1853.97 1518.08 -171.5
v 1853.19 1518.05 -171.5
v 1852.43 1517.94 -171.5
v 1851.68 1517.75 -171.5
v 1850.95 1517.49 -171.5
v 1850.25 1517.15 -171.5
v 1849.6 1516.74 -171.5
v 1848.99 1516.26 -171.5
v 1848.43 1515.73 -171.5
v 1847.94 1515.13 -171.5
v 1847.5 1514.49 -171.5
v 1847.14 1513.81 -171.5
v 1846.85 1513.09 -171.5
v 1846.64 1512.35 -171.5
v 1846.5 1511.59 -171.5
v 1846.45 1510.81 -171.5
v 1846.48 1510.04 -171.5
v 1846.58 1509.28 -171.5
v 1846.77 1508.53 -171.5
v 1847.04 1507.8 -171.5
v 1847.38 1507.1 -171.5
f 3189/6099/117 3190/6100/117 3191/6101/117 3192/6102/117 3193/6103/117 3194/6104/117 3195/6105/117 3196/6106/117 3188/6107/117 3184/6108/117 3183/6148/117 3197/6147/117 3198/6146/117 3199/6145/117 3200/6144/117 3201/6143/117 3202/6142/117 3203/6141/117 3204/6140/117 3205/6139/117 3206/6138/117 3207/6137/117 3208/6161/117 3209/6162/117 3210/6163/117 3211/6164/117 3212/6165/117 3213/6166/117 3214/6167/117 3215/6168/117 3216/6169/117 3217/6170/117 3218/6171/117 3219/6172/117 3220/6173/117 3221/6174/117 3222/6175/117 3223/6176/117 3224/6177/117 3225/6078/117 3226/6079/117 3227/6080/117 3228/6081/117 3229/6082/117 3230/6083/117 3231/6084/117 3232/6085/117 3233/6086/117 3234/6087/117 3235/6088/117 3236/6089/117 3237/6090/117 3238/6091/117 3239/6092/117 3240/6093/117 3241/6094/117 3242/6095/117 3243/6096/117 3244/6097/117 3245/6098/117 

f 3139/6178/1392 3140/6179/1393 3190/6180/1393 3189/6181/1392 

v 1847.79 1506.45 -203.5
v 1848.26 1505.84 -203.5
f 3140/6179/1393 3139/6178/1392 3246/6182/1392 3247/6183/1393 

v 1847.38 1507.1 -203.5
f 3139/6184/1392 3138/6185/1394 3248/6186/1394 3246/6187/1392 

f 3138/6185/1394 3139/6184/1392 3189/6188/1392 3245/6189/1394 

f 3137/6190/1395 3138/6191/1394 3245/6192/1394 3244/6193/1395 

v 1847.04 1507.8 -203.5
f 3138/6191/1394 3137/6190/1395 3249/6194/1395 3248/6195/1394 

v 1846.77 1508.53 -203.5
f 3137/6196/1395 3135/6197/1396 3250/6198/1396 3249/6199/1395 

f 3135/6197/1396 3137/6196/1395 3244/6200/1395 3243/6201/1396 

f 3134/6202/1397 3135/6203/1396 3243/6204/1396 3242/6205/1397 

v 1846.58 1509.28 -203.5
f 3135/6203/1396 3134/6202/1397 3251/6206/1397 3250/6207/1396 

v 1846.48 1510.04 -203.5
f 3134/6208/1397 3133/6209/1398 3252/6210/1398 3251/6211/1397 

f 3133/6209/1398 3134/6208/1397 3242/6212/1397 3241/6213/1398 

f 3132/6214/1399 3133/6215/1398 3241/6216/1398 3240/6217/1399 

v 1846.45 1510.81 -203.5
f 3133/6215/1398 3132/6214/1399 3253/6218/1399 3252/6219/1398 

v 1846.5 1511.59 -203.5
f 3132/6220/1399 3131/6221/1400 3254/6222/1400 3253/6223/1399 

f 3131/6221/1400 3132/6220/1399 3240/6224/1399 3239/6225/1400 

f 3130/6226/1401 3131/6227/1400 3239/6228/1400 3238/6229/1401 

v 1846.64 1512.35 -203.5
f 3131/6227/1400 3130/6226/1401 3255/6230/1401 3254/6231/1400 

v 1846.85 1513.09 -203.5
f 3130/6232/1401 3129/6233/1402 3256/6234/1402 3255/6235/1401 

f 3129/6233/1402 3130/6232/1401 3238/6236/1401 3237/6237/1402 

f 3128/6238/1403 3129/6239/1402 3237/6240/1402 3236/6241/1403 

v 1847.14 1513.81 -203.5
f 3129/6239/1402 3128/6238/1403 3257/6242/1403 3256/6243/1402 

v 1847.5 1514.49 -203.5
f 3128/6244/1403 3127/6245/1404 3258/6246/1404 3257/6247/1403 

f 3127/6245/1404 3128/6244/1403 3236/6248/1403 3235/6249/1404 

f 3126/6250/1405 3127/6251/1404 3235/6252/1404 3234/6253/1405 

v 1847.94 1515.13 -203.5
f 3127/6251/1404 3126/6250/1405 3259/6254/1405 3258/6255/1404 

v 1848.43 1515.73 -203.5
f 3126/6256/1405 3125/6257/1406 3260/6258/1406 3259/6259/1405 

f 3125/6257/1406 3126/6256/1405 3234/6260/1405 3233/6261/1406 

f 3124/6262/1407 3125/6263/1406 3233/6264/1406 3232/6265/1407 

v 1848.99 1516.26 -203.5
f 3125/6263/1406 3124/6262/1407 3261/6266/1407 3260/6267/1406 

v 1849.6 1516.74 -203.5
f 3124/6268/1407 3123/6269/1408 3262/6270/1408 3261/6271/1407 

f 3123/6269/1408 3124/6268/1407 3232/6272/1407 3231/6273/1408 

f 3122/6274/1409 3123/6275/1408 3231/6276/1408 3230/6277/1409 

v 1850.25 1517.15 -203.5
f 3123/6275/1408 3122/6274/1409 3263/6278/1409 3262/6279/1408 

v 1850.95 1517.49 -203.5
f 3122/6280/1409 3121/6281/1410 3264/6282/1410 3263/6283/1409 

f 3121/6281/1410 3122/6280/1409 3230/6284/1409 3229/6285/1410 

f 3120/6286/1411 3121/6287/1410 3229/6288/1410 3228/6289/1411 

v 1851.68 1517.75 -203.5
f 3121/6287/1410 3120/6286/1411 3265/6290/1411 3264/6291/1410 

v 1852.43 1517.94 -203.5
f 3120/6292/1411 3119/6293/1412 3266/6294/1412 3265/6295/1411 

f 3119/6293/1412 3120/6292/1411 3228/6296/1411 3227/6297/1412 

f 3118/6298/1413 3119/6299/1412 3227/6300/1412 3226/6301/1413 

v 1853.19 1518.05 -203.5
f 3119/6299/1412 3118/6298/1413 3267/6302/1413 3266/6303/1412 

v 1853.97 1518.08 -203.5
f 3118/6304/1413 3117/6305/1414 3268/6306/1414 3267/6307/1413 

f 3117/6305/1414 3118/6304/1413 3226/6152/1413 3225/6151/1414 

v 1854.74 1518.02 -172.5
f 3269/6308/1415 3117/6309/1414 3225/6160/1414 3224/6159/1415 

usemtl M_0133_Gray
f 3269/6177/117 3061/5965/117 3117/6078/117

v 1855.5 1517.89 -172.5
f 3270/6176/117 3061/5965/117 3269/6177/117

v 1856.24 1517.68 -172.5
f 3271/6175/117 3061/5965/117 3270/6176/117

v 1856.96 1517.39 -172.5
f 3272/6174/117 3061/5965/117 3271/6175/117

v 1857.64 1517.02 -172.5
f 3273/6173/117 3061/5965/117 3272/6174/117

v 1858.28 1516.59 -172.5
f 3274/6172/117 3061/5965/117 3273/6173/117

v 1858.88 1516.09 -172.5
f 3275/6171/117 3061/5965/117 3274/6172/117

v 1859.41 1515.54 -172.5
f 3276/6170/117 3061/5965/117 3275/6171/117

v 1859.89 1514.93 -172.5
f 3277/6169/117 3061/5965/117 3276/6170/117

v 1860.3 1514.27 -172.5
f 3278/6168/117 3061/5965/117 3277/6169/117

v 1860.64 1513.58 -172.5
f 3279/6167/117 3061/5965/117 3278/6168/117

v 1860.9 1512.85 -172.5
f 3280/6166/117 3061/5965/117 3279/6167/117

v 1861.09 1512.1 -172.5
f 3281/6165/117 3061/5965/117 3280/6166/117

v 1861.2 1511.33 -172.5
f 3282/6164/117 3061/5965/117 3281/6165/117

f 3282/6164/117 3062/5970/117 3061/5965/117

v 1861.23 1510.56 -172.5
f 3283/6163/117 3062/5970/117 3282/6164/117

v 1861.17 1509.79 -172.5
f 3284/6162/117 3062/5970/117 3283/6163/117

v 1861.04 1509.03 -172.5
f 3285/6161/117 3062/5970/117 3284/6162/117

f 3171/6137/117 3062/5970/117 3285/6161/117

usemtl M_0128_White
f 3171/6310/1416 3285/6311/1417 3208/6237/1417 3207/6236/1416 

v 1860.83 1508.28 -203.5
v 1861.04 1509.03 -203.5
f 3285/6311/1417 3171/6310/1416 3286/6312/1416 3287/6313/1417 

v 1860.54 1507.57 -203.5
f 3171/6314/1416 3172/6315/1418 3288/6316/1418 3286/6317/1416 

f 3172/6315/1418 3171/6314/1416 3207/6241/1416 3206/6240/1418 

f 3173/6318/1419 3172/6319/1418 3206/6249/1418 3205/6248/1419 

v 1860.17 1506.88 -203.5
f 3172/6319/1418 3173/6318/1419 3289/6320/1419 3288/6321/1418 

v 1859.74 1506.24 -203.5
f 3173/6322/1419 3174/6323/1420 3290/6324/1420 3289/6325/1419 

f 3174/6323/1420 3173/6322/1419 3205/6253/1419 3204/6252/1420 

f 3175/6326/1421 3174/6327/1420 3204/6261/1420 3203/6260/1421 

v 1859.24 1505.65 -203.5
f 3174/6327/1420 3175/6326/1421 3291/6328/1421 3290/6329/1420 

v 1858.69 1505.11 -203.5
f 3175/6330/1421 3176/6331/1422 3292/6332/1422 3291/6333/1421 

f 3176/6331/1422 3175/6330/1421 3203/6265/1421 3202/6264/1422 

f 3177/6334/1423 3176/6335/1422 3202/6273/1422 3201/6272/1423 

v 1858.08 1504.63 -203.5
f 3176/6335/1422 3177/6334/1423 3293/6336/1423 3292/6337/1422 

v 1857.42 1504.22 -203.5
f 3177/6338/1423 3178/6339/1424 3294/6340/1424 3293/6341/1423 

f 3178/6339/1424 3177/6338/1423 3201/6277/1423 3200/6276/1424 

f 3179/6342/1425 3178/6343/1424 3200/6285/1424 3199/6284/1425 

v 1856.73 1503.89 -203.5
f 3178/6343/1424 3179/6342/1425 3295/6344/1425 3294/6345/1424 

v 1856 1503.62 -203.5
f 3179/6346/1425 3180/6347/1426 3296/6348/1426 3295/6349/1425 

f 3180/6347/1426 3179/6346/1425 3199/6289/1425 3198/6288/1426 

f 3181/6350/1427 3180/6351/1426 3198/6297/1426 3197/6296/1427 

v 1855.25 1503.43 -203.5
f 3180/6351/1426 3181/6350/1427 3297/6352/1427 3296/6353/1426 

f 3181/6354/1427 3182/6355/1390 3186/6356/1390 3297/6357/1427 

f 3182/6355/1390 3181/6354/1427 3197/6301/1427 3183/6300/1390 

v 1854.74 1518.02 -203.5
v 1855.5 1517.89 -203.5
v 1856.24 1517.68 -203.5
v 1856.96 1517.39 -203.5
v 1857.64 1517.02 -203.5
v 1858.28 1516.59 -203.5
v 1858.88 1516.09 -203.5
v 1859.41 1515.54 -203.5
v 1859.89 1514.93 -203.5
v 1860.3 1514.27 -203.5
v 1860.64 1513.58 -203.5
v 1860.9 1512.85 -203.5
v 1861.09 1512.1 -203.5
v 1861.2 1511.33 -203.5
v 1861.23 1510.56 -203.5
v 1861.17 1509.79 -203.5
v 1852.18 1503.49 -203.5
v 1851.43 1503.7 -203.5
v 1850.72 1503.99 -203.5
v 1850.03 1504.35 -203.5
v 1849.39 1504.78 -203.5
v 1848.8 1505.28 -203.5
f 3247/6358/106 3246/6359/106 3248/6360/106 3249/6361/106 3250/6362/106 3251/6363/106 3252/6364/106 3253/6365/106 3254/6366/106 3255/6367/106 3256/6368/106 3257/6369/106 3258/6370/106 3259/6371/106 3260/6372/106 3261/6373/106 3262/6374/106 3263/6375/106 3264/6376/106 3265/6377/106 3266/6378/106 3267/6379/106 3268/6380/106 3298/6381/106 3299/6382/106 3300/6383/106 3301/6384/106 3302/6385/106 3303/6386/106 3304/6387/106 3305/6388/106 3306/6389/106 3307/6390/106 3308/6391/106 3309/6392/106 3310/6393/106 3311/6394/106 3312/6395/106 3313/6396/106 3287/6397/106 3286/6398/106 3288/6399/106 3289/6400/106 3290/6401/106 3291/6402/106 3292/6403/106 3293/6404/106 3294/6405/106 3295/6406/106 3296/6407/106 3297/6408/106 3186/6409/106 3185/6410/106 3187/6411/106 3314/6412/106 3315/6413/106 3316/6414/106 3317/6415/106 3318/6416/106 3319/6417/106 

f 3117/6309/1414 3269/6308/1415 3298/6418/1415 3268/6419/1414 

f 3269/6420/1415 3270/6421/1428 3299/6422/1428 3298/6423/1415 

f 3270/6421/1428 3269/6420/1415 3224/6424/1415 3223/6425/1428 

f 3271/6426/1429 3270/6427/1428 3223/6428/1428 3222/6429/1429 

f 3270/6427/1428 3271/6426/1429 3300/6430/1429 3299/6431/1428 

f 3271/6432/1429 3272/6433/1430 3301/6434/1430 3300/6435/1429 

f 3272/6433/1430 3271/6432/1429 3222/6436/1429 3221/6437/1430 

f 3273/6438/1431 3272/6439/1430 3221/6440/1430 3220/6441/1431 

f 3272/6439/1430 3273/6438/1431 3302/6442/1431 3301/6443/1430 

f 3273/6444/1431 3274/6445/1432 3303/6446/1432 3302/6447/1431 

f 3274/6445/1432 3273/6444/1431 3220/6448/1431 3219/6449/1432 

f 3275/6450/1433 3274/6451/1432 3219/6452/1432 3218/6453/1433 

f 3274/6451/1432 3275/6450/1433 3304/6454/1433 3303/6455/1432 

f 3275/6456/1433 3276/6457/1434 3305/6458/1434 3304/6459/1433 

f 3276/6457/1434 3275/6456/1433 3218/6460/1433 3217/6461/1434 

f 3277/6462/1435 3276/6463/1434 3217/6181/1434 3216/6180/1435 

f 3276/6463/1434 3277/6462/1435 3306/6464/1435 3305/6465/1434 

f 3277/6466/1435 3278/6467/1436 3307/6468/1436 3306/6469/1435 

f 3278/6467/1436 3277/6466/1435 3216/6189/1435 3215/6188/1436 

f 3279/6470/1437 3278/6471/1436 3215/6193/1436 3214/6192/1437 

f 3278/6471/1436 3279/6470/1437 3308/6472/1437 3307/6473/1436 

f 3279/6474/1437 3280/6475/1438 3309/6476/1438 3308/6477/1437 

f 3280/6475/1438 3279/6474/1437 3214/6201/1437 3213/6200/1438 

f 3281/6478/1439 3280/6479/1438 3213/6205/1438 3212/6204/1439 

f 3280/6479/1438 3281/6478/1439 3310/6480/1439 3309/6481/1438 

f 3281/6482/1439 3282/6483/1440 3311/6484/1440 3310/6485/1439 

f 3282/6483/1440 3281/6482/1439 3212/6213/1439 3211/6212/1440 

f 3283/6486/1441 3282/6487/1440 3211/6217/1440 3210/6216/1441 

f 3282/6487/1440 3283/6486/1441 3312/6488/1441 3311/6489/1440 

f 3283/6490/1441 3284/6491/1442 3313/6492/1442 3312/6493/1441 

f 3284/6491/1442 3283/6490/1441 3210/6225/1441 3209/6224/1442 

f 3285/6494/1417 3284/6495/1442 3209/6229/1442 3208/6228/1417 

f 3284/6495/1442 3285/6494/1417 3287/6496/1417 3313/6497/1442 

f 3148/6498/1391 3147/6499/1443 3314/6500/1443 3187/6501/1391 

f 3147/6499/1443 3148/6498/1391 3188/6425/1391 3196/6424/1443 

f 3146/6502/1444 3147/6503/1443 3196/6429/1443 3195/6428/1444 

f 3147/6503/1443 3146/6502/1444 3315/6504/1444 3314/6505/1443 

f 3146/6506/1444 3145/6507/1445 3316/6508/1445 3315/6509/1444 

f 3145/6507/1445 3146/6506/1444 3195/6437/1444 3194/6436/1445 

f 3144/6510/1446 3145/6511/1445 3194/6441/1445 3193/6440/1446 

f 3145/6511/1445 3144/6510/1446 3317/6512/1446 3316/6513/1445 

f 3144/6514/1446 3143/6515/1447 3318/6516/1447 3317/6517/1446 

f 3143/6515/1447 3144/6514/1446 3193/6449/1446 3192/6448/1447 

f 3142/6518/1448 3143/6519/1447 3192/6453/1447 3191/6452/1448 

f 3143/6519/1447 3142/6518/1448 3319/6520/1448 3318/6521/1447 

f 3142/6522/1448 3140/6523/1393 3247/6524/1393 3319/6525/1448 

f 3140/6523/1393 3142/6522/1448 3191/6461/1448 3190/6460/1393 

usemtl M_0133_Gray
f 3045/6526/1380 3044/6527/1379 3166/6528/1379 3164/6529/1380 

f 3046/6530/1381 3045/6531/1380 3164/6532/1380 3162/6533/1381 

f 3047/6534/1296 3046/6535/1381 3162/6536/1381 3160/6537/1296 

f 3048/6538/1382 3047/6539/1296 3160/6540/1296 3158/6541/1382 

f 3049/6542/1383 3048/6543/1382 3158/6544/1382 3156/6545/1383 

f 3050/6546/1384 3049/6547/1383 3156/6548/1383 3154/6549/1384 

f 3051/6550/1140 3050/6551/1384 3154/6552/1384 3152/6553/1140 

f 3052/6554/1385 3051/6555/1140 3152/6556/1140 3149/6557/1385 

f 3053/6558/1386 3052/6559/1385 3149/6560/1385 3141/6561/1386 

f 3054/6562/1387 3053/6563/1386 3141/6564/1386 3136/6565/1387 

f 3028/6566/1388 3054/6567/1387 3136/6568/1387 3056/6569/1388 

g Mesh31 Group1 Model

usemtl FrontColor
v 1464.23 1423.82 -187.5
vt 98.4252 635.696
vn 0.990671 0.136272 -9.24492e-16
v 1464.23 1423.83 -187.761
vt 98.5624 635.703
v 1464.22 1423.87 -188.02
vt 98.698 635.725
v 1464.22 1423.94 -188.273
vt 98.8307 635.76
v 1464.2 1424.03 -188.517
vt 98.959 635.81
v 1464.19 1424.15 -188.75
vt 99.0814 635.872
v 1464.17 1424.29 -188.969
vt 99.1966 635.947
v 1464.14 1424.45 -189.173
vt 99.3033 636.033
v 1464.12 1424.64 -189.358
vt 99.4005 636.13
v 1464.09 1424.84 -189.523
vt 99.4869 636.237
v 1464.06 1425.06 -189.665
vt 99.5617 636.352
v 1464.03 1425.29 -189.784
vt 99.6241 636.475
v 1464 1425.53 -189.878
vt 99.6733 636.603
v 1463.96 1425.78 -189.945
vt 99.7089 636.736
v 1463.93 1426.04 -189.986
vt 99.7303 636.871
v 1463.89 1426.29 -190
vt 99.7375 637.008
v 1463.86 1426.55 -189.986
vt 99.7303 637.146
v 1463.82 1426.81 -189.945
vt 99.7089 637.281
v 1463.79 1427.06 -189.878
vt 99.6733 637.414
v 1463.75 1427.3 -189.784
vt 99.6241 637.542
v 1463.72 1427.53 -189.665
vt 99.5617 637.665
v 1463.69 1427.75 -189.523
vt 99.4869 637.78
v 1463.66 1427.95 -189.358
vt 99.4005 637.887
v 1463.64 1428.13 -189.173
vt 99.3033 637.984
v 1463.62 1428.3 -188.969
vt 99.1966 638.07
v 1463.6 1428.44 -188.75
vt 99.0814 638.145
v 1463.58 1428.56 -188.517
vt 98.959 638.207
v 1463.57 1428.65 -188.273
vt 98.8307 638.257
v 1463.56 1428.72 -188.02
vt 98.698 638.292
v 1463.55 1428.76 -187.761
vt 98.5624 638.314
v 1463.55 1428.77 -187.5
vt 98.4252 638.321
v 1463.55 1428.76 -187.239
vt 98.288 638.314
v 1463.56 1428.72 -186.98
vt 98.1523 638.292
v 1463.57 1428.65 -186.727
vt 98.0197 638.257
v 1463.58 1428.56 -186.483
vt 97.8914 638.207
v 1463.6 1428.44 -186.25
vt 97.769 638.145
v 1463.62 1428.3 -186.031
vt 97.6538 638.07
v 1463.64 1428.13 -185.827
vt 97.5471 637.984
v 1463.66 1427.95 -185.642
vt 97.4499 637.887
v 1463.69 1427.75 -185.477
vt 97.3635 637.78
v 1463.72 1427.53 -185.335
vt 97.2887 637.665
v 1463.75 1427.3 -185.216
vt 97.2263 637.542
v 1463.79 1427.06 -185.122
vt 97.1771 637.414
v 1463.82 1426.81 -185.055
vt 97.1415 637.281
v 1463.86 1426.55 -185.014
vt 97.1201 637.146
v 1463.89 1426.29 -185
vt 97.1129 637.008
v 1463.93 1426.04 -185.014
vt 97.1201 636.871
v 1463.96 1425.78 -185.055
vt 97.1415 636.736
v 1464 1425.53 -185.122
vt 97.1771 636.603
v 1464.03 1425.29 -185.216
vt 97.2263 636.475
v 1464.06 1425.06 -185.335
vt 97.2887 636.352
v 1464.09 1424.84 -185.477
vt 97.3635 636.237
v 1464.12 1424.64 -185.642
vt 97.4499 636.13
v 1464.14 1424.45 -185.827
vt 97.5471 636.033
v 1464.17 1424.29 -186.031
vt 97.6538 635.947
v 1464.19 1424.15 -186.25
vt 97.769 635.872
v 1464.2 1424.03 -186.483
vt 97.8914 635.81
v 1464.22 1423.94 -186.727
vt 98.0197 635.76
v 1464.22 1423.87 -186.98
vt 98.1523 635.725
v 1464.23 1423.83 -187.239
vt 98.288 635.703
f 3320/6570/1449 3321/6571/1449 3322/6572/1449 3323/6573/1449 3324/6574/1449 3325/6575/1449 3326/6576/1449 3327/6577/1449 3328/6578/1449 3329/6579/1449 3330/6580/1449 3331/6581/1449 3332/6582/1449 3333/6583/1449 3334/6584/1449 3335/6585/1449 3336/6586/1449 3337/6587/1449 3338/6588/1449 3339/6589/1449 3340/6590/1449 3341/6591/1449 3342/6592/1449 3343/6593/1449 3344/6594/1449 3345/6595/1449 3346/6596/1449 3347/6597/1449 3348/6598/1449 3349/6599/1449 3350/6600/1449 3351/6601/1449 3352/6602/1449 3353/6603/1449 3354/6604/1449 3355/6605/1449 3356/6606/1449 3357/6607/1449 3358/6608/1449 3359/6609/1449 3360/6610/1449 3361/6611/1449 3362/6612/1449 3363/6613/1449 3364/6614/1449 3365/6615/1449 3366/6616/1449 3367/6617/1449 3368/6618/1449 3369/6619/1449 3370/6620/1449 3371/6621/1449 3372/6622/1449 3373/6623/1449 3374/6624/1449 3375/6625/1449 3376/6626/1449 3377/6627/1449 3378/6628/1449 3379/6629/1449 

usemtl M_0130_Gainsboro
vt -183.905 853.711
vn 0.135526 -0.985244 -0.104528
vt -184.034 853.662
vn 0.136272 -0.990671 -0
v 1365.17 1410.19 -187.5
vt -165.367 804.599
v 1365.16 1410.2 -187.761
vt -165.239 804.648
f 3321/6630/1450 3320/6631/1451 3380/6632/1451 3381/6633/1450 

vt 367.765 783.757
vt 367.637 783.806
vn 0.135526 -0.985244 0.104528
v 1365.16 1410.2 -187.239
vt 348.97 734.744
vt 349.099 734.695
f 3320/6634/1451 3379/6635/1452 3382/6636/1452 3380/6637/1451 

vt 646.752 571.853
vt 646.662 571.956
vn 0.133294 -0.969023 0.207912
v 1365.16 1410.24 -186.98
vt 607.241 537.293
vt 607.331 537.189
f 3379/6638/1452 3378/6639/1453 3383/6640/1453 3382/6641/1452 

vt 729.605 466.731
vt 729.54 466.853
vn 0.129602 -0.942185 0.309017
v 1365.15 1410.31 -186.727
vt 683.187 442.217
vt 683.251 442.096
f 3378/6642/1453 3377/6643/1454 3384/6644/1454 3383/6645/1453 

vt 757.121 436.637
vt 757.072 436.765
vn 0.124491 -0.905023 0.406737
v 1365.14 1410.4 -186.483
vt 708.065 417.954
vt 708.114 417.826
f 3377/6646/1454 3376/6647/1455 3385/6648/1455 3384/6649/1454 

vt 767.805 443.111
vt 767.766 443.243
vn 0.118015 -0.857947 0.5
v 1365.12 1410.52 -186.25
vt 717.528 428.021
vt 717.567 427.89
f 3376/6650/1455 3375/6651/1456 3386/6652/1456 3385/6653/1455 

vt 772.298 467.678
vt 772.264 467.811
vn 0.110246 -0.80147 0.587785
v 1365.1 1410.66 -186.031
vt 721.369 454.957
vt 721.402 454.824
f 3375/6654/1456 3374/6655/1457 3387/6656/1457 3386/6657/1456 

vt 774.14 501.19
vt 774.111 501.324
vn 0.10127 -0.736212 0.669131
v 1365.08 1410.83 -185.827
vt 722.828 490.115
vt 722.858 489.98
f 3374/6658/1457 3373/6659/1458 3388/6660/1458 3387/6661/1457 

vt 774.713 538.612
vt 774.686 538.747
vn 0.0911839 -0.662889 0.743145
v 1365.05 1411.01 -185.642
vt 723.159 528.723
vt 723.185 528.588
f 3373/6662/1458 3372/6663/1459 3389/6664/1459 3388/6665/1458 

vt 774.618 576.878
vt 774.594 577.013
vn 0.0800987 -0.582302 0.809017
v 1365.02 1411.21 -185.477
vt 722.904 567.864
vt 722.928 567.729
f 3372/6666/1459 3371/6667/1460 3390/6668/1460 3389/6669/1459 

vt 774.143 613.958
vt 774.121 614.094
vn 0.0681361 -0.495336 0.866025
v 1364.99 1411.43 -185.335
vt 722.319 605.597
vt 722.342 605.462
f 3371/6670/1460 3370/6671/1461 3391/6672/1461 3390/6673/1460 

vt 773.429 648.423
vt 773.408 648.559
vn 0.0554269 -0.402942 0.913545
v 1364.96 1411.66 -185.216
vt 721.53 640.55
vt 721.551 640.414
f 3370/6674/1461 3369/6675/1462 3392/6676/1462 3391/6677/1461 

vt 772.549 679.225
vt 772.529 679.361
vn 0.0421104 -0.306134 0.951057
v 1364.93 1411.9 -185.122
vt 720.597 671.709
vt 720.617 671.573
f 3369/6678/1462 3368/6679/1463 3393/6680/1463 3392/6681/1462 

vt 771.536 705.583
vt 771.517 705.719
vn 0.0283326 -0.205972 0.978148
v 1364.9 1412.15 -185.055
vt 719.548 698.318
vt 719.567 698.182
f 3368/6682/1463 3367/6683/1464 3394/6684/1464 3393/6685/1463 

vt 770.401 726.917
vt 770.382 727.053
vn 0.0142443 -0.103553 0.994522
v 1364.86 1412.41 -185.014
vt 718.391 719.812
vt 718.41 719.676
f 3367/6686/1464 3366/6687/1465 3395/6688/1465 3394/6689/1464 

vt 769.14 742.817
vt 769.121 742.953
vn 9.1502e-16 1.21597e-16 1
v 1364.82 1412.67 -185
vt 717.119 735.79
vt 717.137 735.654
f 3366/6690/1465 3365/6691/1466 3396/6692/1466 3395/6693/1465 

vt 767.734 753.023
vt 767.715 753.159
vn -0.0142443 0.103553 0.994522
v 1364.79 1412.93 -185.014
vt 715.713 745.996
vt 715.731 745.86
f 3365/6694/1466 3364/6695/1467 3397/6696/1467 3396/6697/1466 

vt 766.154 757.417
vt 766.135 757.553
vn -0.0283326 0.205972 0.978148
v 1364.75 1413.18 -185.055
vt 714.143 750.312
vt 714.162 750.176
f 3364/6698/1467 3363/6699/1468 3398/6700/1468 3397/6701/1467 

vt 764.353 756.023
vt 764.334 756.159
vn -0.0421104 0.306134 0.951057
v 1364.72 1413.43 -185.122
vt 712.365 748.758
vt 712.384 748.622
f 3363/6702/1468 3362/6703/1469 3399/6704/1469 3398/6705/1468 

vt 762.266 749.017
vt 762.246 749.153
vn -0.0554269 0.402942 0.913545
v 1364.69 1413.67 -185.216
vt 710.313 741.501
vt 710.333 741.365
f 3362/6706/1469 3361/6707/1470 3400/6708/1470 3399/6709/1469 

vt 759.794 736.745
vt 759.773 736.881
vn -0.0681361 0.495336 0.866025
v 1364.65 1413.91 -185.335
vt 707.894 728.872
vt 707.915 728.736
f 3361/6710/1470 3360/6711/1471 3401/6712/1471 3400/6713/1470 

vt 756.79 719.757
vt 756.768 719.892
vn -0.0800987 0.582302 0.809017
v 1364.62 1414.12 -185.477
vt 704.967 711.396
vt 704.989 711.261
f 3360/6714/1471 3359/6715/1472 3402/6716/1472 3401/6717/1471 

vt 753.027 698.864
vt 753.003 698.999
vn -0.0911839 0.662889 0.743145
v 1364.6 1414.32 -185.642
vt 701.313 689.85
vt 701.337 689.715
f 3359/6718/1472 3358/6719/1473 3403/6720/1473 3402/6721/1472 

vt 748.133 675.245
vt 748.107 675.38
vn -0.10127 0.736212 0.669131
v 1364.57 1414.51 -185.827
vt 696.579 665.356
vt 696.606 665.221
f 3358/6722/1473 3357/6723/1474 3404/6724/1474 3403/6725/1473 

vt 741.473 650.643
vt 741.444 650.777
vn -0.110246 0.80147 0.587785
v 1364.55 1414.67 -186.031
vt 690.161 639.568
vt 690.19 639.433
f 3357/6726/1474 3356/6727/1475 3405/6728/1475 3404/6729/1474 

vt 731.871 627.744
vt 731.837 627.878
vn -0.118015 0.857947 0.5
v 1364.53 1414.81 -186.25
vt 680.942 615.023
vt 680.976 614.89
f 3356/6730/1475 3355/6731/1476 3406/6732/1476 3405/6733/1475 

vt 716.945 610.97
vt 716.906 611.102
vn -0.124491 0.905023 0.406737
v 1364.51 1414.93 -186.483
vt 666.668 595.88
vt 666.707 595.749
f 3355/6734/1476 3354/6735/1477 3407/6736/1477 3406/6737/1476 

vt 691.266 608.207
vt 691.216 608.336
vn -0.129602 0.942185 0.309017
v 1364.5 1415.02 -186.727
vt 642.209 589.525
vt 642.258 589.397
f 3354/6738/1477 3353/6739/1478 3408/6740/1478 3407/6741/1477 

vt 640.369 634.634
vt 640.304 634.755
vn -0.133294 0.969023 0.207912
v 1364.49 1415.09 -186.98
vt 593.951 610.12
vt 594.015 609.998
f 3353/6742/1478 3352/6743/1479 3409/6744/1479 3408/6745/1478 

vt 518.365 717.861
vt 518.274 717.964
vn -0.135526 0.985244 0.104528
v 1364.49 1415.13 -187.239
vt 478.853 683.301
vt 478.944 683.198
f 3352/6746/1479 3351/6747/1480 3410/6748/1480 3409/6749/1479 

vt 184.034 853.662
vt 183.905 853.711
vn -0.136272 0.990671 -0
v 1364.48 1415.14 -187.5
vt 165.239 804.648
vt 165.367 804.599
f 3351/6750/1480 3350/6751/1481 3411/6752/1481 3410/6753/1480 

vt -367.637 783.806
vt -367.765 783.757
vn -0.135526 0.985244 -0.104528
v 1364.49 1415.13 -187.761
vt -349.099 734.695
vt -348.97 734.744
f 3350/6754/1481 3349/6755/1482 3412/6756/1482 3411/6757/1481 

vt -646.662 571.956
vt -646.752 571.853
vn -0.133294 0.969023 -0.207912
v 1364.49 1415.09 -188.02
vt -607.331 537.189
vt -607.241 537.293
f 3349/6758/1482 3348/6759/1483 3413/6760/1483 3412/6761/1482 

vt -729.54 466.853
vt -729.605 466.731
vn -0.129602 0.942185 -0.309017
v 1364.5 1415.02 -188.273
vt -683.251 442.096
vt -683.187 442.217
f 3348/6762/1483 3347/6763/1484 3414/6764/1484 3413/6765/1483 

vt -757.072 436.765
vt -757.121 436.637
vn -0.124491 0.905023 -0.406737
v 1364.51 1414.93 -188.517
vt -708.114 417.826
vt -708.065 417.954
f 3347/6766/1484 3346/6767/1485 3415/6768/1485 3414/6769/1484 

vt -767.766 443.243
vt -767.805 443.111
vn -0.118015 0.857947 -0.5
v 1364.53 1414.81 -188.75
vt -717.567 427.89
vt -717.528 428.021
f 3346/6770/1485 3345/6771/1486 3416/6772/1486 3415/6773/1485 

vt -772.264 467.811
vt -772.298 467.678
vn -0.110246 0.80147 -0.587785
v 1364.55 1414.67 -188.969
vt -721.402 454.824
vt -721.369 454.957
f 3345/6774/1486 3344/6775/1487 3417/6776/1487 3416/6777/1486 

vt -774.111 501.324
vt -774.14 501.19
vn -0.10127 0.736212 -0.669131
v 1364.57 1414.51 -189.173
vt -722.858 489.98
vt -722.828 490.115
f 3344/6778/1487 3343/6779/1488 3418/6780/1488 3417/6781/1487 

vt -774.686 538.747
vt -774.713 538.612
vn -0.0911839 0.662889 -0.743145
v 1364.6 1414.32 -189.358
vt -723.185 528.588
vt -723.159 528.723
f 3343/6782/1488 3342/6783/1489 3419/6784/1489 3418/6785/1488 

vt -774.594 577.013
vt -774.618 576.878
vn -0.0800987 0.582302 -0.809017
v 1364.62 1414.12 -189.523
vt -722.928 567.729
vt -722.904 567.864
f 3342/6786/1489 3341/6787/1490 3420/6788/1490 3419/6789/1489 

vt -774.121 614.094
vt -774.143 613.958
vn -0.0681361 0.495336 -0.866025
v 1364.65 1413.91 -189.665
vt -722.342 605.462
vt -722.319 605.597
f 3341/6790/1490 3340/6791/1491 3421/6792/1491 3420/6793/1490 

vt -773.408 648.559
vt -773.429 648.423
vn -0.0554269 0.402942 -0.913545
v 1364.69 1413.67 -189.784
vt -721.551 640.414
vt -721.53 640.55
f 3340/6794/1491 3339/6795/1492 3422/6796/1492 3421/6797/1491 

vt -772.529 679.361
vt -772.549 679.225
vn -0.0421104 0.306134 -0.951057
v 1364.72 1413.43 -189.878
vt -720.617 671.573
vt -720.597 671.709
f 3339/6798/1492 3338/6799/1493 3423/6800/1493 3422/6801/1492 

vt -771.517 705.719
vt -771.536 705.583
vn -0.0283326 0.205972 -0.978148
v 1364.75 1413.18 -189.945
vt -719.567 698.182
vt -719.548 698.318
f 3338/6802/1493 3337/6803/1494 3424/6804/1494 3423/6805/1493 

vt -770.382 727.053
vt -770.401 726.917
vn -0.0142443 0.103553 -0.994522
v 1364.79 1412.93 -189.986
vt -718.41 719.676
vt -718.391 719.812
f 3337/6806/1494 3336/6807/1495 3425/6808/1495 3424/6809/1494 

vt -769.121 742.953
vt -769.14 742.817
vn -9.1502e-16 -1.21597e-16 -1
v 1364.82 1412.67 -190
vt -717.137 735.654
vt -717.119 735.79
f 3336/6810/1495 3335/6811/1496 3426/6812/1496 3425/6813/1495 

vt -767.715 753.159
vt -767.734 753.023
vn 0.0142443 -0.103553 -0.994522
v 1364.86 1412.41 -189.986
vt -715.731 745.86
vt -715.713 745.996
f 3335/6814/1496 3334/6815/1497 3427/6816/1497 3426/6817/1496 

vt -766.135 757.553
vt -766.154 757.417
vn 0.0283326 -0.205972 -0.978148
v 1364.9 1412.15 -189.945
vt -714.162 750.176
vt -714.143 750.312
f 3334/6818/1497 3333/6819/1498 3428/6820/1498 3427/6821/1497 

vt -764.334 756.159
vt -764.353 756.023
vn 0.0421104 -0.306134 -0.951057
v 1364.93 1411.9 -189.878
vt -712.384 748.622
vt -712.365 748.758
f 3333/6822/1498 3332/6823/1499 3429/6824/1499 3428/6825/1498 

vt -762.246 749.153
vt -762.266 749.017
vn 0.0554269 -0.402942 -0.913545
v 1364.96 1411.66 -189.784
vt -710.333 741.365
vt -710.313 741.501
f 3332/6826/1499 3331/6827/1500 3430/6828/1500 3429/6829/1499 

vt -759.773 736.881
vt -759.794 736.745
vn 0.0681361 -0.495336 -0.866025
v 1364.99 1411.43 -189.665
vt -707.915 728.736
vt -707.894 728.872
f 3331/6830/1500 3330/6831/1501 3431/6832/1501 3430/6833/1500 

vt -756.768 719.892
vt -756.79 719.757
vn 0.0800987 -0.582302 -0.809017
v 1365.02 1411.21 -189.523
vt -704.989 711.261
vt -704.967 711.396
f 3330/6834/1501 3329/6835/1502 3432/6836/1502 3431/6837/1501 

vt -753.003 698.999
vt -753.027 698.864
vn 0.0911839 -0.662889 -0.743145
v 1365.05 1411.01 -189.358
vt -701.337 689.715
vt -701.313 689.85
f 3329/6838/1502 3328/6839/1503 3433/6840/1503 3432/6841/1502 

vt -748.107 675.38
vt -748.133 675.245
vn 0.10127 -0.736212 -0.669131
v 1365.08 1410.83 -189.173
vt -696.606 665.221
vt -696.579 665.356
f 3328/6842/1503 3327/6843/1504 3434/6844/1504 3433/6845/1503 

vt -741.444 650.777
vt -741.473 650.643
vn 0.110246 -0.80147 -0.587785
v 1365.1 1410.66 -188.969
vt -690.19 639.433
vt -690.161 639.568
f 3327/6846/1504 3326/6847/1505 3435/6848/1505 3434/6849/1504 

vt -731.837 627.878
vt -731.871 627.744
vn 0.118015 -0.857947 -0.5
v 1365.12 1410.52 -188.75
vt -680.976 614.89
vt -680.942 615.023
f 3326/6850/1505 3325/6851/1506 3436/6852/1506 3435/6853/1505 

vt -716.906 611.102
vt -716.945 610.97
vn 0.124491 -0.905023 -0.406737
v 1365.14 1410.4 -188.517
vt -666.707 595.749
vt -666.668 595.88
f 3325/6854/1506 3324/6855/1507 3437/6856/1507 3436/6857/1506 

vt -691.216 608.336
vt -691.266 608.207
vn 0.129602 -0.942185 -0.309017
v 1365.15 1410.31 -188.273
vt -642.258 589.397
vt -642.209 589.525
f 3324/6858/1507 3323/6859/1508 3438/6860/1508 3437/6861/1507 

vt -640.304 634.755
vt -640.369 634.634
vn 0.133294 -0.969023 -0.207912
v 1365.16 1410.24 -188.02
vt -594.015 609.998
vt -593.951 610.12
f 3323/6862/1508 3322/6863/1509 3439/6864/1509 3438/6865/1508 

vt -518.274 717.964
vt -518.365 717.861
vt -478.944 683.198
vt -478.853 683.301
f 3322/6866/1509 3321/6867/1450 3381/6868/1450 3439/6869/1509 

usemtl FrontColor
vt -98.5624 635.703
vn -0.990671 -0.136272 9.24492e-16
vt -98.4252 635.696
vt -98.288 635.703
vt -98.1523 635.725
vt -98.0197 635.76
vt -97.8914 635.81
vt -97.769 635.872
vt -97.6538 635.947
vt -97.5471 636.033
vt -97.4499 636.13
vt -97.3635 636.237
vt -97.2887 636.352
vt -97.2263 636.475
vt -97.1771 636.603
vt -97.1415 636.736
vt -97.1201 636.871
vt -97.1129 637.008
vt -97.1201 637.146
vt -97.1415 637.281
vt -97.1771 637.414
vt -97.2263 637.542
vt -97.2887 637.665
vt -97.3635 637.78
vt -97.4499 637.887
vt -97.5471 637.984
vt -97.6538 638.07
vt -97.769 638.145
vt -97.8914 638.207
vt -98.0197 638.257
vt -98.1523 638.292
vt -98.288 638.314
vt -98.4252 638.321
vt -98.5624 638.314
vt -98.698 638.292
vt -98.8307 638.257
vt -98.959 638.207
vt -99.0814 638.145
vt -99.1966 638.07
vt -99.3033 637.984
vt -99.4005 637.887
vt -99.4869 637.78
vt -99.5617 637.665
vt -99.6241 637.542
vt -99.6733 637.414
vt -99.7089 637.281
vt -99.7303 637.146
vt -99.7375 637.008
vt -99.7303 636.871
vt -99.7089 636.736
vt -99.6733 636.603
vt -99.6241 636.475
vt -99.5617 636.352
vt -99.4869 636.237
vt -99.4005 636.13
vt -99.3033 636.033
vt -99.1966 635.947
vt -99.0814 635.872
vt -98.959 635.81
vt -98.8307 635.76
vt -98.698 635.725
f 3381/6870/1510 3380/6871/1510 3382/6872/1510 3383/6873/1510 3384/6874/1510 3385/6875/1510 3386/6876/1510 3387/6877/1510 3388/6878/1510 3389/6879/1510 3390/6880/1510 3391/6881/1510 3392/6882/1510 3393/6883/1510 3394/6884/1510 3395/6885/1510 3396/6886/1510 3397/6887/1510 3398/6888/1510 3399/6889/1510 3400/6890/1510 3401/6891/1510 3402/6892/1510 3403/6893/1510 3404/6894/1510 3405/6895/1510 3406/6896/1510 3407/6897/1510 3408/6898/1510 3409/6899/1510 3410/6900/1510 3411/6901/1510 3412/6902/1510 3413/6903/1510 3414/6904/1510 3415/6905/1510 3416/6906/1510 3417/6907/1510 3418/6908/1510 3419/6909/1510 3420/6910/1510 3421/6911/1510 3422/6912/1510 3423/6913/1510 3424/6914/1510 3425/6915/1510 3426/6916/1510 3427/6917/1510 3428/6918/1510 3429/6919/1510 3430/6920/1510 3431/6921/1510 3432/6922/1510 3433/6923/1510 3434/6924/1510 3435/6925/1510 3436/6926/1510 3437/6927/1510 3438/6928/1510 3439/6929/1510 

usemtl M_0135_DarkGray
vn 0.990671 0.136272 -8.7629e-19
v 1365.43 1408.27 -187.966
vt 98.6701 634.679
f 3380/6570/1511 3440/6930/1511 3381/6571/1511

v 1365.43 1408.25 -187.5
vt 98.4252 634.666
f 3380/6570/1511 3441/6931/1511 3440/6930/1511

f 3382/6629/1511 3441/6931/1511 3380/6570/1511

v 1365.43 1408.27 -187.034
vt 98.1803 634.679
f 3382/6629/1511 3442/6932/1511 3441/6931/1511

f 3383/6628/1511 3442/6932/1511 3382/6629/1511

f 3384/6627/1511 3442/6932/1511 3383/6628/1511

v 1365.42 1408.34 -186.572
vt 97.9381 634.717
f 3384/6627/1511 3443/6933/1511 3442/6932/1511

f 3385/6626/1511 3443/6933/1511 3384/6627/1511

f 3386/6625/1511 3443/6933/1511 3385/6626/1511

v 1365.4 1408.46 -186.121
vt 97.7013 634.78
f 3386/6625/1511 3444/6934/1511 3443/6933/1511

f 3387/6624/1511 3444/6934/1511 3386/6625/1511

f 3388/6623/1511 3444/6934/1511 3387/6624/1511

v 1365.38 1408.63 -185.685
vt 97.4724 634.868
f 3388/6623/1511 3445/6935/1511 3444/6934/1511

f 3389/6622/1511 3445/6935/1511 3388/6623/1511

f 3390/6621/1511 3445/6935/1511 3389/6622/1511

f 3391/6620/1511 3445/6935/1511 3390/6621/1511

v 1365.35 1408.84 -185.269
vt 97.2539 634.98
f 3391/6620/1511 3446/6936/1511 3445/6935/1511

f 3392/6619/1511 3446/6936/1511 3391/6620/1511

f 3393/6618/1511 3446/6936/1511 3392/6619/1511

f 3394/6617/1511 3446/6936/1511 3393/6618/1511

f 3395/6616/1511 3446/6936/1511 3394/6617/1511

v 1365.32 1409.09 -184.877
vt 97.0482 635.113
f 3395/6616/1511 3447/6937/1511 3446/6936/1511

f 3396/6615/1511 3447/6937/1511 3395/6616/1511

v 1364.33 1416.24 -184.877
vt 97.0482 638.904
f 3448/6938/1511 3447/6937/1511 3396/6615/1511

v 1364.37 1415.95 -184.514
vt 96.8577 638.749
f 3449/6939/1511 3447/6937/1511 3448/6938/1511

v 1365.28 1409.38 -184.514
vt 96.8577 635.268
f 3449/6939/1511 3450/6940/1511 3447/6937/1511

v 1364.42 1415.63 -184.184
vt 96.6843 638.576
f 3451/6941/1511 3450/6940/1511 3449/6939/1511

v 1365.23 1409.71 -184.184
vt 96.6843 635.441
f 3451/6941/1511 3452/6942/1511 3450/6940/1511

v 1364.47 1415.27 -183.89
vt 96.53 638.385
f 3453/6943/1511 3452/6942/1511 3451/6941/1511

v 1365.18 1410.07 -183.89
vt 96.53 635.632
f 3453/6943/1511 3454/6944/1511 3452/6942/1511

v 1364.52 1414.88 -183.635
vt 96.3964 638.18
f 3455/6945/1511 3454/6944/1511 3453/6943/1511

v 1365.13 1410.46 -183.635
vt 96.3964 635.837
f 3455/6945/1511 3456/6946/1511 3454/6944/1511

v 1364.58 1414.46 -183.423
vt 96.2851 637.961
f 3457/6947/1511 3456/6946/1511 3455/6945/1511

v 1365.07 1410.87 -183.423
vt 96.2851 636.056
f 3457/6947/1511 3458/6948/1511 3456/6946/1511

v 1364.64 1414.03 -183.256
vt 96.1972 637.732
f 3459/6949/1511 3458/6948/1511 3457/6947/1511

v 1365.01 1411.3 -183.256
vt 96.1972 636.285
f 3459/6949/1511 3460/6950/1511 3458/6948/1511

v 1364.7 1413.59 -183.135
vt 96.1338 637.496
f 3461/6951/1511 3460/6950/1511 3459/6949/1511

v 1364.95 1411.75 -183.135
vt 96.1338 636.521
f 3461/6951/1511 3462/6952/1511 3460/6950/1511

v 1364.76 1413.13 -183.062
vt 96.0954 637.253
f 3463/6953/1511 3462/6952/1511 3461/6951/1511

v 1364.89 1412.2 -183.062
vt 96.0954 636.764
f 3463/6953/1511 3464/6954/1511 3462/6952/1511

v 1364.82 1412.67 -183.037
vt 96.0826 637.008
f 3464/6954/1511 3463/6953/1511 3465/6955/1511

vt 715.739 745.807
vn 1.30283e-18 0 1
vt 715.705 746.05
v 1205.05 1391.16 -183.062
vt 631.871 734.502
v 1205.12 1390.7 -183.037
vt 631.904 734.259
f 3465/6956/1512 3463/6957/1467 3466/6958/1467 3467/6959/1512 

vt 714.169 750.122
vt 714.136 750.365
v 1204.99 1391.62 -183.135
vt 630.318 738.692
vt 630.352 738.449
f 3463/6960/1467 3461/6961/1468 3468/6962/1468 3466/6963/1467 

vt 712.392 748.568
vt 712.357 748.811
v 1204.93 1392.06 -183.256
vt 628.576 736.88
vt 628.611 736.637
f 3461/6964/1468 3459/6965/1469 3469/6966/1469 3468/6967/1468 

vt 710.341 741.312
vt 710.306 741.554
v 1204.87 1392.5 -183.423
vt 626.583 729.218
vt 626.619 728.976
f 3459/6968/1469 3457/6969/1470 3470/6970/1470 3469/6971/1469 

vt 707.924 728.683
vt 707.886 728.925
v 1204.81 1392.91 -183.635
vt 624.251 716.013
vt 624.288 715.771
f 3457/6972/1470 3455/6973/1471 3471/6974/1471 3470/6975/1470 

vt 704.998 711.207
vt 704.958 711.449
v 1204.76 1393.3 -183.89
vt 621.448 697.752
vt 621.487 697.51
f 3455/6976/1471 3453/6977/1472 3472/6978/1472 3471/6979/1471 

vt 701.346 689.661
vt 701.303 689.903
v 1204.71 1393.66 -184.184
vt 617.972 675.153
vt 618.015 674.912
f 3453/6980/1472 3451/6981/1473 3473/6982/1473 3472/6983/1472 

vt 696.616 665.168
vt 696.569 665.409
v 1204.66 1393.98 -184.514
vt 613.5 649.249
vt 613.547 649.008
f 3451/6984/1473 3449/6985/1474 3474/6986/1474 3473/6987/1473 

vt 690.202 639.381
vt 690.15 639.62
v 1204.62 1394.27 -184.877
vt 607.475 621.55
vt 607.528 621.31
f 3449/6988/1474 3448/6989/1475 3475/6990/1475 3474/6991/1474 

vt 680.989 614.838
v 1364.3 1416.5 -185.269
vt 680.929 615.076
v 1204.59 1394.53 -185.269
vt 598.879 594.353
vt 598.939 594.115
f 3448/6992/1475 3476/6993/1476 3477/6994/1476 3475/6995/1475 

vt 97.2539 639.037
f 3448/6938/1511 3397/6614/1511 3476/6996/1511

f 3397/6614/1511 3448/6938/1511 3396/6615/1511

usemtl FrontColor
vn -8.68552e-19 0 -1
v 1205.12 1390.7 -185
vt -631.897 734.312
v 1205.08 1390.96 -185.014
vt -631.878 734.449
f 3397/6817/1497 3396/6816/1513 3478/6997/1513 3479/6998/1497 

v 1205.15 1390.44 -185.014
vt -633.303 724.106
vt -633.284 724.243
f 3396/6813/1513 3395/6812/1495 3480/6999/1495 3478/7000/1513 

v 1205.19 1390.18 -185.055
vt -634.592 708.003
vt -634.574 708.139
f 3395/6809/1495 3394/6808/1494 3481/7001/1494 3480/7002/1495 

v 1205.22 1389.93 -185.122
vt -635.786 686.251
vt -635.767 686.387
f 3394/6805/1494 3393/6804/1493 3482/7003/1493 3481/7004/1494 

v 1205.25 1389.69 -185.216
vt -636.894 659.238
vt -636.874 659.374
f 3393/6801/1493 3392/6800/1492 3483/7005/1492 3482/7006/1493 

v 1205.29 1389.46 -185.335
vt -637.915 627.502
vt -637.894 627.638
f 3392/6797/1492 3391/6796/1491 3484/7007/1491 3483/7008/1492 

v 1205.32 1389.24 -185.477
vt -638.831 591.765
vt -638.809 591.9
f 3391/6793/1491 3390/6792/1490 3485/7009/1490 3484/7010/1491 

v 1205.34 1389.04 -185.642
vt -639.597 552.979
vt -639.573 553.114
f 3390/6789/1490 3389/6788/1489 3486/7011/1489 3485/7012/1490 

v 1205.37 1388.86 -185.827
vt -640.116 512.428
vt -640.09 512.563
f 3389/6785/1489 3388/6784/1488 3487/7013/1488 3486/7014/1489 

v 1205.39 1388.69 -186.031
vt -640.183 471.91
vt -640.154 472.044
f 3388/6781/1488 3387/6780/1487 3488/7015/1487 3487/7016/1488 

v 1205.41 1388.55 -186.25
vt -639.353 434.101
vt -639.319 434.234
f 3387/6777/1487 3386/6776/1486 3489/7017/1486 3488/7018/1487 

v 1205.43 1388.44 -186.483
vt -636.577 403.35
vt -636.537 403.482
f 3386/6773/1486 3385/6772/1485 3490/7019/1485 3489/7020/1486 

v 1205.44 1388.34 -186.727
vt -629.108 387.5
vt -629.058 387.628
f 3385/6769/1485 3384/6768/1484 3491/7021/1484 3490/7022/1485 

v 1205.45 1388.28 -186.98
vt -608.523 402.38
vt -608.459 402.501
f 3384/6765/1484 3383/6764/1483 3492/7023/1483 3491/7024/1484 

v 1205.45 1388.23 -187.239
vt -543.78 481.308
vt -543.689 481.411
f 3383/6761/1483 3382/6760/1482 3493/7025/1482 3492/7026/1483 

v 1205.46 1388.22 -187.5
vt -319.005 655.6
vt -318.877 655.649
f 3382/6757/1482 3380/6756/1481 3494/7027/1481 3493/7028/1482 

v 1205.45 1388.23 -187.761
vt 135.145 725.553
vt 135.274 725.505
f 3380/6753/1481 3381/6752/1480 3495/7029/1480 3494/7030/1481 

v 1205.45 1388.28 -188.02
vt 415.302 627.419
vt 415.392 627.316
f 3381/6749/1480 3439/6748/1479 3496/7031/1479 3495/7032/1480 

usemtl M_0135_DarkGray
f 3381/6571/1511 3440/6930/1511 3439/6572/1511

v 1365.42 1408.34 -188.428
vt 98.9123 634.717
f 3439/6572/1511 3440/6930/1511 3497/7033/1511

vt -478.818 683.342
vt -478.98 683.157
v 1205.72 1386.3 -187.966
vt -415.428 627.275
v 1205.71 1386.37 -188.428
vt -415.266 627.46
f 3497/7034/1509 3440/7035/1450 3498/7036/1450 3499/7037/1509 

vt -165.188 804.667
vt -165.417 804.58
v 1205.72 1386.28 -187.5
vt -135.324 725.485
vt -135.095 725.573
f 3440/7038/1450 3441/7039/1451 3500/7040/1451 3498/7041/1450 

vt 349.149 734.676
vt 348.92 734.763
v 1205.72 1386.3 -187.034
vt 318.826 655.668
vt 319.056 655.581
f 3441/7042/1451 3442/7043/1452 3501/7044/1452 3500/7045/1451 

vt 607.367 537.149
vt 607.205 537.333
v 1205.71 1386.37 -186.572
vt 543.654 481.451
vt 543.815 481.267
f 3442/7046/1452 3443/7047/1453 3502/7048/1453 3501/7049/1452 

vt 683.276 442.048
vt 683.161 442.265
v 1205.69 1386.49 -186.121
vt 608.434 402.549
vt 608.549 402.332
f 3443/7050/1453 3444/7051/1454 3503/7052/1454 3502/7053/1453 

vt 708.133 417.775
vt 708.045 418.004
v 1205.67 1386.66 -185.685
vt 629.039 387.679
vt 629.127 387.45
f 3444/7054/1454 3445/7055/1455 3504/7056/1455 3503/7057/1454 

vt 717.583 427.838
vt 717.512 428.073
v 1205.64 1386.87 -185.269
vt 636.522 403.533
vt 636.593 403.299
f 3445/7058/1455 3446/7059/1456 3505/7060/1456 3504/7061/1455 

vt 721.416 454.772
vt 721.356 455.009
v 1205.61 1387.12 -184.877
vt 639.306 434.287
vt 639.366 434.049
f 3446/7062/1456 3447/7063/1457 3506/7064/1457 3505/7065/1456 

vt 722.869 489.928
vt 722.817 490.167
v 1205.57 1387.41 -184.514
vt 640.142 472.097
vt 640.195 471.857
f 3447/7066/1457 3450/7067/1458 3507/7068/1458 3506/7069/1457 

vt 723.195 528.535
vt 723.149 528.776
v 1205.52 1387.74 -184.184
vt 640.08 512.616
vt 640.126 512.375
f 3450/7070/1458 3452/7071/1459 3508/7072/1459 3507/7073/1458 

vt 722.938 567.676
vt 722.895 567.917
v 1205.47 1388.1 -183.89
vt 639.564 553.167
vt 639.607 552.926
f 3452/7074/1459 3454/7075/1460 3509/7076/1460 3508/7077/1459 

vt 722.35 605.409
vt 722.311 605.651
v 1205.42 1388.49 -183.635
vt 638.8 591.954
vt 638.84 591.712
f 3454/7078/1460 3456/7079/1461 3510/7080/1461 3509/7081/1460 

vt 721.559 640.361
vt 721.521 640.603
v 1205.36 1388.9 -183.423
vt 637.886 627.691
vt 637.923 627.449
f 3456/7082/1461 3458/7083/1462 3511/7084/1462 3510/7085/1461 

vt 720.625 671.52
vt 720.589 671.763
v 1205.3 1389.33 -183.256
vt 636.866 659.427
vt 636.902 659.184
f 3458/7086/1462 3460/7087/1463 3512/7088/1463 3511/7089/1462 

vt 719.575 698.129
vt 719.54 698.371
v 1205.24 1389.78 -183.135
vt 635.759 686.44
vt 635.794 686.198
f 3460/7090/1463 3462/7091/1464 3513/7092/1464 3512/7093/1463 

vt 718.417 719.623
vt 718.383 719.866
v 1205.18 1390.24 -183.062
vt 634.566 708.192
vt 634.6 707.949
f 3462/7094/1464 3464/7095/1465 3514/7096/1465 3513/7097/1464 

vt 717.145 735.601
vt 717.111 735.844
vt 633.276 724.296
vt 633.31 724.053
f 3464/7098/1465 3465/7099/1512 3467/7100/1512 3514/7101/1465 

usemtl FrontColor
vt -96.0954 637.253
vn -0.990671 -0.136272 8.7629e-19
vt -96.0954 636.764
vt -96.0826 637.008
f 3466/7102/1514 3514/7103/1514 3467/7104/1514

vt -96.1338 637.496
f 3514/7103/1514 3466/7102/1514 3468/7105/1514

vt -96.1338 636.521
f 3514/7103/1514 3468/7105/1514 3513/7106/1514

vt -96.1972 637.732
f 3513/7106/1514 3468/7105/1514 3469/7107/1514

vt -96.1972 636.285
f 3513/7106/1514 3469/7107/1514 3512/7108/1514

vt -96.2851 637.961
f 3512/7108/1514 3469/7107/1514 3470/7109/1514

vt -96.2851 636.056
f 3512/7108/1514 3470/7109/1514 3511/7110/1514

vt -96.3964 638.18
f 3511/7110/1514 3470/7109/1514 3471/7111/1514

vt -96.3964 635.837
f 3511/7110/1514 3471/7111/1514 3510/7112/1514

vt -96.53 638.385
f 3510/7112/1514 3471/7111/1514 3472/7113/1514

vt -96.53 635.632
f 3510/7112/1514 3472/7113/1514 3509/7114/1514

vt -96.6843 638.576
f 3509/7114/1514 3472/7113/1514 3473/7115/1514

vt -96.6843 635.441
f 3509/7114/1514 3473/7115/1514 3508/7116/1514

vt -96.8577 638.749
f 3508/7116/1514 3473/7115/1514 3474/7117/1514

vt -96.8577 635.268
f 3508/7116/1514 3474/7117/1514 3507/7118/1514

vt -97.0482 638.904
f 3507/7118/1514 3474/7117/1514 3475/7119/1514

vt -97.0482 635.113
f 3507/7118/1514 3475/7119/1514 3506/7120/1514

f 3506/7120/1514 3475/7119/1514 3478/6886/1514

f 3478/6886/1514 3475/7119/1514 3479/6887/1514

vt -97.2539 639.037
f 3479/6887/1514 3475/7119/1514 3477/7121/1514

v 1205.04 1391.21 -185.055
f 3479/6887/1514 3477/7121/1514 3515/6888/1514

v 1205.01 1391.46 -185.122
f 3515/6888/1514 3477/7121/1514 3516/6889/1514

v 1204.98 1391.71 -185.216
f 3516/6889/1514 3477/7121/1514 3517/6890/1514

v 1204.94 1391.94 -185.335
f 3517/6890/1514 3477/7121/1514 3518/6891/1514

v 1204.56 1394.74 -185.685
vt -97.4724 639.149
f 3518/6891/1514 3477/7121/1514 3519/7122/1514

usemtl M_0135_DarkGray
vt 666.723 595.697
v 1364.27 1416.71 -185.685
vt 666.652 595.932
vt 585.662 571.392
vt 585.733 571.158
f 3476/7123/1476 3520/7124/1477 3519/7125/1477 3477/7126/1476 

vt 97.4724 639.149
f 3476/6996/1511 3401/6610/1511 3520/7127/1511

f 3476/6996/1511 3400/6611/1511 3401/6610/1511

f 3476/6996/1511 3399/6612/1511 3400/6611/1511

f 3476/6996/1511 3398/6613/1511 3399/6612/1511

f 3476/6996/1511 3397/6614/1511 3398/6613/1511

usemtl FrontColor
vt -630.345 738.503
vt -630.326 738.639
f 3398/6821/1498 3397/6820/1497 3479/7128/1497 3515/7129/1498 

vt -628.603 736.691
vt -628.584 736.827
f 3399/6825/1499 3398/6824/1498 3515/7130/1498 3516/7131/1499 

vt -626.611 729.029
vt -626.591 729.165
f 3400/6829/1500 3399/6828/1499 3516/7132/1499 3517/7133/1500 

vt -624.28 715.824
vt -624.259 715.96
f 3401/6833/1501 3400/6832/1500 3517/7134/1500 3518/7135/1501 

vt -621.478 697.564
v 1204.91 1392.15 -185.477
vt -621.456 697.699
f 3402/6837/1502 3401/6836/1501 3518/7136/1501 3521/7137/1502 

usemtl M_0135_DarkGray
f 3520/7127/1511 3401/6610/1511 3402/6609/1511

f 3520/7127/1511 3402/6609/1511 3403/6608/1511

usemtl FrontColor
vt -618.006 674.965
v 1204.89 1392.36 -185.642
vt -617.982 675.1
f 3403/6841/1503 3402/6840/1502 3521/7138/1502 3522/7139/1503 

f 3521/6892/1514 3519/7122/1514 3522/6893/1514

f 3518/6891/1514 3519/7122/1514 3521/6892/1514

v 1204.86 1392.54 -185.827
f 3522/6893/1514 3519/7122/1514 3523/6894/1514

v 1204.54 1394.9 -186.121
vt -97.7013 639.236
f 3523/6894/1514 3519/7122/1514 3524/7140/1514

usemtl M_0135_DarkGray
vt 642.278 589.346
v 1364.25 1416.87 -186.121
vt 642.19 589.575
vt 563.184 559.25
vt 563.272 559.021
f 3520/7141/1477 3525/7142/1478 3524/7143/1478 3519/7144/1477 

vt 97.7013 639.236
f 3520/7127/1511 3404/6607/1511 3525/7145/1511

f 3520/7127/1511 3403/6608/1511 3404/6607/1511

usemtl FrontColor
vt -613.537 649.061
vt -613.51 649.196
f 3404/6845/1504 3403/6844/1503 3522/7146/1503 3523/7147/1504 

vt -607.516 621.363
v 1204.84 1392.7 -186.031
vt -607.487 621.497
f 3405/6849/1505 3404/6848/1504 3523/7148/1504 3526/7149/1505 

usemtl M_0135_DarkGray
f 3525/7145/1511 3404/6607/1511 3405/6606/1511

f 3525/7145/1511 3405/6606/1511 3406/6605/1511

usemtl FrontColor
vt -598.926 594.167
v 1204.82 1392.84 -186.25
vt -598.892 594.301
f 3406/6853/1506 3405/6852/1505 3526/7150/1505 3527/7151/1506 

f 3526/6895/1514 3524/7140/1514 3527/6896/1514

f 3523/6894/1514 3524/7140/1514 3526/6895/1514

v 1204.52 1395.02 -186.572
vt -97.9381 639.3
f 3527/6896/1514 3524/7140/1514 3528/7152/1514

usemtl M_0135_DarkGray
vt 594.041 609.951
v 1364.23 1416.99 -186.572
vt 593.926 610.167
vt 519.198 570.451
vt 519.313 570.235
f 3525/7153/1478 3529/7154/1479 3528/7155/1479 3524/7156/1478 

vt 97.9381 639.3
f 3525/7145/1511 3406/6605/1511 3529/7157/1511

f 3529/7157/1511 3406/6605/1511 3407/6604/1511

usemtl FrontColor
vt -585.717 571.209
v 1204.8 1392.96 -186.483
vt -585.677 571.341
f 3407/6857/1507 3406/6856/1506 3527/7158/1506 3530/7159/1507 

f 3527/6896/1514 3528/7152/1514 3530/6897/1514

v 1204.79 1393.05 -186.727
f 3530/6897/1514 3528/7152/1514 3531/6898/1514

v 1204.51 1395.09 -187.034
vt -98.1803 639.338
f 3531/6898/1514 3528/7152/1514 3532/7160/1514

usemtl M_0135_DarkGray
vt 478.98 683.157
v 1364.22 1417.06 -187.034
vt 478.818 683.342
vt 415.266 627.46
vt 415.428 627.275
f 3529/7161/1479 3533/7162/1480 3532/7163/1480 3528/7164/1479 

vt 98.1803 639.338
f 3529/7157/1511 3408/6603/1511 3533/7165/1511

f 3529/7157/1511 3407/6604/1511 3408/6603/1511

usemtl FrontColor
vt -563.252 559.071
vt -563.203 559.199
f 3408/6861/1508 3407/6860/1507 3530/7166/1507 3531/7167/1508 

vt -519.288 570.282
v 1204.78 1393.12 -186.98
vt -519.223 570.404
f 3409/6865/1509 3408/6864/1508 3531/7168/1508 3534/7169/1509 

usemtl M_0135_DarkGray
f 3533/7165/1511 3408/6603/1511 3409/6602/1511

f 3533/7165/1511 3409/6602/1511 3410/6601/1511

usemtl FrontColor
vt -415.392 627.316
v 1204.78 1393.16 -187.239
vt -415.302 627.419
f 3410/6869/1450 3409/6868/1509 3534/7170/1509 3535/7171/1450 

f 3534/6899/1514 3532/7160/1514 3535/6900/1514

f 3531/6898/1514 3532/7160/1514 3534/6899/1514

v 1204.51 1395.12 -187.5
vt -98.4252 639.351
f 3535/6900/1514 3532/7160/1514 3536/7172/1514

usemtl M_0135_DarkGray
vt 165.417 804.58
v 1364.22 1417.09 -187.5
vt 165.188 804.667
vt 135.095 725.573
vt 135.324 725.485
f 3533/7173/1480 3537/7174/1481 3536/7175/1481 3532/7176/1480 

vt 98.4252 639.351
f 3533/7165/1511 3410/6601/1511 3537/7177/1511

f 3537/7177/1511 3410/6601/1511 3411/6600/1511

usemtl FrontColor
vt -135.274 725.505
v 1204.77 1393.17 -187.5
vt -135.145 725.553
f 3411/6633/1451 3410/6632/1450 3535/7178/1450 3538/7179/1451 

f 3535/6900/1514 3536/7172/1514 3538/6901/1514

v 1204.51 1395.09 -187.966
vt -98.6701 639.338
f 3538/6901/1514 3536/7172/1514 3539/7180/1514

usemtl M_0135_DarkGray
vt -348.92 734.763
v 1364.22 1417.06 -187.966
vt -349.149 734.676
vt -319.056 655.581
vt -318.826 655.668
f 3537/7181/1481 3540/7182/1482 3539/7183/1482 3536/7184/1481 

vt 98.6701 639.338
f 3537/7177/1511 3412/6599/1511 3540/7185/1511

f 3537/7177/1511 3411/6600/1511 3412/6599/1511

usemtl FrontColor
vt 318.877 655.649
v 1204.78 1393.16 -187.761
vt 319.005 655.6
f 3412/6637/1452 3411/6636/1451 3538/7186/1451 3541/7187/1452 

f 3538/6901/1514 3539/7180/1514 3541/6902/1514

v 1204.78 1393.12 -188.02
f 3541/6902/1514 3539/7180/1514 3542/6903/1514

v 1204.52 1395.02 -188.428
vt -98.9123 639.3
f 3542/6903/1514 3539/7180/1514 3543/7188/1514

usemtl M_0135_DarkGray
vt -607.205 537.333
v 1364.23 1416.99 -188.428
vt -607.367 537.149
vt -543.815 481.267
vt -543.654 481.451
f 3540/7189/1482 3544/7190/1483 3543/7191/1483 3539/7192/1482 

vt 98.9123 639.3
f 3540/7185/1511 3413/6598/1511 3544/7193/1511

f 3540/7185/1511 3412/6599/1511 3413/6598/1511

usemtl FrontColor
vt 543.689 481.411
vt 543.78 481.308
f 3413/6641/1453 3412/6640/1452 3541/7194/1452 3542/7195/1453 

vt 608.459 402.501
v 1204.79 1393.05 -188.273
vt 608.523 402.38
f 3414/6645/1454 3413/6644/1453 3542/7196/1453 3545/7197/1454 

usemtl M_0135_DarkGray
f 3544/7193/1511 3413/6598/1511 3414/6597/1511

f 3544/7193/1511 3414/6597/1511 3415/6596/1511

usemtl FrontColor
vt 629.058 387.628
v 1204.8 1392.96 -188.517
vt 629.108 387.5
f 3415/6649/1455 3414/6648/1454 3545/7198/1454 3546/7199/1455 

f 3545/6904/1514 3543/7188/1514 3546/6905/1514

f 3542/6903/1514 3543/7188/1514 3545/6904/1514

v 1204.54 1394.9 -188.879
vt -99.1491 639.236
f 3546/6905/1514 3543/7188/1514 3547/7200/1514

usemtl M_0135_DarkGray
vt -683.161 442.265
v 1364.25 1416.87 -188.879
vt -683.276 442.048
vt -608.549 402.332
vt -608.434 402.549
f 3544/7201/1483 3548/7202/1484 3547/7203/1484 3543/7204/1483 

vt 99.1491 639.236
f 3544/7193/1511 3415/6596/1511 3548/7205/1511

f 3548/7205/1511 3415/6596/1511 3416/6595/1511

usemtl FrontColor
vt 636.537 403.482
v 1204.82 1392.84 -188.75
vt 636.577 403.35
f 3416/6653/1456 3415/6652/1455 3546/7206/1455 3549/7207/1456 

f 3546/6905/1514 3547/7200/1514 3549/6906/1514

v 1204.84 1392.7 -188.969
f 3549/6906/1514 3547/7200/1514 3550/6907/1514

v 1204.56 1394.74 -189.315
vt -99.378 639.149
f 3550/6907/1514 3547/7200/1514 3551/7208/1514

usemtl M_0135_DarkGray
vt -708.045 418.004
v 1364.27 1416.71 -189.315
vt -708.133 417.775
vt -629.127 387.45
vt -629.039 387.679
f 3548/7209/1484 3552/7210/1485 3551/7211/1485 3547/7212/1484 

vt 99.378 639.149
f 3548/7205/1511 3417/6594/1511 3552/7213/1511

f 3548/7205/1511 3416/6595/1511 3417/6594/1511

usemtl FrontColor
vt 639.319 434.234
vt 639.353 434.101
f 3417/6657/1457 3416/6656/1456 3549/7214/1456 3550/7215/1457 

vt 640.154 472.044
v 1204.86 1392.54 -189.173
vt 640.183 471.91
f 3418/6661/1458 3417/6660/1457 3550/7216/1457 3553/7217/1458 

usemtl M_0135_DarkGray
f 3552/7213/1511 3417/6594/1511 3418/6593/1511

f 3552/7213/1511 3418/6593/1511 3419/6592/1511

usemtl FrontColor
vt 640.09 512.563
v 1204.89 1392.36 -189.358
vt 640.116 512.428
f 3419/6665/1459 3418/6664/1458 3553/7218/1458 3554/7219/1459 

f 3553/6908/1514 3551/7208/1514 3554/6909/1514

f 3550/6907/1514 3551/7208/1514 3553/6908/1514

v 1204.59 1394.53 -189.731
vt -99.5965 639.037
f 3554/6909/1514 3551/7208/1514 3555/7220/1514

usemtl M_0135_DarkGray
vt -717.512 428.073
v 1364.3 1416.5 -189.731
vt -717.583 427.838
vt -636.593 403.299
vt -636.522 403.533
f 3552/7221/1485 3556/7222/1486 3555/7223/1486 3551/7224/1485 

vt 99.5965 639.037
f 3552/7213/1511 3419/6592/1511 3556/7225/1511

f 3556/7225/1511 3419/6592/1511 3420/6591/1511

usemtl FrontColor
vt 639.573 553.114
v 1204.91 1392.15 -189.523
vt 639.597 552.979
f 3420/6669/1460 3419/6668/1459 3554/7226/1459 3557/7227/1460 

f 3554/6909/1514 3555/7220/1514 3557/6910/1514

v 1204.94 1391.94 -189.665
f 3557/6910/1514 3555/7220/1514 3558/6911/1514

v 1204.98 1391.71 -189.784
f 3558/6911/1514 3555/7220/1514 3559/6912/1514

v 1204.62 1394.27 -190.123
vt -99.8022 638.904
f 3559/6912/1514 3555/7220/1514 3560/7228/1514

usemtl M_0135_DarkGray
vt -721.356 455.009
v 1364.33 1416.24 -190.123
vt -721.416 454.772
vt -639.366 434.049
vt -639.306 434.287
f 3556/7229/1486 3561/7230/1487 3560/7231/1487 3555/7232/1486 

vt 99.8022 638.904
f 3556/7225/1511 3422/6589/1511 3561/7233/1511

f 3556/7225/1511 3421/6590/1511 3422/6589/1511

f 3556/7225/1511 3420/6591/1511 3421/6590/1511

usemtl FrontColor
vt 638.809 591.9
vt 638.831 591.765
f 3421/6673/1461 3420/6672/1460 3557/7234/1460 3558/7235/1461 

vt 637.894 627.638
vt 637.915 627.502
f 3422/6677/1462 3421/6676/1461 3558/7236/1461 3559/7237/1462 

vt 636.874 659.374
v 1205.01 1391.46 -189.878
vt 636.894 659.238
f 3423/6681/1463 3422/6680/1462 3559/7238/1462 3562/7239/1463 

usemtl M_0135_DarkGray
f 3561/7233/1511 3422/6589/1511 3423/6588/1511

f 3561/7233/1511 3423/6588/1511 3424/6587/1511

usemtl FrontColor
vt 635.767 686.387
v 1205.04 1391.21 -189.945
vt 635.786 686.251
f 3424/6685/1464 3423/6684/1463 3562/7240/1463 3563/7241/1464 

f 3562/6913/1514 3560/7228/1514 3563/6914/1514

f 3559/6912/1514 3560/7228/1514 3562/6913/1514

v 1205.08 1390.96 -189.986
f 3563/6914/1514 3560/7228/1514 3564/6915/1514

v 1205.12 1390.7 -190
f 3564/6915/1514 3560/7228/1514 3565/6916/1514

v 1205.61 1387.12 -190.123
vt -99.8022 635.113
f 3566/7242/1514 3565/6916/1514 3560/7228/1514

v 1205.15 1390.44 -189.986
f 3566/7242/1514 3567/6917/1514 3565/6916/1514

v 1205.19 1390.18 -189.945
f 3566/7242/1514 3568/6918/1514 3567/6917/1514

v 1205.22 1389.93 -189.878
f 3566/7242/1514 3569/6919/1514 3568/6918/1514

v 1205.25 1389.69 -189.784
f 3566/7242/1514 3570/6920/1514 3569/6919/1514

v 1205.64 1386.87 -189.731
vt -99.5965 634.98
f 3571/7243/1514 3570/6920/1514 3566/7242/1514

v 1205.29 1389.46 -189.665
f 3571/7243/1514 3572/6921/1514 3570/6920/1514

v 1205.32 1389.24 -189.523
f 3571/7243/1514 3573/6922/1514 3572/6921/1514

v 1205.34 1389.04 -189.358
f 3571/7243/1514 3574/6923/1514 3573/6922/1514

v 1205.67 1386.66 -189.315
vt -99.378 634.868
f 3575/7244/1514 3574/6923/1514 3571/7243/1514

v 1205.37 1388.86 -189.173
f 3575/7244/1514 3576/6924/1514 3574/6923/1514

v 1205.39 1388.69 -188.969
f 3575/7244/1514 3577/6925/1514 3576/6924/1514

v 1205.69 1386.49 -188.879
vt -99.1491 634.78
f 3578/7245/1514 3577/6925/1514 3575/7244/1514

v 1205.41 1388.55 -188.75
f 3578/7245/1514 3579/6926/1514 3577/6925/1514

v 1205.43 1388.44 -188.517
f 3578/7245/1514 3580/6927/1514 3579/6926/1514

vt -98.9123 634.717
f 3499/7246/1514 3580/6927/1514 3578/7245/1514

v 1205.44 1388.34 -188.273
f 3499/7246/1514 3581/6928/1514 3580/6927/1514

f 3499/7246/1514 3496/6929/1514 3581/6928/1514

vt -98.6701 634.679
f 3498/7247/1514 3496/6929/1514 3499/7246/1514

f 3498/7247/1514 3495/6870/1514 3496/6929/1514

vt -98.4252 634.666
f 3500/7248/1514 3495/6870/1514 3498/7247/1514

f 3500/7248/1514 3494/6871/1514 3495/6870/1514

f 3500/7248/1514 3493/6872/1514 3494/6871/1514

vt -98.1803 634.679
f 3501/7249/1514 3493/6872/1514 3500/7248/1514

f 3501/7249/1514 3492/6873/1514 3493/6872/1514

f 3501/7249/1514 3491/6874/1514 3492/6873/1514

vt -97.9381 634.717
f 3502/7250/1514 3491/6874/1514 3501/7249/1514

f 3502/7250/1514 3490/6875/1514 3491/6874/1514

f 3502/7250/1514 3489/6876/1514 3490/6875/1514

vt -97.7013 634.78
f 3503/7251/1514 3489/6876/1514 3502/7250/1514

f 3503/7251/1514 3488/6877/1514 3489/6876/1514

f 3503/7251/1514 3487/6878/1514 3488/6877/1514

vt -97.4724 634.868
f 3504/7252/1514 3487/6878/1514 3503/7251/1514

f 3504/7252/1514 3486/6879/1514 3487/6878/1514

f 3504/7252/1514 3485/6880/1514 3486/6879/1514

f 3504/7252/1514 3484/6881/1514 3485/6880/1514

vt -97.2539 634.98
f 3505/7253/1514 3484/6881/1514 3504/7252/1514

f 3505/7253/1514 3483/6882/1514 3484/6881/1514

f 3505/7253/1514 3482/6883/1514 3483/6882/1514

f 3505/7253/1514 3481/6884/1514 3482/6883/1514

f 3505/7253/1514 3480/6885/1514 3481/6884/1514

f 3506/7120/1514 3480/6885/1514 3505/7253/1514

f 3480/6885/1514 3506/7120/1514 3478/6886/1514

vt 519.223 570.404
vt 519.288 570.282
f 3439/6745/1479 3438/6744/1478 3581/7254/1478 3496/7255/1479 

usemtl M_0135_DarkGray
f 3439/6572/1511 3497/7033/1511 3438/6573/1511

f 3438/6573/1511 3497/7033/1511 3437/6574/1511

v 1365.4 1408.46 -188.879
vt 99.1491 634.78
f 3437/6574/1511 3497/7033/1511 3582/7256/1511

vt -593.926 610.167
vt -594.041 609.951
vt -519.313 570.235
vt -519.198 570.451
f 3582/7257/1508 3497/7258/1509 3499/7259/1509 3578/7260/1508 

v 1365.38 1408.63 -189.315
vt -642.19 589.575
vt -642.278 589.346
vt -563.272 559.021
vt -563.184 559.25
f 3583/7261/1507 3582/7262/1508 3578/7263/1508 3575/7264/1507 

vt 99.378 634.868
f 3435/6576/1511 3582/7256/1511 3583/7265/1511

f 3436/6575/1511 3582/7256/1511 3435/6576/1511

f 3437/6574/1511 3582/7256/1511 3436/6575/1511

usemtl FrontColor
vt 585.677 571.341
vt 585.717 571.209
f 3437/6737/1477 3436/6736/1476 3579/7266/1476 3580/7267/1477 

vt 598.892 594.301
vt 598.926 594.167
f 3436/6733/1476 3435/6732/1475 3577/7268/1475 3579/7269/1476 

vt 607.487 621.497
vt 607.516 621.363
f 3435/6729/1475 3434/6728/1474 3576/7270/1474 3577/7271/1475 

usemtl M_0135_DarkGray
f 3435/6576/1511 3583/7265/1511 3434/6577/1511

f 3434/6577/1511 3583/7265/1511 3433/6578/1511

v 1365.35 1408.84 -189.731
vt 99.5965 634.98
f 3433/6578/1511 3583/7265/1511 3584/7272/1511

vt -666.652 595.932
vt -666.723 595.697
vt -585.733 571.158
vt -585.662 571.392
f 3584/7273/1506 3583/7274/1507 3575/7275/1507 3571/7276/1506 

v 1365.32 1409.09 -190.123
vt -680.929 615.076
vt -680.989 614.838
vt -598.939 594.115
vt -598.879 594.353
f 3585/7277/1505 3584/7278/1506 3571/7279/1506 3566/7280/1505 

vt 99.8022 635.113
f 3430/6581/1511 3584/7272/1511 3585/7281/1511

f 3431/6580/1511 3584/7272/1511 3430/6581/1511

f 3432/6579/1511 3584/7272/1511 3431/6580/1511

f 3433/6578/1511 3584/7272/1511 3432/6579/1511

usemtl FrontColor
vt 617.982 675.1
vt 618.006 674.965
f 3433/6721/1473 3432/6720/1472 3573/7282/1472 3574/7283/1473 

vt 621.456 697.699
vt 621.478 697.564
f 3432/6717/1472 3431/6716/1471 3572/7284/1471 3573/7285/1472 

vt 624.259 715.96
vt 624.28 715.824
f 3431/6713/1471 3430/6712/1470 3570/7286/1470 3572/7287/1471 

vt 626.591 729.165
vt 626.611 729.029
f 3430/6709/1470 3429/6708/1469 3569/7288/1469 3570/7289/1470 

usemtl M_0135_DarkGray
f 3430/6581/1511 3585/7281/1511 3429/6582/1511

f 3429/6582/1511 3585/7281/1511 3428/6583/1511

f 3428/6583/1511 3585/7281/1511 3427/6584/1511

f 3427/6584/1511 3585/7281/1511 3426/6585/1511

f 3561/7233/1511 3426/6585/1511 3585/7281/1511

f 3561/7233/1511 3425/6586/1511 3426/6585/1511

f 3561/7233/1511 3424/6587/1511 3425/6586/1511

usemtl FrontColor
vt 634.574 708.139
vt 634.592 708.003
f 3425/6689/1465 3424/6688/1464 3563/7290/1464 3564/7291/1465 

vn 8.68552e-19 0 1
vt 633.284 724.243
vt 633.303 724.106
f 3426/6693/1515 3425/6692/1465 3564/7292/1465 3565/7293/1515 

vt 631.878 734.449
vt 631.897 734.312
f 3427/6697/1467 3426/6696/1515 3565/7294/1515 3567/7295/1467 

vt 630.326 738.639
vt 630.345 738.503
f 3428/6701/1468 3427/6700/1467 3567/7296/1467 3568/7297/1468 

vt 628.584 736.827
vt 628.603 736.691
f 3429/6705/1469 3428/6704/1468 3568/7298/1468 3569/7299/1469 

usemtl M_0135_DarkGray
v 1365.28 1409.38 -190.486
vt 99.9927 635.268
f 3561/7233/1511 3585/7281/1511 3586/7300/1511

vt -690.15 639.62
vt -690.202 639.381
vt -607.528 621.31
v 1205.57 1387.41 -190.486
vt -607.475 621.55
f 3586/7301/1504 3585/7302/1505 3566/7303/1505 3587/7304/1504 

usemtl FrontColor
v 1204.66 1393.98 -190.486
vt -99.9927 638.749
vt -99.9927 635.268
f 3566/7242/1514 3588/7305/1514 3587/7306/1514

f 3566/7242/1514 3560/7228/1514 3588/7305/1514

usemtl M_0135_DarkGray
vt -722.817 490.167
v 1364.37 1415.95 -190.486
vt -722.869 489.928
vt -640.195 471.857
vt -640.142 472.097
f 3561/7307/1487 3589/7308/1488 3588/7309/1488 3560/7310/1487 

vt 99.9927 638.749
f 3561/7233/1511 3586/7300/1511 3589/7311/1511

v 1365.23 1409.71 -190.816
vt 100.166 635.441
f 3589/7311/1511 3586/7300/1511 3590/7312/1511

vt -696.569 665.409
vt -696.616 665.168
vt -613.547 649.008
v 1205.52 1387.74 -190.816
vt -613.5 649.249
f 3590/7313/1503 3586/7314/1504 3587/7315/1504 3591/7316/1503 

usemtl FrontColor
v 1204.71 1393.66 -190.816
vt -100.166 638.576
vt -100.166 635.441
f 3587/7306/1514 3592/7317/1514 3591/7318/1514

f 3587/7306/1514 3588/7305/1514 3592/7317/1514

usemtl M_0135_DarkGray
vt -723.149 528.776
v 1364.42 1415.63 -190.816
vt -723.195 528.535
vt -640.126 512.375
vt -640.08 512.616
f 3589/7319/1488 3593/7320/1489 3592/7321/1489 3588/7322/1488 

vt 100.166 638.576
f 3589/7311/1511 3590/7312/1511 3593/7323/1511

v 1365.18 1410.07 -191.11
vt 100.32 635.632
f 3593/7323/1511 3590/7312/1511 3594/7324/1511

vt -701.303 689.903
vt -701.346 689.661
vt -618.015 674.912
v 1205.47 1388.1 -191.11
vt -617.972 675.153
f 3594/7325/1502 3590/7326/1503 3591/7327/1503 3595/7328/1502 

usemtl FrontColor
v 1204.76 1393.3 -191.11
vt -100.32 638.385
vt -100.32 635.632
f 3591/7318/1514 3596/7329/1514 3595/7330/1514

f 3591/7318/1514 3592/7317/1514 3596/7329/1514

usemtl M_0135_DarkGray
vt -722.895 567.917
v 1364.47 1415.27 -191.11
vt -722.938 567.676
vt -639.607 552.926
vt -639.564 553.167
f 3593/7331/1489 3597/7332/1490 3596/7333/1490 3592/7334/1489 

vt 100.32 638.385
f 3593/7323/1511 3594/7324/1511 3597/7335/1511

v 1365.13 1410.46 -191.365
vt 100.454 635.837
f 3597/7335/1511 3594/7324/1511 3598/7336/1511

vt -704.958 711.449
vt -704.998 711.207
vt -621.487 697.51
v 1205.42 1388.49 -191.365
vt -621.448 697.752
f 3598/7337/1501 3594/7338/1502 3595/7339/1502 3599/7340/1501 

usemtl FrontColor
v 1204.81 1392.91 -191.365
vt -100.454 638.18
vt -100.454 635.837
f 3595/7330/1514 3600/7341/1514 3599/7342/1514

f 3595/7330/1514 3596/7329/1514 3600/7341/1514

usemtl M_0135_DarkGray
vt -722.311 605.651
v 1364.52 1414.88 -191.365
vt -722.35 605.409
vt -638.84 591.712
vt -638.8 591.954
f 3597/7343/1490 3601/7344/1491 3600/7345/1491 3596/7346/1490 

vt 100.454 638.18
f 3597/7335/1511 3598/7336/1511 3601/7347/1511

v 1365.07 1410.87 -191.577
vt 100.565 636.056
f 3601/7347/1511 3598/7336/1511 3602/7348/1511

vt -707.886 728.925
vt -707.924 728.683
vt -624.288 715.771
v 1205.36 1388.9 -191.577
vt -624.251 716.013
f 3602/7349/1500 3598/7350/1501 3599/7351/1501 3603/7352/1500 

usemtl FrontColor
v 1204.87 1392.5 -191.577
vt -100.565 637.961
vt -100.565 636.056
f 3599/7342/1514 3604/7353/1514 3603/7354/1514

f 3599/7342/1514 3600/7341/1514 3604/7353/1514

usemtl M_0135_DarkGray
vt -721.521 640.603
v 1364.58 1414.46 -191.577
vt -721.559 640.361
vt -637.923 627.449
vt -637.886 627.691
f 3601/7355/1491 3605/7356/1492 3604/7357/1492 3600/7358/1491 

vt 100.565 637.961
f 3601/7347/1511 3602/7348/1511 3605/7359/1511

v 1365.01 1411.3 -191.744
vt 100.653 636.285
f 3605/7359/1511 3602/7348/1511 3606/7360/1511

vt -710.306 741.554
vt -710.341 741.312
vt -626.619 728.976
v 1205.3 1389.33 -191.744
vt -626.583 729.218
f 3606/7361/1499 3602/7362/1500 3603/7363/1500 3607/7364/1499 

usemtl FrontColor
v 1204.93 1392.06 -191.744
vt -100.653 637.732
vt -100.653 636.285
f 3603/7354/1514 3608/7365/1514 3607/7366/1514

f 3603/7354/1514 3604/7353/1514 3608/7365/1514

usemtl M_0135_DarkGray
vt -720.589 671.763
v 1364.64 1414.03 -191.744
vt -720.625 671.52
vt -636.902 659.184
vt -636.866 659.427
f 3605/7367/1492 3609/7368/1493 3608/7369/1493 3604/7370/1492 

vt 100.653 637.732
f 3605/7359/1511 3606/7360/1511 3609/7371/1511

v 1364.95 1411.75 -191.865
vt 100.717 636.521
f 3609/7371/1511 3606/7360/1511 3610/7372/1511

vt -712.357 748.811
vt -712.392 748.568
vt -628.611 736.637
v 1205.24 1389.78 -191.865
vt -628.576 736.88
f 3610/7373/1498 3606/7374/1499 3607/7375/1499 3611/7376/1498 

usemtl FrontColor
v 1204.99 1391.62 -191.865
vt -100.717 637.496
vt -100.717 636.521
f 3607/7366/1514 3612/7377/1514 3611/7378/1514

f 3607/7366/1514 3608/7365/1514 3612/7377/1514

usemtl M_0135_DarkGray
vt -719.54 698.371
v 1364.7 1413.59 -191.865
vt -719.575 698.129
vt -635.794 686.198
vt -635.759 686.44
f 3609/7379/1493 3613/7380/1494 3612/7381/1494 3608/7382/1493 

vt 100.717 637.496
f 3609/7371/1511 3610/7372/1511 3613/7383/1511

v 1364.89 1412.2 -191.938
vt 100.755 636.764
f 3613/7383/1511 3610/7372/1511 3614/7384/1511

vt -714.136 750.365
vt -714.169 750.122
vt -630.352 738.449
v 1205.18 1390.24 -191.938
vt -630.318 738.692
f 3614/7385/1497 3610/7386/1498 3611/7387/1498 3615/7388/1497 

usemtl FrontColor
v 1205.05 1391.16 -191.938
vt -100.755 637.253
vt -100.755 636.764
f 3611/7378/1514 3616/7389/1514 3615/7390/1514

f 3611/7378/1514 3612/7377/1514 3616/7389/1514

usemtl M_0135_DarkGray
vt -718.383 719.866
v 1364.76 1413.13 -191.938
vt -718.417 719.623
vt -634.6 707.949
vt -634.566 708.192
f 3613/7391/1494 3617/7392/1495 3616/7393/1495 3612/7394/1494 

vt 100.755 637.253
f 3613/7383/1511 3614/7384/1511 3617/7395/1511

v 1364.82 1412.67 -191.963
vt 100.768 637.008
f 3617/7395/1511 3614/7384/1511 3618/7396/1511

vt -715.705 746.05
vn -1.30283e-18 0 -1
vt -715.739 745.807
vt -631.904 734.259
v 1205.12 1390.7 -191.963
vt -631.871 734.502
f 3618/7397/1516 3614/7398/1497 3615/7399/1497 3619/7400/1516 

usemtl FrontColor
vt -100.768 637.008
f 3615/7390/1514 3616/7389/1514 3619/7401/1514

usemtl M_0135_DarkGray
vt -717.111 735.844
vt -717.145 735.601
vt -633.31 724.053
vt -633.276 724.296
f 3617/7402/1495 3618/7403/1516 3619/7404/1516 3616/7405/1495 

usemtl FrontColor
vt 613.51 649.196
vt 613.537 649.061
f 3434/6725/1474 3433/6724/1473 3574/7406/1473 3576/7407/1474 

vt 563.203 559.199
vt 563.252 559.071
f 3438/6741/1478 3437/6740/1477 3580/7408/1477 3581/7409/1478 

g Mesh32 Group29 Group28 Model

usemtl M_0063_GreenYellow
v 744.429 1217.5 -95.535
vt -0.279604 -0.593136
vn 0.364909 -0.787532 0.496623
v 745.265 1216.22 -101.25
vt -0.322858 0.570746
vn 0.420419 -0.90733 6.26472e-09
v 748.242 1217.6 -101.25
vt -0.968575 0.570746
vn 0.285873 -0.958268 4.25983e-09
v 747.804 1219.07 -95.535
vt -1.01183 -0.593136
vn 0.247487 -0.829596 0.50052
f 3620/7410/1517 3621/7411/1518 3622/7412/1519 3623/7413/1520 

vt -2.88096e-14 0.582343
vn 0.52765 -0.809073 0.258819
vt -3.35947e-16 -0.582343
v 742.335 1216.14 -95.535
vt 0.492126 -0.582343
v 743.171 1214.86 -101.25
vt 0.492126 0.582343
f 3621/7414/1521 3620/7415/1521 3624/7416/1521 3625/7417/1521 

vt -1.52971e-16 0.582343
vn 0.386266 -0.592282 0.707107
v 742.143 1221.01 -91.3513
vt 5.67551e-14 -0.582343
v 740.049 1219.64 -91.3513
f 3620/7418/1522 3626/7419/1522 3627/7416/1522 3624/7417/1522 

vt -0.161429 -0.601828
vn 0.21163 -0.456731 0.864065
vt -0.279604 0.556847
vt -1.01183 0.556847
v 746.608 1223.08 -91.3513
vt -1.13 -0.601828
vn 0.142786 -0.478631 0.866328
f 3626/7420/1523 3620/7421/1517 3623/7422/1520 3628/7423/1524 

vt -1.39968 -0.859833
vt -1.51786 0.298842
v 751.484 1219.61 -95.535
vt -2.25008 0.298842
vn 0.126211 -0.858741 0.496623
v 751.476 1223.79 -91.3513
vt -2.36826 -0.859833
vn 0.0731965 -0.498029 0.864065
f 3628/7424/1524 3623/7425/1520 3629/7426/1525 3630/7427/1526 

vt -1.51786 -0.68715
vt -1.56111 0.476732
v 751.487 1218.08 -101.25
vt -2.20683 0.476732
vn 0.14541 -0.989371 2.16678e-09
vt -2.25008 -0.68715
f 3623/7428/1520 3622/7429/1519 3631/7430/1527 3629/7431/1525 

vt -1.56111 -0.476732
v 747.804 1219.07 -106.965
vt -1.51786 0.68715
vn 0.247487 -0.829596 -0.50052
v 751.484 1219.61 -106.965
vt -2.25008 0.68715
vn 0.126211 -0.858741 -0.496623
vt -2.20683 -0.476732
f 3622/7432/1519 3632/7433/1528 3633/7434/1529 3631/7435/1527 

vt -0.322858 -0.570746
v 744.429 1217.5 -106.965
vt -0.279604 0.593136
vn 0.364909 -0.787532 -0.496623
vt -1.01183 0.593136
vt -0.968575 -0.570746
f 3621/7436/1518 3634/7437/1530 3632/7438/1528 3622/7439/1519 

vt 2.75259e-14 0.582343
vn 0.52765 -0.809073 -0.258819
vt -2.94562e-14 -0.582343
v 742.335 1216.14 -106.965
f 3634/7440/1531 3621/7441/1531 3625/7416/1531 3635/7417/1531 

vn -0.837614 -0.546263 -1.24814e-08
vt -2.25 -1.77636e-14
v 736.928 1224.43 -89.82
vt 1.42109e-14 -2.25
v 733.806 1229.22 -91.3513
v 731.52 1232.72 -95.535
v 730.684 1234 -101.25
vt 2.25 -4.26326e-14
v 731.52 1232.72 -106.965
v 733.806 1229.22 -111.149
v 736.928 1224.43 -112.68
vt 0 2.25
v 740.049 1219.64 -111.149
f 3635/3170/1532 3625/7442/1532 3624/3172/1532 3627/3173/1532 3636/7443/1532 3637/3175/1532 3638/3176/1532 3639/7444/1532 3640/3178/1532 3641/3179/1532 3642/7445/1532 3643/3181/1532 

vt 5.67228e-14 0.582343
vn 0.141383 -0.21679 0.965926
v 739.022 1225.8 -89.82
vt 1.52396e-30 -0.582343
f 3626/7446/1533 3644/7447/1533 3636/7416/1533 3627/7417/1533 

vt 2.03915e-15 -0.588018
vn -1.49011e-08 -8.5306e-16 1
vt -0.161429 0.565426
vt -1.13 0.565426
v 744.974 1228.55 -89.82
vt -1.29143 -0.588018
vn -1.49011e-08 -8.29171e-16 1
f 3644/7448/1534 3626/7449/1523 3628/7450/1524 3645/7451/1535 

vt -1.23825 -0.942058
vn -1.49011e-08 -8.36174e-16 1
vt -1.39968 0.211386
vt -2.36826 0.211386
v 751.465 1229.51 -89.82
vt -2.52969 -0.942058
vn -1.49011e-08 -8.05281e-16 1
f 3645/7452/1536 3628/7453/1524 3630/7454/1526 3646/7455/1537 

vt -2.45088 -1.28359
vn 0.000501565 -0.258819 0.965926
vt -2.45088 -0.118902
v 815.022 1223.92 -91.3513
vt -14.9599 -0.118902
v 815.011 1229.63 -89.82
vt -14.9599 -1.28359
f 3646/7456/1538 3630/7457/1538 3647/7458/1538 3648/7459/1538 

vt -2.45088 -1.09569
vn 0.00137033 -0.707105 0.707107
vt -2.45088 0.0689957
v 815.03 1219.73 -95.535
vt -14.9599 0.0689957
vt -14.9599 -1.09569
f 3630/7460/1539 3629/7461/1539 3649/7462/1539 3647/7463/1539 

vt -2.45088 -0.770241
vn 0.00187191 -0.965924 0.258819
vt -2.45088 0.394445
v 815.033 1218.2 -101.25
vt -14.9599 0.394445
vt -14.9599 -0.770241
f 3629/7464/1540 3631/7465/1540 3650/7466/1540 3649/7467/1540 

vt -2.45088 -0.394445
vn 0.00187192 -0.965924 -0.258819
vt -2.45088 0.770241
v 815.03 1219.73 -106.965
vt -14.9599 0.770241
vt -14.9599 -0.394445
f 3631/7468/1541 3633/7469/1541 3651/7470/1541 3650/7471/1541 

vt -2.45088 -0.0689957
vn 0.00137035 -0.707105 -0.707107
v 751.476 1223.79 -111.149
vt -2.45088 1.09569
v 815.022 1223.92 -111.149
vt -14.9599 1.09569
vt -14.9599 -0.0689957
f 3633/7472/1542 3652/7473/1542 3653/7474/1542 3651/7475/1542 

vt -1.51786 -0.298842
v 746.608 1223.08 -111.149
vt -1.39968 0.859833
vn 0.142786 -0.478631 -0.866328
vt -2.36826 0.859833
vn 0.0731966 -0.498029 -0.864065
vt -2.25008 -0.298842
f 3632/7476/1528 3654/7477/1543 3652/7478/1544 3633/7479/1529 

vt -0.279604 -0.556847
v 742.143 1221.01 -111.149
vt -0.161429 0.601828
vn 0.21163 -0.456731 -0.864065
vt -1.13 0.601828
vt -1.01183 -0.556847
f 3634/7480/1530 3655/7481/1545 3654/7482/1543 3632/7483/1528 

vt -8.83177e-17 0.582343
vn 0.386267 -0.592282 -0.707107
vt 2.82687e-14 -0.582343
f 3655/7484/1546 3634/7485/1546 3635/7416/1546 3643/7417/1546 

v 739.022 1225.8 -112.68
vt 2.84217e-14 0.582343
vn 0.141383 -0.21679 -0.965926
vt -3.01611e-16 -0.582343
f 3656/7486/1547 3655/7487/1547 3643/7416/1547 3642/7417/1547 

vt -0.161429 -0.565426
vt 3.2192e-14 0.588018
vn 1.49011e-08 8.00438e-16 -1
v 744.974 1228.55 -112.68
vt -1.29143 0.588018
vn 1.49011e-08 7.83225e-16 -1
vt -1.13 -0.565426
f 3655/7488/1545 3656/7489/1548 3657/7490/1549 3654/7491/1543 

vt -3.22198e-14 0.588018
v 735.9 1230.58 -111.149
vn -0.21163 0.456731 -0.864065
v 743.34 1234.03 -111.149
vt 1.45286 -0.565426
vn -0.142786 0.478631 -0.866328
vt 1.29143 0.588018
f 3656/7492/1548 3658/7488/1550 3659/7493/1551 3657/7494/1549 

vt -2.85424e-14 -0.582343
vn -0.141383 0.21679 -0.965926
vt -2.84217e-14 0.582343
vt -0.492126 0.582343
vt -0.492126 -0.582343
f 3658/7495/1552 3656/7496/1552 3642/7497/1552 3641/7498/1552 

v 733.614 1234.09 -106.965
vt -8.54181e-14 -0.582343
vn -0.386266 0.592282 -0.707107
vt -2.851e-14 0.582343
f 3660/7499/1553 3658/7500/1553 3641/7497/1553 3640/7498/1553 

vn -0.364909 0.787532 -0.496623
v 742.144 1238.04 -106.965
vt 1.57104 -0.556847
vn -0.247487 0.829596 -0.50052
vt 1.45286 0.601828
f 3658/7481/1550 3660/7480/1554 3661/7501/1555 3659/7502/1551 

v 732.778 1235.37 -101.25
vn -0.420419 0.90733 -6.26472e-09
v 741.707 1239.51 -101.25
vt 1.61429 -0.570746
vn -0.285873 0.958268 -4.25983e-09
vt 1.57104 0.593136
f 3660/7437/1554 3662/7436/1556 3663/7503/1557 3661/7504/1555 

vt -3.87918e-16 -0.582343
vn -0.52765 0.809073 -0.258819
vt -8.56011e-14 0.582343
f 3662/7505/1558 3660/7506/1558 3640/7497/1558 3639/7498/1558 

v 733.614 1234.09 -95.535
vt -8.6161e-14 -0.582343
vn -0.52765 0.809073 0.258819
vt -1.03445e-15 0.582343
f 3664/7507/1559 3662/7508/1559 3639/7497/1559 3638/7498/1559 

vn -0.364909 0.787532 0.496623
v 742.144 1238.04 -95.535
vt 1.57104 -0.593136
vn -0.247487 0.829596 0.50052
vt 1.61429 0.570746
f 3662/7411/1556 3664/7410/1560 3665/7509/1561 3663/7510/1557 

v 735.9 1230.58 -91.3513
vn -0.21163 0.456731 0.864065
v 743.34 1234.03 -91.3513
vt 1.45286 -0.601828
vn -0.142786 0.478631 0.866328
vt 1.57104 0.556847
f 3664/7421/1560 3666/7420/1562 3667/7511/1563 3665/7512/1561 

vt -8.56184e-14 -0.582343
vn -0.386267 0.592282 0.707107
vt -8.5877e-14 0.582343
f 3666/7513/1564 3664/7514/1564 3638/7497/1564 3637/7498/1564 

vt -6.09585e-30 -0.582343
vn -0.141383 0.21679 0.965926
vt -8.57477e-14 0.582343
f 3644/7515/1565 3666/7516/1565 3637/7497/1565 3636/7498/1565 

vt -2.05303e-15 -0.588018
vt 1.29143 -0.588018
vt 1.45286 0.565426
f 3666/7449/1562 3644/7517/1534 3645/7518/1535 3667/7519/1563 

vt 1.07682 0.919466
vt 1.23825 -0.233979
vn -1.49011e-08 -8.3421e-16 1
vt 2.52969 -0.233979
v 751.454 1235.22 -91.3513
vt 2.69111 0.919466
vn -0.0731966 0.498029 0.864065
f 3667/7520/1563 3645/7521/1566 3646/7522/1537 3668/7523/1567 

vt 2.45088 1.28359
vn -0.000501593 0.258819 0.965926
vt 2.45088 0.118902
vt 14.9599 0.118902
v 815 1235.35 -91.3513
vt 14.9599 1.28359
f 3668/7524/1568 3646/7525/1568 3648/7526/1568 3669/7527/1568 

vt 1.52402 1.76028e-14
vn 0.999998 0.00193795 1.49011e-08
vt 1.22257 1.125
vt 0.399018 1.94856
v 815.011 1229.63 -112.68
vt -0.725982 2.25
v 815 1235.35 -111.149
vt -1.85098 1.94856
v 814.992 1239.53 -106.965
vt -2.67454 1.125
v 814.989 1241.06 -101.25
vt -2.97598 2.47082e-14
v 814.992 1239.53 -95.535
vt -2.67454 -1.125
vt -1.85098 -1.94856
vt -0.725982 -2.25
vt 0.399018 -1.94856
vt 1.22257 -1.125
f 3650/7528/1569 3651/7529/1569 3653/7530/1569 3670/7531/1569 3671/7532/1569 3672/7533/1569 3673/7534/1569 3674/7535/1569 3669/7536/1569 3648/7537/1569 3647/7538/1569 3649/7539/1569 

vt -2.45088 0.118902
vn 0.000501593 -0.258819 -0.965926
v 751.465 1229.51 -112.68
vt -2.45088 1.28359
vt -14.9599 1.28359
vt -14.9599 0.118902
f 3652/7540/1570 3675/7541/1570 3670/7542/1570 3653/7543/1570 

vt -1.39968 -0.211386
vt -1.23825 0.942058
vn 1.49011e-08 7.82243e-16 -1
vt -2.52969 0.942058
vn 1.49011e-08 7.78054e-16 -1
vt -2.36826 -0.211386
f 3654/7544/1543 3657/7545/1571 3675/7546/1572 3652/7547/1544 

vt 1.23825 0.233979
vn 1.49011e-08 7.88265e-16 -1
vt 1.07682 -0.919466
v 751.454 1235.22 -111.149
vt 2.69111 -0.919466
vn -0.0731965 0.498029 -0.864065
vt 2.52969 0.233979
f 3657/7548/1573 3659/7549/1551 3676/7550/1574 3675/7551/1572 

vt 1.07682 0.343823
vt 0.958648 -0.814852
v 751.446 1239.41 -106.965
vt 2.80929 -0.814852
vn -0.126211 0.858741 -0.496623
vt 2.69111 0.343823
f 3659/7552/1551 3661/7553/1555 3677/7554/1575 3676/7555/1574 

vt 0.958648 0.499122
vt 0.915394 -0.66476
v 751.443 1240.94 -101.25
vt 2.85254 -0.66476
vn -0.14541 0.989371 -2.16678e-09
vt 2.80929 0.499122
f 3661/7556/1555 3663/7557/1557 3678/7558/1576 3677/7559/1575 

vt 0.915394 0.66476
vt 0.958648 -0.499122
v 751.446 1239.41 -95.535
vt 2.80929 -0.499122
vn -0.126211 0.858741 0.496623
vt 2.85254 0.66476
f 3663/7560/1557 3665/7561/1561 3679/7562/1577 3678/7563/1576 

vt 0.958648 0.814852
vt 1.07682 -0.343823
vt 2.69111 -0.343823
vt 2.80929 0.814852
f 3665/7564/1561 3667/7565/1563 3668/7566/1567 3679/7567/1577 

vt 2.45088 1.09569
vn -0.00137035 0.707105 0.707107
vt 2.45088 -0.0689957
vt 14.9599 -0.0689957
vt 14.9599 1.09569
f 3679/7568/1578 3668/7569/1578 3669/7570/1578 3674/7571/1578 

vt 2.45088 0.770241
vn -0.00187192 0.965924 0.258819
vt 2.45088 -0.394445
vt 14.9599 -0.394445
vt 14.9599 0.770241
f 3678/7572/1579 3679/7573/1579 3674/7574/1579 3673/7575/1579 

vt 2.45088 0.394445
vn -0.00187191 0.965924 -0.258819
vt 2.45088 -0.770241
vt 14.9599 -0.770241
vt 14.9599 0.394445
f 3677/7576/1580 3678/7577/1580 3673/7578/1580 3672/7579/1580 

vt 2.45088 0.0689957
vn -0.00137033 0.707105 -0.707107
vt 2.45088 -1.09569
vt 14.9599 -1.09569
vt 14.9599 0.0689957
f 3676/7580/1581 3677/7581/1581 3672/7582/1581 3671/7583/1581 

vt 2.45088 -0.118902
vn -0.000501565 0.258819 -0.965926
vt 2.45088 -1.28359
vt 14.9599 -1.28359
vt 14.9599 -0.118902
f 3675/7584/1582 3676/7585/1582 3671/7586/1582 3670/7587/1582 

g Mesh33 Group30 Group28 Model

v 743.156 1215 -101.25
vt 1.52402 -2.63396e-17
vn 0.891007 0.45399 1.3277e-08
v 742.461 1216.37 -106.965
v 740.561 1220.09 -111.149
v 737.967 1225.19 -112.68
v 735.372 1230.28 -111.149
v 733.473 1234 -106.965
v 732.778 1235.37 -101.25
vt -2.97598 -1.42372e-14
v 733.473 1234 -95.535
v 735.372 1230.28 -91.3513
v 737.967 1225.19 -89.82
v 740.561 1220.09 -91.3513
v 742.461 1216.37 -95.535
f 3680/7588/1583 3681/7529/1583 3682/7530/1583 3683/7531/1583 3684/7532/1583 3685/7533/1583 3686/7589/1583 3687/7535/1583 3688/7536/1583 3689/7537/1583 3690/7538/1583 3691/7539/1583 

v 740.477 1213.11 -101.25
vn 0.688355 -0.725374 1.02573e-08
v 739.423 1214.22 -106.965
vn 0.595926 -0.627975 -0.50052
vn 0.500943 -0.708817 -0.496623
vn 0.577145 -0.816642 8.60012e-09
f 3692/7432/1584 3693/7433/1585 3681/7434/1586 3680/7435/1587 

v 738.446 1210.53 -101.25
vn 0.785317 -0.619094 1.17021e-08
v 737.12 1211.3 -106.965
vn 0.681629 -0.537353 -0.496623
f 3694/7436/1588 3695/7437/1589 3693/7438/1585 3692/7439/1584 

vt 4.47929e-16 0.582343
vn 0.836516 -0.482963 -0.258819
vt 5.17224e-16 -0.582343
v 245.946 357.497 -101.25
vt 193.898 -0.582343
v 244.62 358.262 -106.965
vt 193.898 0.582343
f 3695/7590/1590 3694/7591/1590 3696/7592/1590 3697/7593/1590 

vt 1.03445e-15 0.582343
vn 0.836516 -0.482963 0.258819
v 737.12 1211.3 -95.535
vt 8.95859e-16 -0.582343
v 244.62 358.262 -95.535
f 3694/7594/1591 3698/7595/1591 3699/7592/1591 3696/7593/1591 

vn 0.681629 -0.537353 0.496623
v 739.423 1214.22 -95.535
vn 0.595926 -0.627975 0.50052
f 3698/7410/1592 3694/7411/1588 3692/7412/1584 3700/7413/1593 

vn 0.500943 -0.708817 0.496623
f 3700/7428/1593 3692/7429/1584 3680/7430/1587 3691/7431/1594 

v 736.543 1217.25 -91.3513
vn 0.343816 -0.362306 0.866328
vn 0.290523 -0.411081 0.864065
f 3701/7424/1595 3700/7425/1593 3691/7426/1594 3690/7427/1596 

v 733.497 1213.39 -91.3513
vn 0.395312 -0.311639 0.864065
f 3702/7420/1597 3698/7421/1592 3700/7422/1593 3701/7423/1595 

vt 1.52971e-16 0.582343
vn 0.612372 -0.353553 0.707107
vt -5.67551e-14 -0.582343
v 240.997 360.354 -91.3513
f 3698/7596/1598 3702/7597/1598 3703/7592/1598 3699/7593/1598 

vt -5.64212e-14 0.582343
vn 0.224144 -0.12941 0.965926
v 728.548 1216.25 -89.82
vt 5.33387e-30 -0.582343
v 236.048 363.212 -89.82
f 3702/7598/1599 3704/7599/1599 3705/7592/1599 3703/7593/1599 

vt -2.03915e-15 -0.588018
vn -1.49011e-08 -8.11678e-16 1
v 732.609 1221.4 -89.82
vn -1.49011e-08 -8.49625e-16 1
f 3704/7600/1600 3702/7449/1597 3701/7450/1595 3706/7451/1601 

vn -1.49011e-08 -8.48069e-16 1
vn -1.49011e-08 -8.87572e-16 1
f 3706/7452/1602 3701/7453/1595 3690/7454/1596 3689/7455/1603 

v 728.675 1225.54 -91.3513
vn -0.343816 0.362306 0.866328
vn -1.49011e-08 -8.51181e-16 1
vn -0.290523 0.411081 0.864065
f 3707/7520/1604 3706/7521/1605 3689/7522/1603 3688/7523/1606 

v 723.598 1219.1 -91.3513
vn -0.395312 0.311639 0.864065
f 3708/7449/1607 3704/7448/1600 3706/7518/1601 3707/7519/1604 

vn -0.224144 0.12941 0.965926
vt 4.82577e-16 0.582343
v 231.098 366.069 -91.3513
vt -193.898 0.582343
vt -193.898 -0.582343
f 3704/7515/1608 3708/7601/1608 3709/7602/1608 3705/7603/1608 

vt 3.53271e-16 -0.582343
vn -0.612372 0.353553 0.707107
v 719.975 1221.2 -95.535
vt 6.11883e-16 0.582343
v 227.475 368.161 -95.535
f 3708/7604/1609 3710/7605/1609 3711/7602/1609 3709/7603/1609 

vn -0.681629 0.537353 0.496623
v 725.796 1228.58 -95.535
vn -0.595926 0.627975 0.50052
f 3710/7421/1610 3708/7420/1607 3707/7511/1604 3712/7512/1611 

vn -0.500943 0.708817 0.496623
f 3712/7564/1611 3707/7565/1604 3688/7566/1606 3687/7567/1612 

v 724.741 1229.69 -101.25
vn -0.688355 0.725374 -1.02573e-08
vn -0.577145 0.816642 -8.60012e-09
f 3713/7560/1613 3712/7561/1611 3687/7562/1612 3686/7563/1614 

v 718.649 1221.96 -101.25
vn -0.785317 0.619094 -1.17021e-08
f 3714/7411/1615 3710/7410/1610 3712/7509/1611 3713/7510/1613 

vt 4.47929e-16 -0.582343
vn -0.836516 0.482963 0.258819
vt 5.73606e-14 0.582343
v 226.149 368.927 -101.25
f 3710/7606/1616 3714/7607/1616 3715/7602/1616 3711/7603/1616 

vt 5.73606e-14 -0.582343
vn -0.836516 0.482963 -0.258819
v 719.975 1221.2 -106.965
v 227.475 368.161 -106.965
f 3714/7608/1617 3716/7590/1617 3717/7602/1617 3715/7603/1617 

vn -0.681629 0.537353 -0.496623
v 725.796 1228.58 -106.965
vn -0.595926 0.627975 -0.50052
f 3716/7437/1618 3714/7436/1615 3713/7503/1613 3718/7504/1619 

vn -0.500943 0.708817 -0.496623
f 3718/7556/1619 3713/7557/1613 3686/7558/1614 3685/7559/1620 

v 728.675 1225.54 -111.149
vn -0.343816 0.362306 -0.866328
vn -0.290523 0.411081 -0.864065
f 3719/7552/1621 3718/7553/1619 3685/7554/1620 3684/7555/1622 

v 723.598 1219.1 -111.149
vn -0.395312 0.311639 -0.864065
f 3720/7481/1623 3716/7480/1618 3718/7501/1619 3719/7502/1621 

vt -3.05941e-16 -0.582343
vn -0.612372 0.353553 -0.707107
vt -1.76635e-16 0.582343
v 231.098 366.069 -111.149
f 3716/7609/1624 3720/7610/1624 3721/7602/1624 3717/7603/1624 

vn -0.224144 0.12941 -0.965926
v 728.548 1216.25 -112.68
v 236.048 363.212 -112.68
f 3720/3182/1625 3722/3183/1625 3723/7602/1625 3721/7603/1625 

vt 0 0.588018
vn 1.49011e-08 8.32728e-16 -1
v 732.609 1221.4 -112.68
vn 1.49011e-08 7.95968e-16 -1
f 3722/7611/1626 3720/7488/1623 3719/7493/1621 3724/7494/1627 

vn 1.49011e-08 7.94411e-16 -1
vn 1.49011e-08 7.59207e-16 -1
f 3724/7548/1628 3719/7549/1621 3684/7550/1622 3683/7551/1629 

v 736.543 1217.25 -111.149
vn 0.343816 -0.362306 -0.866328
vn 0.290523 -0.411081 -0.864065
f 3725/7544/1630 3724/7545/1628 3683/7546/1629 3682/7547/1631 

v 733.497 1213.39 -111.149
vn 0.395312 -0.311639 -0.864065
f 3726/7488/1632 3722/7611/1626 3724/7490/1627 3725/7491/1630 

vt -2.46519e-32 0.582343
vn 0.224144 -0.12941 -0.965926
vt 3.01611e-16 -0.582343
v 240.997 360.354 -111.149
f 3722/7612/1633 3726/7613/1633 3727/7592/1633 3723/7593/1633 

vt 3.53271e-16 0.582343
vn 0.612372 -0.353553 -0.707107
vt 6.11883e-16 -0.582343
f 3726/7614/1634 3695/7615/1634 3697/7592/1634 3727/7593/1634 

f 3695/7480/1589 3726/7481/1632 3725/7482/1630 3693/7483/1585 

f 3693/7476/1585 3725/7477/1630 3682/7478/1631 3681/7479/1586 

usemtl M_0061_OliveDrab
v 241.904 359.831 -112.962
vt 1.33104 2.30543
vn 0.5 0.866025 7.45057e-09
f 3728/7616/1635 3727/3179/1635 3697/3178/1635

v 236.048 363.212 -114.773
vt 5.26779e-13 2.66208
f 3729/7617/1635 3727/3179/1635 3728/7616/1635

vt 5.26779e-13 2.25
f 3729/7617/1635 3723/7618/1635 3727/3179/1635

f 3729/7617/1635 3721/3181/1635 3723/7618/1635

v 230.192 366.593 -112.962
vt -1.33104 2.30543
f 3730/7619/1635 3721/3181/1635 3729/7617/1635

f 3730/7619/1635 3717/3170/1635 3721/3181/1635

v 225.905 369.068 -108.012
vt -2.30543 1.33104
f 3731/7620/1635 3717/3170/1635 3730/7619/1635

vt -2.25 1.86396e-13
f 3731/7620/1635 3715/7621/1635 3717/3170/1635

v 225.905 369.068 -94.4883
vt -2.30543 -1.33104
f 3731/7620/1635 3732/7622/1635 3715/7621/1635

v 224.336 369.973 -101.25
vt -2.66208 1.97054e-13
f 3732/7622/1635 3731/7620/1635 3733/7623/1635

vt -193.898 0.688997
v 215.905 351.747 -108.012
vt -197.835 0.688997
v 214.336 352.653 -101.25
vt -197.835 -0.688997
vt -193.898 -0.688997
f 3731/7624/1617 3734/7625/1617 3735/7626/1617 3733/7627/1617 

v 220.192 349.272 -112.962
f 3730/7624/1624 3736/7625/1624 3734/7626/1624 3731/7627/1624 

v 226.048 345.891 -114.773
f 3729/7624/1625 3737/7625/1625 3736/7626/1625 3730/7627/1625 

vt 193.898 -0.688997
v 231.904 342.51 -112.962
vt 197.835 -0.688997
vt 197.835 0.688997
vt 193.898 0.688997
f 3728/7628/1633 3738/7629/1633 3737/7630/1633 3729/7631/1633 

v 246.19 357.356 -108.012
v 236.19 340.035 -108.012
f 3739/7628/1634 3740/7629/1634 3738/7630/1634 3728/7631/1634 

v 247.759 356.45 -101.25
v 237.759 339.13 -101.25
f 3741/7628/1590 3742/7629/1590 3740/7630/1590 3739/7631/1590 

v 246.19 357.356 -94.4883
v 236.19 340.035 -94.4883
f 3743/7628/1591 3744/7629/1591 3742/7630/1591 3741/7631/1591 

v 241.904 359.831 -89.5384
v 231.904 342.51 -89.5384
f 3745/7628/1598 3746/7629/1598 3744/7630/1598 3743/7631/1598 

v 236.048 363.212 -87.7266
v 226.048 345.891 -87.7266
f 3747/7628/1599 3748/7629/1599 3746/7630/1599 3745/7631/1599 

v 230.192 366.593 -89.5384
v 220.192 349.272 -89.5384
f 3749/7624/1608 3750/7625/1608 3748/7626/1608 3747/7627/1608 

v 215.905 351.747 -94.4883
f 3732/7624/1609 3751/7625/1609 3750/7626/1609 3749/7627/1609 

f 3733/7624/1616 3735/7625/1616 3751/7626/1616 3732/7627/1616 

vt 2.30543 1.33104
vn -0.5 -0.866025 -7.45057e-09
vt 2.30543 -1.33104
vt 2.66208 1.95707e-13
f 3734/7632/1636 3751/7633/1636 3735/7634/1636

v 216.149 351.606 -101.25
vt 2.25 1.85049e-13
f 3751/7633/1636 3734/7632/1636 3752/7635/1636

v 217.475 350.841 -106.965
f 3752/7635/1636 3734/7632/1636 3753/3178/1636

f 3753/3178/1636 3734/7632/1636 3736/7616/1636

v 221.098 348.749 -111.149
f 3753/3178/1636 3736/7616/1636 3754/3179/1636

vt -5.1486e-13 2.66208
f 3754/3179/1636 3736/7616/1636 3737/7636/1636

v 226.048 345.891 -112.68
vt -5.36176e-13 2.25
f 3754/3179/1636 3737/7636/1636 3755/7637/1636

f 3755/7637/1636 3737/7636/1636 3738/7619/1636

v 230.997 343.034 -111.149
f 3755/7637/1636 3738/7619/1636 3756/3181/1636

v 234.62 340.942 -106.965
f 3756/3181/1636 3738/7619/1636 3757/3170/1636

f 3757/3170/1636 3738/7619/1636 3740/7620/1636

v 235.946 340.176 -101.25
vt -2.25 1.85049e-13
f 3757/3170/1636 3740/7620/1636 3758/7638/1636

f 3744/7622/1636 3758/7638/1636 3740/7620/1636

v 234.62 340.942 -95.535
f 3744/7622/1636 3759/3172/1636 3758/7638/1636

vt -1.33104 -2.30543
f 3746/7639/1636 3759/3172/1636 3744/7622/1636

v 230.997 343.034 -91.3513
f 3746/7639/1636 3760/3173/1636 3759/3172/1636

vt -5.36176e-13 -2.66208
f 3748/7640/1636 3760/3173/1636 3746/7639/1636

v 226.048 345.891 -89.82
vt -5.36176e-13 -2.25
f 3748/7640/1636 3761/7641/1636 3760/3173/1636

v 221.098 348.749 -91.3513
f 3748/7640/1636 3762/3175/1636 3761/7641/1636

vt 1.33104 -2.30543
f 3750/7642/1636 3762/3175/1636 3748/7640/1636

v 217.475 350.841 -95.535
f 3750/7642/1636 3763/3176/1636 3762/3175/1636

f 3751/7633/1636 3763/3176/1636 3750/7642/1636

f 3763/3176/1636 3751/7633/1636 3752/7635/1636

v 218.649 355.936 -101.25
vt 196.85 0.582343
v 219.975 355.171 -95.535
vt 196.85 -0.582343
vt 197.835 -0.582343
vt 197.835 0.582343
f 3764/7643/1590 3765/7644/1590 3763/7645/1590 3752/7646/1590 

v 237.12 345.272 -106.965
v 238.446 344.506 -101.25
vt -2.25 -1.42109e-14
v 237.12 345.272 -95.535
v 233.497 347.364 -91.3513
v 228.548 350.221 -89.82
vt -6.01269e-14 -2.25
v 223.598 353.079 -91.3513
vt 2.25 4.74705e-22
v 219.975 355.171 -106.965
v 223.598 353.079 -111.149
v 228.548 350.221 -112.68
vt -6.01269e-14 2.25
v 233.497 347.364 -111.149
f 3766/3170/1636 3767/7647/1636 3768/3172/1636 3769/3173/1636 3770/7648/1636 3771/3175/1636 3765/3176/1636 3764/7649/1636 3772/3178/1636 3773/3179/1636 3774/7650/1636 3775/3181/1636 

f 3767/7644/1590 3766/7643/1590 3697/7593/1590 3696/7592/1590 

vt -196.85 -0.582343
vt -196.85 0.582343
vt -197.835 0.582343
vt -197.835 -0.582343
f 3767/7651/1616 3766/7652/1616 3757/7653/1616 3758/7654/1616 

f 3766/7651/1609 3775/7652/1609 3756/7653/1609 3757/7654/1609 

f 3766/7644/1634 3775/7643/1634 3727/7593/1634 3697/7592/1634 

f 3775/7644/1633 3774/7643/1633 3723/7593/1633 3727/7592/1633 

f 3775/7651/1608 3774/7652/1608 3755/7653/1608 3756/7654/1608 

f 3774/7643/1599 3773/7644/1599 3754/7645/1599 3755/7646/1599 

f 3774/7652/1625 3773/7651/1625 3721/7603/1625 3723/7602/1625 

f 3773/7652/1624 3772/7651/1624 3717/7603/1624 3721/7602/1624 

f 3773/7643/1598 3772/7644/1598 3753/7645/1598 3754/7646/1598 

f 3772/7643/1591 3764/7644/1591 3752/7645/1591 3753/7646/1591 

f 3772/7652/1617 3764/7651/1617 3715/7603/1617 3717/7602/1617 

f 3764/7652/1616 3765/7651/1616 3711/7603/1616 3715/7602/1616 

f 3765/7652/1609 3771/7651/1609 3709/7603/1609 3711/7602/1609 

f 3765/7643/1634 3771/7644/1634 3762/7645/1634 3763/7646/1634 

f 3771/7643/1633 3770/7644/1633 3761/7645/1633 3762/7646/1633 

f 3771/7652/1608 3770/7651/1608 3705/7603/1608 3709/7602/1608 

f 3770/7644/1599 3769/7643/1599 3703/7593/1599 3705/7592/1599 

f 3770/7651/1625 3769/7652/1625 3760/7653/1625 3761/7654/1625 

f 3769/7651/1624 3768/7652/1624 3759/7653/1624 3760/7654/1624 

f 3769/7644/1598 3768/7643/1598 3699/7593/1598 3703/7592/1598 

f 3768/7644/1591 3767/7643/1591 3696/7593/1591 3699/7592/1591 

f 3768/7651/1617 3767/7652/1617 3758/7653/1617 3759/7654/1617 

vt 2.25 1.89948e-13
f 3699/3176/1635 3743/7633/1635 3696/7655/1635

f 3699/3176/1635 3745/7642/1635 3743/7633/1635

f 3703/3175/1635 3745/7642/1635 3699/3176/1635

vt 5.26779e-13 -2.25
f 3705/7656/1635 3745/7642/1635 3703/3175/1635

vt 5.26779e-13 -2.66208
f 3705/7656/1635 3747/7657/1635 3745/7642/1635

f 3709/3173/1635 3747/7657/1635 3705/7656/1635

f 3709/3173/1635 3749/7639/1635 3747/7657/1635

f 3711/3172/1635 3749/7639/1635 3709/3173/1635

f 3711/3172/1635 3732/7622/1635 3749/7639/1635

f 3732/7622/1635 3711/3172/1635 3715/7621/1635

f 3739/7632/1635 3696/7655/1635 3743/7633/1635

f 3739/7632/1635 3697/3178/1635 3696/7655/1635

f 3728/7616/1635 3697/3178/1635 3739/7632/1635

vt 2.66208 1.89948e-13
f 3739/7632/1635 3743/7633/1635 3741/7658/1635

vt -2.66208 1.88602e-13
f 3744/7622/1636 3740/7620/1636 3742/7659/1636

g Mesh34 Group32 Group31 Model

usemtl Color_003
v 828.495 1195.7 -90.0204
vt -20.6271 13.3152
vn -2.81904e-13 -0.669936 -0.742419
v 842.783 1195.7 -86.1921
vt -19.6173 7.57999
vn 0.37121 -0.669936 -0.642954
v 834.21 1176.7 -71.3441
vt -10.1476 11.0211
v 828.495 1176.7 -72.8754
vt -10.5515 13.3152
f 3776/7660/1637 3777/7661/1638 3778/7662/1638 3779/7663/1637 

vt 22.5 11.25
vn -4.80092e-13 1 -2.10732e-08
v 814.208 1195.7 -86.1921
vt 20.9928 16.875
v 803.749 1195.7 -75.7329
vt 16.875 20.9928
v 799.92 1195.7 -61.4454
vt 11.25 22.5
v 803.749 1195.7 -47.1579
vt 5.625 20.9928
v 814.208 1195.7 -36.6987
vt 1.50721 16.875
v 828.495 1195.7 -32.8704
vt -7.42509e-23 11.25
v 842.783 1195.7 -36.6987
vt 1.50721 5.625
v 853.242 1195.7 -47.1579
vt 5.625 1.50721
v 857.07 1195.7 -61.4454
vt 11.25 3.26458e-15
v 853.242 1195.7 -75.7329
vt 16.875 1.50721
vt 20.9928 5.625
f 3776/7664/1639 3780/7665/1639 3781/7666/1639 3782/7667/1639 3783/7668/1639 3784/7669/1639 3785/7670/1639 3786/7671/1639 3787/7672/1639 3788/7673/1639 3789/7674/1639 3777/7675/1639 

vt -19.6173 14.4876
vn -0.37121 -0.669936 -0.642954
vt -20.6271 8.75238
vt -10.5515 8.75238
v 822.78 1176.7 -71.3441
vt -10.1476 11.0465
f 3780/7676/1640 3776/7677/1637 3779/7678/1637 3790/7679/1640 

vt -15.1471 13.5
vn 4.80675e-13 -1 2.10732e-08
vt -15.75 11.25
vt -15.1471 9
v 838.394 1176.7 -67.1604
vt -13.5 7.35289
v 839.925 1176.7 -61.4454
vt -11.25 6.75
v 838.394 1176.7 -55.7304
vt -9 7.35289
v 834.21 1176.7 -51.5467
vt -7.35289 9
v 828.495 1176.7 -50.0154
vt -6.75 11.25
v 822.78 1176.7 -51.5467
vt -7.35289 13.5
v 818.597 1176.7 -55.7304
vt -9 15.1471
v 817.065 1176.7 -61.4454
vt -11.25 15.75
v 818.597 1176.7 -67.1604
vt -13.5 15.1471
f 3790/7680/1641 3779/7681/1641 3778/7682/1641 3791/7683/1641 3792/7684/1641 3793/7685/1641 3794/7686/1641 3795/7687/1641 3796/7688/1641 3797/7689/1641 3798/7690/1641 3799/7691/1641 

vt -11.7631 12.7015
vt -21.0154 8.71259
vt -17.8176 3.84573
vn 0.642954 -0.669936 -0.37121
vt -10.4839 10.7548
f 3778/7692/1638 3777/7693/1638 3789/7694/1642 3791/7695/1642 

vt -12.9415 7.83796
vt -18.3062 -0.690678
vt -12.9139 -2.88965
vn 0.742419 -0.669936 1.41171e-08
vt -10.7846 6.95837
f 3791/7696/1642 3789/7697/1642 3788/7698/1643 3792/7699/1643 

vt -8.62767 3.17434
vn 0.642954 -0.669936 0.37121
vt -10.7846 2.29475
vt -8.65527 -7.55328
vt -3.26298 -5.3543
f 3793/7700/1644 3792/7701/1643 3788/7702/1643 3787/7703/1644 

vt -5.71016 5.14552
vn 0.37121 -0.669936 0.642954
vt -6.98928 3.19878
vt 0.344371 -3.71028
vt 3.54219 1.15657
f 3794/7704/1645 3793/7705/1644 3787/7706/1644 3786/7707/1645 

vt -4.52207 10.056
vn 9.43721e-13 -0.669936 0.742419
vt -4.92596 7.76196
vt 4.54379 4.32083
vt 5.55353 10.056
f 3795/7708/1646 3794/7709/1645 3786/7710/1645 3785/7711/1646 

vt 4.54379 17.7468
vn -0.37121 -0.669936 0.642954
vt -4.92596 14.3056
vt -4.52207 12.0115
vt 5.55353 12.0115
f 3784/7712/1647 3796/7713/1647 3795/7714/1646 3785/7715/1646 

vt 0.344371 22.7473
vn -0.642954 -0.669936 0.37121
vt -6.98928 15.8382
vt -5.71016 13.8915
vt 3.54219 17.8804
f 3783/7716/1648 3797/7717/1648 3796/7718/1647 3784/7719/1647 

vt -8.65527 22.9751
vn -0.742419 -0.669936 1.41183e-08
vt -10.7846 13.1271
vt -8.62767 12.2475
vt -3.26298 20.7762
f 3782/7720/1649 3798/7721/1649 3797/7722/1648 3783/7723/1648 

vt -12.9139 18.3115
vt -18.3062 16.1125
vn -0.642954 -0.669936 -0.37121
vt -12.9415 7.58391
vt -10.7846 8.4635
f 3782/7724/1649 3781/7725/1650 3799/7726/1650 3798/7727/1649 

vt -17.8176 15.1912
vt -21.0154 10.3244
vt -11.7631 6.33544
vt -10.4839 8.28218
f 3781/7728/1650 3780/7729/1640 3790/7730/1640 3799/7731/1650 

g Mesh35 Group31 Model

usemtl M_0063_GreenYellow
v 834.21 1287.95 -71.3441
vn 0.497211 -0.113248 -0.860207
v 828.495 1287.95 -72.8754
vn -7.3792e-13 -0.130526 -0.991445
v 828.495 1293.87 -73.6544
vn -6.55796e-13 -0.258819 -0.965926
v 834.21 1294.27 -72.1752
vn 0.50043 -0.22408 -0.836276
f 3800/3212/1651 3801/3211/1652 3802/3228/1653 3803/3229/1654 

vt -4.67577e-14 0.582343
vn 0.258819 -2.03551e-08 -0.965926
vt -4.04933e-14 -0.582343
v 834.21 1282.9 -71.3441
vt 0.994818 -0.582343
v 828.495 1282.9 -72.8754
vt 0.994818 0.582343
f 3801/7732/1655 3800/7733/1655 3804/7734/1655 3805/7735/1655 

vt -1.36047e-13 0.582343
vn 0.707107 -1.49007e-08 -0.707107
v 838.394 1287.95 -67.1604
vt -7.85465e-14 -0.582343
v 838.394 1282.9 -67.1604
f 3800/7736/1656 3806/7737/1656 3807/7734/1656 3804/7735/1656 

vn 0.864408 -0.0656274 -0.49849
v 838.394 1295.35 -68.1341
vn 0.866275 -0.129297 -0.482544
f 3806/3216/1657 3800/3215/1651 3803/3226/1654 3808/3227/1658 

v 834.21 1300.15 -74.6119
vn 0.50043 -0.432889 -0.749785
v 838.394 1302.24 -70.9887
vn 0.866275 -0.249783 -0.432637
f 3808/3274/1658 3803/3275/1654 3809/3276/1659 3810/3277/1660 

vn -6.55781e-13 -0.258819 -0.965926
v 828.495 1299.38 -75.9381
vn -4.59406e-13 -0.5 -0.866025
f 3803/3230/1654 3802/3231/1661 3811/3232/1662 3809/3233/1659 

v 822.78 1294.27 -72.1752
vn -0.50043 -0.22408 -0.836276
v 822.78 1300.15 -74.6119
vn -0.50043 -0.432889 -0.749785
f 3802/3234/1653 3812/3235/1663 3813/3236/1664 3811/3237/1662 

v 822.78 1287.95 -71.3441
vn -0.497211 -0.113248 -0.860207
f 3801/3192/1652 3814/3193/1665 3812/3194/1663 3802/3195/1653 

vt 3.3364e-14 0.582343
vn -0.258819 -2.03553e-08 -0.965926
vt 3.85254e-14 -0.582343
v 822.78 1282.9 -71.3441
f 3814/7738/1666 3801/7739/1666 3805/7734/1666 3815/7735/1666 

usemtl M_0061_OliveDrab
v 821.738 1282.9 -73.1499
vt 2.30403 1.33023
vn -4.80913e-13 1 -2.10732e-08
vt 2.25 2.27756e-13
f 3816/7740/1667 3815/3178/1667 3805/7741/1667

v 816.791 1282.9 -68.203
vt 1.33023 2.30403
f 3817/7742/1667 3815/3178/1667 3816/7740/1667

v 818.597 1282.9 -67.1604
f 3817/7742/1667 3818/3179/1667 3815/3178/1667

v 814.98 1282.9 -61.4454
vt -8.04304e-14 2.66046
f 3819/7743/1667 3818/3179/1667 3817/7742/1667

v 817.065 1282.9 -61.4454
vt -8.22067e-14 2.25
f 3819/7743/1667 3820/7744/1667 3818/3179/1667

v 818.597 1282.9 -55.7304
f 3819/7743/1667 3821/3181/1667 3820/7744/1667

v 816.791 1282.9 -54.6878
vt -1.33023 2.30403
f 3822/7745/1667 3821/3181/1667 3819/7743/1667

v 822.78 1282.9 -51.5467
f 3822/7745/1667 3823/3170/1667 3821/3181/1667

v 821.738 1282.9 -49.741
vt -2.30403 1.33023
f 3824/7746/1667 3823/3170/1667 3822/7745/1667

v 828.495 1282.9 -50.0154
vt -2.25 2.27756e-13
f 3824/7746/1667 3825/7747/1667 3823/3170/1667

v 835.253 1282.9 -49.741
vt -2.30403 -1.33023
f 3824/7746/1667 3826/7748/1667 3825/7747/1667

v 828.495 1282.9 -47.9303
vt -2.66046 1.99334e-13
f 3826/7748/1667 3824/7746/1667 3827/7749/1667

vt -0.994818 0.688578
vn -0.258819 2.0355e-08 0.965926
v 821.738 1262.9 -49.741
vt -4.93183 0.688578
v 828.495 1262.9 -47.9303
vt -4.93183 -0.688578
vt -0.994818 -0.688578
f 3824/7750/1668 3828/7751/1668 3829/7752/1668 3827/7753/1668 

vn -0.707107 1.49007e-08 0.707107
v 816.791 1262.9 -54.6878
f 3822/7750/1669 3830/7751/1669 3828/7752/1669 3824/7753/1669 

vn -0.965926 5.45368e-09 0.258819
v 814.98 1262.9 -61.4454
f 3819/7750/1670 3831/7751/1670 3830/7752/1670 3822/7753/1670 

vt 0.994818 -0.688578
vn -0.965926 -5.45461e-09 -0.258819
v 816.791 1262.9 -68.203
vt 4.93183 -0.688578
vt 4.93183 0.688578
vt 0.994818 0.688578
f 3817/7754/1671 3832/7755/1671 3831/7756/1671 3819/7757/1671 

vn -0.707107 -1.49013e-08 -0.707107
v 821.738 1262.9 -73.1499
f 3816/7754/1672 3833/7755/1672 3832/7756/1672 3817/7757/1672 

v 828.495 1282.9 -74.9606
v 828.495 1262.9 -74.9606
f 3834/7754/1666 3835/7755/1666 3833/7756/1666 3816/7757/1666 

v 835.253 1282.9 -73.1499
vn 0.258819 -2.0355e-08 -0.965926
v 835.253 1262.9 -73.1499
f 3836/7754/1673 3837/7755/1673 3835/7756/1673 3834/7757/1673 

v 840.2 1282.9 -68.203
v 840.2 1262.9 -68.203
f 3838/7754/1656 3839/7755/1656 3837/7756/1656 3836/7757/1656 

v 842.01 1282.9 -61.4454
vn 0.965926 -5.45368e-09 -0.258819
v 842.01 1262.9 -61.4454
f 3840/7754/1674 3841/7755/1674 3839/7756/1674 3838/7757/1674 

v 840.2 1282.9 -54.6878
vn 0.965926 5.45461e-09 0.258819
v 840.2 1262.9 -54.6878
f 3842/7750/1675 3843/7751/1675 3841/7752/1675 3840/7753/1675 

vn 0.707107 1.49013e-08 0.707107
v 835.253 1262.9 -49.741
f 3826/7750/1676 3844/7751/1676 3843/7752/1676 3842/7753/1676 

vn 0.258819 2.03553e-08 0.965926
f 3827/7750/1677 3829/7751/1677 3844/7752/1677 3826/7753/1677 

vn 4.80913e-13 -1 2.10732e-08
vt 2.30403 -1.33023
vt 2.66046 2.29269e-13
f 3828/7740/1678 3844/7758/1678 3829/7759/1678

v 828.495 1262.9 -50.0154
vt 2.25 2.5769e-13
f 3844/7758/1678 3828/7740/1678 3845/7760/1678

v 822.78 1262.9 -51.5467
f 3845/7760/1678 3828/7740/1678 3846/3178/1678

f 3846/3178/1678 3828/7740/1678 3830/7742/1678

v 818.597 1262.9 -55.7304
f 3846/3178/1678 3830/7742/1678 3847/3179/1678

vt 8.14055e-14 2.66046
f 3847/3179/1678 3830/7742/1678 3831/7761/1678

v 817.065 1262.9 -61.4454
vt 8.31819e-14 2.25
f 3847/3179/1678 3831/7761/1678 3848/7762/1678

v 818.597 1262.9 -67.1604
f 3848/7762/1678 3831/7761/1678 3849/3181/1678

f 3849/3181/1678 3831/7761/1678 3832/7745/1678

v 822.78 1262.9 -71.3441
f 3849/3181/1678 3832/7745/1678 3850/3170/1678

f 3850/3170/1678 3832/7745/1678 3833/7746/1678

v 828.495 1262.9 -72.8754
vt -2.25 2.5769e-13
f 3850/3170/1678 3833/7746/1678 3851/7763/1678

f 3837/7748/1678 3851/7763/1678 3833/7746/1678

v 834.21 1262.9 -71.3441
f 3837/7748/1678 3852/3172/1678 3851/7763/1678

vt -1.33023 -2.30403
f 3839/7764/1678 3852/3172/1678 3837/7748/1678

v 838.394 1262.9 -67.1604
f 3839/7764/1678 3853/3173/1678 3852/3172/1678

v 839.925 1262.9 -61.4454
vt 8.31819e-14 -2.25
f 3839/7764/1678 3854/7765/1678 3853/3173/1678

vt 8.67346e-14 -2.66046
f 3841/7766/1678 3854/7765/1678 3839/7764/1678

v 838.394 1262.9 -55.7304
f 3841/7766/1678 3855/3175/1678 3854/7765/1678

vt 1.33023 -2.30403
f 3843/7767/1678 3855/3175/1678 3841/7766/1678

v 834.21 1262.9 -51.5467
f 3843/7767/1678 3856/3176/1678 3855/3175/1678

f 3844/7758/1678 3856/3176/1678 3843/7767/1678

f 3856/3176/1678 3844/7758/1678 3845/7760/1678

vt -0.994818 0.582343
vt -4.93183 0.582343
vt -4.93183 -0.582343
v 834.21 1282.9 -51.5467
vt -0.994818 -0.582343
f 3825/7768/1677 3845/7769/1677 3856/7770/1677 3857/7771/1677 

f 3823/7768/1668 3846/7769/1668 3845/7770/1668 3825/7771/1668 

f 3821/7768/1669 3847/7769/1669 3846/7770/1669 3823/7771/1669 

vn -0.965926 5.45369e-09 0.258819
f 3820/7768/1679 3848/7769/1679 3847/7770/1679 3821/7771/1679 

vt 4.93183 -0.582343
vt 4.93183 0.582343
f 3818/7734/1671 3849/7772/1671 3848/7773/1671 3820/7735/1671 

vn -0.707107 -1.49014e-08 -0.707107
f 3815/7734/1680 3850/7772/1680 3849/7773/1680 3818/7735/1680 

f 3805/7734/1666 3851/7772/1666 3850/7773/1666 3815/7735/1666 

f 3804/7734/1673 3852/7772/1673 3851/7773/1673 3805/7735/1673 

f 3807/7734/1656 3853/7772/1656 3852/7773/1656 3804/7735/1656 

v 839.925 1282.9 -61.4454
vn 0.965926 -5.45369e-09 -0.258819
f 3858/7734/1681 3854/7772/1681 3853/7773/1681 3807/7735/1681 

v 838.394 1282.9 -55.7304
f 3859/7768/1675 3855/7769/1675 3854/7770/1675 3858/7771/1675 

vn 0.707107 1.49014e-08 0.707107
f 3857/7768/1682 3856/7769/1682 3855/7770/1682 3859/7771/1682 

usemtl M_0063_GreenYellow
v 834.21 1195.7 -51.5467
vt -18.1602 0.582343
v 838.394 1195.7 -55.7304
vt -18.1602 -0.582343
f 3860/7774/1682 3861/7775/1682 3855/7770/1682 3856/7769/1682 

v 828.495 1195.7 -72.8754
vt 2.25 2.55795e-13
vn -4.80529e-13 1 -2.10732e-08
v 822.78 1195.7 -71.3441
v 818.597 1195.7 -67.1604
v 817.065 1195.7 -61.4454
vt -1.42109e-14 2.25
v 818.597 1195.7 -55.7304
v 822.78 1195.7 -51.5467
v 828.495 1195.7 -50.0154
vt -2.25 2.55795e-13
v 839.925 1195.7 -61.4454
vt -1.42109e-14 -2.25
v 838.394 1195.7 -67.1604
v 834.21 1195.7 -71.3441
f 3862/7776/1683 3863/3178/1683 3864/3179/1683 3865/7777/1683 3866/3181/1683 3867/3170/1683 3868/7778/1683 3860/3172/1683 3861/3173/1683 3869/7779/1683 3870/3175/1683 3871/3176/1683 

vt 18.1602 -0.582343
vt 18.1602 0.582343
f 3862/7780/1666 3863/7781/1666 3850/7773/1666 3851/7772/1666 

f 3863/7780/1680 3864/7781/1680 3849/7773/1680 3850/7772/1680 

vn -0.965926 -5.45462e-09 -0.258819
f 3864/7780/1684 3865/7781/1684 3848/7773/1684 3849/7772/1684 

f 3865/7774/1679 3866/7775/1679 3847/7770/1679 3848/7769/1679 

f 3866/7774/1669 3867/7775/1669 3846/7770/1669 3847/7769/1669 

f 3867/7774/1668 3868/7775/1668 3845/7770/1668 3846/7769/1668 

f 3868/7774/1677 3860/7775/1677 3856/7770/1677 3845/7769/1677 

f 3871/7780/1673 3862/7781/1673 3851/7773/1673 3852/7772/1673 

f 3870/7780/1656 3871/7781/1656 3852/7773/1656 3853/7772/1656 

f 3869/7780/1681 3870/7781/1681 3853/7773/1681 3854/7772/1681 

vn 0.965926 5.45462e-09 0.258819
f 3861/7774/1685 3869/7775/1685 3854/7770/1685 3855/7769/1685 

v 838.394 1287.95 -55.7304
vt 7.50261e-14 -0.582343
v 834.21 1287.95 -51.5467
vt 1.29949e-13 0.582343
f 3872/7782/1676 3873/7783/1676 3857/7768/1676 3859/7771/1676 

vn 0.497211 0.113248 0.860207
vn 0.864408 0.0656274 0.49849
v 838.394 1298.31 -57.0936
vn 0.866275 0.129297 0.482544
v 834.21 1299.39 -53.0524
vn 0.50043 0.22408 0.836276
f 3873/3215/1686 3872/3216/1687 3874/3217/1688 3875/3218/1689 

v 839.925 1287.95 -61.4454
vt 1.38778e-17 -0.587027
vn 1 4.8054e-13 -8.0778e-13
v 839.925 1296.83 -62.6138
vn 1 4.80365e-13 -8.0811e-13
f 3872/3219/1687 3876/7784/1690 3877/3221/1691 3874/3222/1688 

vn 0.965926 5.45455e-09 0.258819
vt 2.82352e-13 0.582343
f 3876/3182/1692 3872/7785/1692 3859/7768/1692 3858/7771/1692 

usemtl M_0061_OliveDrab
vt -8.57594e-14 -2.66046
vt -8.22067e-14 -2.25
f 3859/3173/1667 3840/7786/1667 3858/7787/1667

f 3859/3173/1667 3842/7764/1667 3840/7786/1667

f 3857/3172/1667 3842/7764/1667 3859/3173/1667

f 3857/3172/1667 3826/7748/1667 3842/7764/1667

f 3826/7748/1667 3857/3172/1667 3825/7747/1667

usemtl M_0063_GreenYellow
vt 3.03478e-14 -0.582343
v 828.495 1287.95 -50.0154
vt 3.50426e-14 0.582343
f 3873/7788/1677 3878/7789/1677 3825/7768/1677 3857/7771/1677 

vn 7.38063e-13 0.130526 0.991445
v 828.495 1299.79 -51.5733
vn 6.56071e-13 0.258819 0.965926
f 3878/3211/1693 3873/3212/1686 3875/3213/1689 3879/3214/1694 

vn 6.56085e-13 0.258819 0.965926
v 834.21 1310.05 -57.4669
vn 0.50043 0.432889 0.749785
v 828.495 1310.81 -56.1407
vn 4.59899e-13 0.5 0.866025
f 3879/3258/1695 3875/3259/1689 3880/3260/1696 3881/3261/1697 

v 838.394 1307.96 -61.0901
vn 0.866275 0.249783 0.432637
f 3875/3262/1689 3874/3263/1688 3882/3264/1698 3880/3265/1696 

vn 1 4.80364e-13 -8.0811e-13
v 839.925 1305.1 -66.0394
vn 1 4.80029e-13 -8.08376e-13
f 3874/3266/1688 3877/3267/1699 3883/3268/1700 3882/3269/1698 

vn 1 4.80364e-13 -8.08118e-13
f 3877/3270/1701 3808/3271/1658 3810/3272/1660 3883/3273/1700 

vt 0 -0.587027
f 3876/7790/1690 3806/3219/1657 3808/3224/1658 3877/3225/1691 

vt -2.83263e-13 0.582343
vn 0.965926 -5.45375e-09 -0.258819
vt -2.52435e-29 -0.582343
f 3806/7791/1702 3876/7792/1702 3858/7734/1702 3807/7735/1702 

usemtl M_0061_OliveDrab
f 3858/7787/1667 3838/7767/1667 3807/3175/1667

f 3858/7787/1667 3840/7786/1667 3838/7767/1667

f 3807/3175/1667 3838/7767/1667 3804/3176/1667

f 3804/3176/1667 3838/7767/1667 3836/7758/1667

f 3804/3176/1667 3836/7758/1667 3805/7741/1667

f 3805/7741/1667 3836/7758/1667 3816/7740/1667

vt 2.66046 2.56178e-13
f 3816/7740/1667 3836/7758/1667 3834/7793/1667

usemtl M_0063_GreenYellow
vn 1 4.80026e-13 -8.08369e-13
v 838.394 1308.16 -75.5298
vn 0.866275 -0.353247 -0.353247
v 839.925 1312.2 -71.4887
vn 1 4.79767e-13 -8.08218e-13
f 3883/3322/1703 3810/3323/1660 3884/3324/1704 3885/3325/1705 

v 834.21 1305.2 -78.4881
vn 0.50043 -0.612197 -0.612197
f 3810/3278/1660 3809/3279/1659 3886/3280/1706 3884/3281/1704 

vn -4.59392e-13 -0.5 -0.866025
v 828.495 1304.12 -79.571
vn -2.31517e-13 -0.707107 -0.707107
f 3809/3282/1659 3811/3283/1707 3887/3284/1708 3886/3285/1706 

v 822.78 1305.2 -78.4881
vn -0.50043 -0.612197 -0.612197
f 3811/3286/1662 3813/3287/1664 3888/3288/1709 3887/3289/1708 

v 818.597 1302.24 -70.9887
vn -0.866275 -0.249783 -0.432637
v 818.597 1308.16 -75.5298
vn -0.866275 -0.353247 -0.353247
f 3813/3290/1664 3889/3291/1710 3890/3292/1711 3888/3293/1709 

v 818.597 1295.35 -68.1341
vn -0.866275 -0.129297 -0.482544
f 3812/3238/1663 3891/3239/1712 3889/3240/1710 3813/3241/1664 

v 818.597 1287.95 -67.1604
vn -0.864408 -0.0656274 -0.49849
f 3814/3196/1665 3892/3197/1713 3891/3198/1712 3812/3199/1663 

vt 7.50364e-14 0.582343
vt 1.29967e-13 -0.582343
f 3892/7794/1672 3814/7795/1672 3815/7734/1672 3818/7735/1672 

v 817.065 1287.95 -61.4454
vn -0.965926 -5.45455e-09 -0.258819
vt 2.8233e-13 -0.582343
f 3893/3183/1714 3892/7796/1714 3818/7734/1714 3820/7735/1714 

vt -1.38778e-17 0.587027
vn -1 -4.805e-13 8.07636e-13
v 817.065 1296.83 -62.6138
vn -1 -4.80475e-13 8.07751e-13
f 3892/3200/1713 3893/7797/1715 3894/3202/1716 3891/3203/1712 

vt 1.38778e-17 0.587027
v 818.597 1287.95 -55.7304
vn -0.864408 0.0656274 0.49849
v 818.597 1298.31 -57.0936
vn -0.866275 0.129297 0.482544
vn -1 -4.80475e-13 8.07765e-13
f 3893/7798/1715 3895/3200/1717 3896/3205/1718 3894/3206/1719 

vt -2.8095e-13 -0.582343
vn -0.965926 5.45375e-09 0.258819
vt 2.52435e-29 0.582343
f 3895/7799/1720 3893/7800/1720 3820/7768/1720 3821/7771/1720 

v 822.78 1287.95 -51.5467
vt -1.28532e-13 -0.582343
vt -7.42081e-14 0.582343
f 3897/7801/1669 3895/7802/1669 3821/7768/1669 3823/7771/1669 

vn -0.497211 0.113248 0.860207
v 822.78 1299.39 -53.0524
vn -0.50043 0.22408 0.836276
f 3895/3197/1717 3897/3196/1721 3898/3207/1722 3896/3208/1718 

f 3897/3193/1721 3878/3192/1693 3879/3209/1694 3898/3210/1722 

vt -4.61722e-14 -0.582343
vn -0.258819 2.03551e-08 0.965926
vt -3.99863e-14 0.582343
f 3878/7803/1723 3897/7804/1723 3823/7768/1723 3825/7771/1723 

vn 6.56056e-13 0.258819 0.965926
v 822.78 1310.05 -57.4669
vn -0.50043 0.432889 0.749785
f 3898/3254/1722 3879/3255/1724 3881/3256/1697 3899/3257/1725 

v 828.495 1320.28 -63.4065
vn 2.3211e-13 0.707107 0.707107
v 822.78 1319.2 -64.4893
vn -0.50043 0.612197 0.612197
f 3899/3306/1725 3881/3307/1697 3900/3308/1726 3901/3309/1727 

vn 4.59913e-13 0.5 0.866025
v 834.21 1319.2 -64.4893
vn 0.50043 0.612197 0.612197
f 3881/3310/1728 3880/3311/1696 3902/3312/1729 3900/3313/1726 

v 838.394 1316.24 -67.4476
vn 0.866275 0.353247 0.353247
f 3880/3314/1696 3882/3315/1698 3903/3316/1730 3902/3317/1729 

vn 1 4.80026e-13 -8.08376e-13
f 3882/3318/1698 3883/3319/1731 3885/3320/1705 3903/3321/1730 

vn 1 4.79774e-13 -8.08218e-13
v 839.925 1317.65 -78.5904
vn 1 4.79494e-13 -8.08053e-13
v 838.394 1322.6 -75.7329
vn 0.866275 0.432637 0.249783
f 3903/3370/1730 3885/3371/1732 3904/3372/1733 3905/3373/1734 

vn 1 4.79774e-13 -8.08211e-13
v 838.394 1312.7 -81.4479
vn 0.866275 -0.432637 -0.249783
vn 1 4.79494e-13 -8.08046e-13
f 3885/3326/1735 3884/3327/1704 3906/3328/1736 3904/3329/1737 

v 834.21 1309.08 -83.5398
vn 0.50043 -0.749785 -0.432888
f 3884/3330/1704 3886/3331/1706 3907/3332/1738 3906/3333/1736 

v 828.495 1307.75 -84.3054
vn 1.2071e-14 -0.866025 -0.5
f 3886/3334/1706 3887/3335/1708 3908/3336/1739 3907/3337/1738 

v 822.78 1309.08 -83.5398
vn -0.50043 -0.749785 -0.432888
f 3887/3338/1708 3888/3339/1709 3909/3340/1740 3908/3341/1739 

v 818.597 1312.7 -81.4479
vn -0.866275 -0.432637 -0.249783
f 3888/3342/1709 3890/3343/1711 3910/3344/1741 3909/3345/1740 

v 817.065 1312.2 -71.4887
vn -1 -4.80205e-13 8.07801e-13
v 817.065 1317.65 -78.5904
vn -1 -4.79983e-13 8.0778e-13
f 3890/3346/1711 3911/3347/1742 3912/3348/1743 3910/3349/1741 

v 817.065 1305.1 -66.0394
vn -1 -4.80364e-13 8.07823e-13
vn -1 -4.80205e-13 8.07808e-13
f 3889/3294/1710 3913/3295/1744 3911/3296/1745 3890/3297/1711 

vn -1 -4.80479e-13 8.07758e-13
vn -1 -4.80367e-13 8.0783e-13
f 3891/3242/1712 3894/3243/1746 3913/3244/1747 3889/3245/1710 

v 818.597 1307.96 -61.0901
vn -0.866275 0.249783 0.432637
f 3894/3246/1719 3896/3247/1718 3914/3248/1748 3913/3249/1747 

f 3896/3250/1718 3898/3251/1722 3899/3252/1725 3914/3253/1748 

v 818.597 1316.24 -67.4476
vn -0.866275 0.353247 0.353247
f 3914/3302/1748 3899/3303/1725 3901/3304/1727 3915/3305/1749 

v 822.78 1326.22 -73.6411
vn -0.50043 0.749785 0.432888
v 818.597 1322.6 -75.7329
vn -0.866275 0.432637 0.249783
f 3915/3354/1749 3901/3355/1727 3916/3356/1750 3917/3357/1751 

v 828.495 1327.55 -72.8754
vn -1.15496e-14 0.866025 0.5
f 3901/3358/1727 3900/3359/1726 3918/3360/1752 3916/3361/1750 

vn 2.32125e-13 0.707107 0.707107
v 834.21 1326.22 -73.6411
vn 0.50043 0.749785 0.432888
f 3900/3362/1753 3902/3363/1729 3919/3364/1754 3918/3365/1752 

f 3902/3366/1729 3903/3367/1730 3905/3368/1734 3919/3369/1754 

v 838.394 1326.6 -85.3814
vn 0.866275 0.482544 0.129297
v 834.21 1330.64 -84.2985
vn 0.50043 0.836276 0.22408
f 3919/3418/1754 3905/3419/1734 3920/3420/1755 3921/3421/1756 

v 839.925 1321.08 -86.8605
vn 1 4.79882e-13 -8.07715e-13
f 3905/3374/1734 3904/3375/1737 3922/3376/1757 3920/3377/1755 

vn 1 4.79494e-13 -8.08042e-13
v 838.394 1315.55 -88.3397
vn 0.866275 -0.482544 -0.129297
vn 1 4.79882e-13 -8.07719e-13
f 3904/3378/1758 3906/3379/1736 3923/3380/1759 3922/3381/1760 

v 834.21 1311.51 -89.4225
vn 0.50043 -0.836276 -0.22408
f 3906/3382/1736 3907/3383/1738 3924/3384/1761 3923/3385/1759 

v 828.495 1310.03 -89.8188
vn 2.54842e-13 -0.965926 -0.258819
f 3907/3386/1738 3908/3387/1739 3925/3388/1762 3924/3389/1761 

vn 1.20855e-14 -0.866025 -0.5
v 822.78 1311.51 -89.4225
vn -0.50043 -0.836276 -0.22408
f 3908/3390/1763 3909/3391/1740 3926/3392/1764 3925/3393/1762 

v 818.597 1315.55 -88.3397
vn -0.866275 -0.482544 -0.129297
f 3909/3394/1740 3910/3395/1741 3927/3396/1765 3926/3397/1764 

vn -1 -4.7999e-13 8.0778e-13
v 817.065 1321.08 -86.8605
vn -1 -4.80155e-13 8.07643e-13
f 3910/3398/1741 3912/3399/1766 3928/3400/1767 3927/3401/1765 

vn -1 -4.79975e-13 8.07783e-13
v 818.597 1326.6 -85.3814
vn -0.866275 0.482544 0.129297
f 3912/3402/1768 3917/3403/1751 3929/3404/1769 3928/3405/1767 

vn -1 -4.80213e-13 8.07816e-13
f 3911/3350/1770 3915/3351/1749 3917/3352/1751 3912/3353/1743 

vn -1 -4.80371e-13 8.0783e-13
f 3913/3298/1771 3914/3299/1748 3915/3300/1749 3911/3301/1745 

v 822.78 1330.64 -84.2985
vn -0.50043 0.836276 0.22408
f 3917/3406/1751 3916/3407/1750 3930/3408/1772 3929/3409/1769 

vn -1.15351e-14 0.866025 0.5
v 828.495 1332.12 -83.9022
vn -2.54422e-13 0.965926 0.258819
f 3916/3410/1750 3918/3411/1773 3931/3412/1774 3930/3413/1772 

f 3918/3414/1752 3919/3415/1754 3921/3416/1756 3931/3417/1774 

vn -2.54408e-13 0.965926 0.258819
v 834.21 1332.14 -95.7354
vn 0.497211 0.860207 0.113248
v 828.495 1333.67 -95.7354
vn -3.70416e-13 0.991445 0.130526
f 3931/3466/1775 3921/3467/1756 3932/3468/1776 3933/3469/1777 

v 838.394 1327.96 -95.7354
vn 0.864408 0.49849 0.0656274
f 3921/3422/1756 3920/3423/1755 3934/3424/1778 3932/3425/1776 

vn 1 4.79868e-13 -8.07719e-13
v 839.925 1322.24 -95.7354
vn 1 4.80443e-13 -8.07474e-13
f 3920/3426/1755 3922/3427/1779 3935/3428/1780 3934/3429/1778 

vn 1 4.79882e-13 -8.07713e-13
v 838.394 1316.53 -95.7354
vn 0.864408 -0.49849 -0.0656274
f 3922/3430/1781 3923/3431/1759 3936/3432/1782 3935/3433/1780 

v 834.21 1312.34 -95.7354
vn 0.497211 -0.860207 -0.113248
f 3923/3434/1759 3924/3435/1761 3937/3436/1783 3936/3437/1782 

v 828.495 1310.81 -95.7354
vn 3.70818e-13 -0.991445 -0.130526
f 3924/3438/1761 3925/3439/1762 3938/3440/1784 3937/3441/1783 

v 822.78 1312.34 -95.7354
vn -0.497211 -0.860207 -0.113248
f 3925/3442/1762 3926/3443/1764 3939/3444/1785 3938/3445/1784 

v 818.597 1316.53 -95.7354
vn -0.864408 -0.49849 -0.0656274
f 3926/3446/1764 3927/3447/1765 3940/3448/1786 3939/3449/1785 

vn -1 -4.80141e-13 8.07643e-13
v 817.065 1322.24 -95.7354
vn -1 -4.80471e-13 8.07557e-13
f 3927/3450/1765 3928/3451/1787 3941/3452/1788 3940/3453/1786 

vn -1 -4.80169e-13 8.07643e-13
v 818.597 1327.96 -95.7354
vn -0.864408 0.49849 0.0656274
f 3928/3454/1789 3929/3455/1769 3942/3456/1790 3941/3457/1788 

v 822.78 1332.14 -95.7354
vn -0.497211 0.860207 0.113248
f 3929/3458/1769 3930/3459/1772 3943/3460/1791 3942/3461/1790 

f 3930/3462/1772 3931/3463/1774 3933/3464/1777 3943/3465/1791 

vt 6.75 -1.16469
vn -0.258819 0.965926 -2.0355e-08
vt 6.75 -2.32937
v 828.495 1333.67 -125.735
vt 12.6555 -2.32937
v 822.78 1332.14 -125.735
vt 12.6555 -1.16469
f 3943/7805/1792 3933/7806/1792 3944/7807/1792 3945/7808/1792 

vt 6.75 2.32937
vn 0.258819 0.965926 -2.03554e-08
vt 6.75 1.16469
v 834.21 1332.14 -125.735
vt 12.6555 1.16469
vt 12.6555 2.32937
f 3933/7809/1793 3932/7810/1793 3946/7811/1793 3944/7812/1793 

vt 6.75 5.35531
vn 0.707107 0.707107 -1.49016e-08
vt 6.75 4.19063
v 838.394 1327.96 -125.735
vt 12.6555 4.19063
vt 12.6555 5.35531
f 3932/7813/1794 3934/7814/1794 3947/7815/1794 3946/7816/1794 

vt 6.75 7.10234
vn 0.965926 0.258819 -5.45493e-09
vt 6.75 5.93766
v 839.925 1322.24 -125.735
vt 12.6555 5.93766
vt 12.6555 7.10234
f 3934/7817/1795 3935/7818/1795 3948/7819/1795 3947/7820/1795 

vt -6.75 -7.10234
vn 0.965926 -0.258819 5.45337e-09
vt -6.75 -5.93766
v 838.394 1316.53 -125.735
vt -12.6555 -5.93766
vt -12.6555 -7.10234
f 3935/7821/1796 3936/7822/1796 3949/7823/1796 3948/7824/1796 

vt -6.75 -5.35531
vn 0.707107 -0.707107 1.49004e-08
vt -6.75 -4.19063
v 834.21 1312.34 -125.735
vt -12.6555 -4.19063
vt -12.6555 -5.35531
f 3936/7825/1797 3937/7826/1797 3950/7827/1797 3949/7828/1797 

vt -6.75 -2.32937
vn 0.258819 -0.965926 2.0355e-08
vt -6.75 -1.16469
v 828.495 1310.81 -125.735
vt -12.6555 -1.16469
vt -12.6555 -2.32937
f 3937/7829/1798 3938/7830/1798 3951/7831/1798 3950/7832/1798 

vt -6.75 1.16469
vn -0.258819 -0.965926 2.03554e-08
vt -6.75 2.32937
v 822.78 1312.34 -125.735
vt -12.6555 2.32937
vt -12.6555 1.16469
f 3938/7833/1799 3939/7834/1799 3952/7835/1799 3951/7836/1799 

vt -6.75 4.19063
vn -0.707107 -0.707107 1.49016e-08
vt -6.75 5.35531
v 818.597 1316.53 -125.735
vt -12.6555 5.35531
vt -12.6555 4.19063
f 3939/7837/1800 3940/7838/1800 3953/7839/1800 3952/7840/1800 

vt -6.75 5.93766
vn -0.965926 -0.258819 5.45493e-09
vt -6.75 7.10234
v 817.065 1322.24 -125.735
vt -12.6555 7.10234
vt -12.6555 5.93766
f 3940/7841/1801 3941/7842/1801 3954/7843/1801 3953/7844/1801 

vt 6.75 -5.93766
vn -0.965926 0.258819 -5.45337e-09
vt 6.75 -7.10234
v 818.597 1327.96 -125.735
vt 12.6555 -7.10234
vt 12.6555 -5.93766
f 3941/7845/1802 3942/7846/1802 3955/7847/1802 3954/7848/1802 

vt 6.75 -4.19063
vn -0.707107 0.707107 -1.49004e-08
vt 6.75 -5.35531
vt 12.6555 -5.35531
vt 12.6555 -4.19063
f 3942/7849/1803 3943/7850/1803 3945/7851/1803 3955/7852/1803 

vt -4.5 2.84217e-13
vn -8.07492e-13 -2.10732e-08 -1
vt -9 2.84217e-13
f 3951/7853/1804 3952/3471/1804 3953/3472/1804 3954/3473/1804 3955/3474/1804 3945/3475/1804 3944/7854/1804 3946/3477/1804 3947/3478/1804 3948/3479/1804 3949/3480/1804 3950/3481/1804 

usemtl M_0061_OliveDrab
vt -2.66046 2.86112e-13
f 3837/7748/1678 3833/7746/1678 3835/7855/1678

g Mesh36 Group34 Group33 Model

usemtl Color_003
v 833.817 1224.95 -316.891
v 828.102 1224.95 -315.36
v 822.387 1224.95 -316.891
v 818.203 1224.95 -321.075
v 816.672 1224.95 -326.79
v 818.203 1224.95 -332.505
v 822.387 1224.95 -336.689
v 828.102 1224.95 -338.22
v 833.817 1224.95 -336.689
v 838.001 1224.95 -332.505
v 839.532 1224.95 -326.79
v 838.001 1224.95 -321.075
f 3956/7680/1641 3957/7681/1641 3958/7682/1641 3959/7683/1641 3960/7684/1641 3961/7685/1641 3962/7686/1641 3963/7687/1641 3964/7688/1641 3965/7689/1641 3966/7690/1641 3967/7691/1641 

vt -10.8628 8.87185
vn 1.45564e-12 -0.6897 0.724095
vt -10.447 11.1638
vn 0.362047 -0.6897 0.627085
v 842.389 1242.95 -302.043
vt -19.6101 14.6017
v 828.102 1242.95 -298.215
vt -20.6496 8.87185
f 3957/7856/1805 3956/7857/1806 3968/7858/1806 3969/7859/1805 

vt -12.0099 6.72504
vt -10.7039 8.65388
vn 0.627085 -0.6897 0.362047
v 852.849 1242.95 -312.502
vt -17.6983 15.4994
vt -20.9632 10.6773
f 3956/7860/1806 3967/7861/1807 3970/7862/1807 3968/7863/1806 

vt -12.9956 8.0551
vt -10.8296 8.91226
vn 0.724095 -0.6897 1.45331e-08
v 856.677 1242.95 -326.79
vt -12.7487 18.5091
vt -18.1635 16.3662
f 3967/7864/1807 3966/7865/1808 3971/7866/1808 3970/7867/1807 

vt -8.66372 12.3863
vn 0.627085 -0.6897 -0.362047
v 852.849 1242.95 -341.077
vt -3.49577 20.6974
vt -8.91059 22.8403
vt -10.8296 13.2434
f 3965/7868/1809 3972/7869/1809 3971/7870/1808 3966/7871/1808 

vt -5.82997 13.8598
vn 0.362047 -0.6897 -0.627085
v 842.389 1242.95 -351.537
vt 3.12336 17.8121
vt -0.141554 22.6342
vt -7.13594 15.7886
f 3964/7872/1810 3973/7873/1810 3972/7874/1809 3965/7875/1809 

v 828.102 1242.95 -355.365
vt 5.13138 11.975
vn -8.14443e-13 -0.6897 -0.724095
vt 4.09185 17.7049
vt -5.07129 14.267
vt -4.65548 11.975
f 3974/7876/1811 3973/7877/1810 3964/7878/1810 3963/7879/1811 

vn -4.80965e-13 1 -2.10732e-08
vt 2.84217e-14 11.25
v 813.814 1242.95 -351.537
v 803.355 1242.95 -341.077
v 799.527 1242.95 -326.79
vt 11.25 5.99362e-14
v 803.355 1242.95 -312.502
v 813.814 1242.95 -302.043
f 3969/7664/1812 3968/7665/1812 3970/7666/1812 3971/7667/1812 3972/7668/1812 3973/7669/1812 3974/7880/1812 3975/7671/1812 3976/7672/1812 3977/7881/1812 3978/7674/1812 3979/7675/1812 

vt 4.09185 4.38321
vn -0.362047 -0.6897 -0.627085
vt 5.13138 10.1131
vt -4.65548 10.1131
vt -5.07129 7.82115
f 3975/7882/1813 3974/7883/1811 3963/7884/1811 3962/7885/1813 

vt -0.141554 -3.4205
vn -0.627085 -0.6897 -0.362047
vt 3.12336 1.4016
vt -5.82997 5.35386
vt -7.13594 3.42502
f 3976/7886/1814 3975/7887/1813 3962/7888/1813 3961/7889/1814 

vt -8.91059 -7.0148
vn -0.724095 -0.6897 1.45353e-08
vt -3.49577 -4.8719
vt -8.66372 3.43923
vt -10.8296 2.58207
f 3977/7890/1815 3976/7891/1814 3961/7892/1814 3960/7893/1815 

vt -12.7487 -2.68365
vt -10.8296 6.91322
vt -12.9956 7.77038
vn -0.627085 -0.6897 0.362047
vt -18.1635 -0.540753
f 3977/7894/1815 3960/7895/1815 3959/7896/1816 3978/7897/1816 

vt -17.6983 3.71427
vt -10.7039 10.5598
vt -12.0099 12.4886
vn -0.362047 -0.6897 0.627085
vt -20.9632 8.53636
f 3978/7898/1816 3959/7899/1816 3958/7900/1817 3979/7901/1817 

vt -19.6101 7.48635
vt -10.447 10.9243
vt -10.8628 13.2162
vt -20.6496 13.2162
f 3979/7902/1817 3958/7903/1817 3957/7904/1805 3969/7905/1805 

g Mesh37 Group33 Model

usemtl M_0063_GreenYellow
v 822.387 1287.95 -316.891
vn -0.497211 -0.113248 0.860207
v 828.102 1287.95 -315.36
vn 1.60075e-12 -0.130526 0.991445
v 828.102 1293.87 -314.581
vn 1.62294e-12 -0.258819 0.965926
v 822.387 1294.27 -316.06
vn -0.50043 -0.22408 0.836276
f 3980/3212/1818 3981/3211/1819 3982/3228/1820 3983/3229/1821 

vt -5.39831e-14 -0.582343
v 822.387 1280.95 -316.891
vt 1.37795 -0.582343
v 828.102 1280.95 -315.36
vt 1.37795 0.582343
vt -6.23343e-14 0.582343
f 3980/7906/1668 3984/7907/1668 3985/7908/1668 3981/7909/1668 

v 818.203 1287.95 -321.075
vt -4.30585e-14 -0.582343
vn -0.707107 1.49006e-08 0.707107
v 818.203 1280.95 -321.075
vt -7.45795e-14 0.582343
f 3986/7910/1822 3987/7907/1822 3984/7908/1822 3980/7911/1822 

v 816.672 1287.95 -326.79
vt -5.32699e-27 -0.582343
vn -0.965926 5.45367e-09 0.258819
v 816.672 1280.95 -326.79
vt -7.0285e-14 0.582343
f 3988/7912/1823 3989/7907/1823 3987/7908/1823 3986/7913/1823 

v 818.203 1287.95 -332.505
vt -1.62086e-13 0.582343
vn -0.965926 -5.45458e-09 -0.258819
v 818.203 1280.95 -332.505
vt -1.37795 0.582343
vt -1.37795 -0.582343
vt 1.22847e-26 -0.582343
f 3990/7914/1824 3991/7915/1824 3989/7916/1824 3988/7917/1824 

v 822.387 1287.95 -336.689
vt -1.84007e-13 0.582343
v 822.387 1280.95 -336.689
vt -1.06237e-13 -0.582343
f 3992/7918/1672 3993/7915/1672 3991/7916/1672 3990/7919/1672 

v 828.102 1287.95 -338.22
vt -3.53282e-14 0.582343
v 828.102 1280.95 -338.22
vt -3.05952e-14 -0.582343
f 3994/7920/1666 3995/7915/1666 3993/7916/1666 3992/7921/1666 

v 833.817 1287.95 -336.689
vt 5.83304e-14 0.582343
v 833.817 1280.95 -336.689
vt 6.73542e-14 -0.582343
f 3996/7922/1655 3997/7915/1655 3995/7916/1655 3994/7923/1655 

v 838.001 1287.95 -332.505
vt 1.51223e-13 0.582343
vn 0.707107 -1.49008e-08 -0.707107
v 838.001 1280.95 -332.505
vt 2.61926e-13 -0.582343
f 3998/7924/1825 3999/7915/1825 3997/7916/1825 3996/7925/1825 

v 839.532 1287.95 -326.79
vt 1.26218e-29 0.582343
vn 0.965926 -5.45373e-09 -0.258819
v 839.532 1280.95 -326.79
vt 2.07123e-13 -0.582343
f 4000/7926/1826 4001/7915/1826 3999/7916/1826 3998/7927/1826 

v 838.001 1287.95 -321.075
vt 6.59866e-14 -0.582343
vn 0.965926 5.45463e-09 0.258819
v 838.001 1280.95 -321.075
f 4002/7928/1827 4003/7907/1827 4001/7908/1827 4000/3183/1827 

v 833.817 1287.95 -316.891
vt -1.82327e-14 -0.582343
v 833.817 1280.95 -316.891
vt -1.05267e-14 0.582343
f 4004/7929/1676 4005/7907/1676 4003/7908/1676 4002/7930/1676 

vt -1.58643e-14 -0.582343
vt -1.37389e-14 0.582343
f 3981/7931/1677 3985/7907/1677 4005/7908/1677 4004/7932/1677 

usemtl M_0061_OliveDrab
v 834.842 1280.95 -315.116
vt 2.29806 1.32679
vn -4.75499e-13 1 -2.10732e-08
vt 2.25 6.93067e-15
f 4006/7933/1828 4005/3178/1828 3985/7934/1828

v 839.776 1280.95 -320.05
vt 1.32679 2.29806
f 4007/7935/1828 4005/3178/1828 4006/7933/1828

f 4007/7935/1828 4003/3179/1828 4005/3178/1828

vt 4.03529e-14 2.25
f 4007/7935/1828 4001/7936/1828 4003/3179/1828

v 841.582 1280.95 -326.79
vt 2.61421e-14 2.65357
f 4008/7937/1828 4001/7936/1828 4007/7935/1828

f 4008/7937/1828 3999/3181/1828 4001/7936/1828

v 839.776 1280.95 -333.53
vt -1.32679 2.29806
f 4009/7938/1828 3999/3181/1828 4008/7937/1828

f 4009/7938/1828 3997/3170/1828 3999/3181/1828

v 834.842 1280.95 -338.464
vt -2.29806 1.32679
f 4010/7939/1828 3997/3170/1828 4009/7938/1828

vt -2.25 6.93067e-15
f 3997/3170/1828 4010/7939/1828 3995/7940/1828

v 821.362 1280.95 -338.464
vt -2.29806 -1.32679
f 4010/7939/1828 4011/7941/1828 3995/7940/1828

v 828.102 1280.95 -340.27
vt -2.65357 3.53524e-14
f 4011/7941/1828 4010/7939/1828 4012/7942/1828

v 834.842 1260.95 -338.464
vt -5.31496 0.686795
v 828.102 1260.95 -340.27
vt -5.31496 -0.686795
vt -1.37795 -0.686795
vt -1.37795 0.686795
f 4013/7943/1655 4014/7944/1655 4012/7945/1655 4010/7946/1655 

vn 4.75499e-13 -1 2.10732e-08
v 821.362 1260.95 -338.464
vt 2.29806 -1.32679
vt 2.65357 5.51543e-14
f 4013/7933/1829 4015/7947/1829 4014/7948/1829

v 828.102 1260.95 -338.22
vt 2.25 2.67326e-14
f 4015/7947/1829 4013/7933/1829 4016/7949/1829

v 833.817 1260.95 -336.689
f 4013/7933/1829 4017/3178/1829 4016/7949/1829

v 839.776 1260.95 -333.53
f 4017/3178/1829 4013/7933/1829 4018/7935/1829

f 4018/7943/1656 4013/7944/1656 4010/7945/1656 4009/7946/1656 

v 841.582 1260.95 -326.79
f 4019/7943/1681 4018/7944/1681 4009/7945/1681 4008/7946/1681 

v 838.001 1260.95 -332.505
vt -2.16589e-14 2.65357
f 4020/3179/1829 4018/7935/1829 4019/7950/1829

f 4017/3178/1829 4018/7935/1829 4020/3179/1829

v 838.001 1272.95 -332.505
vt 2.95276 0.582343
vn -0.707107 1.49009e-08 0.707107
v 833.817 1272.95 -336.689
vt 2.95276 -0.582343
vt 5.31496 -0.582343
vt 5.31496 0.582343
f 4021/7951/1830 4022/7952/1830 4017/7953/1830 4020/7954/1830 

v 828.102 1272.95 -315.36
vt 2.25 -4.31634e-16
vn -4.80675e-13 1 -2.10732e-08
v 833.817 1272.95 -316.891
v 838.001 1272.95 -321.075
v 839.532 1272.95 -326.79
vt -6.26403e-15 2.25
v 828.102 1272.95 -338.22
vt -2.25 -4.31634e-16
v 822.387 1272.95 -336.689
v 818.203 1272.95 -332.505
v 816.672 1272.95 -326.79
vt 7.94683e-15 -2.25
v 818.203 1272.95 -321.075
v 822.387 1272.95 -316.891
f 4023/7955/1831 4024/3178/1831 4025/3179/1831 4026/7956/1831 4021/3181/1831 4022/3170/1831 4027/7957/1831 4028/3172/1831 4029/3173/1831 4030/7958/1831 4031/3175/1831 4032/3176/1831 

vt -2.95276 -0.582343
vt -2.95276 0.582343
v 833.817 1260.95 -316.891
vt -5.31496 0.582343
v 828.102 1260.95 -315.36
vt -5.31496 -0.582343
f 4023/7959/1666 4024/7960/1666 4033/7961/1666 4034/7962/1666 

f 4024/7951/1677 4005/7908/1677 3985/7907/1677 4023/7952/1677 

f 4025/7951/1682 4003/7908/1682 4005/7907/1682 4024/7952/1682 

vn 0.965926 5.4546e-09 0.258819
f 4026/7951/1832 4001/7908/1832 4003/7907/1832 4025/7952/1832 

f 4021/7959/1681 3999/7916/1681 4001/7915/1681 4026/7960/1681 

vn 0.707107 -1.49006e-08 -0.707107
f 4022/7959/1833 3997/7916/1833 3999/7915/1833 4021/7960/1833 

f 4027/7959/1673 3995/7916/1673 3997/7915/1673 4022/7960/1673 

f 4028/7959/1666 3993/7916/1666 3995/7915/1666 4027/7960/1666 

f 4029/7959/1680 3991/7916/1680 3993/7915/1680 4028/7960/1680 

vn -0.965926 -5.45464e-09 -0.258819
f 4030/7959/1834 3989/7916/1834 3991/7915/1834 4029/7960/1834 

f 4031/7951/1679 3987/7908/1679 3989/7907/1679 4030/7952/1679 

f 4032/7951/1669 3984/7908/1669 3987/7907/1669 4031/7952/1669 

f 4023/7951/1723 3985/7908/1723 3984/7907/1723 4032/7952/1723 

v 821.362 1280.95 -315.116
f 3984/3176/1828 4035/7947/1828 3985/7934/1828

v 816.428 1280.95 -320.05
vt 1.32679 -2.29806
f 3984/3176/1828 4036/7963/1828 4035/7947/1828

f 3987/3175/1828 4036/7963/1828 3984/3176/1828

vt 5.45638e-14 -2.25
f 3989/7964/1828 4036/7963/1828 3987/3175/1828

v 814.622 1280.95 -326.79
vt 5.45638e-14 -2.65357
f 3989/7964/1828 4037/7965/1828 4036/7963/1828

f 3991/3173/1828 4037/7965/1828 3989/7964/1828

v 816.428 1280.95 -333.53
vt -1.32679 -2.29806
f 3991/3173/1828 4038/7966/1828 4037/7965/1828

f 3993/3172/1828 4038/7966/1828 3991/3173/1828

f 3993/3172/1828 4011/7941/1828 4038/7966/1828

f 3995/7940/1828 4011/7941/1828 3993/3172/1828

v 816.428 1260.95 -333.53
f 4015/7943/1680 4039/7944/1680 4038/7945/1680 4011/7946/1680 

v 822.387 1260.95 -336.689
f 4015/7947/1829 4040/3176/1829 4039/7963/1829

f 4015/7947/1829 4016/7949/1829 4040/3176/1829

f 4027/7951/1677 4028/7952/1677 4040/7953/1677 4016/7954/1677 

vn 0.707107 1.49012e-08 0.707107
v 818.203 1260.95 -332.505
f 4028/7951/1835 4029/7952/1835 4041/7953/1835 4040/7954/1835 

vn 0.965926 5.45452e-09 0.258819
v 816.672 1260.95 -326.79
f 4029/7951/1836 4030/7952/1836 4042/7953/1836 4041/7954/1836 

v 818.203 1260.95 -321.075
f 4030/7959/1681 4031/7960/1681 4043/7961/1681 4042/7962/1681 

v 822.387 1260.95 -316.891
f 4031/7959/1833 4032/7960/1833 4044/7961/1833 4043/7962/1833 

f 4032/7959/1673 4023/7960/1673 4034/7961/1673 4044/7962/1673 

v 821.362 1260.95 -315.116
vt -2.25 2.67326e-14
f 4045/7941/1829 4044/3172/1829 4034/7967/1829

v 816.428 1260.95 -320.05
f 4046/7966/1829 4044/3172/1829 4045/7941/1829

f 4046/7966/1829 4043/3173/1829 4044/3172/1829

v 814.622 1260.95 -326.79
vt -5.00806e-14 -2.65357
f 4047/7968/1829 4043/3173/1829 4046/7966/1829

vt -5.00806e-14 -2.25
f 4047/7968/1829 4042/7969/1829 4043/3173/1829

f 4047/7968/1829 4041/3175/1829 4042/7969/1829

f 4039/7963/1829 4041/3175/1829 4047/7968/1829

f 4039/7963/1829 4040/3176/1829 4041/3175/1829

usemtl M_0063_GreenYellow
v 818.203 1242.95 -332.505
vt 8.85827 -0.582343
v 822.387 1242.95 -336.689
vt 8.85827 0.582343
f 4040/7954/1682 4041/7953/1682 4048/7970/1682 4049/7971/1682 

v 816.672 1242.95 -326.79
f 4041/7954/1675 4042/7953/1675 4050/7970/1675 4048/7971/1675 

v 818.203 1242.95 -321.075
vt -8.85827 0.582343
vt -8.85827 -0.582343
f 4042/7962/1681 4043/7961/1681 4051/7972/1681 4050/7973/1681 

v 822.387 1242.95 -316.891
f 4043/7962/1656 4044/7961/1656 4052/7972/1656 4051/7973/1656 

v 828.102 1242.95 -315.36
f 4044/7962/1673 4034/7961/1673 4053/7972/1673 4052/7973/1673 

v 833.817 1242.95 -316.891
f 4034/7962/1666 4033/7961/1666 4054/7972/1666 4053/7973/1666 

usemtl M_0061_OliveDrab
v 834.842 1260.95 -315.116
f 4033/3170/1829 4055/7939/1829 4034/7967/1829

v 839.776 1260.95 -320.05
f 4033/3170/1829 4056/7938/1829 4055/7939/1829

v 838.001 1260.95 -321.075
f 4057/3181/1829 4056/7938/1829 4033/3170/1829

v 839.532 1260.95 -326.79
vt -3.58698e-14 2.25
f 4058/7974/1829 4056/7938/1829 4057/3181/1829

f 4058/7974/1829 4019/7950/1829 4056/7938/1829

f 4020/3179/1829 4019/7950/1829 4058/7974/1829

vn -0.965926 5.45372e-09 0.258819
f 4026/7951/1837 4021/7952/1837 4020/7953/1837 4058/7954/1837 

usemtl M_0063_GreenYellow
v 838.001 1242.95 -332.505
v 839.532 1242.95 -326.79
f 4058/7954/1679 4020/7953/1679 4059/7970/1679 4060/7971/1679 

v 833.817 1242.95 -336.689
f 4020/7954/1669 4017/7953/1669 4061/7970/1669 4059/7971/1669 

v 828.102 1242.95 -338.22
f 4017/7954/1668 4016/7953/1668 4062/7970/1668 4061/7971/1668 

usemtl M_0061_OliveDrab
vn -0.258819 2.03552e-08 0.965926
f 4022/7951/1838 4027/7952/1838 4016/7953/1838 4017/7954/1838 

usemtl M_0063_GreenYellow
f 4016/7954/1677 4040/7953/1677 4049/7970/1677 4062/7971/1677 

v 838.001 1242.95 -321.075
vt 8.52651e-14 2.25
vt 9.9476e-14 -2.25
f 4053/3188/1683 4054/3178/1683 4063/3179/1683 4060/7975/1683 4059/3181/1683 4061/3170/1683 4062/3171/1683 4049/3172/1683 4048/3173/1683 4050/7976/1683 4051/3175/1683 4052/3176/1683 

f 4033/7962/1680 4057/7961/1680 4063/7972/1680 4054/7973/1680 

usemtl M_0061_OliveDrab
f 4024/7959/1672 4025/7960/1672 4057/7961/1672 4033/7962/1672 

vn -0.965926 -5.45467e-09 -0.258819
f 4025/7959/1839 4026/7960/1839 4058/7961/1839 4057/7962/1839 

usemtl M_0063_GreenYellow
f 4057/7962/1671 4058/7961/1671 4060/7972/1671 4063/7973/1671 

usemtl M_0061_OliveDrab
vt 5.31496 -0.686795
vt 5.31496 0.686795
vt 1.37795 0.686795
vt 1.37795 -0.686795
f 4056/7977/1675 4019/7978/1675 4008/7979/1675 4007/7980/1675 

f 4055/7977/1682 4056/7978/1682 4007/7979/1682 4006/7980/1682 

v 828.102 1260.95 -313.31
v 828.102 1280.95 -313.31
f 4064/7977/1677 4055/7978/1677 4006/7979/1677 4065/7980/1677 

vt -2.65357 2.67326e-14
f 4045/7941/1829 4055/7939/1829 4064/7981/1829

f 4045/7941/1829 4034/7967/1829 4055/7939/1829

f 4045/7977/1723 4064/7978/1723 4065/7979/1723 4035/7980/1723 

vt 2.65357 6.93067e-15
f 4006/7933/1828 4035/7947/1828 4065/7982/1828

f 3985/7934/1828 4035/7947/1828 4006/7933/1828

f 4046/7977/1669 4045/7978/1669 4035/7979/1669 4036/7980/1669 

f 4047/7977/1679 4046/7978/1679 4036/7979/1679 4037/7980/1679 

f 4039/7943/1671 4047/7944/1671 4037/7945/1671 4038/7946/1671 

f 4014/7943/1666 4015/7944/1666 4011/7945/1666 4012/7946/1666 

usemtl M_0063_GreenYellow
vn 0.497211 -0.113248 0.860207
v 833.817 1294.27 -316.06
vn 0.50043 -0.22408 0.836276
f 3981/3192/1819 4004/3193/1840 4066/3194/1841 3982/3195/1820 

vn 0.864408 -0.0656274 0.49849
v 838.001 1295.35 -320.101
vn 0.866275 -0.129297 0.482544
f 4004/3196/1840 4002/3197/1842 4067/3198/1843 4066/3199/1841 

vt 0 0.587027
vn 1 4.80561e-13 -1.55132e-12
v 839.532 1296.83 -325.622
vn 1 4.80638e-13 -1.55142e-12
f 4002/3200/1842 4000/7983/1844 4068/3202/1845 4067/3203/1843 

vn 0.864408 0.0656274 -0.49849
v 838.001 1298.31 -331.142
vn 0.866275 0.129297 -0.482544
f 4000/7797/1844 3998/3200/1846 4069/3205/1847 4068/3206/1845 

vn 0.497211 0.113248 -0.860207
v 833.817 1299.39 -335.183
vn 0.50043 0.22408 -0.836276
f 3998/3197/1846 3996/3196/1848 4070/3207/1849 4069/3208/1847 

vn -1.60089e-12 0.130526 -0.991445
v 828.102 1299.79 -336.662
vn -1.62325e-12 0.258819 -0.965926
f 3996/3193/1848 3994/3192/1850 4071/3209/1851 4070/3210/1849 

vn -0.497211 0.113248 -0.860207
v 822.387 1299.39 -335.183
vn -0.50043 0.22408 -0.836276
f 3994/3211/1850 3992/3212/1852 4072/3213/1853 4071/3214/1851 

vn -0.864408 0.0656274 -0.49849
v 818.203 1298.31 -331.142
vn -0.866275 0.129297 -0.482544
f 3992/3215/1852 3990/3216/1854 4073/3217/1855 4072/3218/1853 

vt 1.11293e-14 -0.587027
vn -1 -4.80518e-13 1.55143e-12
v 816.672 1296.83 -325.622
vn -1 -4.80746e-13 1.55176e-12
f 3990/3219/1854 3988/7984/1856 4074/3221/1857 4073/3222/1855 

vt -1.11293e-14 -0.587027
vn -0.864408 -0.0656274 0.49849
v 818.203 1295.35 -320.101
vn -0.866275 -0.129297 0.482544
f 3988/7985/1856 3986/3219/1858 4075/3224/1859 4074/3225/1857 

f 3986/3216/1858 3980/3215/1818 3983/3226/1821 4075/3227/1859 

v 822.387 1300.15 -313.624
vn -0.50043 -0.432888 0.749785
v 818.203 1302.24 -317.247
vn -0.866275 -0.249783 0.432637
f 4075/3274/1859 3983/3275/1821 4076/3276/1860 4077/3277/1861 

vn 1.62293e-12 -0.258819 0.965926
v 828.102 1299.38 -312.297
vn 1.58394e-12 -0.5 0.866025
f 3983/3230/1821 3982/3231/1862 4078/3232/1863 4076/3233/1860 

v 833.817 1300.15 -313.624
vn 0.50043 -0.432888 0.749785
f 3982/3234/1820 4066/3235/1841 4079/3236/1864 4078/3237/1863 

v 838.001 1302.24 -317.247
vn 0.866275 -0.249783 0.432637
f 4066/3238/1841 4067/3239/1843 4080/3240/1865 4079/3241/1864 

vn 1 4.80637e-13 -1.55142e-12
v 839.532 1305.1 -322.196
vn 1 4.80737e-13 -1.55149e-12
f 4067/3242/1843 4068/3243/1866 4081/3244/1867 4080/3245/1865 

vn 1 4.8064e-13 -1.55143e-12
v 838.001 1307.96 -327.145
vn 0.866275 0.249783 -0.432637
f 4068/3246/1868 4069/3247/1847 4082/3248/1869 4081/3249/1867 

v 833.817 1310.05 -330.769
vn 0.50043 0.432888 -0.749785
f 4069/3250/1847 4070/3251/1849 4083/3252/1870 4082/3253/1869 

v 828.102 1310.81 -332.095
vn -1.58446e-12 0.5 -0.866025
f 4070/3254/1849 4071/3255/1851 4084/3256/1871 4083/3257/1870 

v 822.387 1310.05 -330.769
vn -0.50043 0.432888 -0.749785
f 4071/3258/1851 4072/3259/1853 4085/3260/1872 4084/3261/1871 

v 818.203 1307.96 -327.145
vn -0.866275 0.249783 -0.432637
f 4072/3262/1853 4073/3263/1855 4086/3264/1873 4085/3265/1872 

vn -1 -4.80748e-13 1.55178e-12
v 816.672 1305.1 -322.196
vn -1 -4.81075e-13 1.55203e-12
f 4073/3266/1855 4074/3267/1874 4087/3268/1875 4086/3269/1873 

vn -1 -4.80752e-13 1.55177e-12
f 4074/3270/1876 4075/3271/1859 4077/3272/1861 4087/3273/1875 

vn -1 -4.81082e-13 1.55203e-12
v 818.203 1308.16 -312.706
vn -0.866275 -0.353247 0.353247
v 816.672 1312.2 -316.747
vn -1 -4.8124e-13 1.55188e-12
f 4087/3322/1877 4077/3323/1861 4088/3324/1878 4089/3325/1879 

v 822.387 1305.2 -309.747
vn -0.50043 -0.612197 0.612197
f 4077/3278/1861 4076/3279/1860 4090/3280/1880 4088/3281/1878 

v 828.102 1304.12 -308.664
vn 1.43705e-12 -0.707107 0.707107
f 4076/3282/1860 4078/3283/1863 4091/3284/1881 4090/3285/1880 

v 833.817 1305.2 -309.747
vn 0.50043 -0.612197 0.612197
f 4078/3286/1863 4079/3287/1864 4092/3288/1882 4091/3289/1881 

v 838.001 1308.16 -312.706
vn 0.866275 -0.353247 0.353247
f 4079/3290/1864 4080/3291/1865 4093/3292/1883 4092/3293/1882 

vn 1 4.8073e-13 -1.55149e-12
v 839.532 1312.2 -316.747
vn 1 4.80802e-13 -1.55147e-12
f 4080/3294/1865 4081/3295/1884 4094/3296/1885 4093/3297/1883 

v 838.001 1316.24 -320.788
vn 0.866275 0.353247 -0.353247
f 4081/3298/1884 4082/3299/1869 4095/3300/1886 4094/3301/1885 

v 833.817 1319.2 -323.746
vn 0.50043 0.612197 -0.612197
f 4082/3302/1869 4083/3303/1870 4096/3304/1887 4095/3305/1886 

vn -1.58445e-12 0.5 -0.866025
v 828.102 1320.28 -324.829
vn -1.43766e-12 0.707107 -0.707107
f 4083/3306/1870 4084/3307/1888 4097/3308/1889 4096/3309/1887 

v 822.387 1319.2 -323.746
vn -0.50043 0.612197 -0.612197
f 4084/3310/1888 4085/3311/1872 4098/3312/1890 4097/3313/1889 

v 818.203 1316.24 -320.788
vn -0.866275 0.353247 -0.353247
f 4085/3314/1872 4086/3315/1873 4099/3316/1891 4098/3317/1890 

vn -1 -4.81068e-13 1.55204e-12
f 4086/3318/1873 4087/3319/1892 4089/3320/1879 4099/3321/1891 

vn -1 -4.81233e-13 1.55188e-12
v 816.672 1317.65 -309.645
vn -1 -4.81413e-13 1.5517e-12
v 818.203 1322.6 -312.502
vn -0.866275 0.432637 -0.249783
f 4099/3370/1891 4089/3371/1893 4100/3372/1894 4101/3373/1895 

v 818.203 1312.7 -306.787
vn -0.866275 -0.432637 0.249783
f 4089/3326/1879 4088/3327/1878 4102/3328/1896 4100/3329/1894 

v 822.387 1309.08 -304.696
vn -0.50043 -0.749785 0.432889
f 4088/3330/1878 4090/3331/1880 4103/3332/1897 4102/3333/1896 

v 828.102 1307.75 -303.93
vn 1.19218e-12 -0.866025 0.5
f 4090/3334/1880 4091/3335/1881 4104/3336/1898 4103/3337/1897 

v 833.817 1309.08 -304.696
vn 0.50043 -0.749785 0.432889
f 4091/3338/1881 4092/3339/1882 4105/3340/1899 4104/3341/1898 

v 838.001 1312.7 -306.787
vn 0.866275 -0.432637 0.249783
f 4092/3342/1882 4093/3343/1883 4106/3344/1900 4105/3345/1899 

v 839.532 1317.65 -309.645
vn 1 4.80939e-13 -1.55144e-12
f 4093/3346/1883 4094/3347/1885 4107/3348/1901 4106/3349/1900 

v 838.001 1322.6 -312.502
vn 0.866275 0.432637 -0.249783
f 4094/3350/1885 4095/3351/1886 4108/3352/1902 4107/3353/1901 

v 833.817 1326.22 -314.594
vn 0.50043 0.749785 -0.432889
f 4095/3354/1886 4096/3355/1887 4109/3356/1903 4108/3357/1902 

vn -1.43765e-12 0.707107 -0.707107
v 828.102 1327.55 -315.36
vn -1.1927e-12 0.866025 -0.5
f 4096/3358/1887 4097/3359/1904 4110/3360/1905 4109/3361/1903 

vn -1.43768e-12 0.707107 -0.707107
v 822.387 1326.22 -314.594
vn -0.50043 0.749785 -0.432889
f 4097/3362/1906 4098/3363/1890 4111/3364/1907 4110/3365/1905 

f 4098/3366/1890 4099/3367/1891 4101/3368/1895 4111/3369/1907 

v 818.203 1326.6 -302.854
vn -0.866275 0.482544 -0.129297
v 822.387 1330.64 -303.937
vn -0.50043 0.836276 -0.22408
f 4111/3418/1907 4101/3419/1895 4112/3420/1908 4113/3421/1909 

vn -1 -4.81413e-13 1.55169e-12
v 816.672 1321.08 -301.375
vn -1 -4.78063e-13 1.56065e-12
f 4101/3374/1895 4100/3375/1910 4114/3376/1911 4112/3377/1908 

vn -1 -4.8142e-13 1.5517e-12
v 818.203 1315.55 -299.896
vn -0.866275 -0.482544 0.129297
f 4100/3378/1912 4102/3379/1896 4115/3380/1913 4114/3381/1911 

v 822.387 1311.51 -298.813
vn -0.50043 -0.836276 0.22408
f 4102/3382/1896 4103/3383/1897 4116/3384/1914 4115/3385/1913 

vn 1.19216e-12 -0.866025 0.5
v 828.102 1310.03 -298.417
vn 8.65067e-13 -0.965926 0.258819
f 4103/3386/1897 4104/3387/1915 4117/3388/1916 4116/3389/1914 

vn 1.19219e-12 -0.866025 0.5
v 833.817 1311.51 -298.813
vn 0.50043 -0.836276 0.22408
f 4104/3390/1917 4105/3391/1899 4118/3392/1918 4117/3393/1916 

v 838.001 1315.55 -299.896
vn 0.866275 -0.482544 0.129297
f 4105/3394/1899 4106/3395/1900 4119/3396/1919 4118/3397/1918 

vn 1 4.80931e-13 -1.55143e-12
v 839.532 1321.08 -301.375
vn 1 4.57305e-13 -1.55121e-12
f 4106/3398/1900 4107/3399/1920 4120/3400/1921 4119/3401/1919 

v 838.001 1326.6 -302.854
vn 0.866275 0.482544 -0.129297
f 4107/3402/1901 4108/3403/1902 4121/3404/1922 4120/3405/1921 

v 833.817 1330.64 -303.937
vn 0.50043 0.836276 -0.22408
f 4108/3406/1902 4109/3407/1903 4122/3408/1923 4121/3409/1922 

v 828.102 1332.12 -304.333
vn -8.5894e-13 0.965926 -0.258819
f 4109/3410/1903 4110/3411/1905 4123/3412/1924 4122/3413/1923 

f 4110/3414/1905 4111/3415/1907 4113/3416/1909 4123/3417/1924 

vn -8.58955e-13 0.965926 -0.258819
v 822.387 1332.14 -292.5
vn -0.497211 0.860207 -0.113248
v 828.102 1333.67 -292.5
vn -6.64938e-13 0.991445 -0.130526
f 4123/3466/1925 4113/3467/1909 4124/3468/1926 4125/3469/1927 

v 818.203 1327.96 -292.5
vn -0.864408 0.49849 -0.0656274
f 4113/3422/1909 4112/3423/1908 4126/3424/1928 4124/3425/1926 

vn -1 -4.78056e-13 1.56065e-12
v 816.672 1322.24 -292.5
vn -1 -4.74606e-13 1.56969e-12
f 4112/3426/1908 4114/3427/1929 4127/3428/1930 4126/3429/1928 

v 818.203 1316.53 -292.5
vn -0.864408 -0.49849 0.0656274
f 4114/3430/1929 4115/3431/1913 4128/3432/1931 4127/3433/1930 

v 822.387 1312.34 -292.5
vn -0.497211 -0.860207 0.113248
f 4115/3434/1913 4116/3435/1914 4129/3436/1932 4128/3437/1931 

vn 8.65081e-13 -0.965926 0.258819
v 828.102 1310.81 -292.5
vn 6.77488e-13 -0.991445 0.130526
f 4116/3438/1914 4117/3439/1933 4130/3440/1934 4129/3441/1932 

vn 8.65052e-13 -0.965926 0.258819
v 833.817 1312.34 -292.5
vn 0.497211 -0.860207 0.113248
f 4117/3442/1935 4118/3443/1918 4131/3444/1936 4130/3445/1934 

v 838.001 1316.53 -292.5
vn 0.864408 -0.49849 0.0656274
f 4118/3446/1918 4119/3447/1919 4132/3448/1937 4131/3449/1936 

vn 1 4.57298e-13 -1.55121e-12
v 839.532 1322.24 -292.5
vn 1 4.33578e-13 -1.55104e-12
f 4119/3450/1919 4120/3451/1938 4133/3452/1939 4132/3453/1937 

vn 1 4.57298e-13 -1.55122e-12
v 838.001 1327.96 -292.5
vn 0.864408 0.49849 -0.0656274
f 4120/3454/1940 4121/3455/1922 4134/3456/1941 4133/3457/1939 

v 833.817 1332.14 -292.5
vn 0.497211 0.860207 -0.113248
f 4121/3458/1922 4122/3459/1923 4135/3460/1942 4134/3461/1941 

f 4122/3462/1923 4123/3463/1924 4125/3464/1927 4135/3465/1942 

usemtl M_0061_OliveDrab
vn 0.258819 0.965926 -2.03556e-08
v 828.102 1333.67 -272.5
vt 10.687 -2.32937
v 833.817 1332.14 -272.5
vt 10.687 -1.16469
f 4135/7805/1943 4125/7806/1943 4136/7986/1943 4137/7987/1943 

vt 9 1.94488e-14
vn -1.55257e-12 -2.10732e-08 -1
v 828.102 1335.73 -292.5
vt 9.40445 4.78705e-14
vt 8.69856 1.125
f 4125/7988/1944 4138/7989/1944 4135/7990/1944

vt 8.69856 -1.125
f 4124/7991/1944 4138/7989/1944 4125/7988/1944

v 821.36 1333.92 -292.5
vt 9.04882 -1.32723
f 4124/7991/1944 4139/7992/1944 4138/7989/1944

vt 7.875 -1.94856
f 4126/7993/1944 4139/7992/1944 4124/7991/1944

v 816.424 1328.99 -292.5
vt 8.07723 -2.29882
f 4126/7993/1944 4140/7994/1944 4139/7992/1944

vt 6.75 -2.25
f 4127/7995/1944 4140/7994/1944 4126/7993/1944

v 816.424 1315.5 -292.5
vt 5.42277 -2.29882
f 4141/7996/1944 4140/7994/1944 4127/7995/1944

v 814.617 1322.24 -292.5
vt 6.75 -2.65445
f 4140/7994/1944 4141/7996/1944 4142/7997/1944

vt -6.75 -7.20702
vn -0.965926 -0.258819 5.45565e-09
vt -6.75 -5.83298
v 816.424 1315.5 -272.5
vt -10.687 -5.83298
v 814.617 1322.24 -272.5
vt -10.687 -7.20702
f 4142/7998/1945 4141/7999/1945 4143/8000/1945 4144/8001/1945 

vt -6.75 -5.45999
vn -0.707107 -0.707107 1.49021e-08
v 821.36 1310.57 -292.5
vt -6.75 -4.08595
v 821.36 1310.57 -272.5
vt -10.687 -4.08595
vt -10.687 -5.45999
f 4141/8002/1946 4145/8003/1946 4146/8004/1946 4143/8005/1946 

vt 5.625 -1.94856
vt 4.45118 -1.32723
f 4141/7996/1944 4128/8006/1944 4145/8007/1944

f 4128/8006/1944 4141/7996/1944 4127/7995/1944

vn -0.965926 -0.258819 5.45566e-09
v 818.203 1316.53 -272.5
vt -10.687 -5.93766
v 816.672 1322.24 -272.5
vt -10.687 -7.10234
f 4127/7821/1947 4128/7822/1947 4147/8008/1947 4148/8009/1947 

v 822.387 1312.34 -272.5
vt -10.687 -4.19063
vt -10.687 -5.35531
f 4128/7825/1946 4129/7826/1946 4149/8010/1946 4147/8011/1946 

vt 4.80144 -1.125
f 4145/8007/1944 4128/8006/1944 4129/8012/1944

v 828.102 1308.76 -292.5
vt 4.09555 1.94488e-14
f 4145/8007/1944 4129/8012/1944 4150/8013/1944

vt 4.5 1.94488e-14
f 4150/8013/1944 4129/8012/1944 4130/8014/1944

vn -0.258819 -0.965926 2.03556e-08
v 828.102 1310.81 -272.5
vt -10.687 -1.16469
vt -10.687 -2.32937
f 4129/7829/1948 4130/7830/1948 4151/8015/1948 4149/8016/1948 

vn 0.258819 -0.965926 2.03548e-08
v 833.817 1312.34 -272.5
vt -10.687 2.32937
vt -10.687 1.16469
f 4130/7833/1949 4131/7834/1949 4152/8017/1949 4151/8018/1949 

vt 4.80144 1.125
f 4150/8013/1944 4130/8014/1944 4131/8019/1944

v 834.844 1310.57 -292.5
vt 4.45118 1.32723
f 4150/8013/1944 4131/8019/1944 4153/8020/1944

vt 5.625 1.94856
f 4153/8020/1944 4131/8019/1944 4132/8021/1944

vn 0.707107 -0.707107 1.48999e-08
v 838.001 1316.53 -272.5
vt -10.687 5.35531
vt -10.687 4.19063
f 4131/7837/1950 4132/7838/1950 4154/8022/1950 4152/8023/1950 

vn 0.965926 -0.258819 5.45265e-09
v 839.532 1322.24 -272.5
vt -10.687 7.10234
vt -10.687 5.93766
f 4132/7841/1951 4133/7842/1951 4155/8024/1951 4154/8025/1951 

v 839.78 1315.5 -292.5
vt 5.42277 2.29882
vt 6.75 2.25
f 4156/8026/1944 4132/8021/1944 4133/8027/1944

f 4153/8020/1944 4132/8021/1944 4156/8026/1944

vt -6.75 4.08595
vt -6.75 5.45999
v 839.78 1315.5 -272.5
vt -10.687 5.45999
v 834.844 1310.57 -272.5
vt -10.687 4.08595
f 4153/8028/1950 4156/8029/1950 4157/8030/1950 4158/8031/1950 

vt -6.75 5.83298
v 841.587 1322.24 -292.5
vt -6.75 7.20702
v 841.587 1322.24 -272.5
vt -10.687 7.20702
vt -10.687 5.83298
f 4156/8032/1951 4159/8033/1951 4160/8034/1951 4157/8035/1951 

v 839.78 1328.99 -292.5
vt 8.07723 2.29882
vt 6.75 2.65445
f 4156/8026/1944 4161/8036/1944 4159/8037/1944

f 4156/8026/1944 4133/8027/1944 4161/8036/1944

vt 7.875 1.94856
f 4134/8038/1944 4161/8036/1944 4133/8027/1944

v 834.844 1333.92 -292.5
vt 9.04882 1.32723
f 4134/8038/1944 4162/8039/1944 4161/8036/1944

f 4135/7990/1944 4162/8039/1944 4134/8038/1944

f 4135/7990/1944 4138/7989/1944 4162/8039/1944

vt 6.75 -1.06001
vt 6.75 -2.43405
v 828.102 1335.73 -272.5
vt 10.687 -2.43405
v 834.844 1333.92 -272.5
vt 10.687 -1.06001
f 4162/8040/1943 4138/8041/1943 4163/8042/1943 4164/8043/1943 

vt 6.75 2.43405
vn -0.258819 0.965926 -2.03548e-08
vt 6.75 1.06001
v 821.36 1333.92 -272.5
vt 10.687 1.06001
vt 10.687 2.43405
f 4138/8044/1952 4139/8045/1952 4165/8046/1952 4163/8047/1952 

vt 6.75 5.45999
vn -0.707107 0.707107 -1.48999e-08
vt 6.75 4.08595
v 816.424 1328.99 -272.5
vt 10.687 4.08595
vt 10.687 5.45999
f 4139/8048/1953 4140/8049/1953 4166/8050/1953 4165/8051/1953 

vt 6.75 7.20702
vn -0.965926 0.258819 -5.45265e-09
vt 6.75 5.83298
vt 10.687 5.83298
vt 10.687 7.20702
f 4140/8052/1954 4142/8053/1954 4144/8054/1954 4166/8055/1954 

vt -5.42277 -2.29882
vn 1.55296e-12 2.10732e-08 1
vt -8.07723 -2.29882
vt -6.75 -2.65445
f 4143/8056/1955 4166/8057/1955 4144/8058/1955

f 4166/8057/1955 4143/8056/1955 4148/3479/1955

f 4148/3479/1955 4143/8056/1955 4147/3480/1955

vt -4.45118 -1.32723
f 4147/3480/1955 4143/8056/1955 4146/8059/1955

f 4147/3480/1955 4146/8059/1955 4149/3481/1955

v 828.102 1308.76 -272.5
vt -4.09555 3.85079e-14
f 4149/3481/1955 4146/8059/1955 4167/8060/1955

vt -6.75 -2.43405
vt -6.75 -1.06001
vt -10.687 -1.06001
vt -10.687 -2.43405
f 4145/8061/1948 4150/8062/1948 4167/8063/1948 4146/8064/1948 

vt -6.75 1.06001
vt -6.75 2.43405
vt -10.687 2.43405
vt -10.687 1.06001
f 4150/8065/1949 4153/8066/1949 4158/8067/1949 4167/8068/1949 

vt -4.5 3.85079e-14
vt -4.45118 1.32723
f 4151/8069/1955 4167/8060/1955 4158/8070/1955

f 4149/3481/1955 4167/8060/1955 4151/8069/1955

usemtl M_0063_GreenYellow
v 822.387 1312.34 -262.5
v 828.102 1310.81 -262.5
f 4168/7832/1948 4149/8016/1948 4151/8015/1948 4169/7831/1948 

v 818.203 1316.53 -262.5
f 4170/7828/1946 4147/8011/1946 4149/8010/1946 4168/7827/1946 

v 816.672 1322.24 -262.5
f 4171/7824/1945 4148/8009/1945 4147/8008/1945 4170/7823/1945 

v 818.203 1327.96 -262.5
v 818.203 1327.96 -272.5
vt 10.687 7.10234
vt 10.687 5.93766
f 4172/7820/1954 4173/8071/1954 4148/8072/1954 4171/7819/1954 

v 822.387 1332.14 -262.5
v 822.387 1332.14 -272.5
vt 10.687 5.35531
vt 10.687 4.19063
f 4174/7816/1953 4175/8073/1953 4173/8074/1953 4172/7815/1953 

v 828.102 1333.67 -262.5
vt 10.687 2.32937
vt 10.687 1.16469
f 4176/7812/1952 4136/8075/1952 4175/8076/1952 4174/7811/1952 

v 833.817 1332.14 -262.5
f 4177/7808/1943 4137/7987/1943 4136/7986/1943 4176/7807/1943 

v 838.001 1327.96 -262.5
vn 0.707107 0.707107 -1.49021e-08
v 838.001 1327.96 -272.5
vt 10.687 -4.19063
vt 10.687 -5.35531
f 4178/7852/1956 4179/8077/1956 4137/8078/1956 4177/7851/1956 

v 839.532 1322.24 -262.5
vn 0.965926 0.258819 -5.45565e-09
vt 10.687 -5.93766
vt 10.687 -7.10234
f 4180/7848/1957 4155/8079/1957 4179/8080/1957 4178/7847/1957 

v 838.001 1316.53 -262.5
f 4181/7844/1951 4154/8025/1951 4155/8024/1951 4180/7843/1951 

v 833.817 1312.34 -262.5
f 4182/7840/1950 4152/8023/1950 4154/8022/1950 4181/7839/1950 

f 4169/7836/1949 4151/8018/1949 4152/8017/1949 4182/7835/1949 

usemtl M_0061_OliveDrab
f 4151/8069/1955 4158/8070/1955 4152/3471/1955

f 4152/3471/1955 4158/8070/1955 4154/3472/1955

vt -5.42277 2.29882
f 4154/3472/1955 4158/8070/1955 4157/8081/1955

f 4154/3472/1955 4157/8081/1955 4155/3473/1955

v 839.78 1328.99 -272.5
vt -8.07723 2.29882
f 4183/8082/1955 4155/3473/1955 4157/8081/1955

f 4183/8082/1955 4179/3474/1955 4155/3473/1955

vt -9.04882 1.32723
f 4164/8083/1955 4179/3474/1955 4183/8082/1955

f 4164/8083/1955 4137/3475/1955 4179/3474/1955

vt -9.40445 6.69296e-14
f 4163/8084/1955 4137/3475/1955 4164/8083/1955

vt -9 3.85079e-14
f 4163/8084/1955 4136/8085/1955 4137/3475/1955

f 4163/8084/1955 4175/3477/1955 4136/8085/1955

vt -9.04882 -1.32723
f 4165/8086/1955 4175/3477/1955 4163/8084/1955

f 4165/8086/1955 4173/3478/1955 4175/3477/1955

f 4166/8057/1955 4173/3478/1955 4165/8086/1955

f 4173/3478/1955 4166/8057/1955 4148/3479/1955

f 4126/7817/1954 4127/7818/1954 4148/8072/1954 4173/8071/1954 

f 4124/7813/1953 4126/7814/1953 4173/8074/1953 4175/8073/1953 

f 4125/7809/1952 4124/7810/1952 4175/8076/1952 4136/8075/1952 

f 4134/7849/1956 4135/7850/1956 4137/8078/1956 4179/8077/1956 

vn 0.965926 0.258819 -5.45566e-09
f 4133/7845/1958 4134/7846/1958 4179/8080/1958 4155/8079/1958 

vt 6.75 -4.08595
vt 6.75 -5.45999
vt 10.687 -5.45999
vt 10.687 -4.08595
f 4161/8087/1956 4162/8088/1956 4164/8089/1956 4183/8090/1956 

vt 6.75 -5.83298
vt 6.75 -7.20702
vt 10.687 -7.20702
vt 10.687 -5.83298
f 4159/8091/1957 4161/8092/1957 4183/8093/1957 4160/8094/1957 

vt -6.75 2.65445
f 4183/8082/1955 4157/8081/1955 4160/8095/1955

usemtl M_0063_GreenYellow
vt -4.5 2.84217e-14
vn 1.55124e-12 2.10732e-08 1
vt -9 2.84217e-14
f 4169/8096/1959 4182/3471/1959 4181/3472/1959 4180/3473/1959 4178/3474/1959 4177/3475/1959 4176/8097/1959 4174/3477/1959 4172/3478/1959 4171/3479/1959 4170/3480/1959 4168/3481/1959 

g Mesh38 Group36 Group35 Model

v 814.989 1235.35 -111.149
vn -1 6.41592e-22 8.07492e-13
v 814.989 1229.63 -112.68
vt -2.25 2.86077e-66
v 814.989 1223.92 -111.149
v 814.989 1219.73 -106.965
v 814.989 1218.2 -101.25
v 814.989 1219.73 -95.535
v 814.989 1223.92 -91.3513
v 814.989 1229.63 -89.82
vt 2.25 2.84217e-14
v 814.989 1235.35 -91.3513
v 814.989 1239.53 -95.535
v 814.989 1241.06 -101.25
v 814.989 1239.53 -106.965
f 4184/3170/1960 4185/8098/1960 4186/3172/1960 4187/3173/1960 4188/7443/1960 4189/3175/1960 4190/3176/1960 4191/8099/1960 4192/3178/1960 4193/3179/1960 4194/7445/1960 4195/3181/1960 

vn -0.130526 -2.08929e-08 -0.991445
v 821.302 1235.35 -111.98
v 820.905 1229.63 -113.459
vn -0.258819 -2.03552e-08 -0.965926
f 4185/3192/1961 4184/3193/628 4196/3194/629 4197/3195/1962 

v 822.384 1239.53 -107.939
f 4184/3196/628 4195/3197/626 4198/3198/627 4196/3199/629 

vn 2.8735e-17 1 -2.10732e-08
v 823.864 1241.06 -102.418
vn 8.98316e-17 1 -2.10732e-08
f 4195/3200/626 4194/7797/1963 4199/3202/1964 4198/3203/627 

v 825.343 1239.53 -96.8981
f 4194/7983/1963 4193/3200/622 4200/3205/623 4199/3206/1964 

v 826.425 1235.35 -92.857
f 4193/3197/622 4192/3196/619 4201/3207/620 4200/3208/623 

vn 0.130526 2.08929e-08 0.991445
v 826.822 1229.63 -91.3779
vn 0.258819 2.03552e-08 0.965926
f 4192/3193/619 4191/3192/1965 4202/3209/1966 4201/3210/620 

v 826.425 1223.92 -92.857
f 4191/3211/1965 4190/3212/640 4203/3213/641 4202/3214/1966 

v 825.343 1219.73 -96.8981
f 4190/3215/640 4189/3216/638 4204/3217/639 4203/3218/641 

vt -1.84101e-15 -0.587027
vn 1.07981e-17 -1 2.10732e-08
v 823.864 1218.2 -102.418
vn -1.99446e-16 -1 2.10732e-08
f 4189/3219/638 4188/8100/1967 4205/3221/1968 4204/3222/639 

vt 1.85489e-15 -0.587027
v 822.384 1219.73 -107.939
f 4188/8101/1967 4187/3219/634 4206/3224/635 4205/3225/1968 

v 821.302 1223.92 -111.98
f 4187/3216/634 4186/3215/632 4207/3226/633 4206/3227/635 

f 4186/3212/632 4185/3211/1961 4197/3228/1962 4207/3229/633 

v 826.419 1229.63 -115.743
vn -0.5 -1.82499e-08 -0.866025
v 827.184 1223.92 -114.416
f 4207/3230/633 4197/3231/1962 4208/3232/1969 4209/3233/651 

v 827.184 1235.35 -114.416
f 4197/3234/1962 4196/3235/629 4210/3236/649 4208/3237/1969 

v 829.276 1239.53 -110.793
f 4196/3238/629 4198/3239/627 4211/3240/648 4210/3241/649 

vn 8.62377e-17 1 -2.10732e-08
v 832.134 1241.06 -105.844
vn 1.90461e-16 1 -2.10732e-08
f 4198/3242/627 4199/3243/1970 4212/3244/1971 4211/3245/648 

v 834.991 1239.53 -100.895
f 4199/3246/1964 4200/3247/623 4213/3248/645 4212/3249/1971 

v 837.083 1235.35 -97.2715
f 4200/3250/623 4201/3251/620 4214/3252/644 4213/3253/645 

v 837.849 1229.63 -95.9453
vn 0.5 1.82499e-08 0.866025
f 4201/3254/620 4202/3255/1966 4215/3256/1972 4214/3257/644 

v 837.083 1223.92 -97.2715
f 4202/3258/1966 4203/3259/641 4216/3260/643 4215/3261/1972 

v 834.991 1219.73 -100.895
f 4203/3262/641 4204/3263/639 4217/3264/655 4216/3265/643 

vn -2.01243e-16 -1 2.10732e-08
v 832.134 1218.2 -105.844
vn -5.21102e-16 -1 2.10732e-08
f 4204/3266/639 4205/3267/1973 4218/3268/1974 4217/3269/655 

v 829.276 1219.73 -110.793
f 4205/3270/1973 4206/3271/635 4219/3272/652 4218/3273/1974 

f 4206/3274/635 4207/3275/633 4209/3276/651 4219/3277/652 

v 832.236 1223.92 -118.293
v 835.194 1219.73 -115.334
f 4219/3278/652 4209/3279/651 4220/3280/667 4221/3281/668 

v 831.153 1229.63 -119.376
vn -0.707107 -1.4901e-08 -0.707107
f 4209/3282/651 4208/3283/1969 4222/3284/1975 4220/3285/667 

v 832.236 1235.35 -118.293
f 4208/3286/1969 4210/3287/649 4223/3288/665 4222/3289/1975 

v 835.194 1239.53 -115.334
f 4210/3290/649 4211/3291/648 4224/3292/664 4223/3293/665 

vn 1.86867e-16 1 -2.10732e-08
v 839.235 1241.06 -111.293
vn 3.16249e-16 1 -2.10732e-08
f 4211/3294/648 4212/3295/1976 4225/3296/1977 4224/3297/664 

vn 1.94055e-16 1 -2.10732e-08
v 843.276 1239.53 -107.252
f 4212/3298/1978 4213/3299/645 4226/3300/660 4225/3301/1977 

v 846.235 1235.35 -104.294
f 4213/3302/645 4214/3303/644 4227/3304/659 4226/3305/660 

v 847.318 1229.63 -103.211
vn 0.707107 1.4901e-08 0.707107
f 4214/3306/644 4215/3307/1972 4228/3308/1979 4227/3309/659 

v 846.235 1223.92 -104.294
f 4215/3310/1972 4216/3311/643 4229/3312/656 4228/3313/1979 

v 843.276 1219.73 -107.252
f 4216/3314/643 4217/3315/655 4230/3316/657 4229/3317/656 

vn -5.17508e-16 -1 2.10732e-08
v 839.235 1218.2 -111.293
vn -7.47519e-16 -1 2.10732e-08
f 4217/3318/655 4218/3319/1980 4231/3320/1981 4230/3321/657 

f 4218/3322/1980 4219/3323/652 4221/3324/668 4231/3325/1981 

vn -7.54707e-16 -1 2.10732e-08
v 839.735 1219.73 -121.252
v 844.685 1218.2 -118.395
vn -9.63154e-16 -1 2.10732e-08
f 4231/3326/1982 4221/3327/668 4232/3328/685 4233/3329/1983 

v 836.112 1223.92 -123.344
vn -0.749785 -0.50043 -0.432888
f 4221/3330/668 4220/3331/667 4234/3332/1984 4232/3333/685 

v 834.786 1229.63 -124.11
vn -0.866025 -1.05366e-08 -0.5
f 4220/3334/667 4222/3335/1975 4235/3336/1985 4234/3337/1984 

v 836.112 1235.35 -123.344
f 4222/3338/1975 4223/3339/665 4236/3340/949 4235/3341/1985 

v 839.735 1239.53 -121.252
f 4223/3342/665 4224/3343/664 4237/3344/681 4236/3345/949 

vn 3.09061e-16 1 -2.10732e-08
v 844.685 1241.06 -118.395
vn 4.88757e-16 1 -2.10732e-08
f 4224/3346/664 4225/3347/1986 4238/3348/1987 4237/3349/681 

vn 3.23436e-16 1 -2.10732e-08
v 849.634 1239.53 -115.537
f 4225/3350/1988 4226/3351/660 4239/3352/677 4238/3353/1987 

v 853.257 1235.35 -113.446
vn 0.749785 0.50043 0.432888
f 4226/3354/660 4227/3355/659 4240/3356/1989 4239/3357/677 

v 854.583 1229.63 -112.68
vn 0.866025 1.05366e-08 0.5
f 4227/3358/659 4228/3359/1979 4241/3360/1990 4240/3361/1989 

v 853.257 1223.92 -113.446
f 4228/3362/1979 4229/3363/656 4242/3364/955 4241/3365/1990 

v 849.634 1219.73 -115.537
f 4229/3366/656 4230/3367/657 4243/3368/672 4242/3369/955 

vn -7.40331e-16 -1 2.10732e-08
f 4230/3370/657 4231/3371/1991 4233/3372/1983 4243/3373/672 

v 848.11 1218.2 -126.665
vn -7.18768e-16 -1 2.10732e-08
v 853.63 1219.73 -125.186
f 4243/3374/672 4233/3375/1983 4244/3376/1992 4245/3377/689 

v 842.59 1219.73 -128.144
f 4233/3378/1983 4232/3379/685 4246/3380/688 4244/3381/1992 

v 838.549 1223.92 -129.227
f 4232/3382/685 4234/3383/1984 4247/3384/700 4246/3385/688 

v 837.07 1229.63 -129.623
vn -0.965926 -5.45415e-09 -0.258819
f 4234/3386/1984 4235/3387/1985 4248/3388/1993 4247/3389/700 

v 838.549 1235.35 -129.227
f 4235/3390/1985 4236/3391/949 4249/3392/698 4248/3393/1993 

v 842.59 1239.53 -128.144
f 4236/3394/949 4237/3395/681 4250/3396/697 4249/3397/698 

vn 4.81569e-16 1 -2.10732e-08
v 848.11 1241.06 -126.665
vn 4.4563e-16 1 -2.10732e-08
f 4237/3398/681 4238/3399/1994 4251/3400/1995 4250/3401/697 

vn 4.95945e-16 1 -2.10732e-08
v 853.63 1239.53 -125.186
f 4238/3402/1996 4239/3403/677 4252/3404/693 4251/3405/1995 

v 857.672 1235.35 -124.103
f 4239/3406/677 4240/3407/1989 4253/3408/692 4252/3409/693 

v 859.151 1229.63 -123.707
vn 0.965926 5.45415e-09 0.258819
f 4240/3410/1989 4241/3411/1990 4254/3412/1997 4253/3413/692 

v 857.672 1223.92 -124.103
f 4241/3414/1990 4242/3415/955 4255/3416/690 4254/3417/1997 

f 4242/3418/955 4243/3419/672 4245/3420/689 4255/3421/690 

v 854.994 1219.73 -135.54
v 859.177 1223.92 -135.54
f 4255/3422/690 4245/3423/689 4256/3424/705 4257/3425/706 

v 849.279 1218.2 -135.54
vn -3.73751e-16 -1 2.10732e-08
f 4245/3426/689 4244/3427/1992 4258/3428/1998 4256/3429/705 

vn -7.04392e-16 -1 2.10732e-08
v 843.564 1219.73 -135.54
f 4244/3430/1999 4246/3431/688 4259/3432/701 4258/3433/1998 

v 839.38 1223.92 -135.54
f 4246/3434/688 4247/3435/700 4260/3436/702 4259/3437/701 

v 837.849 1229.63 -135.54
vn -0.991445 -2.75061e-09 -0.130526
f 4247/3438/700 4248/3439/1993 4261/3440/2000 4260/3441/702 

v 839.38 1235.35 -135.54
f 4248/3442/1993 4249/3443/698 4262/3444/712 4261/3445/2000 

v 843.564 1239.53 -135.54
f 4249/3446/698 4250/3447/697 4263/3448/711 4262/3449/712 

vn 4.60005e-16 1 -2.10732e-08
v 849.279 1241.06 -135.54
f 4250/3450/697 4251/3451/2001 4264/3452/1977 4263/3453/711 

v 854.994 1239.53 -135.54
f 4251/3454/1995 4252/3455/693 4265/3456/709 4264/3457/1977 

v 859.177 1235.35 -135.54
f 4252/3458/693 4253/3459/692 4266/3460/708 4265/3461/709 

v 860.709 1229.63 -135.54
vn 0.991445 2.75061e-09 0.130526
f 4253/3462/692 4254/3463/1997 4267/3464/2002 4266/3465/708 

f 4254/3466/1997 4255/3467/690 4257/3468/706 4267/3469/2002 

vn 0.965926 -0.258819 5.45336e-09
v 859.177 1223.92 -160.54
vt 11.6713 1.16469
v 860.709 1229.63 -160.54
vt 11.6713 2.32937
f 4267/7809/2003 4257/7810/2003 4268/8102/2003 4269/8103/2003 

v 854.994 1219.73 -160.54
vt 11.6713 4.19063
vt 11.6713 5.35531
f 4257/7813/1797 4256/7814/1797 4270/8104/1797 4268/8105/1797 

vn 0.258819 -0.965926 2.03549e-08
v 849.279 1218.2 -160.54
vt 11.6713 5.93766
vt 11.6713 7.10234
f 4256/7817/2004 4258/7818/2004 4271/8106/2004 4270/8107/2004 

v 843.564 1219.73 -160.54
vt -11.6713 -5.93766
vt -11.6713 -7.10234
f 4258/7821/1799 4259/7822/1799 4272/8108/1799 4271/8109/1799 

v 839.38 1223.92 -160.54
vt -11.6713 -4.19063
vt -11.6713 -5.35531
f 4259/7825/1800 4260/7826/1800 4273/8110/1800 4272/8111/1800 

vn -0.965926 -0.258819 5.45494e-09
v 837.849 1229.63 -160.54
vt -11.6713 -1.16469
vt -11.6713 -2.32937
f 4260/7829/2005 4261/7830/2005 4274/8112/2005 4273/8113/2005 

vn -0.965926 0.258819 -5.45336e-09
v 839.38 1235.35 -160.54
vt -11.6713 2.32937
vt -11.6713 1.16469
f 4261/7833/2006 4262/7834/2006 4275/8114/2006 4274/8115/2006 

v 843.564 1239.53 -160.54
vt -11.6713 5.35531
vt -11.6713 4.19063
f 4262/7837/1803 4263/7838/1803 4276/8116/1803 4275/8117/1803 

vn -0.258819 0.965926 -2.03549e-08
v 849.279 1241.06 -160.54
vt -11.6713 7.10234
vt -11.6713 5.93766
f 4263/7841/2007 4264/7842/2007 4277/8118/2007 4276/8119/2007 

v 854.994 1239.53 -160.54
vt 11.6713 -7.10234
vt 11.6713 -5.93766
f 4264/7845/1793 4265/7846/1793 4278/8120/1793 4277/8121/1793 

v 859.177 1235.35 -160.54
vt 11.6713 -5.35531
vt 11.6713 -4.19063
f 4265/7849/1794 4266/7850/1794 4279/8122/1794 4278/8123/1794 

vn 0.965926 0.258819 -5.45494e-09
vt 11.6713 -2.32937
vt 11.6713 -1.16469
f 4266/7805/2008 4267/7806/2008 4269/8124/2008 4279/8125/2008 

usemtl M_0061_OliveDrab
vt 9 7.81841e-14
vn 8.07649e-13 2.10732e-08 1
v 860.955 1236.37 -160.54
vt 9.04857 1.32708
f 4269/8126/2009 4280/8127/2009 4279/7990/2009

v 862.762 1229.63 -160.54
vt 9.40416 7.81841e-14
f 4269/8126/2009 4281/8128/2009 4280/8127/2009

f 4268/7991/2009 4281/8128/2009 4269/8126/2009

v 860.955 1222.89 -160.54
vt 9.04857 -1.32708
f 4268/7991/2009 4282/8129/2009 4281/8128/2009

f 4270/7993/2009 4282/8129/2009 4268/7991/2009

v 856.02 1217.95 -160.54
vt 8.07708 -2.29857
f 4270/7993/2009 4283/8130/2009 4282/8129/2009

f 4283/8130/2009 4270/7993/2009 4271/7995/2009

v 849.279 1218.2 -180.54
vt 15.6083 5.93766
v 854.994 1219.73 -180.54
vt 15.6083 7.10234
f 4271/8106/1798 4284/8131/1798 4285/8132/1798 4270/8107/1798 

v 843.564 1219.73 -180.54
vt -15.6083 -5.93766
vt -15.6083 -7.10234
f 4272/8108/1799 4286/8133/1799 4284/8134/1799 4271/8109/1799 

v 839.38 1223.92 -180.54
vt -15.6083 -4.19063
vt -15.6083 -5.35531
f 4273/8110/1800 4287/8135/1800 4286/8136/1800 4272/8111/1800 

v 837.849 1229.63 -180.54
vt -15.6083 -1.16469
vt -15.6083 -2.32937
f 4274/8112/1801 4288/8137/1801 4287/8138/1801 4273/8113/1801 

v 839.38 1235.35 -180.54
vt -15.6083 2.32937
vt -15.6083 1.16469
f 4275/8114/1802 4289/8139/1802 4288/8140/1802 4274/8115/1802 

v 843.564 1239.53 -180.54
vt -15.6083 5.35531
vt -15.6083 4.19063
f 4276/8116/1803 4290/8141/1803 4289/8142/1803 4275/8117/1803 

v 849.279 1241.06 -180.54
vt -15.6083 7.10234
vt -15.6083 5.93766
f 4277/8118/1792 4291/8143/1792 4290/8144/1792 4276/8119/1792 

v 854.994 1239.53 -180.54
vt 15.6083 -7.10234
vt 15.6083 -5.93766
f 4278/8120/1793 4292/8145/1793 4291/8146/1793 4277/8121/1793 

v 859.177 1235.35 -180.54
vt 15.6083 -5.35531
vt 15.6083 -4.19063
f 4279/8122/1794 4293/8147/1794 4292/8148/1794 4278/8123/1794 

v 860.709 1229.63 -180.54
vt 15.6083 -2.32937
vt 15.6083 -1.16469
f 4269/8124/1795 4294/8149/1795 4293/8150/1795 4279/8125/1795 

v 859.177 1223.92 -180.54
vt 15.6083 1.16469
vt 15.6083 2.32937
f 4268/8102/1796 4295/8151/1796 4294/8152/1796 4269/8103/1796 

vt 15.6083 4.19063
vt 15.6083 5.35531
f 4270/8104/1797 4285/8153/1797 4295/8154/1797 4268/8105/1797 

v 860.955 1222.89 -180.54
vt -9.04857 -1.32708
vn -8.07649e-13 -2.10732e-08 -1
f 4296/8155/2010 4285/3478/2010 4295/3477/2010

v 856.02 1217.95 -180.54
vt -8.07708 -2.29857
f 4297/8156/2010 4285/3478/2010 4296/8155/2010

f 4285/3478/2010 4297/8156/2010 4284/3479/2010

v 842.537 1217.95 -180.54
vt -5.42292 -2.29857
f 4297/8156/2010 4298/8157/2010 4284/3479/2010

v 849.279 1216.15 -180.54
vt -6.75 -2.65416
f 4298/8157/2010 4297/8156/2010 4299/8158/2010

v 849.279 1216.15 -160.54
vt 11.6713 5.83305
vt 15.6083 5.83305
vt 15.6083 7.20695
vt 11.6713 7.20695
f 4300/8159/1798 4299/8160/1798 4297/8161/1798 4283/8162/1798 

v 842.537 1217.95 -160.54
vt -11.6713 -5.83305
vt -15.6083 -5.83305
vt -15.6083 -7.20695
vt -11.6713 -7.20695
f 4301/8163/1799 4298/8164/1799 4299/8165/1799 4300/8166/1799 

v 837.602 1222.89 -160.54
vt -11.6713 -4.08602
v 837.602 1222.89 -180.54
vt -15.6083 -4.08602
vt -15.6083 -5.45992
vt -11.6713 -5.45992
f 4302/8167/1800 4303/8168/1800 4298/8169/1800 4301/8170/1800 

v 835.795 1229.63 -160.54
vt -11.6713 -1.06008
v 835.795 1229.63 -180.54
vt -15.6083 -1.06008
vt -15.6083 -2.43397
vt -11.6713 -2.43397
f 4304/8171/1801 4305/8172/1801 4303/8173/1801 4302/8174/1801 

v 837.602 1236.37 -160.54
vt -11.6713 2.43397
v 837.602 1236.37 -180.54
vt -15.6083 2.43397
vt -15.6083 1.06008
vt -11.6713 1.06008
f 4306/8175/1802 4307/8176/1802 4305/8177/1802 4304/8178/1802 

v 842.537 1241.31 -160.54
vt -11.6713 5.45992
v 842.537 1241.31 -180.54
vt -15.6083 5.45992
vt -15.6083 4.08602
vt -11.6713 4.08602
f 4308/8179/1803 4309/8180/1803 4307/8181/1803 4306/8182/1803 

v 849.279 1243.11 -160.54
vt -11.6713 7.20695
v 849.279 1243.11 -180.54
vt -15.6083 7.20695
vt -15.6083 5.83305
vt -11.6713 5.83305
f 4310/8183/1792 4311/8184/1792 4309/8185/1792 4308/8186/1792 

v 856.02 1241.31 -160.54
vt 11.6713 -7.20695
v 856.02 1241.31 -180.54
vt 15.6083 -7.20695
vt 15.6083 -5.83305
vt 11.6713 -5.83305
f 4312/8187/1793 4313/8188/1793 4311/8189/1793 4310/8190/1793 

vt 11.6713 -5.45992
v 860.955 1236.37 -180.54
vt 15.6083 -5.45992
vt 15.6083 -4.08602
vt 11.6713 -4.08602
f 4280/8191/1794 4314/8192/1794 4313/8193/1794 4312/8194/1794 

vt 11.6713 -2.43397
v 862.762 1229.63 -180.54
vt 15.6083 -2.43397
vt 15.6083 -1.06008
vt 11.6713 -1.06008
f 4281/8195/1795 4315/8196/1795 4314/8197/1795 4280/8198/1795 

vt 11.6713 1.06008
vt 15.6083 1.06008
vt 15.6083 2.43397
vt 11.6713 2.43397
f 4282/8199/1796 4296/8200/1796 4315/8201/1796 4281/8202/1796 

vt 11.6713 4.08602
vt 15.6083 4.08602
vt 15.6083 5.45992
vt 11.6713 5.45992
f 4283/8203/1797 4297/8204/1797 4296/8205/1797 4282/8206/1797 

vt -9.40416 1.04217e-13
f 4296/8155/2010 4295/3477/2010 4315/8207/2010

vt -9 1.04217e-13
f 4315/8207/2010 4295/3477/2010 4294/8208/2010

usemtl M_0063_GreenYellow
v 859.177 1223.92 -215.54
vt 22.498 1.16469
v 860.709 1229.63 -215.54
vt 22.498 2.32937
f 4316/8209/1796 4317/8210/1796 4294/8152/1796 4295/8151/1796 

v 837.849 1229.63 -215.54
vt -4.5 8.52651e-14
vn -8.07852e-13 -2.10732e-08 -1
v 839.38 1235.35 -215.54
v 843.564 1239.53 -215.54
v 849.279 1241.06 -215.54
v 854.994 1239.53 -215.54
v 859.177 1235.35 -215.54
vt -9 8.52651e-14
v 854.994 1219.73 -215.54
v 849.279 1218.2 -215.54
v 843.564 1219.73 -215.54
v 839.38 1223.92 -215.54
f 4318/8211/2011 4319/3471/2011 4320/3472/2011 4321/3473/2011 4322/3474/2011 4323/3475/2011 4317/8212/2011 4316/3477/2011 4324/3478/2011 4325/3479/2011 4326/3480/2011 4327/3481/2011 

vt -22.498 2.32937
vt -22.498 1.16469
f 4319/8213/1802 4318/8214/1802 4288/8140/1802 4289/8139/1802 

vt -22.498 -1.16469
vt -22.498 -2.32937
f 4318/8215/1801 4327/8216/1801 4287/8138/1801 4288/8137/1801 

vt -22.498 -4.19063
vt -22.498 -5.35531
f 4327/8217/1800 4326/8218/1800 4286/8136/1800 4287/8135/1800 

vt -22.498 -5.93766
vt -22.498 -7.10234
f 4326/8219/1799 4325/8220/1799 4284/8134/1799 4286/8133/1799 

vt 22.498 5.93766
vt 22.498 7.10234
f 4325/8221/1798 4324/8222/1798 4285/8132/1798 4284/8131/1798 

vt 22.498 4.19063
vt 22.498 5.35531
f 4324/8223/1797 4316/8224/1797 4295/8154/1797 4285/8153/1797 

usemtl M_0061_OliveDrab
f 4284/3479/2010 4298/8157/2010 4286/3480/2010

vt -4.45143 -1.32708
f 4286/3480/2010 4298/8157/2010 4303/8225/2010

f 4286/3480/2010 4303/8225/2010 4287/3481/2010

vt -4.09584 1.04217e-13
f 4287/3481/2010 4303/8225/2010 4305/8226/2010

vt -4.5 1.04217e-13
f 4287/3481/2010 4305/8226/2010 4288/8227/2010

vt -4.45143 1.32708
f 4288/8227/2010 4305/8226/2010 4307/8228/2010

f 4288/8227/2010 4307/8228/2010 4289/3471/2010

f 4289/3471/2010 4307/8228/2010 4290/3472/2010

vt -5.42292 2.29857
f 4290/3472/2010 4307/8228/2010 4309/8229/2010

f 4290/3472/2010 4309/8229/2010 4291/3473/2010

vt -8.07708 2.29857
f 4291/3473/2010 4309/8229/2010 4313/8230/2010

vt -6.75 2.65416
f 4313/8230/2010 4309/8229/2010 4311/8231/2010

f 4313/8230/2010 4292/3474/2010 4291/3473/2010

vt -9.04857 1.32708
f 4314/8232/2010 4292/3474/2010 4313/8230/2010

f 4314/8232/2010 4293/3475/2010 4292/3474/2010

f 4315/8207/2010 4293/3475/2010 4314/8232/2010

f 4315/8207/2010 4294/8208/2010 4293/3475/2010

usemtl M_0063_GreenYellow
vt 22.498 -2.32937
vt 22.498 -1.16469
f 4317/8233/1795 4323/8234/1795 4293/8150/1795 4294/8149/1795 

vt 22.498 -5.35531
vt 22.498 -4.19063
f 4323/8235/1794 4322/8236/1794 4292/8148/1794 4293/8147/1794 

vt 22.498 -7.10234
vt 22.498 -5.93766
f 4322/8237/1793 4321/8238/1793 4291/8146/1793 4292/8145/1793 

vt -22.498 7.10234
vt -22.498 5.93766
f 4321/8239/1792 4320/8240/1792 4290/8144/1792 4291/8143/1792 

vt -22.498 5.35531
vt -22.498 4.19063
f 4320/8241/1803 4319/8242/1803 4289/8142/1803 4290/8141/1803 

usemtl M_0061_OliveDrab
vt 8.07708 2.29857
f 4278/8038/2009 4280/8127/2009 4312/8243/2009

f 4279/7990/2009 4280/8127/2009 4278/8038/2009

f 4278/8038/2009 4312/8243/2009 4277/8027/2009

vt 5.42292 2.29857
f 4308/8244/2009 4277/8027/2009 4312/8243/2009

f 4308/8244/2009 4276/8021/2009 4277/8027/2009

vt 4.45143 1.32708
f 4306/8245/2009 4276/8021/2009 4308/8244/2009

f 4306/8245/2009 4275/8019/2009 4276/8021/2009

vt 4.09584 7.81841e-14
f 4304/8246/2009 4275/8019/2009 4306/8245/2009

vt 4.5 7.81841e-14
f 4304/8246/2009 4274/8247/2009 4275/8019/2009

f 4304/8246/2009 4273/8012/2009 4274/8247/2009

vt 4.45143 -1.32708
f 4302/8248/2009 4273/8012/2009 4304/8246/2009

f 4302/8248/2009 4272/8006/2009 4273/8012/2009

vt 5.42292 -2.29857
f 4301/8249/2009 4272/8006/2009 4302/8248/2009

f 4301/8249/2009 4271/7995/2009 4272/8006/2009

f 4301/8249/2009 4283/8130/2009 4271/7995/2009

vt 6.75 -2.65416
f 4283/8130/2009 4301/8249/2009 4300/8250/2009

vt 6.75 2.65416
f 4308/8244/2009 4312/8243/2009 4310/8251/2009

g Mesh39 Group38 Group37 Group35 Model

usemtl Color_003
v 849.279 1132.34 -238.4
vn 1.3005e-16 -1 -8.72796e-09
v 843.564 1132.34 -239.931
v 839.38 1132.34 -244.115
v 837.849 1132.34 -249.83
v 839.38 1132.34 -255.545
v 843.564 1132.34 -259.729
v 849.279 1132.34 -261.26
v 854.994 1132.34 -259.729
v 859.177 1132.34 -255.545
v 860.709 1132.34 -249.83
v 859.177 1132.34 -244.115
v 854.994 1132.34 -239.931
f 4328/7687/2012 4329/7688/2012 4330/7689/2012 4331/7690/2012 4332/7691/2012 4333/7680/2012 4334/7681/2012 4335/7682/2012 4336/7683/2012 4337/7684/2012 4338/7685/2012 4339/7686/2012 

v 834.991 1150.34 -225.083
vt -1.03953 16.7739
vt -10.2027 13.336
vt -9.78686 11.044
vn -1.07893e-08 -0.6897 0.724095
v 849.279 1150.34 -221.255
vt 0 11.044
f 4340/8252/1817 4329/8253/1817 4328/8254/2013 4341/8255/2013 

v 824.532 1150.34 -235.542
vt -4.45996 19.7103
vt -11.4543 12.8648
vt -10.1484 10.9359
vt -1.19504 14.8882
f 4342/8256/1816 4330/8257/1816 4329/8258/1817 4340/8259/1817 

v 820.704 1150.34 -249.83
vt -10.8296 17.9911
vn -0.724095 -0.6897 -1.68089e-08
vt -12.7487 8.39419
vt -10.5828 7.53703
vt -5.41482 15.8482
f 4343/8260/2014 4331/8261/2014 4330/8262/1816 4342/8263/1816 

vt -10.8296 13.6599
v 824.532 1150.34 -264.117
vt -16.2445 11.517
vt -11.0765 3.20588
vt -8.91059 4.06304
f 4343/8264/2014 4344/8265/1814 4332/8266/1814 4331/8267/2014 

vn -4.36412e-16 1 8.72795e-09
vt 0 11.25
v 863.566 1150.34 -225.083
v 874.025 1150.34 -235.542
v 877.854 1150.34 -249.83
vt 11.25 2.41016e-29
v 874.025 1150.34 -264.117
v 863.566 1150.34 -274.577
v 849.279 1150.34 -278.405
v 834.991 1150.34 -274.577
f 4340/7669/2015 4341/8268/2015 4345/7671/2015 4346/7672/2015 4347/8269/2015 4348/7674/2015 4349/7675/2015 4350/7664/2015 4351/7665/2015 4344/7666/2015 4343/7667/2015 4342/7668/2015 

vt -10.2027 8.75209
vt -1.03953 5.31415
f 4341/8255/2013 4328/8254/2013 4339/8270/1806 4345/8271/1806 

vt -10.1484 8.27774
vt -11.4543 6.3489
vt -4.45996 -0.49662
vt -1.19504 4.32548
f 4339/8272/1806 4338/8273/1807 4346/8274/1807 4345/8275/1806 

vt -10.5828 8.28845
vt -12.7487 7.43129
vn 0.724095 -0.6897 4.7696e-09
vt -10.8296 -2.16557
vt -5.41482 -0.0226811
f 4338/8276/1807 4337/8277/2016 4347/8278/2016 4346/8279/1807 

vt -11.0765 12.6196
vt -16.2445 4.30847
vt -10.8296 2.16557
vt -8.91059 11.7624
f 4336/8280/1809 4348/8281/1809 4347/8282/2016 4337/8283/2016 

vt -7.69147 15.4125
vt -16.6448 11.4602
vt -13.3799 6.63815
vt -6.3855 13.4837
f 4335/8284/1810 4349/8285/1810 4348/8286/1809 4336/8287/1809 

vt -5.7314 14.1472
vn 1.07893e-08 -0.6897 -0.724095
vt -15.5183 14.1472
vt -14.4787 8.4173
vt -5.31559 11.8552
f 4334/8288/2017 4350/8289/2017 4349/8290/1810 4335/8291/1810 

vt -14.4787 13.6708
vt -15.5183 7.94091
vt -5.7314 7.94091
vt -5.31559 10.2329
f 4351/8292/1813 4350/8293/2017 4334/8294/2017 4333/8295/1813 

vt -13.3799 12.5755
vt -16.6448 7.75342
vt -7.69147 3.80116
vt -6.3855 5.73
f 4344/8296/1814 4351/8297/1813 4333/8298/1813 4332/8299/1814 

g Mesh40 Group37 Group35 Model

usemtl M_0063_GreenYellow
v 843.564 1219.73 -215.54
vn -1.49004e-08 -8.72795e-09 1
v 849.279 1218.2 -215.54
vt -2.25 8.27071e-47
v 854.994 1219.73 -215.54
v 859.177 1223.92 -215.54
v 860.709 1229.63 -215.54
vt 0 -2.25
v 859.177 1235.35 -215.54
v 854.994 1239.53 -215.54
v 849.279 1241.06 -215.54
v 843.564 1239.53 -215.54
v 839.38 1235.35 -215.54
v 837.849 1229.63 -215.54
vt -4.70198e-37 2.25
v 839.38 1223.92 -215.54
f 4352/3170/2018 4353/8300/2018 4354/3172/2018 4355/3173/2018 4356/8301/2018 4357/3175/2018 4358/3176/2018 4359/8099/2018 4360/3178/2018 4361/3179/2018 4362/8302/2018 4363/3181/2018 

vn -1.94489e-09 -0.991445 0.130526
v 843.564 1218.9 -221.853
v 849.279 1217.42 -221.457
vn -3.8565e-09 -0.965926 0.258819
f 4353/3192/2019 4352/3193/1932 4364/3194/1914 4365/3195/2020 

v 839.38 1222.94 -222.936
f 4352/3196/1932 4363/3197/1931 4366/3198/1913 4364/3199/1914 

vt -5.63571e-14 0.587027
vn -1 7.25546e-17 -1.49004e-08
v 837.849 1228.46 -224.415
vn -1 3.60068e-16 -1.49004e-08
f 4363/3200/1931 4362/8303/2021 4367/3202/2022 4366/3203/1913 

vt 5.6371e-14 0.587027
v 839.38 1233.98 -225.894
f 4362/8304/2021 4361/3200/1928 4368/3205/1908 4367/3206/2022 

v 843.564 1238.02 -226.977
f 4361/3197/1928 4360/3196/1926 4369/3207/1909 4368/3208/1908 

vn 1.94489e-09 0.991445 -0.130526
v 849.279 1239.5 -227.373
vn 3.8565e-09 0.965926 -0.258819
f 4360/3193/1926 4359/3192/2023 4370/3209/2024 4369/3210/1909 

v 854.994 1238.02 -226.977
f 4359/3211/2023 4358/3212/1942 4371/3213/1923 4370/3214/2024 

v 859.177 1233.98 -225.894
f 4358/3215/1942 4357/3216/1941 4372/3217/1922 4371/3218/1923 

vn 1 -2.16311e-16 1.49004e-08
v 860.709 1228.46 -224.415
vn 1 -7.1946e-16 1.49004e-08
f 4357/3219/1941 4356/7790/2025 4373/3221/2026 4372/3222/1922 

v 859.177 1222.94 -222.936
vn 1 -7.05085e-16 1.49004e-08
f 4356/7784/2025 4355/3219/1937 4374/3224/1919 4373/3225/2027 

v 854.994 1218.9 -221.853
f 4355/3216/1937 4354/3215/1936 4375/3226/1918 4374/3227/1919 

f 4354/3212/1936 4353/3211/2019 4365/3228/2020 4375/3229/1918 

v 849.279 1215.14 -226.97
vn -7.45019e-09 -0.866025 0.5
v 854.994 1216.46 -227.736
f 4375/3230/1918 4365/3231/2020 4376/3232/2028 4377/3233/1899 

v 843.564 1216.46 -227.736
vn -0.50043 -0.749785 0.432888
f 4365/3234/2020 4364/3235/1914 4378/3236/2029 4376/3237/2028 

v 839.38 1220.09 -229.827
f 4364/3238/1914 4366/3239/1913 4379/3240/1896 4378/3241/2029 

vn -1 3.5288e-16 -1.49004e-08
v 837.849 1225.04 -232.685
vn -1 6.83521e-16 -1.49004e-08
f 4366/3242/1913 4367/3243/2030 4380/3244/2031 4379/3245/1896 

vn -1 3.45693e-16 -1.49004e-08
v 839.38 1229.99 -235.542
f 4367/3246/2032 4368/3247/1908 4381/3248/1895 4380/3249/2031 

v 843.564 1233.61 -237.634
f 4368/3250/1908 4369/3251/1909 4382/3252/1907 4381/3253/1895 

v 849.279 1234.94 -238.4
vn 7.45019e-09 0.866025 -0.5
f 4369/3254/1909 4370/3255/2024 4383/3256/2033 4382/3257/1907 

v 854.994 1233.61 -237.634
vn 0.50043 0.749785 -0.432888
f 4370/3258/2024 4371/3259/1923 4384/3260/2034 4383/3261/2033 

v 859.177 1229.99 -235.542
f 4371/3262/1923 4372/3263/1922 4385/3264/1902 4384/3265/2034 

v 860.709 1225.04 -232.685
vn 1 -1.21542e-15 1.49004e-08
f 4372/3266/1922 4373/3267/2027 4386/3268/2035 4385/3269/1902 

vn 1 -7.12272e-16 1.49004e-08
v 859.177 1220.09 -229.827
f 4373/3270/2036 4374/3271/1919 4387/3272/1900 4386/3273/2035 

f 4374/3274/1919 4375/3275/1918 4377/3276/1899 4387/3277/1900 

v 854.994 1212.59 -232.787
v 859.177 1215.55 -235.746
f 4387/3278/1900 4377/3279/1899 4388/3280/1882 4389/3281/1883 

v 849.279 1211.51 -231.704
vn -1.05362e-08 -0.707107 0.707107
f 4377/3282/1899 4376/3283/2028 4390/3284/2037 4388/3285/1882 

v 843.564 1212.59 -232.787
f 4376/3286/2028 4378/3287/2029 4391/3288/1880 4390/3289/2037 

v 839.38 1215.55 -235.746
f 4378/3290/2029 4379/3291/1896 4392/3292/1878 4391/3293/1880 

vn -1 6.76333e-16 -1.49004e-08
v 837.849 1219.59 -239.787
vn -1 6.61958e-16 -1.49004e-08
f 4379/3294/1896 4380/3295/2038 4393/3296/2039 4392/3297/1878 

v 839.38 1223.63 -243.828
f 4380/3298/2031 4381/3299/1895 4394/3300/1891 4393/3301/2039 

v 843.564 1226.59 -246.786
f 4381/3302/1895 4382/3303/1907 4395/3304/1890 4394/3305/1891 

v 849.279 1227.67 -247.869
vn 1.05362e-08 0.707107 -0.707107
f 4382/3306/1907 4383/3307/2033 4396/3308/2040 4395/3309/1890 

v 854.994 1226.59 -246.786
f 4383/3310/2033 4384/3311/2034 4397/3312/1887 4396/3313/2040 

v 859.177 1223.63 -243.828
f 4384/3314/2034 4385/3315/1902 4398/3316/1886 4397/3317/1887 

v 860.709 1219.59 -239.787
vn 1 -1.05729e-15 1.49004e-08
f 4385/3318/1902 4386/3319/2035 4399/3320/2041 4398/3321/1886 

vn 1 -1.22261e-15 1.49004e-08
f 4386/3322/2042 4387/3323/1900 4389/3324/1883 4399/3325/2041 

vn 1 -1.06448e-15 1.49004e-08
v 859.177 1209.63 -240.287
v 860.709 1212.49 -245.236
vn 1 -7.55399e-16 1.49004e-08
f 4399/3326/2043 4389/3327/1883 4400/3328/1865 4401/3329/2044 

v 854.994 1207.54 -236.664
vn 0.50043 -0.432889 0.749785
f 4389/3330/1883 4388/3331/1882 4402/3332/2045 4400/3333/1865 

v 849.279 1206.77 -235.337
vn -1.29041e-08 -0.5 0.866025
f 4388/3334/1882 4390/3335/2037 4403/3336/2046 4402/3337/2045 

v 843.564 1207.54 -236.664
vn -0.50043 -0.432889 0.749785
f 4390/3338/2037 4391/3339/1880 4404/3340/2047 4403/3341/2046 

v 839.38 1209.63 -240.287
f 4391/3342/1880 4392/3343/1878 4405/3344/1861 4404/3345/2047 

vn -1 6.5477e-16 -1.49004e-08
v 837.849 1212.49 -245.236
vn -1 4.89449e-16 -1.49004e-08
f 4392/3346/1878 4393/3347/2048 4406/3348/2049 4405/3349/1861 

v 839.38 1215.34 -250.185
f 4393/3350/2048 4394/3351/1891 4407/3352/1873 4406/3353/2049 

v 843.564 1217.44 -253.809
vn -0.50043 0.432889 -0.749785
f 4394/3354/1891 4395/3355/1890 4408/3356/2050 4407/3357/1873 

v 849.279 1218.2 -255.135
vn 1.29041e-08 0.5 -0.866025
f 4395/3358/1890 4396/3359/2040 4409/3360/2051 4408/3361/2050 

v 854.994 1217.44 -253.809
vn 0.50043 0.432889 -0.749785
f 4396/3362/2040 4397/3363/1887 4410/3364/2052 4409/3365/2051 

v 859.177 1215.34 -250.185
f 4397/3366/1887 4398/3367/1886 4411/3368/1869 4410/3369/2052 

vn 1 -7.48212e-16 1.49004e-08
f 4398/3370/1886 4399/3371/2041 4401/3372/2053 4411/3373/1869 

vn 1 -7.44618e-16 1.49004e-08
v 860.709 1204.22 -248.662
vn 1 -3.63662e-16 1.49004e-08
v 859.177 1205.69 -254.182
f 4411/3374/1869 4401/3375/2054 4412/3376/2055 4413/3377/1847 

v 859.177 1202.74 -243.141
vn 1 -3.60068e-16 1.49004e-08
f 4401/3378/2044 4400/3379/1865 4414/3380/1843 4412/3381/2056 

v 854.994 1201.65 -239.1
f 4400/3382/1865 4402/3383/2045 4415/3384/1841 4414/3385/1843 

v 849.279 1201.26 -237.621
vn -1.43927e-08 -0.258819 0.965926
f 4402/3386/2045 4403/3387/2046 4416/3388/2057 4415/3389/1841 

v 843.564 1201.65 -239.1
f 4403/3390/2046 4404/3391/2047 4417/3392/1821 4416/3393/2057 

v 839.38 1202.74 -243.141
f 4404/3394/2047 4405/3395/1861 4418/3396/1859 4417/3397/1821 

vn -1 4.82262e-16 -1.49004e-08
v 837.849 1204.22 -248.662
vn -1 2.91784e-16 -1.49004e-08
f 4405/3398/1861 4406/3399/2058 4419/3400/2059 4418/3401/1859 

v 839.38 1205.69 -254.182
f 4406/3402/2058 4407/3403/1873 4420/3404/1855 4419/3405/2059 

v 843.564 1206.78 -258.223
f 4407/3406/1873 4408/3407/2050 4421/3408/1853 4420/3409/1855 

v 849.279 1207.17 -259.702
vn 1.43927e-08 0.258819 -0.965926
f 4408/3410/2050 4409/3411/2051 4422/3412/2060 4421/3413/1853 

v 854.994 1206.78 -258.223
f 4409/3414/2051 4410/3415/2052 4423/3416/1849 4422/3417/2060 

f 4410/3418/2052 4411/3419/1869 4413/3420/1847 4423/3421/1849 

v 859.177 1195.34 -255.545
v 854.994 1195.34 -259.729
f 4423/3422/1849 4413/3423/1847 4424/3424/1846 4425/3425/1848 

v 860.709 1195.34 -249.83
vn 1 -1.12088e-16 1.49004e-08
f 4413/3426/1847 4412/3427/2055 4426/3428/2061 4424/3429/1846 

vn 1 -3.58271e-16 1.49004e-08
v 859.177 1195.34 -244.115
f 4412/3430/2062 4414/3431/1843 4427/3432/1842 4426/3433/2061 

v 854.994 1195.34 -239.931
f 4414/3434/1843 4415/3435/1841 4428/3436/1840 4427/3437/1842 

v 849.279 1195.34 -238.4
vn -1.47729e-08 -0.130526 0.991445
f 4415/3438/1841 4416/3439/2057 4429/3440/2063 4428/3441/1840 

v 843.564 1195.34 -239.931
f 4416/3442/2057 4417/3443/1821 4430/3444/1818 4429/3445/2063 

v 839.38 1195.34 -244.115
f 4417/3446/1821 4418/3447/1859 4431/3448/1858 4430/3449/1818 

vn -1 2.89987e-16 -1.49004e-08
v 837.849 1195.34 -249.83
vn -1 1.94748e-16 -1.49004e-08
f 4418/3450/1859 4419/3451/2064 4432/3452/2065 4431/3453/1858 

v 839.38 1195.34 -255.545
f 4419/3454/2064 4420/3455/1855 4433/3456/1854 4432/3457/2065 

v 843.564 1195.34 -259.729
f 4420/3458/1855 4421/3459/1853 4434/3460/1852 4433/3461/1854 

v 849.279 1195.34 -261.26
vn 1.47729e-08 0.130526 -0.991445
f 4421/3462/1853 4422/3463/2060 4435/3464/2066 4434/3465/1852 

f 4422/3466/2060 4423/3467/1849 4425/3468/1848 4435/3469/2066 

vn 0.258819 8.43049e-09 -0.965926
v 854.994 1188.34 -259.729
vt 8.12795 1.16469
v 849.279 1188.34 -261.26
vt 8.12795 2.32937
f 4425/7810/2067 4436/8305/2067 4437/8306/2067 4435/7809/2067 

vn 0.707107 6.17156e-09 -0.707107
v 859.177 1188.34 -255.545
vt 8.12795 4.19063
vt 8.12795 5.35531
f 4424/7814/2068 4438/8307/2068 4436/8308/2068 4425/7813/2068 

vn 0.965926 2.25895e-09 -0.258819
v 860.709 1188.34 -249.83
vt 8.12795 5.93766
vt 8.12795 7.10234
f 4426/7818/2069 4439/8309/2069 4438/8310/2069 4424/7817/2069 

vn 0.965926 -2.25895e-09 0.258819
v 859.177 1188.34 -244.115
vt -8.12795 -5.93766
vt -8.12795 -7.10234
f 4427/7822/2070 4440/8311/2070 4439/8312/2070 4426/7821/2070 

vn 0.707107 -6.17156e-09 0.707107
v 854.994 1188.34 -239.931
vt -8.12795 -4.19063
vt -8.12795 -5.35531
f 4428/7826/2071 4441/8313/2071 4440/8314/2071 4427/7825/2071 

vn 0.258819 -8.43051e-09 0.965926
v 849.279 1188.34 -238.4
vt -8.12795 -1.16469
vt -8.12795 -2.32937
f 4429/7830/2072 4442/8315/2072 4441/8316/2072 4428/7829/2072 

vn -0.258819 -8.43052e-09 0.965926
v 843.564 1188.34 -239.931
vt -8.12795 2.32937
vt -8.12795 1.16469
f 4430/7834/2073 4443/8317/2073 4442/8318/2073 4429/7833/2073 

vn -0.707107 -6.17157e-09 0.707107
v 839.38 1188.34 -244.115
vt -8.12795 5.35531
vt -8.12795 4.19063
f 4431/7838/2074 4444/8319/2074 4443/8320/2074 4430/7837/2074 

vn -0.965926 -2.25895e-09 0.258819
v 837.849 1188.34 -249.83
vt -8.12795 7.10234
vt -8.12795 5.93766
f 4432/7842/2075 4445/8321/2075 4444/8322/2075 4431/7841/2075 

vn -0.965926 2.25895e-09 -0.258819
v 839.38 1188.34 -255.545
vt 8.12795 -7.10234
vt 8.12795 -5.93766
f 4433/7846/2076 4446/8323/2076 4445/8324/2076 4432/7845/2076 

vn -0.707107 6.17156e-09 -0.707107
v 843.564 1188.34 -259.729
vt 8.12795 -5.35531
vt 8.12795 -4.19063
f 4434/7850/2077 4447/8325/2077 4446/8326/2077 4433/7849/2077 

vn -0.258819 8.43049e-09 -0.965926
vt 8.12795 -2.32937
vt 8.12795 -1.16469
f 4435/7806/2078 4437/8327/2078 4447/8328/2078 4434/7805/2078 

usemtl M_0061_OliveDrab
v 843.564 1180.34 -259.729
vt 9.70276 -1.16469
vn -0.258819 8.43059e-09 -0.965926
v 849.279 1180.34 -261.26
vt 9.70276 -2.32937
f 4448/8329/2079 4447/8328/2079 4437/8327/2079 4449/8330/2079 

v 839.38 1180.34 -255.545
vt 9.70276 -4.19063
vn -0.707107 6.17162e-09 -0.707107
vt 9.70276 -5.35531
f 4450/8331/2080 4446/8326/2080 4447/8325/2080 4448/8332/2080 

v 837.849 1180.34 -249.83
vt 9.70276 -5.93766
vn -0.965926 2.25897e-09 -0.258819
vt 9.70276 -7.10234
f 4451/8333/2081 4445/8324/2081 4446/8323/2081 4450/8334/2081 

v 839.38 1180.34 -244.115
vt -9.70276 5.93766
vn -0.965926 -2.25897e-09 0.258819
vt -9.70276 7.10234
f 4452/8335/2082 4444/8322/2082 4445/8321/2082 4451/8336/2082 

v 843.564 1180.34 -239.931
vt -9.70276 4.19063
vn -0.707107 -6.17162e-09 0.707107
vt -9.70276 5.35531
f 4453/8337/2083 4443/8320/2083 4444/8319/2083 4452/8338/2083 

v 849.279 1180.34 -238.4
vt -9.70276 1.16469
vn -0.258819 -8.43059e-09 0.965926
vt -9.70276 2.32937
f 4454/8339/2084 4442/8318/2084 4443/8317/2084 4453/8340/2084 

v 854.994 1180.34 -239.931
vt -9.70276 -2.32937
vn 0.258819 -8.43059e-09 0.965926
vt -9.70276 -1.16469
f 4455/8341/2085 4441/8316/2085 4442/8315/2085 4454/8342/2085 

v 859.177 1180.34 -244.115
vt -9.70276 -5.35531
vn 0.707107 -6.17162e-09 0.707107
vt -9.70276 -4.19063
f 4456/8343/2086 4440/8314/2086 4441/8313/2086 4455/8344/2086 

v 860.709 1180.34 -249.83
vt -9.70276 -7.10234
vn 0.965926 -2.25897e-09 0.258819
vt -9.70276 -5.93766
f 4457/8345/2087 4439/8312/2087 4440/8311/2087 4456/8346/2087 

v 859.177 1180.34 -255.545
vt 9.70276 7.10234
vn 0.965926 2.25897e-09 -0.258819
vt 9.70276 5.93766
f 4458/8347/2088 4438/8310/2088 4439/8309/2088 4457/8348/2088 

v 854.994 1180.34 -259.729
vt 9.70276 5.35531
vn 0.707107 6.17162e-09 -0.707107
vt 9.70276 4.19063
f 4459/8349/2089 4436/8308/2089 4438/8307/2089 4458/8350/2089 

vt 9.70276 2.32937
vn 0.258819 8.43059e-09 -0.965926
vt 9.70276 1.16469
f 4449/8351/2090 4437/8306/2090 4436/8305/2090 4459/8352/2090 

vn -1.3005e-16 1 8.72798e-09
v 849.279 1188.34 -263.307
vt 9.40292 -2.73646e-14
vt 9 -8.4208e-14
f 4436/7991/2091 4460/8353/2091 4437/8354/2091

v 856.017 1188.34 -261.501
vt 9.0475 -1.32646
f 4436/7991/2091 4461/8355/2091 4460/8353/2091

f 4438/7993/2091 4461/8355/2091 4436/7991/2091

v 860.95 1188.34 -256.568
vt 8.07646 -2.2975
f 4438/7993/2091 4462/8356/2091 4461/8355/2091

f 4462/8356/2091 4438/7993/2091 4439/7995/2091

v 860.95 1188.34 -243.092
vt 5.42354 -2.2975
f 4463/8357/2091 4462/8356/2091 4439/7995/2091

v 862.755 1188.34 -249.83
vt 6.75 -2.65292
f 4462/8356/2091 4463/8357/2091 4464/8358/2091

vt -8.12795 -5.83337
v 860.95 1168.34 -243.092
vt -12.065 -5.83337
v 862.755 1168.34 -249.83
vt -12.065 -7.20663
vt -8.12795 -7.20663
f 4463/8359/2087 4465/8360/2087 4466/8361/2087 4464/8362/2087 

v 856.017 1188.34 -238.159
vt -8.12795 -4.08634
vn 0.707107 -6.17161e-09 0.707107
v 856.017 1168.34 -238.159
vt -12.065 -4.08634
vt -12.065 -5.4596
vt -8.12795 -5.4596
f 4467/8363/2092 4468/8364/2092 4465/8365/2092 4463/8366/2092 

v 849.279 1188.34 -236.353
vt -8.12795 -1.0604
vn 0.258819 -8.43058e-09 0.965926
v 849.279 1168.34 -236.353
vt -12.065 -1.0604
vt -12.065 -2.43366
vt -8.12795 -2.43366
f 4469/8367/2093 4470/8368/2093 4468/8369/2093 4467/8370/2093 

v 842.54 1188.34 -238.159
vt -8.12795 2.43366
vn -0.258819 -8.43058e-09 0.965926
v 842.54 1168.34 -238.159
vt -12.065 2.43366
vt -12.065 1.0604
vt -8.12795 1.0604
f 4471/8371/2094 4472/8372/2094 4470/8373/2094 4469/8374/2094 

v 837.607 1188.34 -243.092
vt -8.12795 5.4596
vn -0.707107 -6.17161e-09 0.707107
v 837.607 1168.34 -243.092
vt -12.065 5.4596
vt -12.065 4.08634
vt -8.12795 4.08634
f 4473/8375/2095 4474/8376/2095 4472/8377/2095 4471/8378/2095 

v 835.802 1188.34 -249.83
vt -8.12795 7.20663
v 835.802 1168.34 -249.83
vt -12.065 7.20663
vt -12.065 5.83337
vt -8.12795 5.83337
f 4475/8379/2082 4476/8380/2082 4474/8381/2082 4473/8382/2082 

v 837.607 1188.34 -256.568
vt 8.12795 -7.20663
v 837.607 1168.34 -256.568
vt 12.065 -7.20663
vt 12.065 -5.83337
vt 8.12795 -5.83337
f 4477/8383/2081 4478/8384/2081 4476/8385/2081 4475/8386/2081 

v 842.54 1188.34 -261.501
vt 8.12795 -5.4596
vn -0.707107 6.17161e-09 -0.707107
v 842.54 1168.34 -261.501
vt 12.065 -5.4596
vt 12.065 -4.08634
vt 8.12795 -4.08634
f 4479/8387/2096 4480/8388/2096 4478/8389/2096 4477/8390/2096 

vt 8.12795 -2.43366
vn -0.258819 8.43058e-09 -0.965926
v 849.279 1168.34 -263.307
vt 12.065 -2.43366
vt 12.065 -1.0604
vt 8.12795 -1.0604
f 4460/8391/2097 4481/8392/2097 4480/8393/2097 4479/8394/2097 

vt 8.12795 1.0604
vn 0.258819 8.43058e-09 -0.965926
v 856.017 1168.34 -261.501
vt 12.065 1.0604
vt 12.065 2.43366
vt 8.12795 2.43366
f 4461/8395/2098 4482/8396/2098 4481/8397/2098 4460/8398/2098 

vt 8.12795 4.08634
vn 0.707107 6.17161e-09 -0.707107
v 860.95 1168.34 -256.568
vt 12.065 4.08634
vt 12.065 5.4596
vt 8.12795 5.4596
f 4462/8399/2099 4483/8400/2099 4482/8401/2099 4461/8402/2099 

vt 8.12795 5.83337
vt 12.065 5.83337
vt 12.065 7.20663
vt 8.12795 7.20663
f 4464/8403/2088 4466/8404/2088 4483/8405/2088 4462/8406/2088 

vt -5.42354 -2.2975
vn 1.02283e-15 -1 -8.72798e-09
vt -8.07646 -2.2975
vt -6.75 -2.65292
f 4465/8407/2100 4483/8408/2100 4466/8409/2100

v 860.709 1168.34 -249.83
f 4483/8408/2100 4465/8407/2100 4484/3479/2100

v 859.177 1168.34 -244.115
f 4484/3479/2100 4465/8407/2100 4485/3480/2100

vt -4.4525 -1.32646
f 4485/3480/2100 4465/8407/2100 4468/8410/2100

v 854.994 1168.34 -239.931
f 4485/3480/2100 4468/8410/2100 4486/3481/2100

vt -4.09708 -1.60812e-14
f 4486/3481/2100 4468/8410/2100 4470/8411/2100

v 849.279 1168.34 -238.4
vt -4.5 -7.29246e-14
f 4486/3481/2100 4470/8411/2100 4487/8412/2100

v 843.564 1168.34 -239.931
f 4487/8412/2100 4470/8411/2100 4488/3471/2100

vt -4.4525 1.32646
f 4488/3471/2100 4470/8411/2100 4472/8413/2100

v 839.38 1168.34 -244.115
f 4488/3471/2100 4472/8413/2100 4489/3472/2100

vt -5.42354 2.2975
f 4489/3472/2100 4472/8413/2100 4474/8414/2100

v 837.849 1168.34 -249.83
f 4489/3472/2100 4474/8414/2100 4490/3473/2100

vt -8.07646 2.2975
f 4478/8415/2100 4490/3473/2100 4474/8414/2100

v 839.38 1168.34 -255.545
f 4478/8415/2100 4491/3474/2100 4490/3473/2100

vt -9.0475 1.32646
f 4480/8416/2100 4491/3474/2100 4478/8415/2100

v 843.564 1168.34 -259.729
f 4480/8416/2100 4492/3475/2100 4491/3474/2100

vt -9.40292 -1.60812e-14
f 4481/8417/2100 4492/3475/2100 4480/8416/2100

v 849.279 1168.34 -261.26
vt -9 -7.29246e-14
f 4481/8417/2100 4493/8418/2100 4492/3475/2100

v 854.994 1168.34 -259.729
f 4481/8417/2100 4494/3477/2100 4493/8418/2100

vt -9.0475 -1.32646
f 4482/8419/2100 4494/3477/2100 4481/8417/2100

v 859.177 1168.34 -255.545
f 4482/8419/2100 4495/3478/2100 4494/3477/2100

f 4483/8408/2100 4495/3478/2100 4482/8419/2100

f 4495/3478/2100 4483/8408/2100 4484/3479/2100

vn -0.965926 -2.25896e-09 0.258819
vt -12.065 7.10234
vt -12.065 5.93766
f 4457/8335/2101 4458/8336/2101 4495/8420/2101 4484/8421/2101 

vn -3.77656e-15 1 8.72798e-09
vt 4.5 -4.8622e-14
vt 9 -4.8622e-14
f 4453/8019/2102 4454/8422/2102 4455/8012/2102 4456/8006/2102 4457/7995/2102 4458/7993/2102 4459/7991/2102 4449/8423/2102 4448/7990/2102 4450/8038/2102 4451/8027/2102 4452/8021/2102 

vn 0.258819 8.43055e-09 -0.965926
vt 12.065 1.16469
vt 12.065 2.32937
f 4453/8351/2103 4454/8352/2103 4487/8424/2103 4488/8425/2103 

vn -0.258819 8.43055e-09 -0.965926
vt 12.065 -2.32937
vt 12.065 -1.16469
f 4454/8329/2104 4455/8330/2104 4486/8426/2104 4487/8427/2104 

vn -0.707107 6.17159e-09 -0.707107
vt 12.065 -5.35531
vt 12.065 -4.19063
f 4455/8331/2105 4456/8332/2105 4485/8428/2105 4486/8429/2105 

vn -0.965926 2.25896e-09 -0.258819
vt 12.065 -7.10234
vt 12.065 -5.93766
f 4456/8333/2106 4457/8334/2106 4484/8430/2106 4485/8431/2106 

usemtl M_0063_GreenYellow
v 860.709 1150.34 -249.83
v 859.177 1150.34 -244.115
f 4496/8145/2076 4497/8146/2076 4485/8431/2076 4484/8430/2076 

v 843.564 1150.34 -239.931
vn 7.694e-21 1 8.72795e-09
v 849.279 1150.34 -238.4
vt 4.5 -8.52651e-14
v 854.994 1150.34 -239.931
v 859.177 1150.34 -255.545
v 854.994 1150.34 -259.729
v 849.279 1150.34 -261.26
vt 9 -8.52651e-14
v 843.564 1150.34 -259.729
v 839.38 1150.34 -255.545
v 837.849 1150.34 -249.83
v 839.38 1150.34 -244.115
f 4498/8019/2107 4499/8432/2107 4500/8012/2107 4497/8006/2107 4496/7995/2107 4501/7993/2107 4502/7991/2107 4503/8433/2107 4504/7990/2107 4505/8038/2107 4506/8027/2107 4507/8021/2107 

vn 0.258819 8.43053e-09 -0.965926
f 4499/8151/2108 4498/8152/2108 4488/8425/2108 4487/8424/2108 

vn 0.707107 6.17158e-09 -0.707107
vt 12.065 5.35531
vt 12.065 4.19063
f 4498/8153/2109 4507/8154/2109 4489/8434/2109 4488/8435/2109 

vt 12.065 7.10234
vt 12.065 5.93766
f 4507/8131/2069 4506/8132/2069 4490/8436/2069 4489/8437/2069 

vt -12.065 -7.10234
vt -12.065 -5.93766
f 4506/8133/2070 4505/8134/2070 4491/8438/2070 4490/8439/2070 

vn 0.707107 -6.17158e-09 0.707107
vt -12.065 -5.35531
vt -12.065 -4.19063
f 4505/8135/2110 4504/8136/2110 4492/8440/2110 4491/8441/2110 

vn 0.258819 -8.43053e-09 0.965926
vt -12.065 -2.32937
vt -12.065 -1.16469
f 4504/8137/2111 4503/8138/2111 4493/8442/2111 4492/8443/2111 

vn -0.258819 -8.43053e-09 0.965926
vt -12.065 1.16469
vt -12.065 2.32937
f 4503/8139/2112 4502/8140/2112 4494/8444/2112 4493/8445/2112 

vn -0.707107 -6.17158e-09 0.707107
vt -12.065 4.19063
vt -12.065 5.35531
f 4502/8141/2113 4501/8142/2113 4495/8446/2113 4494/8447/2113 

f 4501/8143/2075 4496/8144/2075 4484/8421/2075 4495/8420/2075 

usemtl M_0061_OliveDrab
vn -0.707107 -6.17159e-09 0.707107
f 4458/8337/2114 4459/8338/2114 4494/8447/2114 4495/8446/2114 

vn -0.258819 -8.43055e-09 0.965926
f 4459/8339/2115 4449/8340/2115 4493/8445/2115 4494/8444/2115 

vn 0.258819 -8.43055e-09 0.965926
f 4449/8341/2116 4448/8342/2116 4492/8443/2116 4493/8442/2116 

vn 0.707107 -6.17159e-09 0.707107
f 4448/8343/2117 4450/8344/2117 4491/8441/2117 4492/8440/2117 

vn 0.965926 -2.25896e-09 0.258819
f 4450/8345/2118 4451/8346/2118 4490/8439/2118 4491/8438/2118 

vn 0.965926 2.25896e-09 -0.258819
f 4451/8347/2119 4452/8348/2119 4489/8437/2119 4490/8436/2119 

vn 0.707107 6.17159e-09 -0.707107
f 4452/8349/2120 4453/8350/2120 4488/8435/2120 4489/8434/2120 

usemtl M_0063_GreenYellow
vn -0.258819 8.43053e-09 -0.965926
f 4500/8149/2121 4499/8150/2121 4487/8427/2121 4486/8426/2121 

vn -0.707107 6.17158e-09 -0.707107
f 4497/8147/2122 4500/8148/2122 4486/8429/2122 4485/8428/2122 

usemtl M_0061_OliveDrab
vt -6.75 2.65292
f 4478/8415/2100 4474/8414/2100 4476/8448/2100

vt 9.0475 1.32646
f 4447/7990/2091 4460/8353/2091 4479/8449/2091

f 4437/8354/2091 4460/8353/2091 4447/7990/2091

f 4447/7990/2091 4479/8449/2091 4446/8038/2091

vt 8.07646 2.2975
f 4446/8038/2091 4479/8449/2091 4477/8450/2091

f 4446/8038/2091 4477/8450/2091 4445/8027/2091

vt 5.42354 2.2975
f 4445/8027/2091 4477/8450/2091 4473/8451/2091

vt 6.75 2.65292
f 4473/8451/2091 4477/8450/2091 4475/8452/2091

f 4473/8451/2091 4444/8021/2091 4445/8027/2091

vt 4.4525 1.32646
f 4471/8453/2091 4444/8021/2091 4473/8451/2091

f 4471/8453/2091 4443/8019/2091 4444/8021/2091

vt 4.09708 -2.73646e-14
f 4469/8454/2091 4443/8019/2091 4471/8453/2091

vt 4.5 -8.4208e-14
f 4469/8454/2091 4442/8455/2091 4443/8019/2091

f 4469/8454/2091 4441/8012/2091 4442/8455/2091

vt 4.4525 -1.32646
f 4467/8456/2091 4441/8012/2091 4469/8454/2091

f 4467/8456/2091 4440/8006/2091 4441/8012/2091

f 4463/8357/2091 4440/8006/2091 4467/8456/2091

f 4463/8357/2091 4439/7995/2091 4440/8006/2091

g Mesh41 Group39 Model

usemtl M_0063_GreenYellow
v 198.852 338.791 -111.149
vt -9.48929 2.62946
vn 2.36383e-08 0.499567 -0.866275
v 198.852 342.975 -106.965
vt -9.70428 4.94889
vn -1.57092e-08 0.865777 -0.50043
v 205.165 343.806 -106.965
vt -12.2111 4.94889
vn -0.22408 0.836276 -0.50043
v 206.248 339.765 -111.149
vt -12.4261 2.62946
vn -0.129297 0.482544 -0.866275
f 4508/8457/2123 4509/8458/2124 4510/8459/2125 4511/8460/2126 

v 191.456 339.765 -111.149
vt -5.41988 4.28363
vn 0.129297 0.482544 -0.866275
v 192.539 343.806 -106.965
vt -5.63487 6.60306
vn 0.22408 0.836276 -0.50043
vt -8.14173 6.60306
vt -8.35672 4.28363
f 4512/8461/2127 4513/8462/2128 4509/8463/2124 4508/8464/2123 

v 184.564 342.62 -111.149
vt -0.881052 5.1399
vn 0.19241 0.464518 -0.864408
v 186.656 346.243 -106.965
vt -1.09604 7.45933
vn 0.332028 0.801586 -0.497211
vt -3.6029 7.45933
vt -3.81789 5.1399
f 4514/8465/2129 4515/8466/2130 4513/8467/2128 4512/8468/2127 

vt -1.09604 4.3121
v 187.422 347.569 -101.25
vt -1.17474 6.64014
vn 0.382683 0.92388 -5.86319e-10
v 192.935 345.285 -101.25
vt -3.52421 6.64014
vn 0.258819 0.965926 -8.61318e-09
vt -3.6029 4.3121
f 4515/8469/2130 4516/8470/2131 4517/8471/2132 4513/8472/2128 

vt -1.17474 2.05816
v 186.656 346.243 -95.535
vt -1.09604 4.3862
vn 0.332028 0.801586 0.497211
v 192.539 343.806 -95.535
vt -3.6029 4.3862
vn 0.22408 0.836276 0.50043
vt -3.52421 2.05816
f 4516/8473/2131 4518/8474/2133 4519/8475/2134 4517/8476/2132 

vt -1.09604 -1.06808
v 184.564 342.62 -91.3513
vt -0.881052 1.25134
vn 0.19241 0.464518 0.864408
v 191.456 339.765 -91.3513
vt -3.81789 1.25134
vn 0.129297 0.482544 0.866275
vt -3.6029 -1.06808
f 4518/8477/2133 4520/8478/2135 4521/8479/2136 4519/8480/2134 

vt -0.881052 -4.26966
v 181.707 337.67 -89.82
vt -0.587368 -1.95887
vn -5.66262e-08 2.409e-08 1
v 189.977 334.245 -89.82
vt -4.11158 -1.95887
vt -3.81789 -4.26966
f 4520/8481/2135 4522/8482/2137 4523/8483/2137 4521/8484/2136 

vt 0.587368 6.65509
v 178.849 332.721 -91.3513
vt 0.293684 4.34431
vn -0.19241 -0.464518 0.864408
v 188.498 328.725 -91.3513
vt 4.40526 4.34431
vn -0.129297 -0.482544 0.866275
vt 4.11158 6.65509
f 4522/8485/2137 4524/8486/2138 4525/8487/2139 4523/8488/2137 

vt 0.293684 7.5337
v 176.757 329.098 -95.535
vt 0.0786924 5.21427
vn -0.332028 -0.801586 0.497211
v 187.415 324.683 -95.535
vt 4.62025 5.21427
vn -0.22408 -0.836276 0.50043
vt 4.40526 7.5337
f 4524/8489/2138 4526/8490/2140 4527/8491/2141 4525/8492/2139 

vt 0.0786924 6.67719
v 175.992 327.772 -101.25
vt 2.77556e-17 4.34915
vn -0.382683 -0.92388 5.86319e-10
v 187.019 323.204 -101.25
vt 4.69894 4.34915
vn -0.258819 -0.965926 8.61318e-09
vt 4.62025 6.67719
f 4526/8493/2140 4528/8494/2142 4529/8495/2143 4527/8496/2141 

v 176.757 329.098 -106.965
vt 0.0786924 2.02111
vn -0.332028 -0.801586 -0.497211
v 187.415 324.683 -106.965
vt 4.62025 2.02111
vn -0.22408 -0.836276 -0.50043
f 4528/8494/2142 4530/8497/2144 4531/8498/2145 4529/8495/2143 

vt 0.0786924 1.17697
v 178.849 332.721 -111.149
vt 0.293684 -1.14246
vn -0.19241 -0.464518 -0.864408
v 188.498 328.725 -111.149
vt 4.40526 -1.14246
vn -0.129297 -0.482544 -0.866275
vt 4.62025 1.17697
f 4530/8499/2144 4532/8500/2146 4533/8501/2147 4531/8502/2145 

vt 0.293684 -1.9962
v 181.707 337.67 -112.68
vt 0.587368 -4.30698
vn 5.66262e-08 -2.409e-08 -1
v 189.977 334.245 -112.68
vt 4.11158 -4.30698
vt 4.40526 -1.9962
f 4532/8503/2146 4534/8504/2148 4535/8505/2148 4533/8506/2147 

vt -0.587368 4.30698
vt -0.881052 6.61776
vt -3.81789 6.61776
vt -4.11158 4.30698
f 4534/8507/2148 4514/8508/2129 4512/8509/2127 4535/8510/2148 

vt -5.1262 3.13293
vt -5.41988 5.44371
vt -8.35672 5.44371
v 198.852 333.076 -112.68
vt -8.65041 3.13293
f 4535/8511/2148 4512/8512/2127 4508/8513/2123 4536/8514/2148 

vt -9.1956 0.864827
vt -9.48929 3.17561
vt -12.4261 3.17561
v 207.727 334.245 -112.68
vt -12.7198 0.864827
f 4536/8515/2148 4508/8516/2123 4511/8517/2126 4537/8518/2148 

vt -12.5183 -2.34275
vt -12.8119 -0.0319655
v 213.139 342.62 -111.149
vt -15.7488 -0.0319655
vn -0.249783 0.432637 -0.866275
v 215.997 337.67 -112.68
vt -16.0425 -2.34275
f 4537/8519/2148 4511/8520/2126 4538/8521/2149 4539/8522/2148 

vt -12.8119 0.290101
vt -13.0269 2.60953
v 211.047 346.243 -106.965
vt -15.5338 2.60953
vn -0.432889 0.749785 -0.50043
vt -15.7488 0.290101
f 4511/8523/2126 4510/8524/2125 4540/8525/2150 4538/8526/2149 

vt -13.0269 2.54352
v 204.768 345.285 -101.25
vt -13.1056 4.87156
vn -0.258819 0.965926 -3.79251e-08
v 210.282 347.569 -101.25
vt -15.4551 4.87156
vn -0.5 0.866025 -4.91756e-08
vt -15.5338 2.54352
f 4510/8527/2125 4541/8528/2151 4542/8529/2152 4540/8530/2150 

vt -9.70428 3.39662
v 198.852 344.506 -101.25
vt -9.78297 5.72466
vn -5.08752e-08 1 -2.409e-08
vt -12.1324 5.72466
vt -12.2111 3.39662
f 4509/8531/2124 4543/8532/2153 4541/8533/2151 4510/8534/2125 

vt -5.63487 3.99985
vt -5.71357 6.32789
vt -8.06304 6.32789
vt -8.14173 3.99985
f 4513/8535/2128 4517/8536/2132 4543/8537/2153 4509/8538/2124 

vt -5.71357 2.37041
vt -5.63487 4.69845
v 198.852 342.975 -95.535
vt -8.14173 4.69845
vn -7.23841e-08 0.865777 0.50043
vt -8.06304 2.37041
f 4517/8539/2132 4519/8540/2134 4544/8541/2154 4543/8542/2153 

vt -5.63487 -0.21182
vt -5.41988 2.10761
v 198.852 338.791 -91.3513
vt -8.35672 2.10761
vn -7.44695e-08 0.499567 0.866275
vt -8.14173 -0.21182
f 4519/8543/2134 4521/8544/2136 4545/8545/2155 4544/8546/2154 

vt -5.41988 -3.0956
vt -5.1262 -0.784817
v 198.852 333.076 -89.82
vt -8.65041 -0.784817
vt -8.35672 -3.0956
f 4521/8547/2136 4523/8548/2137 4546/8549/2137 4545/8550/2155 

vt 5.1262 5.48103
vt 4.83251 3.17025
v 198.852 327.361 -91.3513
vt 8.94409 3.17025
vn -2.36383e-08 -0.499567 0.866275
vt 8.65041 5.48103
f 4523/8551/2137 4525/8552/2139 4547/8553/2156 4546/8554/2137 

vt 4.83251 6.67743
vt 4.61752 4.358
v 198.852 323.178 -95.535
vt 9.15908 4.358
vn 1.57092e-08 -0.865777 0.50043
vt 8.94409 6.67743
f 4525/8555/2139 4527/8556/2141 4548/8557/2157 4547/8558/2156 

vt 4.61752 6.36494
vt 4.53883 4.03689
v 198.852 321.646 -101.25
vt 9.23777 4.03689
vn 5.08752e-08 -1 2.409e-08
vt 9.15908 6.36494
f 4527/8559/2141 4529/8560/2143 4549/8561/2158 4548/8562/2157 

vt 4.53883 4.6614
vt 4.61752 2.33336
v 198.852 323.178 -106.965
vt 9.15908 2.33336
vn 7.23841e-08 -0.865777 -0.50043
vt 9.23777 4.6614
f 4529/8563/2143 4531/8564/2145 4550/8565/2159 4549/8566/2158 

vt 4.61752 2.03324
vt 4.83251 -0.286192
v 198.852 327.361 -111.149
vt 8.94409 -0.286192
vn 7.44695e-08 -0.499567 -0.866275
vt 9.15908 2.03324
f 4531/8567/2145 4533/8568/2147 4551/8569/2160 4550/8570/2159 

vt 4.83251 -0.822142
vt 5.1262 -3.13293
vt 8.65041 -3.13293
vt 8.94409 -0.822142
f 4533/8571/2147 4535/8572/2148 4536/8573/2148 4551/8574/2160 

vt 8.90192 1.44596
vt 9.1956 -0.864827
vt 12.7198 -0.864827
v 209.206 328.725 -111.149
vt 13.0135 1.44596
vn 0.129297 -0.482544 -0.866275
f 4551/8575/2160 4536/8576/2148 4537/8577/2148 4552/8578/2161 

vt 12.2246 4.65353
vt 12.5183 2.34275
vt 16.0425 2.34275
v 218.854 332.721 -111.149
vt 16.3361 4.65353
vn 0.249783 -0.432637 -0.866275
f 4552/8579/2161 4537/8580/2148 4539/8581/2148 4553/8582/2162 

vt 14.574 8.582
vt 14.8677 6.27121
v 223.098 343.12 -112.68
vt 18.3919 6.27121
v 227.14 339.079 -111.149
vt 18.6856 8.582
vn 0.353247 -0.353247 -0.866275
f 4553/8583/2162 4539/8584/2148 4554/8585/2148 4555/8586/2163 

vt -14.8677 -6.27121
vt -15.1614 -3.96043
v 219.057 347.161 -111.149
vt -18.0983 -3.96043
vn -0.353247 0.353247 -0.866275
vt -18.3919 -6.27121
f 4539/8587/2148 4538/8588/2149 4556/8589/2164 4554/8590/2148 

vt -15.1614 -2.57501
vt -15.3764 -0.255585
v 216.099 350.119 -106.965
vt -17.8833 -0.255585
vn -0.612197 0.612197 -0.50043
vt -18.0983 -2.57501
f 4538/8591/2149 4540/8592/2150 4557/8593/2165 4556/8594/2164 

vt -15.3764 1.49869
vt -15.4551 3.82674
v 215.016 351.202 -101.25
vt -17.8046 3.82674
vn -0.707107 0.707107 -5.7075e-08
vt -17.8833 1.49869
f 4540/8595/2150 4542/8596/2152 4558/8597/2166 4557/8598/2165 

v 211.047 346.243 -95.535
vt -15.3764 7.1996
vn -0.432889 0.749785 0.50043
v 216.099 350.119 -95.535
vt -17.8833 7.1996
vn -0.612197 0.612197 0.50043
vt -17.8046 4.87156
f 4542/8529/2152 4559/8599/2167 4560/8600/2168 4558/8601/2166 

vt -13.1056 3.82674
v 205.165 343.806 -95.535
vt -13.0269 6.15478
vn -0.22408 0.836276 0.50043
vt -15.5338 6.15478
f 4541/8602/2151 4561/8603/2169 4559/8604/2167 4542/8596/2152 

vt -9.78297 2.97364
vt -9.70428 5.30168
vt -12.2111 5.30168
vt -12.1324 2.97364
f 4543/8605/2153 4544/8606/2154 4561/8607/2169 4541/8608/2151 

vt -9.70428 1.44235
vt -9.48929 3.76178
v 206.248 339.765 -91.3513
vt -12.4261 3.76178
vn -0.129297 0.482544 0.866275
vt -12.2111 1.44235
f 4544/8609/2154 4545/8610/2155 4562/8611/2170 4561/8612/2169 

vt -9.48929 -0.827502
vt -9.1956 1.48328
v 207.727 334.245 -89.82
vt -12.7198 1.48328
vt -12.4261 -0.827502
f 4545/8613/2155 4546/8614/2137 4563/8615/2137 4562/8616/2170 

vt 9.1956 3.21294
vt 8.90192 0.902152
v 209.206 328.725 -91.3513
vt 13.0135 0.902152
vn 0.129297 -0.482544 0.866275
vt 12.7198 3.21294
f 4546/8617/2137 4547/8618/2156 4564/8619/2171 4563/8620/2137 

vt 8.90192 5.02326
vt 8.68693 2.70383
v 210.289 324.683 -95.535
vt 13.2285 2.70383
vn 0.22408 -0.836276 0.50043
vt 13.0135 5.02326
f 4547/8621/2156 4548/8622/2157 4565/8623/2172 4564/8624/2171 

vt 8.68693 5.76171
vt 8.60823 3.43366
v 210.685 323.204 -101.25
vt 13.3072 3.43366
vn 0.258819 -0.965926 3.79251e-08
vt 13.2285 5.76171
f 4548/8625/2157 4549/8626/2158 4566/8627/2173 4565/8628/2172 

vt 8.60823 5.26463
vt 8.68693 2.93659
v 210.289 324.683 -106.965
vt 13.2285 2.93659
vn 0.22408 -0.836276 -0.50043
vt 13.3072 5.26463
f 4549/8629/2158 4550/8630/2159 4567/8631/2174 4566/8632/2173 

vt 8.68693 3.68741
vt 8.90192 1.36798
vt 13.0135 1.36798
vt 13.2285 3.68741
f 4550/8633/2159 4551/8634/2160 4552/8635/2161 4567/8636/2174 

vt 12.0096 6.02677
vt 12.2246 3.70734
vt 16.3361 3.70734
v 220.946 329.098 -106.965
vt 16.5511 6.02677
vn 0.432889 -0.749785 -0.50043
f 4567/8637/2174 4552/8638/2161 4553/8639/2162 4568/8640/2175 

vt 14.3591 8.89188
vt 14.574 6.57245
vt 18.6856 6.57245
v 230.098 336.12 -106.965
vt 18.9006 8.89188
vn 0.612197 -0.612197 -0.50043
f 4568/8641/2175 4553/8642/2162 4555/8643/2163 4569/8644/2176 

vt 15.5752 12.0875
vt 15.7902 9.76808
v 233.497 347.364 -111.149
vt 19.9018 9.76808
vn 0.398891 -0.30608 -0.864408
v 237.12 345.272 -106.965
vt 20.1168 12.0875
vn 0.688337 -0.52818 -0.497211
f 4569/8645/2176 4555/8646/2163 4570/8647/2177 4571/8648/2178 

vt 15.7902 12.9636
vt 16.0839 10.6528
v 228.548 350.221 -112.68
vt 19.6081 10.6528
vt 19.9018 12.9636
f 4555/8649/2163 4554/8650/2148 4572/8651/2148 4570/8652/2177 

vt -16.0839 -10.6528
vt -16.3776 -8.34206
v 223.598 353.079 -111.149
vt -19.3144 -8.34206
vn -0.398891 0.30608 -0.864408
vt -19.6081 -10.6528
f 4554/8653/2148 4556/8654/2164 4573/8655/2179 4572/8656/2148 

vt -16.3776 -5.77063
vt -16.5926 -3.45121
v 219.975 355.171 -106.965
vt -19.0994 -3.45121
vn -0.688337 0.52818 -0.497211
vt -19.3144 -5.77063
f 4556/8657/2164 4557/8658/2165 4574/8659/2180 4573/8660/2179 

vt -16.5926 0.333344
vt -16.6713 2.66139
v 218.649 355.936 -101.25
vt -19.0207 2.66139
vn -0.793353 0.608761 -5.95896e-08
vt -19.0994 0.333344
f 4557/8661/2165 4558/8662/2166 4575/8663/2181 4574/8664/2180 

vt -16.6713 6.03691
vt -16.5926 8.36495
v 219.975 355.171 -95.535
vt -19.0994 8.36495
vn -0.688337 0.52818 0.497211
vt -19.0207 6.03691
f 4558/8665/2166 4560/8666/2168 4576/8667/2182 4575/8668/2181 

vt -16.5926 9.84245
v 219.057 347.161 -91.3513
vt -16.3776 12.1619
vn -0.353247 0.353247 0.866275
v 223.598 353.079 -91.3513
vt -19.3144 12.1619
vn -0.398891 0.30608 0.864408
vt -19.0994 9.84245
f 4560/8669/2168 4577/8670/2183 4578/8671/2184 4576/8672/2182 

vt -15.3764 6.64683
v 213.139 342.62 -91.3513
vt -15.1614 8.96626
vn -0.249783 0.432637 0.866275
vt -18.0983 8.96626
vt -17.8833 6.64683
f 4559/8673/2167 4579/8674/2185 4577/8675/2183 4560/8676/2168 

vt -13.0269 3.78171
vt -12.8119 6.10114
vt -15.7488 6.10114
vt -15.5338 3.78171
f 4561/8677/2169 4562/8678/2170 4579/8679/2185 4559/8680/2167 

vt -12.8119 2.38007
vt -12.5183 4.69086
v 215.997 337.67 -89.82
vt -16.0425 4.69086
vt -15.7488 2.38007
f 4562/8681/2170 4563/8682/2137 4580/8683/2137 4579/8684/2185 

vt 12.5183 0.00535964
vt 12.2246 -2.30542
v 218.854 332.721 -91.3513
vt 16.3361 -2.30542
vn 0.249783 -0.432637 0.866275
vt 16.0425 0.00535964
f 4563/8685/2137 4564/8686/2171 4581/8687/2186 4580/8688/2137 

vt 12.2246 2.6839
vt 12.0096 0.364473
v 220.946 329.098 -95.535
vt 16.5511 0.364473
vn 0.432889 -0.749785 0.50043
vt 16.3361 2.6839
f 4564/8689/2171 4565/8690/2172 4582/8691/2187 4581/8692/2186 

vt 12.0096 4.90861
vt 11.9309 2.58057
v 221.712 327.772 -101.25
vt 16.6298 2.58057
vn 0.5 -0.866025 4.91756e-08
vt 16.5511 4.90861
f 4565/8693/2172 4566/8694/2173 4583/8695/2188 4582/8696/2187 

vt 11.9309 6.11773
vt 12.0096 3.78969
vt 16.5511 3.78969
vt 16.6298 6.11773
f 4566/8697/2173 4567/8698/2174 4568/8699/2175 4583/8700/2188 

vt 14.2804 7.16255
vt 14.3591 4.83451
vt 18.9006 4.83451
v 231.181 335.037 -101.25
vt 18.9793 7.16255
vn 0.707107 -0.707107 5.7075e-08
f 4583/8701/2188 4568/8702/2175 4569/8703/2176 4584/8704/2189 

vt 15.4965 8.32791
vt 15.5752 5.99986
vt 20.1168 5.99986
v 238.446 344.506 -101.25
vt 20.1955 8.32791
vn 0.793353 -0.608761 5.95896e-08
f 4584/8705/2189 4569/8706/2176 4571/8707/2178 4585/8708/2190 

v 230.098 336.12 -95.535
vt 15.5752 2.69843
vn 0.612197 -0.612197 0.50043
vt 15.4965 0.370392
vt 20.1955 0.370392
v 237.12 345.272 -95.535
vt 20.1168 2.69843
vn 0.688337 -0.52818 0.497211
f 4586/8709/2191 4584/8710/2189 4585/8711/2190 4587/8712/2192 

vt 14.3591 3.86378
vt 14.2804 1.53574
vt 18.9793 1.53574
vt 18.9006 3.86378
f 4582/8713/2187 4583/8714/2188 4584/8715/2189 4586/8716/2191 

vt 14.574 -0.181213
vt 14.3591 -2.50064
vt 18.9006 -2.50064
v 227.14 339.079 -91.3513
vt 18.6856 -0.181213
vn 0.353247 -0.353247 0.866275
f 4581/8717/2186 4582/8718/2187 4586/8719/2191 4588/8720/2193 

vt 15.7902 -3.37683
vt 15.5752 -5.69626
vt 20.1168 -5.69626
v 233.497 347.364 -91.3513
vt 19.9018 -3.37683
vn 0.398891 -0.30608 0.864408
f 4588/8721/2193 4586/8722/2191 4587/8723/2192 4589/8724/2194 

v 223.098 343.12 -89.82
vt 16.0839 -8.30473
vt 15.7902 -10.6155
vt 19.9018 -10.6155
v 228.548 350.221 -89.82
vt 19.6081 -8.30473
f 4590/8725/2137 4588/8726/2193 4589/8727/2194 4591/8728/2137 

vt 14.8677 -3.9231
vt 14.574 -6.23389
vt 18.6856 -6.23389
vt 18.3919 -3.9231
f 4580/8729/2137 4581/8730/2186 4588/8731/2193 4590/8732/2137 

vt -15.1614 6.30854
vt -14.8677 8.61932
vt -18.3919 8.61932
vt -18.0983 6.30854
f 4579/8733/2185 4580/8734/2137 4590/8735/2137 4577/8736/2183 

vt -16.3776 10.6902
vt -16.0839 13.001
vt -19.6081 13.001
vt -19.3144 10.6902
f 4577/8737/2183 4590/8738/2137 4591/8739/2137 4578/8740/2184 

g Mesh42 Group40 Model

v 155.326 341.471 -121.253
vn -0.0584627 -0.966535 -0.249783
v 160.556 343.283 -123.344
vn 0.399118 -0.808278 -0.432889
v 163.913 341.345 -118.293
vn 0.279963 -0.739483 -0.612197
v 159.259 339.201 -115.334
vn -0.127217 -0.92684 -0.353247
f 4592/8457/2195 4593/8458/2196 4594/8459/2197 4595/8460/2198 

v 152.854 342.899 -128.144
vn -0.015242 -0.991489 -0.129297
v 158.446 344.501 -129.227
vn 0.474022 -0.851523 -0.22408
f 4596/8461/2199 4597/8462/2200 4593/8463/2196 4592/8464/2195 

v 152.011 343.385 -135.54
vn -0.000499166 -0.997844 -0.0656274
v 157.726 344.917 -135.54
vn 0.496356 -0.860701 -0.113248
f 4598/8465/2201 4599/8466/2202 4597/8467/2200 4596/8468/2199 

v 161.909 349.1 -135.54
vn 0.858616 -0.495722 -0.130526
v 162.584 348.711 -129.623
f 4599/8469/2202 4600/8470/2203 4601/8471/1590 4597/8472/2200 

v 163.441 354.815 -135.54
vn 0.993567 0.000493439 -0.113248
v 164.161 354.4 -129.227
vn 0.974452 0.0152469 -0.22408
f 4600/8473/2203 4602/8474/2204 4603/8475/2205 4601/8476/1590 

v 161.909 360.53 -135.54
vn 0.863909 0.499354 -0.0656275
v 162.753 360.044 -128.144
vn 0.851033 0.508944 -0.129297
f 4602/8477/2204 4604/8478/2206 4605/8479/2207 4603/8480/2205 

v 157.726 364.714 -135.54
vn 0.5 0.866025 -2.85245e-08
v 158.738 364.13 -126.665
f 4604/8481/2206 4606/8482/2208 4607/8483/2208 4605/8484/2207 

v 152.011 366.245 -135.54
vn 0.000499166 0.997844 0.0656274
v 153.191 365.564 -125.186
vn 0.015242 0.991489 0.129297
f 4606/8485/2208 4608/8486/2209 4609/8487/2210 4607/8488/2208 

v 146.296 364.714 -135.54
vn -0.496356 0.860701 0.113248
v 147.6 363.961 -124.103
vn -0.474022 0.851523 0.22408
f 4608/8489/2209 4610/8490/2211 4611/8491/2212 4609/8492/2210 

v 142.112 360.53 -135.54
vn -0.858616 0.495722 0.130526
v 143.461 359.751 -123.707
f 4610/8493/2211 4612/8494/2213 4613/8495/1616 4611/8496/2212 

v 140.581 354.815 -135.54
vn -0.993567 -0.000493439 0.113248
v 141.885 354.063 -124.103
vn -0.974452 -0.0152469 0.22408
f 4612/8494/2213 4614/8497/2214 4615/8498/2215 4613/8495/1616 

v 142.112 349.1 -135.54
vn -0.863909 -0.499354 0.0656275
v 143.293 348.419 -125.186
vn -0.851033 -0.508944 0.129297
f 4614/8499/2214 4616/8500/2216 4617/8501/2217 4615/8502/2215 

v 146.296 344.917 -135.54
vn -0.5 -0.866025 2.85245e-08
v 147.308 344.332 -126.665
f 4616/8503/2216 4618/8504/2218 4619/8505/2218 4617/8506/2217 

f 4618/8507/2218 4598/8508/2201 4596/8509/2199 4619/8510/2218 

v 150.274 342.62 -118.395
f 4619/8511/2218 4596/8512/2199 4592/8513/2195 4620/8514/2218 

v 154.994 339.895 -111.293
f 4620/8515/2218 4592/8516/2195 4595/8517/2198 4621/8518/2218 

v 164.384 336.242 -110.793
vn -0.216819 -0.875108 -0.432637
v 161.144 336.344 -105.844
f 4621/8519/2218 4595/8520/2198 4622/8521/2219 4623/8522/2218 

v 168.288 338.819 -114.416
vn 0.124677 -0.649829 -0.749785
f 4595/8523/2198 4594/8524/2197 4624/8525/2220 4622/8526/2219 

v 167.708 345.753 -119.376
v 171.808 343.385 -115.743
vn 0.433013 -0.25 -0.866025
f 4594/8527/2197 4625/8528/1634 4626/8529/2221 4624/8530/2220 

v 164.562 347.569 -124.11
vn 0.75 -0.433013 -0.5
f 4593/8531/2196 4627/8532/2222 4625/8533/1634 4594/8534/2197 

f 4597/8535/2200 4601/8536/1590 4627/8537/2222 4593/8538/2196 

v 166.271 353.181 -123.344
vn 0.899548 0.0584927 -0.432889
f 4601/8539/1590 4603/8540/2205 4628/8541/2223 4627/8542/2222 

v 165.225 358.616 -121.253
vn 0.807813 0.533898 -0.249783
f 4603/8543/2205 4605/8544/2207 4629/8545/2224 4628/8546/2223 

v 161.704 362.417 -118.395
f 4605/8547/2207 4607/8548/2208 4630/8549/2208 4629/8550/2224 

v 156.652 363.566 -115.538
vn 0.0584627 0.966535 0.249783
f 4607/8551/2208 4609/8552/2210 4631/8553/2225 4630/8554/2208 

v 151.423 361.754 -113.446
vn -0.399118 0.808278 0.432889
f 4609/8555/2210 4611/8556/2212 4632/8557/2226 4631/8558/2225 

v 147.417 357.468 -112.68
vn -0.75 0.433013 0.5
f 4611/8559/2212 4613/8560/1616 4633/8561/2227 4632/8562/2226 

v 145.708 351.855 -113.446
vn -0.899548 -0.0584927 0.432889
f 4613/8563/1616 4615/8564/2215 4634/8565/2228 4633/8566/2227 

v 146.754 346.421 -115.538
vn -0.807813 -0.533898 0.249783
f 4615/8567/2215 4617/8568/2217 4635/8569/2229 4634/8570/2228 

f 4617/8571/2217 4619/8572/2218 4620/8573/2218 4635/8574/2229 

v 152.259 343.242 -107.252
vn -0.739059 -0.573593 0.353247
f 4635/8575/2229 4620/8576/2218 4621/8577/2218 4636/8578/2230 

v 159.435 339.099 -100.895
vn -0.649456 -0.625325 0.432637
f 4636/8579/2230 4621/8580/2218 4623/8581/2218 4637/8582/2231 

v 168.306 332.209 -102.418
v 167.791 334.275 -96.8981
vn -0.545112 -0.685568 0.482544
f 4637/8583/2231 4623/8584/2218 4638/8585/2218 4639/8586/2232 

v 170.353 332.796 -107.939
vn -0.321163 -0.814865 -0.482544
f 4623/8587/2218 4622/8588/2219 4640/8589/2233 4638/8590/2218 

v 173.382 335.877 -111.98
vn -0.0561564 -0.545425 -0.836276
f 4622/8591/2219 4624/8592/2220 4641/8593/2234 4640/8594/2233 

v 176.583 340.629 -113.459
f 4624/8595/2220 4626/8596/2221 4642/8597/1633 4641/8598/2234 

v 174.003 348.718 -114.416
vn 0.625107 0.216941 -0.749785
v 179.097 345.776 -111.98
vn 0.444274 0.321345 -0.836276
f 4626/8529/2221 4643/8599/2235 4644/8600/2236 4642/8601/1633 

v 169.628 351.243 -118.293
vn 0.780393 0.127287 -0.612197
f 4625/8602/1634 4645/8603/2237 4643/8604/2235 4626/8596/2221 

f 4627/8605/2222 4628/8606/2223 4645/8607/2237 4625/8608/1634 

v 169.158 356.346 -115.334
vn 0.739059 0.573593 -0.353247
f 4628/8609/2223 4629/8610/2224 4646/8611/2238 4645/8612/2237 

v 166.424 359.692 -111.293
f 4629/8613/2224 4630/8614/2208 4647/8615/2208 4646/8616/2238 

v 162.158 360.387 -107.252
vn 0.127217 0.92684 0.353247
f 4630/8617/2208 4631/8618/2225 4648/8619/2239 4647/8620/2208 

v 157.504 358.243 -104.294
vn -0.279963 0.739483 0.612197
f 4631/8621/2225 4632/8622/2226 4649/8623/2240 4648/8624/2239 

v 153.709 353.835 -103.211
f 4632/8625/2226 4633/8626/2227 4650/8627/1609 4649/8628/2240 

v 151.789 348.344 -104.294
vn -0.780393 -0.127287 0.612197
f 4633/8629/2227 4634/8630/2228 4651/8631/2241 4650/8632/1609 

f 4634/8633/2228 4635/8634/2229 4636/8635/2230 4651/8636/2241 

v 159.715 343.768 -97.2715
vn -0.625107 -0.216941 0.749785
f 4651/8637/2241 4636/8638/2230 4637/8639/2231 4652/8640/2242 

v 168.945 338.439 -92.857
vn -0.444274 -0.321345 0.836276
f 4652/8641/2242 4637/8642/2231 4639/8643/2232 4653/8644/2243 

v 176.757 329.098 -95.535
vn -0.489039 -0.715786 0.49849
v 178.849 332.721 -91.3513
vn -0.346681 -0.373973 0.860207
f 4653/8645/2243 4639/8646/2232 4654/8647/2244 4655/8648/2245 

v 175.992 327.772 -101.25
f 4639/8649/2232 4638/8650/2218 4656/8651/2218 4654/8652/2244 

v 176.757 329.098 -106.965
vn -0.375369 -0.781413 -0.49849
f 4638/8653/2218 4640/8654/2233 4657/8655/2246 4656/8656/2218 

v 178.849 332.721 -111.149
vn -0.150529 -0.487221 -0.860207
f 4640/8657/2233 4641/8658/2234 4658/8659/2247 4657/8660/2246 

v 181.707 337.67 -112.68
vn 0.113039 -0.0652631 -0.991445
f 4641/8661/2234 4642/8662/1633 4659/8663/2248 4658/8664/2247 

v 184.564 342.62 -111.149
vn 0.346681 0.373973 -0.860207
f 4642/8665/1633 4644/8666/2236 4660/8667/2249 4659/8668/2248 

v 180.251 349.941 -107.939
vn 0.545112 0.685568 -0.482544
v 186.656 346.243 -106.965
vn 0.489039 0.715786 -0.49849
f 4644/8669/2236 4661/8670/2250 4662/8671/2251 4660/8672/2249 

v 174.283 353.387 -110.793
vn 0.649456 0.625325 -0.432637
f 4643/8673/2235 4663/8674/2252 4661/8675/2250 4644/8676/2236 

f 4645/8677/2237 4646/8678/2238 4663/8679/2252 4643/8680/2235 

v 172.574 356.142 -105.844
f 4646/8681/2238 4647/8682/2208 4664/8683/2208 4663/8684/2252 

v 169.333 356.244 -100.895
vn 0.216819 0.875108 0.432637
f 4647/8685/2208 4648/8686/2239 4665/8687/2253 4664/8688/2208 

v 165.43 353.667 -97.2715
vn -0.124677 0.649829 0.749785
f 4648/8689/2239 4649/8690/2240 4666/8691/2254 4665/8692/2253 

v 161.909 349.1 -95.9453
vn -0.433013 0.25 0.866025
f 4649/8693/2240 4650/8694/1609 4667/8695/2255 4666/8696/2254 

f 4650/8697/1609 4651/8698/2241 4652/8699/2242 4667/8700/2255 

v 171.459 343.587 -91.3779
f 4667/8701/2255 4652/8702/2242 4653/8703/2243 4668/8704/1608 

v 181.707 337.67 -89.82
vn -0.113039 0.0652631 0.991445
f 4668/8705/1608 4653/8706/2243 4655/8707/2245 4669/8708/2256 

v 174.66 348.338 -92.857
vn 0.0561564 0.545425 0.836276
v 184.564 342.62 -91.3513
vn 0.150529 0.487221 0.860207
f 4670/8709/2257 4668/8710/1608 4669/8711/2256 4671/8712/2258 

f 4666/8713/2254 4667/8714/2255 4668/8715/1608 4670/8716/2257 

v 177.689 351.42 -96.8981
vn 0.321163 0.814865 0.482544
f 4665/8717/2253 4666/8718/2254 4670/8719/2257 4672/8720/2259 

v 186.656 346.243 -95.535
vn 0.375369 0.781413 0.49849
f 4672/8721/2259 4670/8722/2257 4671/8723/2258 4673/8724/2260 

v 179.736 352.006 -102.418
v 187.422 347.569 -101.25
f 4674/8725/2208 4672/8726/2259 4673/8727/2260 4675/8728/2208 

f 4664/8729/2208 4665/8730/2253 4672/8731/2259 4674/8732/2208 

f 4663/8733/2252 4664/8734/2208 4674/8735/2208 4661/8736/2250 

f 4661/8737/2250 4674/8738/2208 4675/8739/2208 4662/8740/2251 

g Mesh43 Group41 Model

v 142.112 334.813 -180.287
v 146.296 332.721 -176.664
v 146.296 337.773 -172.787
v 142.112 340.731 -175.746
f 4676/8457/1861 4677/8458/1860 4678/8459/1880 4679/8460/1878 

v 142.112 327.921 -183.141
v 146.296 326.838 -179.1
f 4680/8461/1859 4681/8462/1821 4677/8463/1860 4676/8464/1861 

v 142.112 320.525 -184.115
v 146.296 320.525 -179.931
f 4682/8465/1858 4683/8466/1818 4681/8467/1821 4680/8468/1859 

vt 4.77538e-15 7.52865
vn -0.707107 1.55189e-08 0.707107
vt 3.83867e-15 5.19928
vn -0.866025 9.59963e-09 0.5
v 142.112 318.525 -184.115
vt 0.787402 5.19928
v 146.296 318.525 -179.931
vt 0.787402 7.52865
f 4683/8741/2261 4682/8742/2262 4684/8743/2262 4685/8744/2261 

vt 1.07517e-14 6.67604
v 140.581 320.525 -189.83
vt 7.1678e-15 4.34667
vn -0.965926 3.02616e-09 0.258819
v 140.581 318.525 -189.83
vt 0.787402 4.34667
vt 0.787402 6.67604
f 4682/8745/2262 4686/8746/2263 4687/8747/2263 4684/8748/2262 

vn -1 -3.75353e-09 3.06192e-09
v 140.581 329.4 -188.662
f 4686/8507/2264 4682/8508/1858 4680/8509/1859 4688/8510/2264 

v 140.581 337.67 -185.236
f 4688/8511/2264 4680/8512/1859 4676/8513/1861 4689/8514/2264 

v 140.581 344.772 -179.787
f 4689/8515/2264 4676/8516/1861 4679/8517/1878 4690/8518/2264 

v 142.112 345.272 -169.828
v 140.581 350.221 -172.685
f 4690/8519/2264 4679/8520/1878 4691/8521/1896 4692/8522/2264 

v 146.296 341.649 -167.736
f 4679/8523/1878 4678/8524/1880 4693/8525/1897 4691/8526/1896 

v 152.011 336.69 -171.704
vn 4.81925e-09 -0.707107 0.707107
v 152.011 340.323 -166.97
vn 4.78161e-09 -0.866025 0.5
f 4678/8527/1880 4694/8528/2265 4695/8529/2266 4693/8530/1897 

v 152.011 331.955 -175.337
vn 4.52847e-09 -0.5 0.866025
f 4677/8531/1860 4696/8532/2267 4694/8533/2265 4678/8534/1880 

v 152.011 326.442 -177.621
vn 3.92907e-09 -0.258819 0.965926
f 4681/8535/1821 4697/8536/2268 4696/8537/2267 4677/8538/1860 

v 152.011 320.525 -178.4
vn 3.52566e-09 -0.130526 0.991445
f 4683/8469/1818 4698/8470/2269 4697/8471/2268 4681/8472/1821 

vt 2.64844e-15 6.67604
vn -0.258819 2.38533e-08 0.965926
vt 2.47103e-15 4.34667
v 152.011 318.525 -178.4
f 4698/8749/2270 4683/8750/2270 4685/8747/2270 4699/8748/2270 

v 152.011 318.525 -201.26
vt -2.82691e-14 4.5
vn 3.75353e-09 -1 2.57005e-08
v 157.726 318.525 -199.729
vt -0.602886 6.75
v 161.909 318.525 -195.545
vt -2.25 8.39711
v 163.441 318.525 -189.83
vt -4.5 9
v 161.909 318.525 -184.115
vt -6.75 8.39711
v 157.726 318.525 -179.931
vt -8.39711 6.75
vt -9 4.5
vt -8.39711 2.25
vt -6.75 0.602886
vt -4.5 1.4506e-14
v 142.112 318.525 -195.545
vt -2.25 0.602886
v 146.296 318.525 -199.729
vt -0.602886 2.25
f 4700/8751/2271 4701/8752/2271 4702/8753/2271 4703/8754/2271 4704/8755/2271 4705/8756/2271 4699/8757/2271 4685/8758/2271 4684/8759/2271 4687/8760/2271 4706/8761/2271 4707/8762/2271 

v 152.011 320.525 -201.26
vt -8.46231e-30 4.34667
vn 0.258819 -2.38533e-08 -0.965926
v 157.726 320.525 -199.729
vt -1.77412e-16 6.67604
vn 0.5 -2.03806e-08 -0.866025
vt -0.787402 6.67604
vt -0.787402 4.34667
f 4708/8763/2272 4709/8764/2273 4701/8765/2273 4700/8766/2272 

vt 3.68202e-15 4.34915
vn -3.52566e-09 0.130526 -0.991445
v 152.011 332.359 -199.702
vn -3.92907e-09 0.258819 -0.965926
v 157.726 331.962 -198.223
f 4709/8493/1848 4708/8767/2274 4710/8495/2275 4711/8496/1849 

vt 3.70978e-15 4.34915
v 146.296 320.525 -199.729
v 146.296 331.962 -198.223
f 4708/8768/2274 4712/8497/1852 4713/8498/1853 4710/8495/2275 

vt -5.62983e-17 2.01729
vn -0.258819 -2.57963e-08 -0.965926
vt -2.65406e-30 4.34667
vt -0.787402 2.01729
f 4712/8769/2276 4708/8770/2276 4700/8766/2276 4707/8771/2276 

v 142.112 320.525 -195.545
vt 4.07339e-16 -1.16469
vn -0.707107 -2.08272e-08 -0.707107
vt 1.09146e-16 1.16469
vt -0.787402 1.16469
vt -0.787402 -1.16469
f 4714/8772/2277 4712/8773/2277 4707/8774/2277 4706/8775/2277 

v 142.112 330.879 -194.182
f 4712/8499/1852 4714/8500/1854 4715/8501/1855 4713/8502/1853 

f 4714/8503/1854 4686/8504/2264 4688/8505/2264 4715/8506/1855 

vt 5.42337e-15 -4.34667
vn -0.965926 -1.02774e-08 -0.258819
vt 2.71168e-15 -2.01729
vt -0.787402 -2.01729
vt -0.787402 -4.34667
f 4686/8776/2278 4714/8777/2278 4706/8778/2278 4687/8779/2278 

v 142.112 340.528 -190.185
f 4715/8571/1855 4688/8572/2264 4689/8573/2264 4716/8574/1873 

v 142.112 348.813 -183.828
f 4716/8575/1873 4689/8576/2264 4690/8577/2264 4717/8578/1891 

v 142.112 355.171 -175.543
f 4717/8579/1891 4690/8580/2264 4692/8581/2264 4718/8582/1895 

v 140.581 353.647 -164.415
v 142.112 359.167 -165.894
f 4718/8583/1895 4692/8584/2264 4719/8585/2264 4720/8586/1908 

v 142.112 348.127 -162.936
f 4692/8587/2264 4691/8588/1896 4721/8589/1913 4719/8590/2264 

v 146.296 344.086 -161.853
f 4691/8591/1896 4693/8592/1897 4722/8593/1914 4721/8594/1913 

v 152.011 342.606 -161.457
vn 4.41811e-09 -0.965926 0.258819
f 4693/8595/1897 4695/8596/2266 4723/8597/2279 4722/8598/1914 

v 157.726 341.649 -167.736
v 157.726 344.086 -161.853
f 4695/8529/2266 4724/8599/1899 4725/8600/1918 4723/8601/2279 

v 157.726 337.773 -172.787
f 4694/8602/2265 4726/8603/1882 4724/8604/1899 4695/8596/2266 

v 157.726 332.721 -176.664
f 4696/8605/2267 4727/8606/1864 4726/8607/1882 4694/8608/2265 

v 157.726 326.838 -179.1
f 4697/8539/2268 4728/8540/1841 4727/8541/1864 4696/8542/2267 

v 157.726 320.525 -179.931
f 4698/8473/2269 4729/8474/1840 4728/8475/1841 4697/8476/2268 

vt 7.84134e-16 4.34667
vn 0.258819 2.57963e-08 0.965926
vt 8.40433e-16 2.01729
vt 0.787402 2.01729
f 4729/8780/2280 4698/8781/2280 4699/8782/2280 4705/8747/2280 

v 161.909 320.525 -184.115
vt -1.22202e-15 1.16469
vn 0.707107 2.08272e-08 0.707107
vt -1.52021e-15 -1.16469
vt 0.787402 -1.16469
vt 0.787402 1.16469
f 4730/8783/2281 4729/8784/2281 4705/8785/2281 4704/8786/2281 

v 161.909 327.921 -183.141
f 4729/8477/1840 4730/8478/1842 4731/8479/1843 4728/8480/1841 

v 163.441 320.525 -189.83
vn 1 3.75353e-09 -3.06192e-09
v 163.441 329.4 -188.662
f 4730/8481/1842 4732/8482/2282 4733/8483/2282 4731/8484/1843 

vt -5.42337e-15 -2.01729
vn 0.965926 1.02774e-08 0.258819
vt -8.13505e-15 -4.34667
vt 0.787402 -4.34667
vt 0.787402 -2.01729
f 4732/8787/2283 4730/8788/2283 4704/8789/2283 4703/8790/2283 

v 161.909 320.525 -195.545
vt -3.5839e-15 4.34667
vn 0.965926 -3.02616e-09 -0.258819
vt -7.1678e-15 6.67604
f 4734/8791/2284 4732/8792/2284 4703/8765/2284 4702/8766/2284 

v 161.909 330.879 -194.182
f 4732/8485/2282 4734/8486/1846 4735/8487/1847 4733/8488/2282 

f 4734/8489/1846 4709/8490/1848 4711/8491/1849 4735/8492/1847 

vt -3.42856e-16 5.19928
vt -1.27956e-15 7.52865
vn 0.707107 -1.55189e-08 -0.707107
vt -0.787402 7.52865
vt -0.787402 5.19928
f 4709/8793/2273 4734/8794/2285 4702/8795/2285 4701/8796/2273 

v 157.726 342.62 -193.809
v 161.909 340.528 -190.185
f 4735/8555/1847 4711/8556/1849 4736/8557/1870 4737/8558/1869 

v 152.011 343.385 -195.135
vn -4.52847e-09 0.5 -0.866025
f 4711/8559/1849 4710/8560/2275 4738/8561/2286 4736/8562/1870 

v 146.296 342.62 -193.809
f 4710/8563/2275 4713/8564/1853 4739/8565/1872 4738/8566/2286 

f 4713/8567/1853 4715/8568/1855 4716/8569/1873 4739/8570/1872 

v 146.296 351.771 -186.786
f 4739/8633/1872 4716/8634/1873 4717/8635/1891 4740/8636/1890 

v 146.296 358.794 -177.634
f 4740/8637/1890 4717/8638/1891 4718/8639/1895 4741/8640/1907 

v 146.296 363.208 -166.977
f 4741/8641/1907 4718/8642/1895 4720/8643/1908 4742/8644/1909 

v 142.112 360.53 -155.54
v 146.296 364.714 -155.54
f 4742/8645/1909 4720/8646/1908 4743/8647/1928 4744/8648/1926 

v 140.581 354.815 -155.54
f 4720/8649/1908 4719/8650/2264 4745/8651/2264 4743/8652/1928 

v 142.112 349.1 -155.54
f 4719/8653/2264 4721/8654/1913 4746/8655/1931 4745/8656/2264 

v 146.296 344.917 -155.54
f 4721/8657/1913 4722/8658/1914 4747/8659/1932 4746/8660/1931 

v 152.011 343.385 -155.54
vn 4.12108e-09 -0.991445 0.130526
f 4722/8661/1914 4723/8662/2279 4748/8663/2287 4747/8664/1932 

v 157.726 344.917 -155.54
f 4723/8665/2279 4725/8666/1918 4749/8667/1936 4748/8668/2287 

v 161.909 348.127 -162.936
v 161.909 349.1 -155.54
f 4725/8669/1918 4750/8670/1919 4751/8671/1937 4749/8672/1936 

v 161.909 345.272 -169.828
f 4724/8673/1899 4752/8674/1900 4750/8675/1919 4725/8676/1918 

v 161.909 340.731 -175.746
f 4726/8677/1882 4753/8678/1883 4752/8679/1900 4724/8680/1899 

v 161.909 334.813 -180.287
f 4727/8609/1864 4754/8610/1865 4753/8611/1883 4726/8612/1882 

f 4728/8543/1841 4731/8544/1843 4754/8545/1865 4727/8546/1864 

v 163.441 337.67 -185.236
f 4731/8547/1843 4733/8548/2282 4755/8549/2282 4754/8550/1865 

f 4733/8551/2282 4735/8552/1847 4737/8553/1869 4755/8554/2282 

v 161.909 348.813 -183.828
v 163.441 344.772 -179.787
f 4755/8617/2282 4737/8618/1869 4756/8619/1886 4757/8620/2282 

v 157.726 351.771 -186.786
f 4737/8621/1869 4736/8622/1870 4758/8623/1887 4756/8624/1886 

v 152.011 352.854 -187.869
vn -4.81925e-09 0.707107 -0.707107
f 4736/8625/1870 4738/8626/2286 4759/8627/2288 4758/8628/1887 

f 4738/8629/2286 4739/8630/1872 4740/8631/1890 4759/8632/2288 

v 152.011 360.12 -178.4
vn -4.78161e-09 0.866025 -0.5
f 4759/8697/2288 4740/8698/1890 4741/8699/1907 4760/8700/2289 

v 152.011 364.687 -167.373
vn -4.41811e-09 0.965926 -0.258819
f 4760/8701/2289 4741/8702/1907 4742/8703/1909 4761/8704/2290 

v 152.011 366.245 -155.54
vn -4.12108e-09 0.991445 -0.130526
f 4761/8705/2290 4742/8706/1909 4744/8707/1926 4762/8708/2291 

vt 18 9.00541
vn -3.75352e-09 1 -2.57005e-08
vt 18 6.67604
vn -0.258819 0.965926 -2.40323e-08
v 146.296 364.714 -135.54
vt 25.874 6.67604
v 152.011 366.245 -135.54
vt 25.874 9.00541
f 4762/8797/2292 4744/8798/2293 4763/8799/2293 4764/8800/2292 

vt 18 13.8926
vn -0.707107 0.707107 -1.60079e-08
vt 18 11.5632
v 142.112 360.53 -135.54
vt 25.874 11.5632
vt 25.874 13.8926
f 4744/8801/2294 4743/8802/2294 4765/8803/2294 4763/8804/2294 

vt 18 15.3694
vn -0.965926 0.258819 -3.6942e-09
vt 18 13.04
v 140.581 354.815 -135.54
vt 25.874 13.04
vt 25.874 15.3694
f 4743/8805/2295 4745/8806/2295 4766/8807/2295 4765/8808/2295 

vt -18 -13.04
vn -0.965926 -0.258819 9.60939e-09
vt -18 -10.7106
v 142.112 349.1 -135.54
vt -25.874 -10.7106
vt -25.874 -13.04
f 4745/8809/2296 4746/8810/2296 4767/8811/2296 4766/8812/2296 

vt -18 -7.52865
vn -0.707107 -0.707107 2.03381e-08
vt -18 -5.19928
v 146.296 344.917 -135.54
vt -25.874 -5.19928
vt -25.874 -7.52865
f 4746/8813/2297 4747/8814/2297 4768/8815/2297 4767/8816/2297 

vt -18 -0.312077
vn -0.258819 -0.965926 2.56173e-08
vt -18 2.01729
vn 3.75352e-09 -1 2.57005e-08
v 152.011 343.385 -135.54
vt -25.874 2.01729
vt -25.874 -0.312077
f 4747/8817/2298 4748/8818/2299 4769/8819/2299 4768/8820/2298 

vt -18 6.67604
vt -18 9.00541
vn 0.258819 -0.965926 2.40323e-08
v 157.726 344.917 -135.54
vt -25.874 9.00541
vt -25.874 6.67604
f 4748/8821/2299 4749/8822/2300 4770/8823/2300 4769/8824/2299 

vt -18 11.5632
vn 0.707107 -0.707107 1.60079e-08
vt -18 13.8926
v 161.909 349.1 -135.54
vt -25.874 13.8926
vt -25.874 11.5632
f 4749/8825/2301 4751/8826/2301 4771/8827/2301 4770/8828/2301 

vt -18 13.04
vn 0.965926 -0.258819 3.6942e-09
v 163.441 354.815 -155.54
vt -18 15.3694
v 163.441 354.815 -135.54
vt -25.874 15.3694
vt -25.874 13.04
f 4751/8829/2302 4772/8830/2302 4773/8831/2302 4771/8832/2302 

v 163.441 353.647 -164.415
f 4750/8737/1919 4774/8738/2282 4772/8739/2282 4751/8740/1937 

v 163.441 350.221 -172.685
f 4752/8733/1900 4775/8734/2282 4774/8735/2282 4750/8736/1919 

f 4753/8681/1883 4757/8682/2282 4775/8683/2282 4752/8684/1900 

f 4754/8613/1865 4755/8614/2282 4757/8615/2282 4753/8616/1883 

v 161.909 355.171 -175.543
f 4757/8685/2282 4756/8686/1886 4776/8687/1902 4775/8688/2282 

v 157.726 358.794 -177.634
f 4756/8689/1886 4758/8690/1887 4777/8691/1903 4776/8692/1902 

f 4758/8693/1887 4759/8694/2288 4760/8695/2289 4777/8696/1903 

v 157.726 363.208 -166.977
f 4777/8713/1903 4760/8714/2289 4761/8715/2290 4778/8716/1923 

v 157.726 364.714 -155.54
f 4778/8709/1923 4761/8710/2290 4762/8711/2291 4779/8712/1942 

vt 18 2.01729
vn 0.258819 0.965926 -2.56173e-08
vt 18 -0.312077
vt 25.874 -0.312077
v 157.726 364.714 -135.54
vt 25.874 2.01729
f 4779/8833/2303 4762/8834/2292 4764/8835/2292 4780/8836/2303 

vt -17.3971 6.75
vn 3.06193e-09 2.57005e-08 1
vt -18 4.5
vt -17.3971 2.25
vt -15.75 0.602886
vt -13.5 3.64501e-13
vt -11.25 0.602886
vt -9.60289 2.25
vt -9.60289 6.75
vt -11.25 8.39711
vt -13.5 9
v 161.909 360.53 -135.54
vt -15.75 8.39711
f 4780/8837/2304 4764/8838/2304 4763/8839/2304 4765/8840/2304 4766/8841/2304 4767/8842/2304 4768/8843/2304 4769/8757/2304 4770/8844/2304 4771/8845/2304 4773/8846/2304 4781/8847/2304 

vt 18 -10.7106
vn 0.965926 0.258819 -9.60939e-09
v 161.909 360.53 -155.54
vt 18 -13.04
vt 25.874 -13.04
vt 25.874 -10.7106
f 4772/8848/2305 4782/8849/2305 4781/8850/2305 4773/8851/2305 

v 161.909 359.167 -165.894
f 4774/8725/2282 4783/8726/1922 4782/8727/1941 4772/8728/2282 

f 4775/8729/2282 4776/8730/1902 4783/8731/1922 4774/8732/2282 

f 4776/8717/1902 4777/8718/1903 4778/8719/1923 4783/8720/1922 

f 4783/8721/1922 4778/8722/1923 4779/8723/1942 4782/8724/1941 

vt 18 -5.19928
vn 0.707107 0.707107 -2.03381e-08
vt 18 -7.52865
vt 25.874 -7.52865
vt 25.874 -5.19928
f 4782/8852/2306 4779/8853/2306 4780/8854/2306 4781/8855/2306 

g Mesh44 Group42 Model

v 313.869 171.522 -184.5
vt 6.05094 6.53109
v 313 171.567 -184.5
vt 5.70866 6.54903
v 298.5 171.567 -184.5
vt 1.42109e-14 6.54903
v 298.5 154.933 -184.5
vt 1.42109e-14 0
v 313 154.933 -184.5
vt 5.70866 0
v 313.869 154.978 -184.5
vt 6.05094 0.0179381
v 314.729 155.114 -184.5
vt 6.38947 0.071556
v 315.57 155.34 -184.5
vt 6.72054 0.160266
v 316.383 155.652 -184.5
vt 7.04053 0.283097
v 317.159 156.047 -184.5
vt 7.34592 0.438702
v 317.889 156.521 -184.5
vt 7.63337 0.625376
v 318.565 157.069 -184.5
vt 7.89974 0.841076
v 319.181 157.685 -184.5
vt 8.1421 1.08344
v 319.729 158.361 -184.5
vt 8.3578 1.3498
v 320.203 159.091 -184.5
vt 8.54447 1.63726
v 320.598 159.867 -184.5
vt 8.70008 1.94265
v 320.91 160.68 -184.5
vt 8.82291 2.26263
v 321.136 161.521 -184.5
vt 8.91162 2.5937
v 321.272 162.381 -184.5
vt 8.96524 2.93223
v 321.317 163.25 -184.5
vt 8.98317 3.27451
v 321.272 164.119 -184.5
vt 8.96524 3.61679
v 321.136 164.979 -184.5
vt 8.91162 3.95532
v 320.91 165.82 -184.5
vt 8.82291 4.28639
v 320.598 166.633 -184.5
vt 8.70008 4.60638
v 320.203 167.409 -184.5
vt 8.54447 4.91177
v 319.729 168.139 -184.5
vt 8.3578 5.19922
v 319.181 168.815 -184.5
vt 8.1421 5.46559
v 318.565 169.431 -184.5
vt 7.89974 5.70795
v 317.889 169.979 -184.5
vt 7.63337 5.92365
v 317.159 170.453 -184.5
vt 7.34592 6.11032
v 316.383 170.848 -184.5
vt 7.04053 6.26593
v 315.57 171.16 -184.5
vt 6.72054 6.38876
v 314.729 171.386 -184.5
vt 6.38947 6.47747
f 4784/8856/117 4785/8857/117 4786/8858/117 4787/8859/117 4788/8860/117 4789/8861/117 4790/8862/117 4791/8863/117 4792/8864/117 4793/8865/117 4794/8866/117 4795/8867/117 4796/8868/117 4797/8869/117 4798/8870/117 4799/8871/117 4800/8872/117 4801/8873/117 4802/8874/117 4803/8875/117 4804/8876/117 4805/8877/117 4806/8878/117 4807/8879/117 4808/8880/117 4809/8881/117 4810/8882/117 4811/8883/117 4812/8884/117 4813/8885/117 4814/8886/117 4815/8887/117 4816/8888/117 

v 313 171.567 -190.5
vt 2.3622 -5.35809
vn 0.052336 0.99863 -3.10456e-19
v 313 171.567 -187.5
vt 1.1811 -5.35809
vt -3.38636e-17 -5.35809
vt -3.5894e-17 -5.70084
vn 0.104528 0.994522 -1.55441e-19
v 313.869 171.522 -190.5
vt 2.3622 -5.70084
f 4817/8889/2307 4818/8890/2307 4785/8891/2307 4784/8892/2308 4819/8893/2308 

vt 5.70866 1.1811
vt 5.70866 2.3622
v 298.5 171.567 -190.5
v 298.5 171.567 -187.5
vt 0 1.1811
f 4818/8894/66 4817/8895/66 4820/5997/66 4821/8896/66 

v 313.869 154.978 -190.5
vt -6.05094 0.0179381
v 313 154.933 -190.5
vt -5.70866 0
v 298.5 154.933 -190.5
vt 0 0
vt 0 6.54903
vt -5.70866 6.54903
vt -6.05094 6.53109
v 314.729 171.386 -190.5
vt -6.38947 6.47747
v 315.57 171.16 -190.5
vt -6.72054 6.38876
v 316.383 170.848 -190.5
vt -7.04053 6.26593
v 317.159 170.453 -190.5
vt -7.34592 6.11032
v 317.889 169.979 -190.5
vt -7.63337 5.92365
v 318.565 169.431 -190.5
vt -7.89974 5.70795
v 319.181 168.815 -190.5
vt -8.1421 5.46559
v 319.729 168.139 -190.5
vt -8.3578 5.19922
v 320.203 167.409 -190.5
vt -8.54447 4.91177
v 320.598 166.633 -190.5
vt -8.70008 4.60638
v 320.91 165.82 -190.5
vt -8.82291 4.28639
v 321.136 164.979 -190.5
vt -8.91162 3.95532
v 321.272 164.119 -190.5
vt -8.96524 3.61679
v 321.317 163.25 -190.5
vt -8.98317 3.27451
v 321.272 162.381 -190.5
vt -8.96524 2.93223
v 321.136 161.521 -190.5
vt -8.91162 2.5937
v 320.91 160.68 -190.5
vt -8.82291 2.26263
v 320.598 159.867 -190.5
vt -8.70008 1.94265
v 320.203 159.091 -190.5
vt -8.54447 1.63726
v 319.729 158.361 -190.5
vt -8.3578 1.3498
v 319.181 157.685 -190.5
vt -8.1421 1.08344
v 318.565 157.069 -190.5
vt -7.89974 0.841076
v 317.889 156.521 -190.5
vt -7.63337 0.625376
v 317.159 156.047 -190.5
vt -7.34592 0.438702
v 316.383 155.652 -190.5
vt -7.04053 0.283097
v 315.57 155.34 -190.5
vt -6.72054 0.160266
v 314.729 155.114 -190.5
vt -6.38947 0.071556
f 4822/8897/106 4823/8898/106 4824/8899/106 4820/8900/106 4817/8901/106 4819/8902/106 4825/8903/106 4826/8904/106 4827/8905/106 4828/8906/106 4829/8907/106 4830/8908/106 4831/8909/106 4832/8910/106 4833/8911/106 4834/8912/106 4835/8913/106 4836/8914/106 4837/8915/106 4838/8916/106 4839/8917/106 4840/8918/106 4841/8919/106 4842/8920/106 4843/8921/106 4844/8922/106 4845/8923/106 4846/8924/106 4847/8925/106 4848/8926/106 4849/8927/106 4850/8928/106 4851/8929/106 

vt 2.3622 6.04359
vn 0.104528 -0.994522 -1.55441e-19
vt -3.5894e-17 6.04359
vt -3.38636e-17 5.70084
vn 0.052336 -0.99863 -3.10456e-19
v 313 154.933 -187.5
vt 1.1811 5.70084
vt 2.3622 5.70084
f 4822/8930/2309 4789/8931/2309 4788/8932/2310 4852/8933/2310 4823/8934/2310 

vt 2.3622 6.322
vt 0 6.322
vt 0 5.97925
vt 2.3622 5.97925
f 4851/8935/1133 4790/8936/1133 4789/8937/2309 4822/8938/2309 

vt 2.3622 6.53302
vt 0 6.53302
vt 0 6.19028
vt 2.3622 6.19028
f 4850/8939/1071 4791/8940/1071 4790/8941/1133 4851/8942/1133 

vt 2.3622 6.67435
vt 0 6.67435
vt 0 6.3316
vt 2.3622 6.3316
f 4849/8943/1072 4792/8944/1072 4791/8945/1071 4850/8946/1071 

vt 2.3622 6.74443
vt 0 6.74443
vt 0 6.40168
vt 2.3622 6.40168
f 4848/8947/1171 4793/8948/1171 4792/8949/1072 4849/8950/1072 

vt 2.3622 6.74249
vt 0 6.74249
vt 0 6.39974
vt 2.3622 6.39974
f 4847/8951/1170 4794/8952/1170 4793/8953/1171 4848/8954/1171 

vt 2.3622 6.66856
vt 0 6.66856
vt 0 6.32581
vt 2.3622 6.32581
f 4846/8955/1169 4795/8956/1169 4794/8957/1170 4847/8958/1170 

vt 2.3622 6.52344
vt 0 6.52344
vt 0 6.18069
vt 2.3622 6.18069
f 4845/8959/1168 4796/8960/1168 4795/8961/1169 4846/8962/1169 

vt 2.3622 6.30873
vt 0 6.30873
vt 0 5.96598
vt 2.3622 5.96598
f 4844/8963/1167 4797/8964/1167 4796/8965/1168 4845/8966/1168 

vt 2.3622 6.02677
vt 0 6.02677
vt 0 5.68402
vt 2.3622 5.68402
f 4843/8967/1166 4798/8968/1166 4797/8969/1167 4844/8970/1167 

vt 2.3622 5.68067
vt 0 5.68067
vt 0 5.33792
vt 2.3622 5.33792
f 4842/8971/1165 4799/8972/1165 4798/8973/1166 4843/8974/1166 

vt 2.3622 5.2742
vt 0 5.2742
vt 0 4.93145
vt 2.3622 4.93145
f 4841/8975/1164 4800/8976/1164 4799/8977/1165 4842/8978/1165 

vt 2.3622 4.81182
vt 0 4.81182
vt 0 4.46907
vt 2.3622 4.46907
f 4840/8979/1163 4801/8980/1163 4800/8981/1164 4841/8982/1164 

vt 2.3622 4.2986
vt 0 4.2986
vt 0 3.95585
vt 2.3622 3.95585
f 4839/8983/1162 4802/8984/1162 4801/8985/1163 4840/8986/1163 

vt 2.3622 3.74017
vt 0 3.74017
vt 0 3.39742
vt 2.3622 3.39742
f 4838/8987/68 4803/8988/68 4802/8989/1162 4839/8990/1162 

vt 2.3622 3.14263
vt 0 3.14263
vt 0 2.79988
vt 2.3622 2.79988
f 4837/8991/1161 4804/8992/1161 4803/8993/68 4838/8994/68 

vt 2.3622 2.51254
vt 0 2.51254
vt 0 2.16979
vt 2.3622 2.16979
f 4836/8995/74 4805/8996/74 4804/8997/1161 4837/8998/1161 

vt 2.3622 1.8568
vt 0 1.8568
vt 0 1.51405
vt 2.3622 1.51405
f 4835/8999/75 4806/9000/75 4805/9001/74 4836/9002/74 

vt 2.3622 1.18259
vt 0 1.18259
vt 0 0.839845
vt 2.3622 0.839845
f 4834/9003/76 4807/9004/76 4806/9005/75 4835/9006/75 

vt 2.3622 0.497309
vt 0 0.497309
vt 0 0.15456
vt 2.3622 0.15456
f 4833/9007/77 4808/9008/77 4807/9009/76 4834/9010/76 

vt 2.3622 -0.191547
vt 0 -0.191547
vt 0 -0.534297
vt 2.3622 -0.534297
f 4832/9011/78 4809/9012/78 4808/9013/77 4833/9014/77 

vt 2.3622 -0.876428
vt 0 -0.876428
vt 0 -1.21918
vt 2.3622 -1.21918
f 4831/9015/79 4810/9016/79 4809/9017/78 4832/9018/78 

vt 2.3622 -1.54983
vt 0 -1.54983
vt 0 -1.89258
vt 2.3622 -1.89258
f 4830/9019/80 4811/9020/80 4810/9021/79 4831/9022/79 

vt 2.3622 -2.20437
vt 0 -2.20437
vt 0 -2.54712
vt 2.3622 -2.54712
f 4829/9023/81 4812/9024/81 4811/9025/80 4830/9026/80 

vt 2.3622 -2.83288
vt 0 -2.83288
vt 0 -3.17563
vt 2.3622 -3.17563
f 4828/9027/82 4813/9028/82 4812/9029/81 4829/9030/81 

vt 2.3622 -3.42848
vt 0 -3.42848
vt 0 -3.77123
vt 2.3622 -3.77123
f 4827/9031/83 4814/9032/83 4813/9033/82 4828/9034/82 

vt 2.3622 -3.98464
vt 0 -3.98464
vt 0 -4.32739
vt 2.3622 -4.32739
f 4826/9035/84 4815/9036/84 4814/9037/83 4827/9038/83 

vt 2.3622 -4.49526
vt 0 -4.49526
vt 0 -4.83801
vt 2.3622 -4.83801
f 4825/9039/85 4816/9040/85 4815/9041/84 4826/9042/84 

vt 2.3622 -4.95476
vt 0 -4.95476
vt 0 -5.29751
vt 2.3622 -5.29751
f 4819/9043/2308 4784/9044/2308 4816/9045/85 4825/9046/85 

vt -5.70866 1.1811
vt -1.42109e-14 0
v 298.5 154.933 -187.5
f 4852/9047/1 4788/8898/1 4787/9048/1 4853/8896/1 

vt -1.1811 6.54903
vn -1 0 1.20319e-14
vt -1.1811 0
vt 1.70983e-28 0
vt 1.70983e-28 6.54903
f 4821/9049/2311 4853/9050/2311 4787/9051/2311 4786/9052/2311 

vt -2.3622 6.54903
vt -2.3622 0
f 4853/9050/1145 4821/9049/1145 4820/9053/1145 4824/9054/1145 

vt -5.70866 2.3622
f 4823/9055/1 4852/9047/1 4853/8896/1 4824/5997/1 

f 4785/8860/66 4818/8894/66 4821/8896/66 4786/8859/66 

g Mesh45 Group43 Model

usemtl M_0135_DarkGray
v 314.724 172.165 -180.653
vt 3.23105 5.11811
vn 0.204561 -0.0371751 0.978148
v 315.42 172.038 -180.843
vt 3.51951 5.11811
vn 0.304037 -0.0552529 0.951057
v 343.354 325.749 -180.843
vt 3.51951 66.6254
v 342.658 325.876 -180.653
vt 3.23105 66.6254
f 4854/9056/2312 4855/9057/2313 4856/9058/2313 4857/9059/2312 

usemtl FrontColor
v 317.9 171.588 -192.702
vt -4.59997 4.80394
vn -0.178802 -0.983885 -0
v 318.211 171.531 -192.386
vt -4.72441 4.6795
v 318.211 171.531 -182.614
vt -4.72441 0.832312
v 317.9 171.588 -182.298
vt -4.59997 0.707869
v 317.34 171.689 -181.837
vt -4.37579 0.526331
v 316.735 171.799 -181.438
vt -4.13386 0.369221
v 316.093 171.916 -181.105
vt -3.87683 0.238261
vt -3.60753 0.134884
vt -3.32889 0.0602231
v 314.012 172.294 -180.538
vt -3.04398 0.0150971
v 313.292 172.425 -180.5
vt -2.75591 0
v 313.292 172.425 -194.5
vt -2.75591 5.51181
v 314.012 172.294 -194.462
vt -3.04398 5.49671
v 314.724 172.165 -194.347
vt -3.32889 5.45159
v 315.42 172.038 -194.157
vt -3.60753 5.37693
v 316.093 171.916 -193.895
vt -3.87683 5.27355
v 316.735 171.799 -193.562
vt -4.13386 5.14259
v 317.34 171.689 -193.163
vt -4.37579 4.98548
f 4858/9060/2314 4859/9061/2314 4860/9062/2314 4861/9063/2314 4862/9064/2314 4863/9065/2314 4864/9066/2314 4855/9067/2314 4854/9068/2314 4865/9069/2314 4866/9070/2314 4867/9071/2314 4868/9072/2314 4869/9073/2314 4870/9074/2314 4871/9075/2314 4872/9076/2314 4873/9077/2314 

usemtl M_0135_DarkGray
v 318.211 171.531 -194.5
vt 4.72441 5.51181
vn 0.178802 0.983885 -0
vt 2.75591 5.51181
vt 3.04398 5.49671
vt 3.32889 5.45159
vt 3.60753 5.37693
vt 3.87683 5.27355
vt 4.13386 5.14259
vt 4.37579 4.98548
vt 4.59997 4.80394
vt 4.72441 4.6795
f 4874/9078/2315 4867/9079/2315 4868/9080/2315 4869/9081/2315 4870/9082/2315 4871/9083/2315 4872/9084/2315 4873/9085/2315 4858/9086/2315 4859/9087/2315 

v 310.967 159.635 -194.5
vt -2.75591 1.42109e-14
vt -2.75591 5.11811
vt -4.72441 5.11811
v 316.633 162.85 -194.5
vt -4.72441 1.64421
v 316.395 162.311 -194.5
vt -4.66996 1.41881
v 316.096 161.804 -194.5
vt -4.58979 1.20122
v 315.74 161.334 -194.5
vt -4.48498 0.994377
v 315.332 160.909 -194.5
vt -4.35694 0.80105
v 314.878 160.534 -194.5
vt -4.20738 0.623838
v 314.383 160.215 -194.5
vt -4.03833 0.465123
v 313.855 159.954 -194.5
vt -3.85204 0.327037
v 313.3 159.756 -194.5
vt -3.65103 0.211436
v 312.726 159.624 -194.5
vt -3.43799 0.119872
v 312.141 159.56 -194.5
vt -3.21578 0.0535764
v 311.552 159.563 -194.5
vt -2.9874 0.0134393
f 4875/9088/106 4867/9089/106 4874/9090/106 4876/9091/106 4877/9092/106 4878/9093/106 4879/9094/106 4880/9095/106 4881/9096/106 4882/9097/106 4883/9098/106 4884/9099/106 4885/9100/106 4886/9101/106 4887/9102/106 

usemtl FrontColor
vt 5.51181 5.11811
vn 0.983885 -0.178802 -0
vt 0 5.11811
v 311.714 163.744 -180.5
vt 0 1.64421
v 310.967 159.635 -180.5
vt 0 1.42109e-14
vt 5.51181 1.42109e-14
f 4867/9103/2316 4866/9104/2316 4888/9105/2316 4889/9106/2316 4875/9107/2316 

v 308.683 173.263 -182.298
vt -0.911845 0.707869
v 308.372 173.319 -182.614
vt -0.787402 0.832312
v 308.372 173.319 -192.386
vt -0.787402 4.6795
v 308.683 173.263 -192.702
vt -0.911845 4.80394
v 309.243 173.161 -193.163
vt -1.13602 4.98548
v 309.848 173.051 -193.562
vt -1.37795 5.14259
v 310.49 172.934 -193.895
vt -1.63498 5.27355
v 311.163 172.812 -194.157
vt -1.90428 5.37693
v 311.86 172.685 -194.347
vt -2.18292 5.45159
v 312.572 172.556 -194.462
vt -2.46783 5.49671
v 312.572 172.556 -180.538
vt -2.46783 0.0150971
v 311.86 172.685 -180.653
vt -2.18292 0.0602231
v 311.163 172.812 -180.843
vt -1.90428 0.134884
v 310.49 172.934 -181.105
vt -1.63498 0.238261
v 309.848 173.051 -181.438
vt -1.37795 0.369221
v 309.243 173.161 -181.837
vt -1.13602 0.526331
f 4890/9108/2314 4891/9109/2314 4892/9110/2314 4893/9111/2314 4894/9112/2314 4895/9113/2314 4896/9114/2314 4897/9115/2314 4898/9116/2314 4899/9117/2314 4867/9071/2314 4866/9070/2314 4900/9118/2314 4901/9119/2314 4902/9120/2314 4903/9121/2314 4904/9122/2314 4905/9123/2314 

usemtl M_0135_DarkGray
v 308.372 173.319 -180.5
vt 0.787402 0
vt 2.75591 0
vt 2.46783 0.0150971
vt 2.18292 0.0602231
vt 1.90428 0.134884
vt 1.63498 0.238261
vt 1.37795 0.369221
vt 1.13602 0.526331
vt 0.911845 0.707869
vt 0.787402 0.832312
f 4906/9124/2315 4866/9125/2315 4900/9126/2315 4901/9127/2315 4902/9128/2315 4903/9129/2315 4904/9130/2315 4905/9131/2315 4890/9132/2315 4891/9133/2315 

vt 0.787402 5.11811
v 306.795 164.638 -180.5
vt 0.787402 1.64421
vt 2.75591 1.64421
vt 2.75591 5.11811
f 4906/9134/117 4907/9135/117 4888/9136/117 4866/9137/117 

usemtl FrontColor
v 308.372 173.319 -194.5
vt -5.51181 5.11811
vn -0.983885 0.178802 -0
v 306.795 164.638 -194.5
vt -5.51181 1.64421
vt -0.832312 5.11811
vt -4.6795 5.11811
f 4908/9138/2317 4909/9139/2317 4907/9105/2317 4906/9104/2317 4891/9140/2317 4892/9141/2317 

usemtl M_0135_DarkGray
v 310.395 159.773 -194.5
vt -2.52441 0.0134393
v 309.842 159.977 -194.5
vt -2.29603 0.0535764
v 309.317 160.244 -194.5
vt -2.07382 0.119872
v 308.826 160.569 -194.5
vt -1.86078 0.211436
v 308.376 160.95 -194.5
vt -1.65977 0.327037
v 307.974 161.379 -194.5
vt -1.47348 0.465123
v 307.623 161.853 -194.5
vt -1.30443 0.623838
v 307.33 162.364 -194.5
vt -1.15488 0.80105
v 307.098 162.905 -194.5
vt -1.02683 0.994377
v 306.93 163.469 -194.5
vt -0.922024 1.20122
v 306.828 164.05 -194.5
vt -0.841854 1.41881
vt -0.787402 1.64421
vt -0.787402 5.11811
f 4867/9089/106 4875/9088/106 4910/9142/106 4911/9143/106 4912/9144/106 4913/9145/106 4914/9146/106 4915/9147/106 4916/9148/106 4917/9149/106 4918/9150/106 4919/9151/106 4920/9152/106 4909/9153/106 4908/9154/106 

usemtl FrontColor
vt 0 -2.75127
vn -0.235525 -0.971868 -0
v 310.395 159.773 -180.5
vt 0 -2.51939
vn -0.291455 -0.956585 -0
vt -5.51181 -2.51939
vt -5.51181 -2.75127
f 4889/9155/2318 4921/9156/2319 4910/9157/2319 4875/9158/2318 

usemtl M_0135_DarkGray
vt 2.75591 1.42109e-14
v 306.828 164.05 -180.5
vt 0.841854 1.41881
v 306.93 163.469 -180.5
vt 0.922024 1.20122
v 307.098 162.905 -180.5
vt 1.02683 0.994377
v 307.33 162.364 -180.5
vt 1.15488 0.80105
v 307.623 161.853 -180.5
vt 1.30443 0.623838
v 307.974 161.379 -180.5
vt 1.47348 0.465123
v 308.376 160.95 -180.5
vt 1.65977 0.327037
v 308.826 160.569 -180.5
vt 1.86078 0.211436
v 309.317 160.244 -180.5
vt 2.07382 0.119872
v 309.842 159.977 -180.5
vt 2.29603 0.0535764
vt 2.52441 0.0134393
f 4889/9159/117 4888/9136/117 4907/9135/117 4922/9160/117 4923/9161/117 4924/9162/117 4925/9163/117 4926/9164/117 4927/9165/117 4928/9166/117 4929/9167/117 4930/9168/117 4931/9169/117 4921/9170/117 

v 311.552 159.563 -180.5
vt 2.9874 0.0134393
v 312.141 159.56 -180.5
vt 3.21578 0.0535764
v 312.726 159.624 -180.5
vt 3.43799 0.119872
v 313.3 159.756 -180.5
vt 3.65103 0.211436
v 313.855 159.954 -180.5
vt 3.85204 0.327037
v 314.383 160.215 -180.5
vt 4.03833 0.465123
v 314.878 160.534 -180.5
vt 4.20738 0.623838
v 315.332 160.909 -180.5
vt 4.35694 0.80105
v 315.74 161.334 -180.5
vt 4.48498 0.994377
v 316.096 161.804 -180.5
vt 4.58979 1.20122
v 316.395 162.311 -180.5
vt 4.66996 1.41881
v 316.633 162.85 -180.5
vt 4.72441 1.64421
v 318.211 171.531 -180.5
vt 4.72441 5.11811
f 4866/9137/117 4888/9136/117 4889/9159/117 4932/9171/117 4933/9172/117 4934/9173/117 4935/9174/117 4936/9175/117 4937/9176/117 4938/9177/117 4939/9178/117 4940/9179/117 4941/9180/117 4942/9181/117 4943/9182/117 4944/9183/117 

vt 0 2.98316
vn -0.063747 -0.997966 -0
vt 0 2.75127
vn -0.121479 -0.992594 -0
vt 5.51181 2.75127
vt 5.51181 2.98316
f 4932/9184/2320 4889/9185/2321 4875/9186/2321 4887/9187/2320 

vt 0 3.17652
vn 0.0521648 -0.998638 -0
vt 0 2.94463
vt 5.51181 2.94463
vt 5.51181 3.17652
f 4933/9188/2322 4932/9189/2320 4887/9190/2320 4886/9191/2322 

vt 0 3.32875
vn 0.167376 -0.985893 -0
vt 0 3.09687
vt 5.51181 3.09687
vt 5.51181 3.32875
f 4934/9192/2323 4933/9193/2322 4886/9194/2322 4885/9195/2323 

vt 0 3.43783
vn 0.280338 -0.959901 -0
vt 0 3.20594
vt 5.51181 3.20594
vt 5.51181 3.43783
f 4935/9196/2324 4934/9197/2323 4885/9198/2323 4884/9199/2324 

vt 0 3.50226
vn 0.389533 -0.921012 -0
vt 0 3.27038
vt 5.51181 3.27038
vt 5.51181 3.50226
f 4936/9200/2325 4935/9201/2324 4884/9202/2324 4883/9203/2325 

vt 0 3.5212
vn 0.493495 -0.869749 -0
vt 0 3.28932
vt 5.51181 3.28932
vt 5.51181 3.5212
f 4937/9204/2326 4936/9205/2325 4883/9206/2325 4882/9207/2326 

vt 0 3.49439
vn 0.590826 -0.806799 -0
vt 0 3.26251
vt 5.51181 3.26251
vt 5.51181 3.49439
f 4938/9208/2327 4937/9209/2326 4882/9210/2326 4881/9211/2327 

vt 0 3.42218
vn 0.680219 -0.733009 -0
vt 0 3.1903
vt 5.51181 3.1903
vt 5.51181 3.42218
f 4939/9212/2328 4938/9213/2327 4881/9214/2327 4880/9215/2328 

vt 0 3.30555
vn 0.760472 -0.649371 -0
vt 0 3.07367
vt 5.51181 3.07367
vt 5.51181 3.30555
f 4940/9216/2329 4939/9217/2328 4880/9218/2328 4879/9219/2329 

vt 0 3.14607
vn 0.830507 -0.557007 -0
vt 0 2.91418
vt 5.51181 2.91418
vt 5.51181 3.14607
f 4941/9220/2330 4940/9221/2329 4879/9222/2329 4878/9223/2330 

vt 0 2.94587
vn 0.889384 -0.45716 -0
vt 0 2.71399
vt 5.51181 2.71399
vt 5.51181 2.94587
f 4942/9224/2331 4941/9225/2330 4878/9226/2330 4877/9227/2331 

vt 0 2.70765
vn 0.914385 -0.404846 -0
vt 0 2.47577
vt 5.51181 2.47577
vt 5.51181 2.70765
f 4943/9228/2332 4942/9229/2331 4877/9230/2331 4876/9231/2332 

vt 5.51181 1.64421
vt 4.6795 5.11811
vt 0.832312 5.11811
f 4943/9105/2316 4876/9232/2316 4874/9103/2316 4859/9233/2316 4860/9234/2316 4944/9104/2316 

usemtl FrontColor
v 318.41 171.495 -182.816
vt -4.80394 0.911845
v 318.41 171.495 -192.184
vt -4.80394 4.59997
v 318.864 171.412 -191.614
vt -4.98548 4.37579
v 319.256 171.341 -191
vt -5.14259 4.13386
v 319.583 171.282 -190.347
vt -5.27355 3.87683
v 319.842 171.235 -189.663
vt -5.37693 3.60753
v 320.028 171.201 -188.955
vt -5.45159 3.32889
v 320.141 171.18 -188.232
vt -5.49671 3.04398
v 320.179 171.173 -187.5
vt -5.51181 2.75591
v 320.141 171.18 -186.768
vt -5.49671 2.46783
v 320.028 171.201 -186.045
vt -5.45159 2.18292
v 319.842 171.235 -185.337
vt -5.37693 1.90428
v 319.583 171.282 -184.653
vt -5.27355 1.63498
v 319.256 171.341 -184
vt -5.14259 1.37795
v 318.864 171.412 -183.386
vt -4.98548 1.13602
f 4945/9235/2314 4860/9062/2314 4859/9061/2314 4946/9236/2314 4947/9237/2314 4948/9238/2314 4949/9239/2314 4950/9240/2314 4951/9241/2314 4952/9242/2314 4953/9243/2314 4954/9244/2314 4955/9245/2314 4956/9246/2314 4957/9247/2314 4958/9248/2314 4959/9249/2314 

usemtl M_0135_DarkGray
vt 3.9292 5.11811
vn 0.695712 -0.126432 0.707107
vt 4.04167 5.11811
vn 0.731169 -0.132876 0.669131
v 346.344 325.206 -182.816
vt 4.04167 66.6254
v 345.834 325.298 -182.298
vt 3.75321 66.6254
vn 0.658348 -0.119642 0.743145
vt 3.75321 5.11811
f 4860/9250/2333 4945/9251/2334 4960/9252/2334 4961/9253/2335 4861/9254/2335 

vt 3.73186 5.11811
vt 4.02032 5.11811
vn 0.79598 -0.144654 0.587785
v 346.798 325.123 -183.386
vt 4.02032 66.6254
vt 3.73186 66.6254
f 4945/9255/2334 4959/9256/2336 4962/9257/2336 4960/9258/2334 

vt 3.66804 5.11811
vt 3.9565 5.11811
vn 0.852069 -0.154847 0.5
v 347.19 325.052 -184
vt 3.9565 66.6254
vt 3.66804 66.6254
f 4959/9259/2336 4958/9260/2337 4963/9261/2337 4962/9262/2336 

vt 3.56245 5.11811
vt 3.85092 5.11811
vn 0.898824 -0.163344 0.406737
v 347.517 324.993 -184.653
vt 3.85092 66.6254
vt 3.56245 66.6254
f 4958/9263/2337 4957/9264/2338 4964/9265/2338 4963/9266/2337 

vt 3.41625 5.11811
vt 3.70472 5.11811
vn 0.93573 -0.170051 0.309017
v 347.776 324.946 -185.337
vt 3.70472 66.6254
vt 3.41625 66.6254
f 4957/9267/2338 4956/9268/2339 4965/9269/2339 4964/9270/2338 

vn 0.962385 -0.174895 0.207912
v 347.962 324.912 -186.045
f 4956/9056/2339 4955/9057/2340 4966/9058/2340 4965/9059/2339 

vt 3.00886 5.11811
vt 3.29733 5.11811
vn 0.978495 -0.177823 0.104528
v 348.075 324.891 -186.768
vt 3.29733 66.6254
vt 3.00886 66.6254
f 4955/9271/2340 4954/9272/2341 4967/9273/2341 4966/9274/2340 

vt 2.75213 5.11811
vt 3.04059 5.11811
v 348.113 324.884 -187.5
vt 3.04059 66.6254
vt 2.75213 66.6254
f 4954/9275/2341 4953/9276/2316 4968/9277/2316 4967/9278/2341 

vt 2.46366 5.11811
vn 0.978495 -0.177823 -0.104528
v 348.075 324.891 -188.232
vt 2.46366 66.6254
f 4953/9279/2316 4952/9275/2342 4969/9278/2342 4968/9280/2316 

vt 2.14662 5.11811
vt 2.43509 5.11811
vn 0.962385 -0.174895 -0.207912
v 347.962 324.912 -188.955
vt 2.43509 66.6254
vt 2.14662 66.6254
f 4952/9281/2342 4951/9282/2343 4970/9283/2343 4969/9284/2342 

vt 1.80449 5.11811
vt 2.09295 5.11811
vn 0.93573 -0.170051 -0.309017
v 347.776 324.946 -189.663
vt 2.09295 66.6254
vt 1.80449 66.6254
f 4951/9285/2343 4950/9286/2344 4971/9287/2344 4970/9288/2343 

vt 1.441 5.11811
vt 1.72946 5.11811
vn 0.898824 -0.163344 -0.406737
v 347.517 324.993 -190.347
vt 1.72946 66.6254
vt 1.441 66.6254
f 4950/9289/2344 4949/9290/2345 4972/9291/2345 4971/9292/2344 

vt 1.06014 5.11811
vt 1.34861 5.11811
vn 0.852069 -0.154847 -0.5
v 347.19 325.052 -191
vt 1.34861 66.6254
vt 1.06014 66.6254
f 4949/9293/2345 4948/9294/2346 4973/9295/2346 4972/9296/2345 

vt 0.66609 5.11811
vt 0.954556 5.11811
vn 0.79598 -0.144654 -0.587785
v 346.798 325.123 -191.614
vt 0.954556 66.6254
vt 0.66609 66.6254
f 4948/9297/2346 4947/9298/2347 4974/9299/2347 4973/9300/2346 

vt 0.26316 5.11811
vt 0.551626 5.11811
vn 0.731169 -0.132876 -0.669131
v 346.344 325.206 -192.184
vt 0.551626 66.6254
vt 0.26316 66.6254
f 4947/9301/2347 4946/9302/2348 4975/9303/2348 4974/9304/2347 

vt -0.0317563 5.11811
vn 0.695712 -0.126432 -0.707107
vt 0.144233 5.11811
vn 0.658348 -0.119642 -0.743145
v 345.834 325.298 -192.702
vt 0.144233 66.6254
vt -0.144233 66.6254
vt -0.144233 5.11811
f 4859/9305/2349 4858/9306/2350 4976/9307/2350 4975/9308/2348 4946/9309/2348 

vt -0.551626 5.11811
vt -0.26316 5.11811
vn 0.578313 -0.105097 -0.809017
v 345.274 325.4 -193.163
vt -0.26316 66.6254
vt -0.551626 66.6254
f 4858/9310/2350 4873/9311/2351 4977/9312/2351 4976/9313/2350 

vt -0.954556 5.11811
vt -0.66609 5.11811
vn 0.491943 -0.0894011 -0.866025
v 344.669 325.51 -193.562
vt -0.66609 66.6254
vt -0.954556 66.6254
f 4873/9314/2351 4872/9315/2352 4978/9316/2352 4977/9317/2351 

vt -1.34861 5.11811
vt -1.06014 5.11811
vn 0.400182 -0.0727254 -0.913545
v 344.027 325.627 -193.895
vt -1.06014 66.6254
vt -1.34861 66.6254
f 4872/9318/2352 4871/9319/2353 4979/9320/2353 4978/9321/2352 

vt -1.72946 5.11811
vt -1.441 5.11811
vn 0.304037 -0.0552529 -0.951057
v 343.354 325.749 -194.157
vt -1.441 66.6254
vt -1.72946 66.6254
f 4871/9322/2353 4870/9323/2354 4980/9324/2354 4979/9325/2353 

vt -2.09295 5.11811
vt -1.80449 5.11811
vn 0.204561 -0.0371751 -0.978148
v 342.658 325.876 -194.347
vt -1.80449 66.6254
vt -2.09295 66.6254
f 4870/9326/2354 4869/9327/2355 4981/9328/2355 4980/9329/2354 

vt -2.43509 5.11811
vt -2.14662 5.11811
vn 0.102844 -0.0186899 -0.994522
v 341.946 326.005 -194.462
vt -2.14662 66.6254
vt -2.43509 66.6254
f 4869/9330/2355 4868/9331/2356 4982/9332/2356 4981/9333/2355 

vt -2.75213 5.11811
vt -2.46366 5.11811
v 341.226 326.136 -194.5
vt -2.46366 66.6254
vt -2.75213 66.6254
f 4868/9334/2356 4867/9335/106 4983/9336/106 4982/9337/2356 

vt -3.04059 5.11811
vn -0.102844 0.0186899 -0.994522
v 340.506 326.267 -194.462
vt -3.04059 66.6254
f 4867/9338/106 4899/9334/2357 4984/9337/2357 4983/9339/106 

vt 0.787402 5.51181
vt 0.787402 4.6795
vt 0.911845 4.80394
vt 1.13602 4.98548
vt 1.37795 5.14259
vt 1.63498 5.27355
vt 1.90428 5.37693
vt 2.18292 5.45159
vt 2.46783 5.49671
f 4908/9340/2315 4892/9341/2315 4893/9342/2315 4894/9343/2315 4895/9344/2315 4896/9345/2315 4897/9346/2315 4898/9347/2315 4899/9348/2315 4867/9079/2315 

vt -3.86568 5.11811
vn -0.695712 0.126432 -0.707107
v 308.173 173.355 -192.184
vt -3.75321 5.11811
vn -0.731169 0.132876 -0.669131
v 336.107 327.066 -192.184
vt -3.75321 66.6254
v 336.617 326.973 -192.702
vt -4.04167 66.6254
vn -0.658348 0.119642 -0.743145
vt -4.04167 5.11811
f 4892/9349/2358 4985/9350/2359 4986/9351/2359 4987/9352/2360 4893/9353/2360 

usemtl FrontColor
vt -0.707869 4.59997
v 308.173 173.355 -182.816
vt -0.707869 0.911845
v 307.72 173.438 -183.386
vt -0.526331 1.13602
v 307.327 173.509 -184
vt -0.369221 1.37795
v 307 173.568 -184.653
vt -0.238261 1.63498
v 306.742 173.615 -185.337
vt -0.134884 1.90428
v 306.555 173.649 -186.045
vt -0.0602231 2.18292
v 306.442 173.67 -186.768
vt -0.0150971 2.46783
v 306.404 173.677 -187.5
vt 0 2.75591
v 306.442 173.67 -188.232
vt -0.0150971 3.04398
v 306.555 173.649 -188.955
vt -0.0602231 3.32889
v 306.742 173.615 -189.663
vt -0.134884 3.60753
v 307 173.568 -190.347
vt -0.238261 3.87683
v 307.327 173.509 -191
vt -0.369221 4.13386
v 307.72 173.438 -191.614
vt -0.526331 4.37579
f 4985/9354/2314 4892/9110/2314 4891/9109/2314 4988/9355/2314 4989/9356/2314 4990/9357/2314 4991/9358/2314 4992/9359/2314 4993/9360/2314 4994/9361/2314 4995/9362/2314 4996/9363/2314 4997/9364/2314 4998/9365/2314 4999/9366/2314 5000/9367/2314 5001/9368/2314 

usemtl M_0135_DarkGray
vn -0.695712 0.126432 0.707107
vn -0.658348 0.119642 0.743145
v 336.617 326.973 -182.298
v 336.107 327.066 -182.816
vn -0.731169 0.132876 0.669131
f 4891/9305/2361 4890/9306/2362 5002/9307/2362 5003/9308/2363 4988/9309/2363 

vn -0.578313 0.105097 0.809017
v 337.177 326.872 -181.837
f 4890/9301/2362 4905/9302/2364 5004/9303/2364 5002/9304/2362 

vn -0.491943 0.0894011 0.866025
v 337.782 326.762 -181.438
f 4905/9297/2364 4904/9298/2365 5005/9299/2365 5004/9300/2364 

vn -0.400182 0.0727254 0.913545
v 338.424 326.645 -181.105
f 4904/9293/2365 4903/9294/2366 5006/9295/2366 5005/9296/2365 

vn -0.304037 0.0552529 0.951057
v 339.097 326.523 -180.843
f 4903/9289/2366 4902/9290/2367 5007/9291/2367 5006/9292/2366 

vn -0.204561 0.0371751 0.978148
v 339.794 326.396 -180.653
f 4902/9285/2367 4901/9286/2368 5008/9287/2368 5007/9288/2367 

vn -0.102844 0.0186899 0.994522
v 340.506 326.267 -180.538
f 4901/9281/2368 4900/9282/2369 5009/9283/2369 5008/9284/2368 

v 341.226 326.136 -180.5
f 4900/9279/2369 4866/9275/117 5010/9278/117 5009/9280/2369 

vn 0.102844 -0.0186899 0.994522
v 341.946 326.005 -180.538
f 4866/9275/117 4865/9276/2370 5011/9277/2370 5010/9278/117 

vt 4.72441 0
vt 4.72441 0.832312
vt 4.59997 0.707869
vt 4.37579 0.526331
vt 4.13386 0.369221
vt 3.87683 0.238261
vt 3.60753 0.134884
vt 3.32889 0.0602231
vt 3.04398 0.0150971
f 4944/9369/2315 4860/9370/2315 4861/9371/2315 4862/9372/2315 4863/9373/2315 4864/9374/2315 4855/9375/2315 4854/9376/2315 4865/9377/2315 4866/9125/2315 

vn 0.578313 -0.105097 0.809017
v 345.274 325.4 -181.837
f 4862/9255/2371 4861/9256/2335 4961/9257/2335 5012/9258/2371 

vn 0.178802 0.983885 -8.8632e-31
f 4977/9085/2372 5012/9372/2372 4961/9371/2372

f 4978/9084/2372 5012/9372/2372 4977/9085/2372

v 344.669 325.51 -181.438
f 4978/9084/2372 5013/9373/2372 5012/9372/2372

v 344.177 325.6 -187.5
vt 3.93701 2.75591
f 4978/9084/2372 5014/9378/2372 5013/9373/2372

v 344.161 325.602 -187.814
vt 3.93054 2.87936
f 4978/9084/2372 5015/9379/2372 5014/9378/2372

v 344.113 325.611 -188.124
vt 3.9112 3.00147
f 4978/9084/2372 5016/9380/2372 5015/9379/2372

v 344.033 325.626 -188.427
vt 3.8792 3.12089
f 4978/9084/2372 5017/9381/2372 5016/9380/2372

f 4979/9083/2372 5017/9381/2372 4978/9084/2372

v 343.922 325.646 -188.72
vt 3.8349 3.2363
f 4979/9083/2372 5018/9382/2372 5017/9381/2372

v 343.782 325.671 -189
vt 3.77877 3.34646
f 4979/9083/2372 5019/9383/2372 5018/9382/2372

v 343.614 325.702 -189.263
vt 3.71144 3.45014
f 4979/9083/2372 5020/9384/2372 5019/9383/2372

v 343.419 325.737 -189.507
vt 3.63364 3.54622
f 4979/9083/2372 5021/9385/2372 5020/9384/2372

f 4980/9082/2372 5021/9385/2372 4979/9083/2372

v 343.201 325.777 -189.729
vt 3.54622 3.63364
f 4980/9082/2372 5022/9386/2372 5021/9385/2372

v 342.961 325.821 -189.927
vt 3.45014 3.71144
f 4980/9082/2372 5023/9387/2372 5022/9386/2372

v 342.702 325.868 -190.098
vt 3.34646 3.77877
f 4980/9082/2372 5024/9388/2372 5023/9387/2372

f 4981/9081/2372 5024/9388/2372 4980/9082/2372

v 342.426 325.918 -190.241
vt 3.2363 3.8349
f 4981/9081/2372 5025/9389/2372 5024/9388/2372

v 342.138 325.97 -190.353
vt 3.12089 3.8792
f 4981/9081/2372 5026/9390/2372 5025/9389/2372

f 4982/9080/2372 5026/9390/2372 4981/9081/2372

v 341.839 326.024 -190.434
vt 3.00147 3.9112
f 4982/9080/2372 5027/9391/2372 5026/9390/2372

v 341.534 326.08 -190.484
vt 2.87936 3.93054
f 4982/9080/2372 5028/9392/2372 5027/9391/2372

f 4983/9079/2372 5028/9392/2372 4982/9080/2372

v 341.226 326.136 -190.5
vt 2.75591 3.93701
f 4983/9079/2372 5029/9393/2372 5028/9392/2372

v 340.917 326.192 -190.484
vt 2.63245 3.93054
f 4983/9079/2372 5030/9394/2372 5029/9393/2372

v 340.612 326.247 -190.434
vt 2.51034 3.9112
f 4983/9079/2372 5031/9395/2372 5030/9394/2372

f 4984/9348/2372 5031/9395/2372 4983/9079/2372

v 340.314 326.302 -190.353
vt 2.39092 3.8792
f 4984/9348/2372 5032/9396/2372 5031/9395/2372

v 340.025 326.354 -190.241
vt 2.27551 3.8349
f 4984/9348/2372 5033/9397/2372 5032/9396/2372

v 339.794 326.396 -194.347
f 5034/9347/2372 5033/9397/2372 4984/9348/2372

v 339.75 326.404 -190.098
vt 2.16535 3.77877
f 5034/9347/2372 5035/9398/2372 5033/9397/2372

v 339.491 326.451 -189.927
vt 2.06167 3.71144
f 5034/9347/2372 5036/9399/2372 5035/9398/2372

v 339.251 326.495 -189.729
vt 1.96559 3.63364
f 5034/9347/2372 5037/9400/2372 5036/9399/2372

v 339.097 326.523 -194.157
f 5038/9346/2372 5037/9400/2372 5034/9347/2372

v 339.032 326.535 -189.507
vt 1.87818 3.54622
f 5038/9346/2372 5039/9401/2372 5037/9400/2372

v 338.838 326.57 -189.263
vt 1.80037 3.45014
f 5038/9346/2372 5040/9402/2372 5039/9401/2372

v 338.669 326.6 -189
vt 1.73304 3.34646
f 5038/9346/2372 5041/9403/2372 5040/9402/2372

v 338.529 326.626 -188.72
vt 1.67691 3.2363
f 5038/9346/2372 5042/9404/2372 5041/9403/2372

v 338.424 326.645 -193.895
f 5043/9345/2372 5042/9404/2372 5038/9346/2372

v 338.418 326.646 -188.427
vt 1.63261 3.12089
f 5043/9345/2372 5044/9405/2372 5042/9404/2372

v 338.339 326.661 -188.124
vt 1.60061 3.00147
f 5043/9345/2372 5045/9406/2372 5044/9405/2372

v 338.29 326.669 -187.814
vt 1.58127 2.87936
f 5043/9345/2372 5046/9407/2372 5045/9406/2372

v 338.274 326.672 -187.5
vt 1.5748 2.75591
f 5043/9345/2372 5047/9408/2372 5046/9407/2372

v 337.782 326.762 -193.562
f 5047/9408/2372 5043/9345/2372 5048/9344/2372

vt -3.85092 5.11811
vn -0.400182 0.0727254 -0.913545
vt -3.56245 5.11811
vn -0.491943 0.0894011 -0.866025
vt -3.56245 66.6254
vt -3.85092 66.6254
f 4896/9409/2373 4895/9410/2374 5048/9411/2374 5043/9412/2373 

vt -3.9565 5.11811
vt -3.66804 5.11811
vn -0.578313 0.105097 -0.809017
v 337.177 326.872 -193.163
vt -3.66804 66.6254
vt -3.9565 66.6254
f 4895/9413/2374 4894/9414/2375 5049/9415/2375 5048/9416/2374 

vt -4.02032 5.11811
vt -3.73186 5.11811
vt -3.73186 66.6254
vt -4.02032 66.6254
f 4894/9417/2375 4893/9418/2360 4987/9419/2360 5049/9420/2375 

f 4987/9342/2372 5004/9131/2372 5049/9343/2372

f 4987/9342/2372 5002/9132/2372 5004/9131/2372

vt 0.707869 4.59997
f 4986/9421/2372 5002/9132/2372 4987/9342/2372

vt 0.707869 0.911845
f 4986/9421/2372 5003/9422/2372 5002/9132/2372

v 335.654 327.148 -191.614
vt 0.526331 4.37579
f 5050/9423/2372 5003/9422/2372 4986/9421/2372

v 335.654 327.148 -183.386
vt 0.526331 1.13602
f 5050/9423/2372 5051/9424/2372 5003/9422/2372

v 335.261 327.22 -191
vt 0.369221 4.13386
f 5052/9425/2372 5051/9424/2372 5050/9423/2372

v 335.261 327.22 -184
vt 0.369221 1.37795
f 5052/9425/2372 5053/9426/2372 5051/9424/2372

v 334.934 327.279 -190.347
vt 0.238261 3.87683
f 5054/9427/2372 5053/9426/2372 5052/9425/2372

v 334.934 327.279 -184.653
vt 0.238261 1.63498
f 5054/9427/2372 5055/9428/2372 5053/9426/2372

v 334.676 327.326 -189.663
vt 0.134884 3.60753
f 5056/9429/2372 5055/9428/2372 5054/9427/2372

v 334.676 327.326 -185.337
vt 0.134884 1.90428
f 5056/9429/2372 5057/9430/2372 5055/9428/2372

v 334.489 327.36 -188.955
vt 0.0602231 3.32889
f 5058/9431/2372 5057/9430/2372 5056/9429/2372

v 334.489 327.36 -186.045
vt 0.0602231 2.18292
f 5058/9431/2372 5059/9432/2372 5057/9430/2372

v 334.376 327.381 -188.232
vt 0.0150971 3.04398
f 5060/9433/2372 5059/9432/2372 5058/9431/2372

v 334.376 327.381 -186.768
vt 0.0150971 2.46783
f 5060/9433/2372 5061/9434/2372 5059/9432/2372

v 334.338 327.388 -187.5
vt -4.26326e-14 2.75591
f 5061/9434/2372 5060/9433/2372 5062/9435/2372

vn -0.978495 0.177823 -0.104528
f 4996/9338/2376 4995/9334/2317 5062/9337/2317 5060/9339/2376 

vn -0.978495 0.177823 0.104528
f 4995/9334/2317 4994/9335/2377 5061/9336/2377 5062/9337/2317 

vn -0.962385 0.174895 0.207912
f 4994/9330/2377 4993/9331/2378 5059/9332/2378 5061/9333/2377 

vn -0.93573 0.170051 0.309017
f 4993/9326/2378 4992/9327/2379 5057/9328/2379 5059/9329/2378 

vn -0.898824 0.163344 0.406737
f 4992/9322/2379 4991/9323/2380 5055/9324/2380 5057/9325/2379 

vn -0.852069 0.154847 0.5
f 4991/9318/2380 4990/9319/2381 5053/9320/2381 5055/9321/2380 

vn -0.79598 0.144654 0.587785
f 4990/9314/2381 4989/9315/2382 5051/9316/2382 5053/9317/2381 

f 4989/9310/2382 4988/9311/2363 5003/9312/2363 5051/9313/2382 

vt -3.29733 5.11811
vn -0.962385 0.174895 -0.207912
vt -3.00886 5.11811
vt -3.00886 66.6254
vt -3.29733 66.6254
f 4997/9436/2383 4996/9437/2376 5060/9438/2376 5058/9439/2383 

vt -3.51951 5.11811
vn -0.93573 0.170051 -0.309017
vt -3.23105 5.11811
vt -3.23105 66.6254
vt -3.51951 66.6254
f 4998/9440/2384 4997/9441/2383 5058/9442/2383 5056/9443/2384 

vt -3.70472 5.11811
vn -0.898824 0.163344 -0.406737
vt -3.41625 5.11811
vt -3.41625 66.6254
vt -3.70472 66.6254
f 4999/9444/2385 4998/9445/2384 5056/9446/2384 5054/9447/2385 

vn -0.852069 0.154847 -0.5
f 5000/9409/2386 4999/9410/2385 5054/9411/2385 5052/9412/2386 

vn -0.79598 0.144654 -0.587785
f 5001/9413/2387 5000/9414/2386 5052/9415/2386 5050/9416/2387 

f 4985/9417/2359 5001/9418/2387 5050/9419/2387 4986/9420/2359 

f 5049/9343/2372 5004/9131/2372 5005/9130/2372

f 5049/9343/2372 5005/9130/2372 5048/9344/2372

f 5048/9344/2372 5005/9130/2372 5006/9129/2372

f 5048/9344/2372 5006/9129/2372 5047/9408/2372

v 338.29 326.669 -187.186
vt 1.58127 2.63245
f 5047/9408/2372 5006/9129/2372 5063/9448/2372

v 338.339 326.661 -186.876
vt 1.60061 2.51034
f 5063/9448/2372 5006/9129/2372 5064/9449/2372

v 338.418 326.646 -186.573
vt 1.63261 2.39092
f 5064/9449/2372 5006/9129/2372 5065/9450/2372

v 338.529 326.626 -186.28
vt 1.67691 2.27551
f 5065/9450/2372 5006/9129/2372 5066/9451/2372

f 5066/9451/2372 5006/9129/2372 5007/9128/2372

v 338.669 326.6 -186
vt 1.73304 2.16535
f 5066/9451/2372 5007/9128/2372 5067/9452/2372

v 338.838 326.57 -185.737
vt 1.80037 2.06167
f 5067/9452/2372 5007/9128/2372 5068/9453/2372

v 339.032 326.535 -185.493
vt 1.87818 1.96559
f 5068/9453/2372 5007/9128/2372 5069/9454/2372

v 339.251 326.495 -185.271
vt 1.96559 1.87818
f 5069/9454/2372 5007/9128/2372 5070/9455/2372

f 5070/9455/2372 5007/9128/2372 5008/9127/2372

v 339.491 326.451 -185.073
vt 2.06167 1.80037
f 5070/9455/2372 5008/9127/2372 5071/9456/2372

v 339.75 326.404 -184.902
vt 2.16535 1.73304
f 5071/9456/2372 5008/9127/2372 5072/9457/2372

v 340.025 326.354 -184.759
vt 2.27551 1.67691
f 5072/9457/2372 5008/9127/2372 5073/9458/2372

f 5073/9458/2372 5008/9127/2372 5009/9126/2372

v 340.314 326.302 -184.647
vt 2.39092 1.63261
f 5073/9458/2372 5009/9126/2372 5074/9459/2372

v 340.612 326.247 -184.566
vt 2.51034 1.60061
f 5074/9459/2372 5009/9126/2372 5075/9460/2372

vt 2.75591 -5.90514e-29
f 5075/9460/2372 5009/9126/2372 5010/9461/2372

v 340.917 326.192 -184.516
vt 2.63245 1.58127
f 5075/9460/2372 5010/9461/2372 5076/9462/2372

v 341.226 326.136 -184.5
vt 2.75591 1.5748
f 5076/9462/2372 5010/9461/2372 5077/9463/2372

f 5077/9463/2372 5010/9461/2372 5011/9377/2372

v 341.534 326.08 -184.516
vt 2.87936 1.58127
f 5077/9463/2372 5011/9377/2372 5078/9464/2372

v 341.839 326.024 -184.566
vt 3.00147 1.60061
f 5078/9464/2372 5011/9377/2372 5079/9465/2372

v 342.138 325.97 -184.647
vt 3.12089 1.63261
f 5079/9465/2372 5011/9377/2372 5080/9466/2372

f 5080/9466/2372 5011/9377/2372 4857/9376/2372

f 4865/9271/2370 4854/9272/2312 4857/9273/2312 5011/9274/2370 

v 342.426 325.918 -184.759
vt 3.2363 1.67691
f 5080/9466/2372 4857/9376/2372 5081/9467/2372

v 342.702 325.868 -184.902
vt 3.34646 1.73304
f 5081/9467/2372 4857/9376/2372 5082/9468/2372

f 5082/9468/2372 4857/9376/2372 4856/9375/2372

v 342.961 325.821 -185.073
vt 3.45014 1.80037
f 5082/9468/2372 4856/9375/2372 5083/9469/2372

v 343.201 325.777 -185.271
vt 3.54622 1.87818
f 5083/9469/2372 4856/9375/2372 5084/9470/2372

v 343.419 325.737 -185.493
vt 3.63364 1.96559
f 5084/9470/2372 4856/9375/2372 5085/9471/2372

v 344.027 325.627 -181.105
f 5085/9471/2372 4856/9375/2372 5086/9374/2372

vn 0.400182 -0.0727254 0.913545
f 4855/9267/2313 4864/9268/2388 5086/9269/2388 4856/9270/2313 

vn 0.491943 -0.0894011 0.866025
f 4864/9263/2388 4863/9264/2389 5013/9265/2389 5086/9266/2388 

f 4863/9259/2389 4862/9260/2371 5012/9261/2371 5013/9262/2389 

v 344.033 325.626 -186.573
vt 3.8792 2.39092
f 5087/9472/2372 5086/9374/2372 5013/9373/2372

v 343.922 325.646 -186.28
vt 3.8349 2.27551
f 5088/9473/2372 5086/9374/2372 5087/9472/2372

v 343.782 325.671 -186
vt 3.77877 2.16535
f 5089/9474/2372 5086/9374/2372 5088/9473/2372

v 343.614 325.702 -185.737
vt 3.71144 2.06167
f 5090/9475/2372 5086/9374/2372 5089/9474/2372

f 5085/9471/2372 5086/9374/2372 5090/9475/2372

usemtl M_0130_Gainsboro
vt 3.81427 66.6254
vt 3.9379 66.6254
v 352.829 376.412 -185.737
vt 3.9379 86.9171
v 352.635 376.448 -185.493
vt 3.81427 86.9171
f 5085/9476/2334 5090/9477/2336 5091/9478/2336 5092/9479/2334 

vt 3.75046 66.6254
vt 3.87408 66.6254
v 352.998 376.382 -186
vt 3.87408 86.9171
vt 3.75046 86.9171
f 5090/9480/2336 5089/9481/2337 5093/9482/2337 5091/9483/2336 

vt 3.64487 66.6254
vt 3.7685 66.6254
v 353.138 376.356 -186.28
vt 3.7685 86.9171
vt 3.64487 86.9171
f 5089/9484/2337 5088/9485/2338 5094/9486/2338 5093/9487/2337 

vt 3.49867 66.6254
vt 3.6223 66.6254
v 353.249 376.336 -186.573
vt 3.6223 86.9171
vt 3.49867 86.9171
f 5088/9488/2338 5087/9489/2339 5095/9490/2339 5094/9491/2338 

vt 3.31347 66.6254
v 344.113 325.611 -186.876
vt 3.4371 66.6254
v 353.328 376.322 -186.876
vt 3.4371 86.9171
vt 3.31347 86.9171
f 5087/9492/2339 5096/9493/2340 5097/9494/2340 5095/9495/2339 

usemtl M_0135_DarkGray
vt 3.9112 2.51034
f 5087/9472/2372 5013/9373/2372 5096/9496/2372

v 344.161 325.602 -187.186
vt 3.93054 2.63245
f 5096/9496/2372 5013/9373/2372 5098/9497/2372

f 5098/9497/2372 5013/9373/2372 5014/9378/2372

usemtl M_0130_Gainsboro
vt 2.83455 66.6254
vt 2.95818 66.6254
v 353.393 376.31 -187.5
vt 2.95818 86.9171
v 353.377 376.313 -187.186
vt 2.83455 86.9171
f 5098/9498/2341 5014/9499/2316 5099/9500/2316 5100/9501/2341 

vt 2.54608 66.6254
vt 2.66971 66.6254
v 353.377 376.313 -187.814
vt 2.66971 86.9171
vt 2.54608 86.9171
f 5014/9502/2316 5015/9503/2342 5101/9504/2342 5099/9505/2316 

vt 2.22904 66.6254
vt 2.35267 66.6254
v 353.328 376.322 -188.124
vt 2.35267 86.9171
vt 2.22904 86.9171
f 5015/9506/2342 5016/9507/2343 5102/9508/2343 5101/9509/2342 

vt 1.88691 66.6254
vt 2.01053 66.6254
v 353.249 376.336 -188.427
vt 2.01053 86.9171
vt 1.88691 86.9171
f 5016/9510/2343 5017/9511/2344 5103/9512/2344 5102/9513/2343 

vt 1.52342 66.6254
vt 1.64705 66.6254
v 353.138 376.356 -188.72
vt 1.64705 86.9171
vt 1.52342 86.9171
f 5017/9514/2344 5018/9515/2345 5104/9516/2345 5103/9517/2344 

vt 1.14256 66.6254
vt 1.26619 66.6254
v 352.998 376.382 -189
vt 1.26619 86.9171
vt 1.14256 86.9171
f 5018/9518/2345 5019/9519/2346 5105/9520/2346 5104/9521/2345 

vt 0.748509 66.6254
vt 0.872137 66.6254
v 352.829 376.412 -189.263
vt 0.872137 86.9171
vt 0.748509 86.9171
f 5019/9522/2346 5020/9523/2347 5106/9524/2347 5105/9525/2346 

vt 0.345579 66.6254
vt 0.469207 66.6254
v 352.635 376.448 -189.507
vt 0.469207 86.9171
vt 0.345579 86.9171
f 5020/9526/2347 5021/9527/2348 5107/9528/2348 5106/9529/2347 

vt -0.0618141 66.6254
vt 0.0618141 66.6254
v 352.416 376.487 -189.729
vt 0.0618141 86.9171
vt -0.0618141 86.9171
f 5021/9530/2348 5022/9531/2350 5108/9532/2350 5107/9533/2348 

vt -0.469207 66.6254
vt -0.345579 66.6254
v 352.176 376.531 -189.927
vt -0.345579 86.9171
vt -0.469207 86.9171
f 5022/9534/2350 5023/9535/2351 5109/9536/2351 5108/9537/2350 

vt -0.872137 66.6254
vt -0.748509 66.6254
v 351.917 376.578 -190.098
vt -0.748509 86.9171
vt -0.872137 86.9171
f 5023/9538/2351 5024/9539/2352 5110/9540/2352 5109/9541/2351 

vt -1.26619 66.6254
vt -1.14256 66.6254
v 351.642 376.628 -190.241
vt -1.14256 86.9171
vt -1.26619 86.9171
f 5024/9542/2352 5025/9543/2353 5111/9544/2353 5110/9545/2352 

vt -1.64705 66.6254
vt -1.52342 66.6254
v 351.353 376.681 -190.353
vt -1.52342 86.9171
vt -1.64705 86.9171
f 5025/9546/2353 5026/9547/2354 5112/9548/2354 5111/9549/2353 

vt -2.01053 66.6254
vt -1.88691 66.6254
v 351.055 376.735 -190.434
vt -1.88691 86.9171
vt -2.01053 86.9171
f 5026/9550/2354 5027/9551/2355 5113/9552/2355 5112/9553/2354 

vt -2.35267 66.6254
vt -2.22904 66.6254
v 350.75 376.79 -190.484
vt -2.22904 86.9171
vt -2.35267 86.9171
f 5027/9554/2355 5028/9555/2356 5114/9556/2356 5113/9557/2355 

vt -2.66971 66.6254
vt -2.54608 66.6254
vn -3.10762e-18 2.33031e-18 -1
v 350.441 376.846 -190.5
vt -2.54608 86.9171
vt -2.66971 86.9171
f 5028/9558/2356 5029/9559/2390 5115/9560/2390 5114/9561/2356 

vt -2.95818 66.6254
vt -2.83455 66.6254
v 350.133 376.902 -190.484
vt -2.83455 86.9171
vt -2.95818 86.9171
f 5029/9562/2390 5030/9563/2357 5116/9564/2357 5115/9565/2390 

vt -3.21491 66.6254
vt -3.09128 66.6254
vn -0.204561 0.0371751 -0.978148
v 349.828 376.958 -190.434
vt -3.09128 86.9171
vt -3.21491 86.9171
f 5030/9566/2357 5031/9567/2391 5117/9568/2391 5116/9569/2357 

vt -3.4371 66.6254
vt -3.31347 66.6254
vn -0.304037 0.0552529 -0.951057
v 349.529 377.012 -190.353
vt -3.31347 86.9171
vt -3.4371 86.9171
f 5031/9570/2391 5032/9571/2392 5118/9572/2392 5117/9573/2391 

vt -3.6223 66.6254
vt -3.49867 66.6254
v 349.241 377.065 -190.241
vt -3.49867 86.9171
vt -3.6223 86.9171
f 5032/9574/2392 5033/9575/2373 5119/9576/2373 5118/9577/2392 

vt -3.7685 66.6254
vt -3.64487 66.6254
v 348.966 377.115 -190.098
vt -3.64487 86.9171
vt -3.7685 86.9171
f 5033/9578/2373 5035/9579/2374 5120/9580/2374 5119/9581/2373 

vt -3.87408 66.6254
vt -3.75046 66.6254
v 348.706 377.162 -189.927
vt -3.75046 86.9171
vt -3.87408 86.9171
f 5035/9582/2374 5036/9583/2375 5121/9584/2375 5120/9585/2374 

vt -3.9379 66.6254
vt -3.81427 66.6254
v 348.466 377.205 -189.729
vt -3.81427 86.9171
vt -3.9379 86.9171
f 5036/9586/2375 5037/9587/2360 5122/9588/2360 5121/9589/2375 

vt -3.95925 66.6254
vt -3.83562 66.6254
v 348.248 377.245 -189.507
vt -3.83562 86.9171
vt -3.95925 86.9171
f 5037/9590/2360 5039/9591/2359 5123/9592/2359 5122/9593/2360 

v 348.053 377.28 -189.263
f 5039/9586/2359 5040/9587/2387 5124/9588/2387 5123/9589/2359 

v 347.885 377.311 -189
f 5040/9582/2387 5041/9583/2386 5125/9584/2386 5124/9585/2387 

v 347.745 377.336 -188.72
f 5041/9578/2386 5042/9579/2385 5126/9580/2385 5125/9581/2386 

v 347.634 377.357 -188.427
f 5042/9574/2385 5044/9575/2384 5127/9576/2384 5126/9577/2385 

v 347.554 377.371 -188.124
f 5044/9570/2384 5045/9571/2383 5128/9572/2383 5127/9573/2384 

v 347.506 377.38 -187.814
f 5045/9566/2383 5046/9567/2376 5129/9568/2376 5128/9569/2383 

v 347.49 377.383 -187.5
f 5046/9562/2376 5047/9563/2317 5130/9564/2317 5129/9565/2376 

v 347.506 377.38 -187.186
f 5047/9558/2317 5063/9559/2377 5131/9560/2377 5130/9561/2317 

v 347.554 377.371 -186.876
f 5063/9554/2377 5064/9555/2378 5132/9556/2378 5131/9557/2377 

v 347.634 377.357 -186.573
f 5064/9550/2378 5065/9551/2379 5133/9552/2379 5132/9553/2378 

v 347.745 377.336 -186.28
f 5065/9546/2379 5066/9547/2380 5134/9548/2380 5133/9549/2379 

v 347.885 377.311 -186
f 5066/9542/2380 5067/9543/2381 5135/9544/2381 5134/9545/2380 

v 348.053 377.28 -185.737
f 5067/9538/2381 5068/9539/2382 5136/9540/2382 5135/9541/2381 

v 348.248 377.245 -185.493
f 5068/9534/2382 5069/9535/2363 5137/9536/2363 5136/9537/2382 

v 348.466 377.205 -185.271
f 5069/9530/2363 5070/9531/2362 5138/9532/2362 5137/9533/2363 

v 348.706 377.162 -185.073
f 5070/9526/2362 5071/9527/2364 5139/9528/2364 5138/9529/2362 

v 348.966 377.115 -184.902
f 5071/9522/2364 5072/9523/2365 5140/9524/2365 5139/9525/2364 

v 349.241 377.065 -184.759
f 5072/9518/2365 5073/9519/2366 5141/9520/2366 5140/9521/2365 

v 349.529 377.012 -184.647
f 5073/9514/2366 5074/9515/2367 5142/9516/2367 5141/9517/2366 

v 349.828 376.958 -184.566
f 5074/9510/2367 5075/9511/2368 5143/9512/2368 5142/9513/2367 

v 350.133 376.902 -184.516
f 5075/9506/2368 5076/9507/2369 5144/9508/2369 5143/9509/2368 

vn 3.10762e-18 -2.33031e-18 1
v 350.441 376.846 -184.5
f 5076/9502/2369 5077/9503/2393 5145/9504/2393 5144/9505/2369 

v 350.75 376.79 -184.516
f 5077/9498/2393 5078/9499/2370 5146/9500/2370 5145/9501/2393 

vt 3.09128 66.6254
vt 3.21491 66.6254
v 351.055 376.735 -184.566
vt 3.21491 86.9171
vt 3.09128 86.9171
f 5078/9594/2370 5079/9595/2312 5147/9596/2312 5146/9597/2370 

v 351.353 376.681 -184.647
f 5079/9492/2312 5080/9493/2313 5148/9494/2313 5147/9495/2312 

v 351.642 376.628 -184.759
f 5080/9488/2313 5081/9489/2388 5149/9490/2388 5148/9491/2313 

v 351.917 376.578 -184.902
f 5081/9484/2388 5082/9485/2389 5150/9486/2389 5149/9487/2388 

v 352.176 376.531 -185.073
f 5082/9480/2389 5083/9481/2371 5151/9482/2371 5150/9483/2389 

v 352.416 376.487 -185.271
f 5083/9476/2371 5084/9477/2335 5152/9478/2335 5151/9479/2371 

vt 3.83562 66.6254
vt 3.95925 66.6254
vt 3.95925 86.9171
vt 3.83562 86.9171
f 5084/9598/2335 5085/9599/2334 5092/9600/2334 5152/9601/2335 

usemtl FrontColor
vn 0.178802 0.983885 9.46186e-19
f 5120/9398/2394 5121/9399/2394 5122/9400/2394 5123/9401/2394 5124/9402/2394 5125/9403/2394 5126/9404/2394 5127/9405/2394 5128/9406/2394 5129/9407/2394 5130/9408/2394 5131/9448/2394 5132/9449/2394 5133/9450/2394 5134/9451/2394 5135/9452/2394 5136/9453/2394 5137/9454/2394 5138/9455/2394 5139/9456/2394 5140/9457/2394 5141/9458/2394 5142/9459/2394 5143/9460/2394 5144/9462/2394 5145/9463/2394 5146/9464/2394 5147/9465/2394 5148/9466/2394 5149/9467/2394 5150/9468/2394 5151/9469/2394 5152/9470/2394 5092/9471/2394 5091/9475/2394 5093/9474/2394 5094/9473/2394 5095/9472/2394 5097/9496/2394 5100/9497/2394 5099/9378/2394 5101/9379/2394 5102/9380/2394 5103/9381/2394 5104/9382/2394 5105/9383/2394 5106/9384/2394 5107/9385/2394 5108/9386/2394 5109/9387/2394 5110/9388/2394 5111/9389/2394 5112/9390/2394 5113/9391/2394 5114/9392/2394 5115/9393/2394 5116/9394/2394 5117/9395/2394 5118/9396/2394 5119/9397/2394 

usemtl M_0130_Gainsboro
f 5096/9594/2340 5098/9595/2341 5100/9596/2341 5097/9597/2340 

usemtl M_0135_DarkGray
f 4897/9444/2392 4896/9445/2373 5043/9446/2373 5038/9447/2392 

f 4898/9440/2391 4897/9441/2392 5038/9442/2392 5034/9443/2391 

f 4899/9436/2357 4898/9437/2391 5034/9438/2391 4984/9439/2357 

f 4977/9085/2372 4961/9371/2372 4976/9086/2372

vt 4.80394 0.911845
f 4976/9086/2372 4961/9371/2372 4960/9602/2372

vt 4.80394 4.59997
f 4976/9086/2372 4960/9602/2372 4975/9603/2372

vt 4.98548 1.13602
f 4975/9603/2372 4960/9602/2372 4962/9604/2372

vt 4.98548 4.37579
f 4975/9603/2372 4962/9604/2372 4974/9605/2372

vt 5.14259 1.37795
f 4974/9605/2372 4962/9604/2372 4963/9606/2372

vt 5.14259 4.13386
f 4974/9605/2372 4963/9606/2372 4973/9607/2372

vt 5.27355 1.63498
f 4973/9607/2372 4963/9606/2372 4964/9608/2372

vt 5.27355 3.87683
f 4973/9607/2372 4964/9608/2372 4972/9609/2372

vt 5.37693 1.90428
f 4972/9609/2372 4964/9608/2372 4965/9610/2372

vt 5.37693 3.60753
f 4972/9609/2372 4965/9610/2372 4971/9611/2372

vt 5.45159 2.18292
f 4971/9611/2372 4965/9610/2372 4966/9612/2372

vt 5.45159 3.32889
f 4971/9611/2372 4966/9612/2372 4970/9613/2372

vt 5.49671 2.46783
f 4970/9613/2372 4966/9612/2372 4967/9614/2372

vt 5.49671 3.04398
f 4970/9613/2372 4967/9614/2372 4969/9615/2372

vt 5.51181 2.75591
f 4969/9615/2372 4967/9614/2372 4968/9616/2372

usemtl FrontColor
vt 0 1.18144
vn -0.993365 -0.115007 -0
vt 0 1.41333
vn -0.99836 -0.057241 -0
vt -5.51181 1.41333
vt -5.51181 1.18144
f 4922/9617/2395 4907/9618/2396 4909/9619/2396 4920/9620/2395 

vt 0 0.808372
vn -0.973383 -0.229185 -0
vt 0 1.04026
vt -5.51181 1.04026
vt -5.51181 0.808372
f 4923/9621/2397 4922/9622/2395 4920/9623/2395 4919/9624/2397 

vt 0 0.422883
vn -0.940323 -0.340284 -0
vt 0 0.654767
vt -5.51181 0.654767
vt -5.51181 0.422883
f 4924/9625/2398 4923/9626/2397 4919/9627/2397 4918/9628/2398 

vt 0 0.0301551
vn -0.894628 -0.446811 -0
vt 0 0.262039
vt -5.51181 0.262039
vt -5.51181 0.0301551
f 4925/9629/2399 4924/9630/2398 4918/9631/2398 4917/9632/2399 

vt 0 -0.364536
vn -0.836914 -0.547335 -0
vt 0 -0.132652
vt -5.51181 -0.132652
vt -5.51181 -0.364536
f 4926/9633/2400 4925/9634/2399 4917/9635/2399 4916/9636/2400 

vt 0 -0.755887
vn -0.767954 -0.640505 -0
vt 0 -0.524004
vt -5.51181 -0.524004
vt -5.51181 -0.755887
f 4927/9637/2401 4926/9638/2400 4916/9639/2400 4915/9640/2401 

vt 0 -1.13864
vn -0.688677 -0.725069 -0
vt 0 -0.906756
vt -5.51181 -0.906756
vt -5.51181 -1.13864
f 4928/9641/2402 4927/9642/2401 4915/9643/2401 4914/9644/2402 

vt 0 -1.50765
vn -0.600146 -0.79989 -0
vt 0 -1.27577
vt -5.51181 -1.27577
vt -5.51181 -1.50765
f 4929/9645/2403 4928/9646/2402 4914/9647/2402 4913/9648/2403 

vt 0 -1.85797
vn -0.503552 -0.863965 -0
vt 0 -1.62608
vt -5.51181 -1.62608
vt -5.51181 -1.85797
f 4930/9649/2404 4929/9650/2403 4913/9651/2403 4912/9652/2404 

vt 0 -2.18487
vn -0.400192 -0.916431 -0
vt 0 -1.95299
vt -5.51181 -1.95299
vt -5.51181 -2.18487
f 4931/9653/2405 4930/9654/2404 4912/9655/2404 4911/9656/2405 

vt 0 -2.48398
vt 0 -2.2521
vt -5.51181 -2.2521
vt -5.51181 -2.48398
f 4921/9657/2319 4931/9658/2405 4911/9659/2405 4910/9660/2319 

g Mesh46 Model

v 226.274 276.875 -104.518
vt -89.0843 109.006
vn -6.6474e-31 3.3237e-31 -1
v 227.738 276.798 -104.518
vt -89.6605 108.976
v 229.185 276.569 -104.518
vt -90.2303 108.885
v 230.6 276.19 -104.518
vt -90.7876 108.736
v 231.969 275.665 -104.518
vt -91.3262 108.529
v 233.274 274.999 -104.518
vt -91.8402 108.267
v 234.503 274.201 -104.518
vt -92.3241 107.953
v 235.642 273.279 -104.518
vt -92.7724 107.59
v 236.678 272.243 -104.518
vt -93.1804 107.182
v 237.6 271.104 -104.518
vt -93.5435 106.734
v 238.399 269.875 -104.518
vt -93.8577 106.25
v 239.064 268.569 -104.518
vt -94.1196 105.736
v 239.589 267.201 -104.518
vt -94.3264 105.197
v 239.968 265.786 -104.518
vt -94.4757 104.64
v 240.197 264.338 -104.518
vt -94.5659 104.07
v 240.274 262.875 -104.518
vt -94.5961 103.494
v 240.197 261.412 -104.518
vt -94.5659 102.918
v 239.968 259.964 -104.518
vt -94.4757 102.348
v 239.589 258.549 -104.518
vt -94.3264 101.791
v 239.064 257.181 -104.518
vt -94.1196 101.252
v 238.399 255.875 -104.518
vt -93.8577 100.738
v 237.6 254.646 -104.518
vt -93.5435 100.254
v 236.678 253.507 -104.518
vt -93.1804 99.806
v 235.642 252.471 -104.518
vt -92.7724 99.398
v 234.503 251.549 -104.518
vt -92.3241 99.0349
v 233.274 250.751 -104.518
vt -91.8402 98.7207
v 231.969 250.085 -104.518
vt -91.3262 98.4588
v 230.6 249.56 -104.518
vt -90.7876 98.2521
v 229.185 249.181 -104.518
vt -90.2303 98.1027
v 227.738 248.952 -104.518
vt -89.6605 98.0125
v 226.274 248.875 -104.518
vt -89.0843 97.9823
v 224.811 248.952 -104.518
vt -88.5082 98.0125
v 223.363 249.181 -104.518
vt -87.9384 98.1027
v 221.948 249.56 -104.518
vt -87.3811 98.2521
v 220.58 250.085 -104.518
vt -86.8425 98.4588
v 219.274 250.751 -104.518
vt -86.3284 98.7207
v 218.045 251.549 -104.518
vt -85.8446 99.0349
v 216.906 252.471 -104.518
vt -85.3962 99.398
v 215.87 253.507 -104.518
vt -84.9883 99.806
v 214.948 254.646 -104.518
vt -84.6252 100.254
v 214.15 255.875 -104.518
vt -84.311 100.738
v 213.485 257.181 -104.518
vt -84.049 101.252
v 212.959 258.549 -104.518
vt -83.8423 101.791
v 212.58 259.964 -104.518
vt -83.693 102.348
v 212.351 261.412 -104.518
vt -83.6027 102.918
v 212.274 262.875 -104.518
vt -83.5725 103.494
v 212.351 264.338 -104.518
vt -83.6027 104.07
v 212.58 265.786 -104.518
vt -83.693 104.64
v 212.959 267.201 -104.518
vt -83.8423 105.197
v 213.485 268.569 -104.518
vt -84.049 105.736
v 214.15 269.875 -104.518
vt -84.311 106.25
v 214.948 271.104 -104.518
vt -84.6252 106.734
v 215.87 272.243 -104.518
vt -84.9883 107.182
v 216.906 273.279 -104.518
vt -85.3962 107.59
v 218.045 274.201 -104.518
vt -85.8446 107.953
v 219.274 274.999 -104.518
vt -86.3284 108.267
v 220.58 275.665 -104.518
vt -86.8425 108.529
v 221.948 276.19 -104.518
vt -87.3811 108.736
v 223.363 276.569 -104.518
vt -87.9384 108.885
v 224.811 276.798 -104.518
vt -88.5082 108.976
f 5153/9661/2406 5154/9662/2406 5155/9663/2406 5156/9664/2406 5157/9665/2406 5158/9666/2406 5159/9667/2406 5160/9668/2406 5161/9669/2406 5162/9670/2406 5163/9671/2406 5164/9672/2406 5165/9673/2406 5166/9674/2406 5167/9675/2406 5168/9676/2406 5169/9677/2406 5170/9678/2406 5171/9679/2406 5172/9680/2406 5173/9681/2406 5174/9682/2406 5175/9683/2406 5176/9684/2406 5177/9685/2406 5178/9686/2406 5179/9687/2406 5180/9688/2406 5181/9689/2406 5182/9690/2406 5183/9691/2406 5184/9692/2406 5185/9693/2406 5186/9694/2406 5187/9695/2406 5188/9696/2406 5189/9697/2406 5190/9698/2406 5191/9699/2406 5192/9700/2406 5193/9701/2406 5194/9702/2406 5195/9703/2406 5196/9704/2406 5197/9705/2406 5198/9706/2406 5199/9707/2406 5200/9708/2406 5201/9709/2406 5202/9710/2406 5203/9711/2406 5204/9712/2406 5205/9713/2406 5206/9714/2406 5207/9715/2406 5208/9716/2406 5209/9717/2406 5210/9718/2406 5211/9719/2406 5212/9720/2406 

vt 41.1489 -83.8342
vn 0.104528 0.994522 5.86534e-19
vt 41.1489 -83.2573
vn 0 1 5.86534e-19
v 226.274 276.875 -102.518
vt 40.3615 -83.2573
v 227.738 276.798 -102.518
vt 40.3615 -83.8342
f 5154/9721/2407 5153/9722/2408 5213/9723/2408 5214/9724/2407 

v 226.274 276.875 -272.482
vt 107.276 -83.2573
vn 0 1 9.63427e-21
vn 0.104528 0.994522 2.64194e-20
v 227.738 276.798 -272.482
vt 107.276 -83.8342
f 5215/9725/2409 5153/9722/2409 5154/9721/2410 5216/9726/2410 

v 224.811 276.798 -272.482
vt -107.276 94.0902
vn -0.104528 0.994522 2.64194e-20
vt -41.1489 94.0902
vt -41.1489 94.6672
vt -107.276 94.6672
f 5217/9727/2411 5212/9728/2411 5153/9729/2409 5215/9730/2409 

v 223.363 276.569 -272.482
vt -107.276 103.889
vn -0.207912 0.978148 6.02155e-20
vt -41.1489 103.889
vt -41.1489 104.466
vt -107.276 104.466
f 5218/9731/2412 5211/9732/2412 5212/9733/2411 5217/9734/2411 

v 221.948 276.19 -272.482
vt -107.276 112.547
vn -0.309017 0.951057 1.02299e-19
vt -41.1489 112.547
vt -41.1489 113.124
vt -107.276 113.124
f 5219/9735/2413 5210/9736/2413 5211/9737/2412 5218/9738/2412 

v 220.58 275.665 -272.482
vt -107.276 119.968
vn -0.406737 0.913545 2.93017e-20
vt -41.1489 119.968
vt -41.1489 120.545
vt -107.276 120.545
f 5220/9739/2414 5209/9740/2414 5210/9741/2413 5219/9742/2413 

v 219.274 274.999 -272.482
vt -107.276 126.072
vn -0.5 0.866025 4.00155e-20
vt -41.1489 126.072
vt -41.1489 126.649
vt -107.276 126.649
f 5221/9743/2415 5208/9744/2415 5209/9745/2414 5220/9746/2414 

v 218.045 274.201 -272.482
vt -107.276 130.791
vn -0.587785 0.809017 1.04389e-19
vt -41.1489 130.791
vt -41.1489 131.368
vt -107.276 131.368
f 5222/9747/2416 5207/9748/2416 5208/9749/2415 5221/9750/2415 

v 216.906 273.279 -272.482
vt -107.276 134.074
vn -0.669131 0.743145 2.999e-20
vt -41.1489 134.074
vt -41.1489 134.651
vt -107.276 134.651
f 5223/9751/2417 5206/9752/2417 5207/9753/2416 5222/9754/2416 

v 215.87 272.243 -272.482
vt -107.276 135.885
vn -0.743145 0.669131 -2.999e-20
vt -41.1489 135.885
vt -41.1489 136.462
vt -107.276 136.462
f 5224/9755/2418 5205/9756/2418 5206/9757/2417 5223/9758/2417 

v 214.948 271.104 -272.482
vt -107.276 136.204
vn -0.809017 0.587785 -1.04389e-19
vt -41.1489 136.204
vt -41.1489 136.781
vt -107.276 136.781
f 5225/9759/2419 5204/9760/2419 5205/9761/2418 5224/9762/2418 

v 214.15 269.875 -272.482
vt -107.276 135.028
vn -0.866025 0.5 -7.43994e-20
vt -41.1489 135.028
vt -41.1489 135.605
vt -107.276 135.605
f 5226/9763/2420 5203/9764/2420 5204/9765/2419 5225/9766/2419 

v 213.485 268.569 -272.482
vt -107.276 132.369
vn -0.913545 0.406737 -3.60268e-20
vt -41.1489 132.369
vt -41.1489 132.946
vt -107.276 132.946
f 5227/9767/2421 5202/9768/2421 5203/9769/2420 5226/9770/2420 

v 212.959 267.201 -272.482
vt -107.276 128.257
vn -0.951057 0.309017 -3.73649e-20
vt -41.1489 128.257
vt -41.1489 128.833
vt -107.276 128.833
f 5228/9771/2422 5201/9772/2422 5202/9773/2421 5227/9774/2421 

v 212.58 265.786 -272.482
vt -107.276 122.736
vn -0.978148 0.207912 3.93216e-20
vt -41.1489 122.736
vt -41.1489 123.313
vt -107.276 123.313
f 5229/9775/2423 5200/9776/2423 5201/9777/2422 5228/9778/2422 

v 212.351 264.338 -272.482
vt -107.276 115.867
vn -0.994522 0.104528 4.54769e-20
vt -41.1489 115.867
vt -41.1489 116.444
vt -107.276 116.444
f 5230/9779/2424 5199/9780/2424 5200/9781/2423 5229/9782/2423 

v 212.274 262.875 -272.482
vt -107.276 107.726
vn -1 -1.22952e-14 4.81713e-21
vt -41.1489 107.726
vt -41.1489 108.303
vt -107.276 108.303
f 5231/9783/2425 5198/9784/2425 5199/9785/2424 5230/9786/2424 

v 212.351 261.412 -272.482
vt -107.276 98.4015
vn -0.994522 -0.104528 2.16023e-20
vt -41.1489 98.4015
vt -41.1489 98.9784
vt -107.276 98.9784
f 5232/9787/2426 5197/9788/2426 5198/9789/2425 5231/9790/2425 

v 212.58 259.964 -272.482
vt -107.276 87.9956
vn -0.978148 -0.207912 6.02155e-20
vt -41.1489 87.9956
vt -41.1489 88.5725
vt -107.276 88.5725
f 5233/9791/2427 5196/9792/2427 5197/9793/2426 5232/9794/2426 

v 212.959 258.549 -272.482
vt -107.276 76.6224
vn -0.951057 -0.309017 3.02451e-20
vt -41.1489 76.6224
vt -41.1489 77.1994
vt -107.276 77.1994
f 5234/9795/2428 5195/9796/2428 5196/9797/2427 5233/9798/2427 

v 213.485 257.181 -272.482
vt -107.276 64.4066
vn -0.913545 -0.406737 -8.36802e-21
vt -41.1489 64.4066
vt -41.1489 64.9836
vt -107.276 64.9836
f 5235/9799/2429 5194/9800/2429 5195/9801/2428 5234/9802/2428 

v 214.15 255.875 -272.482
vt -107.276 51.482
vn -0.866025 -0.5 9.67093e-21
vt -41.1489 51.482
vt -41.1489 52.0589
vt -107.276 52.0589
f 5236/9803/2430 5193/9804/2430 5194/9805/2429 5235/9806/2429 

v 214.948 254.646 -272.482
vt -107.276 37.9902
vn -0.809017 -0.587785 3.9661e-20
vt -41.1489 37.9902
vt -41.1489 38.5671
vt -107.276 38.5671
f 5237/9807/2431 5192/9808/2431 5193/9809/2430 5236/9810/2430 

v 215.87 253.507 -272.482
vt -107.276 24.079
vn -0.743145 -0.669131 2.999e-20
vt -41.1489 24.079
vt -41.1489 24.6559
vt -107.276 24.6559
f 5238/9811/2432 5191/9812/2432 5192/9813/2431 5237/9814/2431 

v 216.906 252.471 -272.482
vt -107.276 9.90078
vn -0.669131 -0.743145 -5.998e-20
vt -41.1489 9.90078
vt -41.1489 10.4777
vt -107.276 10.4777
f 5239/9815/2433 5190/9816/2433 5191/9817/2432 5238/9818/2432 

v 218.045 251.549 -272.482
vt -107.276 -4.38905
vn -0.587785 -0.809017 -9.23443e-20
vt -41.1489 -4.38905
vt -41.1489 -3.81211
vt -107.276 -3.81211
f 5240/9819/2434 5189/9820/2434 5190/9821/2433 5239/9822/2433 

v 219.274 250.751 -272.482
vt -107.276 -18.6339
vn -0.5 -0.866025 -3.23643e-20
vt -41.1489 -18.6339
vt -41.1489 -18.057
vt -107.276 -18.057
f 5241/9823/2435 5188/9824/2435 5189/9825/2434 5240/9826/2434 

v 220.58 250.085 -272.482
vt -107.276 -32.6778
vn -0.406737 -0.913545 -8.36802e-21
vt -41.1489 -32.6778
vt -41.1489 -32.1009
vt -107.276 -32.1009
f 5242/9827/2436 5187/9828/2436 5188/9829/2435 5241/9830/2435 

v 221.948 249.56 -272.482
vt -107.276 -46.3669
vn -0.309017 -0.951057 3.02451e-20
vt -41.1489 -46.3669
vt -41.1489 -45.79
vt -107.276 -45.79
f 5243/9831/2437 5186/9832/2437 5187/9833/2436 5242/9834/2436 

v 223.363 249.181 -272.482
vt -107.276 -59.5511
vn -0.207912 -0.978148 7.92729e-20
vt -41.1489 -59.5511
vt -41.1489 -58.9741
vt -107.276 -58.9741
f 5244/9835/2438 5185/9836/2438 5186/9837/2437 5243/9838/2437 

v 224.811 248.952 -272.482
vt -107.276 -72.086
vn -0.104528 -0.994522 4.54769e-20
vt -41.1489 -72.086
vt -41.1489 -71.509
vt -107.276 -71.509
f 5245/9839/2439 5184/9840/2439 5185/9841/2438 5244/9842/2438 

v 226.274 248.875 -272.482
vt -107.276 -83.8342
vn 1.22952e-14 -1 4.81713e-21
vt -41.1489 -83.8342
vt -41.1489 -83.2573
vt -107.276 -83.2573
f 5246/9843/2440 5183/9844/2440 5184/9845/2439 5245/9846/2439 

v 227.738 248.952 -272.482
vt 107.276 94.6672
vn 0.104528 -0.994522 2.16023e-20
vt 41.1489 94.6672
vt 41.1489 94.0902
vt 107.276 94.0902
f 5247/9847/2441 5182/9848/2441 5183/9849/2440 5246/9850/2440 

v 229.185 249.181 -272.482
vt 107.276 104.466
vn 0.207912 -0.978148 -1.70108e-20
vt 41.1489 104.466
vt 41.1489 103.889
vt 107.276 103.889
f 5248/9851/2442 5181/9852/2442 5182/9853/2441 5247/9854/2441 

v 230.6 249.56 -272.482
vt 107.276 113.124
vn 0.309017 -0.951057 -7.464e-20
vt 41.1489 113.124
vt 41.1489 112.547
vt 107.276 112.547
f 5249/9855/2443 5180/9856/2443 5181/9857/2442 5248/9858/2442 

v 231.969 250.085 -272.482
vt 107.276 120.545
vn 0.406737 -0.913545 -3.60268e-20
vt 41.1489 120.545
vt 41.1489 119.968
vt 107.276 119.968
f 5250/9859/2444 5179/9860/2444 5180/9861/2443 5249/9862/2443 

v 233.274 250.751 -272.482
vt 107.276 126.649
vn 0.5 -0.866025 7.43994e-20
vt 41.1489 126.649
vt 41.1489 126.072
vt 107.276 126.072
f 5251/9863/2445 5178/9864/2445 5179/9865/2444 5250/9866/2444 

v 234.503 251.549 -272.482
vt 107.276 131.368
vn 0.587785 -0.809017 4.44094e-20
vt 41.1489 131.368
vt 41.1489 130.791
vt 107.276 130.791
f 5252/9867/2446 5177/9868/2446 5178/9869/2445 5251/9870/2445 

v 235.642 252.471 -272.482
vt 107.276 134.651
vn 0.669131 -0.743145 -2.999e-20
vt 41.1489 134.651
vt 41.1489 134.074
vt 107.276 134.074
f 5253/9871/2447 5176/9872/2447 5177/9873/2446 5252/9874/2446 

v 236.678 253.507 -272.482
vt 107.276 136.462
vn 0.743145 -0.669131 -2.999e-20
vt 41.1489 136.462
vt 41.1489 135.885
vt 107.276 135.885
f 5254/9875/2448 5175/9876/2448 5176/9877/2447 5253/9878/2447 

v 237.6 254.646 -272.482
vt 107.276 136.781
vn 0.809017 -0.587785 2.37423e-21
vt 41.1489 136.781
vt 41.1489 136.204
vt 107.276 136.204
f 5255/9879/2449 5174/9880/2449 5175/9881/2448 5254/9882/2448 

v 238.399 255.875 -272.482
vt 107.276 135.605
vn 0.866025 -0.5 3.23643e-20
vt 41.1489 135.605
vt 41.1489 135.028
vt 107.276 135.028
f 5256/9883/2450 5173/9884/2450 5174/9885/2449 5255/9886/2449 

v 239.064 257.181 -272.482
vt 107.276 132.946
vn 0.913545 -0.406737 6.36856e-20
vt 41.1489 132.946
vt 41.1489 132.369
vt 107.276 132.369
f 5257/9887/2451 5172/9888/2451 5173/9889/2450 5256/9890/2450 

v 239.589 258.549 -272.482
vt 107.276 128.833
vn 0.951057 -0.309017 8.36613e-20
vt 41.1489 128.833
vt 41.1489 128.257
vt 107.276 128.257
f 5258/9891/2452 5171/9892/2452 5172/9893/2451 5257/9894/2451 

v 239.968 259.964 -272.482
vt 107.276 123.313
vn 0.978148 -0.207912 6.06354e-20
vt 41.1489 123.313
vt 41.1489 122.736
vt 107.276 122.736
f 5259/9895/2453 5170/9896/2453 5171/9897/2452 5258/9898/2452 

v 240.197 261.412 -272.482
vt 107.276 116.444
vn 0.994522 -0.104528 4.54769e-20
vt 41.1489 116.444
vt 41.1489 115.867
vt 107.276 115.867
f 5260/9899/2454 5169/9900/2454 5170/9901/2453 5259/9902/2453 

v 240.274 262.875 -272.482
vt 107.276 108.303
vn 1 1.22952e-14 9.63427e-21
vt 41.1489 108.303
vt 41.1489 107.726
vt 107.276 107.726
f 5261/9903/2455 5168/9904/2455 5169/9905/2454 5260/9906/2454 

v 240.197 264.338 -272.482
vt 107.276 98.9784
vn 0.994522 0.104528 2.64194e-20
vt 41.1489 98.9784
vt 41.1489 98.4015
vt 107.276 98.4015
f 5262/9907/2456 5167/9908/2456 5168/9909/2455 5261/9910/2455 

v 239.968 265.786 -272.482
vt 107.276 88.5725
vn 0.978148 0.207912 2.02642e-20
vt 41.1489 88.5725
vt 41.1489 87.9956
vt 107.276 87.9956
f 5263/9911/2457 5166/9912/2457 5167/9913/2456 5262/9914/2456 

v 239.589 267.201 -272.482
vt 107.276 77.1994
vn 0.951057 0.309017 7.02991e-21
vt 41.1489 77.1994
vt 41.1489 76.6224
vt 107.276 76.6224
f 5264/9915/2458 5165/9916/2458 5166/9917/2457 5263/9918/2457 

v 239.064 268.569 -272.482
vt 107.276 64.9836
vn 0.913545 0.406737 8.36802e-21
vt 41.1489 64.9836
vt 41.1489 64.4066
vt 107.276 64.4066
f 5265/9919/2459 5164/9920/2459 5165/9921/2458 5264/9922/2458 

v 238.399 269.875 -272.482
vt 107.276 52.0589
vn 0.866025 0.5 9.67093e-21
vt 41.1489 52.0589
vt 41.1489 51.482
vt 107.276 51.482
f 5266/9923/2460 5163/9924/2460 5164/9925/2459 5265/9926/2459 

v 237.6 271.104 -272.482
vt 107.276 38.5671
vn 0.809017 0.587785 3.9661e-20
vt 41.1489 38.5671
vt 41.1489 37.9902
vt 107.276 37.9902
f 5267/9927/2461 5162/9928/2461 5163/9929/2460 5266/9930/2460 

v 236.678 272.243 -272.482
vt 107.276 24.6559
vn 0.743145 0.669131 2.999e-20
vt 41.1489 24.6559
vt 41.1489 24.079
vt 107.276 24.079
f 5268/9931/2462 5161/9932/2462 5162/9933/2461 5267/9934/2461 

v 235.642 273.279 -272.482
vt 107.276 10.4777
vn 0.669131 0.743145 2.999e-20
vt 41.1489 10.4777
vt 41.1489 9.90078
vt 107.276 9.90078
f 5269/9935/2463 5160/9936/2463 5161/9937/2462 5268/9938/2462 

v 234.503 274.201 -272.482
vt 107.276 -3.81211
vn 0.587785 0.809017 2.03191e-20
vt 41.1489 -3.81211
vt 41.1489 -4.38905
vt 107.276 -4.38905
f 5270/9939/2464 5159/9940/2464 5160/9941/2463 5269/9942/2463 

v 233.274 274.999 -272.482
vt 107.276 -18.057
vn 0.5 0.866025 -9.67093e-21
vt 41.1489 -18.057
vt 41.1489 -18.6339
vt 107.276 -18.6339
f 5271/9943/2465 5158/9944/2465 5159/9945/2464 5270/9946/2464 

v 231.969 275.665 -272.482
vt 107.276 -32.1009
vn 0.406737 0.913545 3.60268e-20
vt 41.1489 -32.1009
vt 41.1489 -32.6778
vt 107.276 -32.6778
f 5272/9947/2466 5157/9948/2466 5158/9949/2465 5271/9950/2465 

v 230.6 276.19 -272.482
vt 107.276 -45.79
vn 0.309017 0.951057 1.60512e-20
vt 41.1489 -45.79
vt 41.1489 -46.3669
vt 107.276 -46.3669
f 5273/9951/2467 5156/9952/2467 5157/9953/2466 5272/9954/2466 

v 229.185 276.569 -272.482
vt 107.276 -58.9741
vn 0.207912 0.978148 1.62668e-21
vt 41.1489 -58.9741
vt 41.1489 -59.5511
vt 107.276 -59.5511
f 5274/9955/2468 5155/9956/2468 5156/9957/2467 5273/9958/2467 

vt 107.276 -71.509
vt 41.1489 -71.509
vt 41.1489 -72.086
vt 107.276 -72.086
f 5216/9959/2410 5154/9960/2410 5155/9961/2468 5274/9962/2468 

vn 0.207912 0.978148 -8.71126e-29
vt 40.3615 -71.509
v 229.185 276.569 -102.518
vt 40.3615 -72.086
f 5155/9961/2469 5154/9960/2407 5214/9963/2407 5275/9964/2469 

vt 89.6605 108.976
vn 6.6474e-31 -3.3237e-31 1
vt 89.0843 109.006
v 224.811 276.798 -102.518
vt 88.5082 108.976
v 223.363 276.569 -102.518
vt 87.9384 108.885
v 221.948 276.19 -102.518
vt 87.3811 108.736
v 220.58 275.665 -102.518
vt 86.8425 108.529
v 219.274 274.999 -102.518
vt 86.3284 108.267
v 218.045 274.201 -102.518
vt 85.8446 107.953
v 216.906 273.279 -102.518
vt 85.3962 107.59
v 215.87 272.243 -102.518
vt 84.9883 107.182
v 214.948 271.104 -102.518
vt 84.6252 106.734
v 214.15 269.875 -102.518
vt 84.311 106.25
v 213.485 268.569 -102.518
vt 84.049 105.736
v 212.959 267.201 -102.518
vt 83.8423 105.197
v 212.58 265.786 -102.518
vt 83.693 104.64
v 212.351 264.338 -102.518
vt 83.6027 104.07
v 212.274 262.875 -102.518
vt 83.5725 103.494
v 212.351 261.412 -102.518
vt 83.6027 102.918
v 212.58 259.964 -102.518
vt 83.693 102.348
v 212.959 258.549 -102.518
vt 83.8423 101.791
v 213.485 257.181 -102.518
vt 84.049 101.252
v 214.15 255.875 -102.518
vt 84.311 100.738
v 214.948 254.646 -102.518
vt 84.6252 100.254
v 215.87 253.507 -102.518
vt 84.9883 99.806
v 216.906 252.471 -102.518
vt 85.3962 99.398
v 218.045 251.549 -102.518
vt 85.8446 99.0349
v 219.274 250.751 -102.518
vt 86.3284 98.7207
v 220.58 250.085 -102.518
vt 86.8425 98.4588
v 221.948 249.56 -102.518
vt 87.3811 98.2521
v 223.363 249.181 -102.518
vt 87.9384 98.1027
v 224.811 248.952 -102.518
vt 88.5082 98.0125
v 226.274 248.875 -102.518
vt 89.0843 97.9823
v 227.738 248.952 -102.518
vt 89.6605 98.0125
v 229.185 249.181 -102.518
vt 90.2303 98.1027
v 230.6 249.56 -102.518
vt 90.7876 98.2521
v 231.969 250.085 -102.518
vt 91.3262 98.4588
v 233.274 250.751 -102.518
vt 91.8402 98.7207
v 234.503 251.549 -102.518
vt 92.3241 99.0349
v 235.642 252.471 -102.518
vt 92.7724 99.398
v 236.678 253.507 -102.518
vt 93.1804 99.806
v 237.6 254.646 -102.518
vt 93.5435 100.254
v 238.399 255.875 -102.518
vt 93.8577 100.738
v 239.064 257.181 -102.518
vt 94.1196 101.252
v 239.589 258.549 -102.518
vt 94.3264 101.791
v 239.968 259.964 -102.518
vt 94.4757 102.348
v 240.197 261.412 -102.518
vt 94.5659 102.918
v 240.274 262.875 -102.518
vt 94.5961 103.494
v 240.197 264.338 -102.518
vt 94.5659 104.07
v 239.968 265.786 -102.518
vt 94.4757 104.64
v 239.589 267.201 -102.518
vt 94.3264 105.197
v 239.064 268.569 -102.518
vt 94.1196 105.736
v 238.399 269.875 -102.518
vt 93.8577 106.25
v 237.6 271.104 -102.518
vt 93.5435 106.734
v 236.678 272.243 -102.518
vt 93.1804 107.182
v 235.642 273.279 -102.518
vt 92.7724 107.59
v 234.503 274.201 -102.518
vt 92.3241 107.953
v 233.274 274.999 -102.518
vt 91.8402 108.267
v 231.969 275.665 -102.518
vt 91.3262 108.529
v 230.6 276.19 -102.518
vt 90.7876 108.736
vt 90.2303 108.885
f 5214/9965/2470 5213/9966/2470 5276/9967/2470 5277/9968/2470 5278/9969/2470 5279/9970/2470 5280/9971/2470 5281/9972/2470 5282/9973/2470 5283/9974/2470 5284/9975/2470 5285/9976/2470 5286/9977/2470 5287/9978/2470 5288/9979/2470 5289/9980/2470 5290/9981/2470 5291/9982/2470 5292/9983/2470 5293/9984/2470 5294/9985/2470 5295/9986/2470 5296/9987/2470 5297/9988/2470 5298/9989/2470 5299/9990/2470 5300/9991/2470 5301/9992/2470 5302/9993/2470 5303/9994/2470 5304/9995/2470 5305/9996/2470 5306/9997/2470 5307/9998/2470 5308/9999/2470 5309/10000/2470 5310/10001/2470 5311/10002/2470 5312/10003/2470 5313/10004/2470 5314/10005/2470 5315/10006/2470 5316/10007/2470 5317/10008/2470 5318/10009/2470 5319/10010/2470 5320/10011/2470 5321/10012/2470 5322/10013/2470 5323/10014/2470 5324/10015/2470 5325/10016/2470 5326/10017/2470 5327/10018/2470 5328/10019/2470 5329/10020/2470 5330/10021/2470 5331/10022/2470 5332/10023/2470 5275/10024/2470 

vn -0.104528 0.994522 2.76728e-18
vt -40.3615 94.0902
vt -40.3615 94.6672
f 5153/9729/2408 5212/9728/2471 5276/10025/2471 5213/10026/2408 

vn -0.207912 0.978148 2.76728e-18
vt -40.3615 103.889
vt -40.3615 104.466
f 5212/9733/2471 5211/9732/2472 5277/10027/2472 5276/10028/2471 

vn -0.309017 0.951057 5.23137e-18
vt -40.3615 112.547
vt -40.3615 113.124
f 5211/9737/2472 5210/9736/2473 5278/10029/2473 5277/10030/2472 

vn -0.406737 0.913545 2.38565e-19
vt -40.3615 119.968
vt -40.3615 120.545
f 5210/9741/2473 5209/9740/2474 5279/10031/2474 5278/10032/2473 

vn -0.5 0.866025 -9.69233e-18
vt -40.3615 126.072
vt -40.3615 126.649
f 5209/9745/2474 5208/9744/2475 5280/10033/2475 5279/10034/2474 

vn -0.587785 0.809017 2.35332e-18
vt -40.3615 130.791
vt -40.3615 131.368
f 5208/9749/2475 5207/9748/2476 5281/10035/2476 5280/10036/2475 

vn -0.669131 0.743145 7.05286e-18
vt -40.3615 134.074
vt -40.3615 134.651
f 5207/9753/2476 5206/9752/2477 5282/10037/2477 5281/10038/2476 

vt -40.3615 135.885
vt -40.3615 136.462
f 5206/9757/2477 5205/9756/1152 5283/10039/1152 5282/10040/2477 

vn -0.809017 0.587785 -4.69953e-18
vt -40.3615 136.204
vt -40.3615 136.781
f 5205/9761/1152 5204/9760/2478 5284/10041/2478 5283/10042/1152 

vn -0.866025 0.5 -9.69233e-18
vt -40.3615 135.028
vt -40.3615 135.605
f 5204/9765/2478 5203/9764/2479 5285/10043/2479 5284/10044/2478 

vn -0.913545 0.406737 2.38565e-19
vt -40.3615 132.369
vt -40.3615 132.946
f 5203/9769/2479 5202/9768/2480 5286/10045/2480 5285/10046/2479 

vn -0.951057 0.309017 5.23137e-18
vt -40.3615 128.257
vt -40.3615 128.833
f 5202/9773/2480 5201/9772/2481 5287/10047/2481 5286/10048/2480 

vn -0.978148 0.207912 -2.76728e-18
vt -40.3615 122.736
vt -40.3615 123.313
f 5201/9777/2481 5200/9776/2482 5288/10049/2482 5287/10050/2481 

vn -0.994522 0.104528 -2.18075e-18
vt -40.3615 115.867
vt -40.3615 116.444
f 5200/9781/2482 5199/9780/2483 5289/10051/2483 5288/10052/2482 

vn -1 -1.22952e-14 5.86534e-19
vt -40.3615 107.726
vt -40.3615 108.303
f 5199/9785/2483 5198/9784/2484 5290/10053/2484 5289/10054/2483 

vn -0.994522 -0.104528 1.2756e-29
vt -40.3615 98.4015
vt -40.3615 98.9784
f 5198/9789/2484 5197/9788/2485 5291/10055/2485 5290/10056/2484 

vn -0.978148 -0.207912 -8.71126e-29
vt -40.3615 87.9956
vt -40.3615 88.5725
f 5197/9793/2485 5196/9792/2486 5292/10057/2486 5291/10058/2485 

vn -0.951057 -0.309017 5.23137e-18
vt -40.3615 76.6224
vt -40.3615 77.1994
f 5196/9797/2486 5195/9796/2487 5293/10059/2487 5292/10060/2486 

vn -0.913545 -0.406737 2.38565e-19
vt -40.3615 64.4066
vt -40.3615 64.9836
f 5195/9801/2487 5194/9800/2488 5294/10061/2488 5293/10062/2487 

vn -0.866025 -0.5 -9.69233e-18
vt -40.3615 51.482
vt -40.3615 52.0589
f 5194/9805/2488 5193/9804/2489 5295/10063/2489 5294/10064/2488 

vn -0.809017 -0.587785 2.35332e-18
vt -40.3615 37.9902
vt -40.3615 38.5671
f 5193/9809/2489 5192/9808/2490 5296/10065/2490 5295/10066/2489 

vn -0.743145 -0.669131 7.05286e-18
vt -40.3615 24.079
vt -40.3615 24.6559
f 5192/9813/2490 5191/9812/2491 5297/10067/2491 5296/10068/2490 

vt -40.3615 9.90078
vt -40.3615 10.4777
f 5191/9817/2491 5190/9816/1298 5298/10069/1298 5297/10070/2491 

vn -0.587785 -0.809017 -4.69953e-18
vt -40.3615 -4.38905
vt -40.3615 -3.81211
f 5190/9821/1298 5189/9820/2492 5299/10071/2492 5298/10072/1298 

vn -0.5 -0.866025 2.93267e-19
vt -40.3615 -18.6339
vt -40.3615 -18.057
f 5189/9825/2492 5188/9824/2493 5300/10073/2493 5299/10074/2492 

vn -0.406737 -0.913545 1.02242e-17
vt -40.3615 -32.6778
vt -40.3615 -32.1009
f 5188/9829/2493 5187/9828/2494 5301/10075/2494 5300/10076/2493 

vn -0.309017 -0.951057 5.23137e-18
vt -40.3615 -46.3669
vt -40.3615 -45.79
f 5187/9833/2494 5186/9832/2495 5302/10077/2495 5301/10078/2494 

vn -0.207912 -0.978148 -2.76728e-18
vt -40.3615 -59.5511
vt -40.3615 -58.9741
f 5186/9837/2495 5185/9836/2496 5303/10079/2496 5302/10080/2495 

vn -0.104528 -0.994522 -2.18075e-18
vt -40.3615 -72.086
vt -40.3615 -71.509
f 5185/9841/2496 5184/9840/2497 5304/10081/2497 5303/10082/2496 

vn 1.22952e-14 -1 5.86534e-19
vt -40.3615 -83.8342
vt -40.3615 -83.2573
f 5184/9845/2497 5183/9844/2498 5305/10083/2498 5304/10084/2497 

vn 0.104528 -0.994522 2.76728e-18
vt 40.3615 94.6672
vt 40.3615 94.0902
f 5183/9849/2498 5182/9848/2499 5306/10085/2499 5305/10086/2498 

vn 0.207912 -0.978148 2.76728e-18
vt 40.3615 104.466
vt 40.3615 103.889
f 5182/9853/2499 5181/9852/2500 5307/10087/2500 5306/10088/2499 

vn 0.309017 -0.951057 5.23137e-18
vt 40.3615 113.124
vt 40.3615 112.547
f 5181/9857/2500 5180/9856/2501 5308/10089/2501 5307/10090/2500 

vn 0.406737 -0.913545 2.38565e-19
vt 40.3615 120.545
vt 40.3615 119.968
f 5180/9861/2501 5179/9860/2502 5309/10091/2502 5308/10092/2501 

vn 0.5 -0.866025 -9.69233e-18
vt 40.3615 126.649
vt 40.3615 126.072
f 5179/9865/2502 5178/9864/2503 5310/10093/2503 5309/10094/2502 

vn 0.587785 -0.809017 2.35332e-18
vt 40.3615 131.368
vt 40.3615 130.791
f 5178/9869/2503 5177/9868/2504 5311/10095/2504 5310/10096/2503 

vn 0.669131 -0.743145 7.05286e-18
vt 40.3615 134.651
vt 40.3615 134.074
f 5177/9873/2504 5176/9872/2505 5312/10097/2505 5311/10098/2504 

vt 40.3615 136.462
vt 40.3615 135.885
f 5176/9877/2505 5175/9876/1168 5313/10099/1168 5312/10100/2505 

vn 0.809017 -0.587785 -4.69953e-18
vt 40.3615 136.781
vt 40.3615 136.204
f 5175/9881/1168 5174/9880/2506 5314/10101/2506 5313/10102/1168 

vn 0.866025 -0.5 2.93267e-19
vt 40.3615 135.605
vt 40.3615 135.028
f 5174/9885/2506 5173/9884/2507 5315/10103/2507 5314/10104/2506 

vn 0.913545 -0.406737 1.02242e-17
vt 40.3615 132.946
vt 40.3615 132.369
f 5173/9889/2507 5172/9888/2508 5316/10105/2508 5315/10106/2507 

vn 0.951057 -0.309017 5.23137e-18
vt 40.3615 128.833
vt 40.3615 128.257
f 5172/9893/2508 5171/9892/2509 5317/10107/2509 5316/10108/2508 

vn 0.978148 -0.207912 -2.76728e-18
vt 40.3615 123.313
vt 40.3615 122.736
f 5171/9897/2509 5170/9896/2510 5318/10109/2510 5317/10110/2509 

vn 0.994522 -0.104528 -2.18075e-18
vt 40.3615 116.444
vt 40.3615 115.867
f 5170/9901/2510 5169/9900/2511 5319/10111/2511 5318/10112/2510 

vn 1 1.22952e-14 5.86534e-19
vt 40.3615 108.303
vt 40.3615 107.726
f 5169/9905/2511 5168/9904/2512 5320/10113/2512 5319/10114/2511 

vn 0.994522 0.104528 2.76728e-18
vt 40.3615 98.9784
vt 40.3615 98.4015
f 5168/9909/2512 5167/9908/2513 5321/10115/2513 5320/10116/2512 

vn 0.978148 0.207912 2.76728e-18
vt 40.3615 88.5725
vt 40.3615 87.9956
f 5167/9913/2513 5166/9912/2514 5322/10117/2514 5321/10118/2513 

vn 0.951057 0.309017 5.23137e-18
vt 40.3615 77.1994
vt 40.3615 76.6224
f 5166/9917/2514 5165/9916/2515 5323/10119/2515 5322/10120/2514 

vn 0.913545 0.406737 2.38565e-19
vt 40.3615 64.9836
vt 40.3615 64.4066
f 5165/9921/2515 5164/9920/2516 5324/10121/2516 5323/10122/2515 

vn 0.866025 0.5 -9.69233e-18
vt 40.3615 52.0589
vt 40.3615 51.482
f 5164/9925/2516 5163/9924/2517 5325/10123/2517 5324/10124/2516 

vn 0.809017 0.587785 2.35332e-18
vt 40.3615 38.5671
vt 40.3615 37.9902
f 5163/9929/2517 5162/9928/2518 5326/10125/2518 5325/10126/2517 

vn 0.743145 0.669131 7.05286e-18
vt 40.3615 24.6559
vt 40.3615 24.079
f 5162/9933/2518 5161/9932/2519 5327/10127/2519 5326/10128/2518 

vt 40.3615 10.4777
vt 40.3615 9.90078
f 5161/9937/2519 5160/9936/80 5328/10129/80 5327/10130/2519 

vn 0.587785 0.809017 -4.69953e-18
vt 40.3615 -3.81211
vt 40.3615 -4.38905
f 5160/9941/80 5159/9940/2520 5329/10131/2520 5328/10132/80 

vn 0.5 0.866025 2.93267e-19
vt 40.3615 -18.057
vt 40.3615 -18.6339
f 5159/9945/2520 5158/9944/2521 5330/10133/2521 5329/10134/2520 

vn 0.406737 0.913545 1.02242e-17
vt 40.3615 -32.1009
vt 40.3615 -32.6778
f 5158/9949/2521 5157/9948/2522 5331/10135/2522 5330/10136/2521 

vn 0.309017 0.951057 5.23137e-18
vt 40.3615 -45.79
vt 40.3615 -46.3669
f 5157/9953/2522 5156/9952/2523 5332/10137/2523 5331/10138/2522 

vt 40.3615 -58.9741
vt 40.3615 -59.5511
f 5156/9957/2523 5155/9956/2469 5275/10139/2469 5332/10140/2523 

f 5215/9661/2406 5216/9662/2406 5274/9663/2406 5273/9664/2406 5272/9665/2406 5271/9666/2406 5270/9667/2406 5269/9668/2406 5268/9669/2406 5267/9670/2406 5266/9671/2406 5265/9672/2406 5264/9673/2406 5263/9674/2406 5262/9675/2406 5261/9676/2406 5260/9677/2406 5259/9678/2406 5258/9679/2406 5257/9680/2406 5256/9681/2406 5255/9682/2406 5254/9683/2406 5253/9684/2406 5252/9685/2406 5251/9686/2406 5250/9687/2406 5249/9688/2406 5248/9689/2406 5247/9690/2406 5246/9691/2406 5245/9692/2406 5244/9693/2406 5243/9694/2406 5242/9695/2406 5241/9696/2406 5240/9697/2406 5239/9698/2406 5238/9699/2406 5237/9700/2406 5236/9701/2406 5235/9702/2406 5234/9703/2406 5233/9704/2406 5232/9705/2406 5231/9706/2406 5230/9707/2406 5229/9708/2406 5228/9709/2406 5227/9710/2406 5226/9711/2406 5225/9712/2406 5224/9713/2406 5223/9714/2406 5222/9715/2406 5221/9716/2406 5220/9717/2406 5219/9718/2406 5218/9719/2406 5217/9720/2406 

