<?xml version="1.0" encoding="UTF-8" standalone="no" ?>
<COLLADA xmlns="http://www.collada.org/2005/11/COLLADASchema" version="1.4.1">
    <asset>
        <contributor>
            <authoring_tool>SketchUp 24.0.594</authoring_tool>
        </contributor>
        <created>2025-11-11T16:36:09Z</created>
        <modified>2025-11-11T16:36:09Z</modified>
        <unit meter="0.0254" name="inch" />
        <up_axis>Z_UP</up_axis>
    </asset>
    <library_cameras>
        <camera id="ID1" name="skp_camera_Last_Saved_SketchUp_View">
            <optics>
                <technique_common>
                    <perspective>
                        <yfov>35</yfov>
                        <aspect_ratio>0</aspect_ratio>
                        <znear>1</znear>
                        <zfar>1000</zfar>
                    </perspective>
                </technique_common>
            </optics>
        </camera>
    </library_cameras>
    <library_visual_scenes>
        <visual_scene id="ID2">
            <node name="SketchUp">
                <node name="skp_camera_Last_Saved_SketchUp_View">
                    <matrix>0.5378701 -0.4643797 0.7035959 12.53041 0.8430277 0.2962844 -0.4489096 -5.21176 -2.775558e-17 0.8346059 0.5508475 8.45597 0 0 0 1</matrix>
                    <instance_camera url="#ID1" />
                </node>
                <node id="ID3" name="group_0">
                    <matrix>1 0 0 1.620926e-14 0 1 0 -0.1574803 0 0 1 0 0 0 0 1</matrix>
                    <instance_geometry url="#ID99">
                        <bind_material>
                            <technique_common>
                                <instance_material symbol="Material2" target="#ID13">
                                    <bind_vertex_input semantic="UVSET0" input_semantic="TEXCOORD" input_set="0" />
                                </instance_material>
                                <instance_material symbol="Material3" target="#ID66">
                                    <bind_vertex_input semantic="UVSET0" input_semantic="TEXCOORD" input_set="0" />
                                </instance_material>
                                <instance_material symbol="Material4" target="#ID103">
                                    <bind_vertex_input semantic="UVSET0" input_semantic="TEXCOORD" input_set="0" />
                                </instance_material>
                            </technique_common>
                        </bind_material>
                    </instance_geometry>
                    <node id="ID4" name="instance_0">
                        <matrix>0.1 0 0 1 0 0.1 0 0.7049803 0 0 0.1 0.7338713 0 0 0 1</matrix>
                        <instance_node url="#ID5" />
                    </node>
                </node>
            </node>
        </visual_scene>
    </library_visual_scenes>
    <library_nodes>
        <node id="ID5" name="sensor_XS608B1NAL10">
            <instance_geometry url="#ID59">
                <bind_material>
                    <technique_common>
                        <instance_material symbol="Material2" target="#ID61">
                            <bind_vertex_input semantic="UVSET0" input_semantic="TEXCOORD" input_set="0" />
                        </instance_material>
                        <instance_material symbol="Material3" target="#ID66">
                            <bind_vertex_input semantic="UVSET0" input_semantic="TEXCOORD" input_set="0" />
                        </instance_material>
                        <instance_material symbol="Material4" target="#ID67">
                            <bind_vertex_input semantic="UVSET0" input_semantic="TEXCOORD" input_set="0" />
                        </instance_material>
                    </technique_common>
                </bind_material>
            </instance_geometry>
            <instance_geometry url="#ID71">
                <bind_material>
                    <technique_common>
                        <instance_material symbol="Material2" target="#ID61">
                            <bind_vertex_input semantic="UVSET0" input_semantic="TEXCOORD" input_set="0" />
                        </instance_material>
                        <instance_material symbol="Material3" target="#ID66">
                            <bind_vertex_input semantic="UVSET0" input_semantic="TEXCOORD" input_set="0" />
                        </instance_material>
                        <instance_material symbol="Material4" target="#ID36">
                            <bind_vertex_input semantic="UVSET0" input_semantic="TEXCOORD" input_set="0" />
                        </instance_material>
                    </technique_common>
                </bind_material>
            </instance_geometry>
            <instance_geometry url="#ID77">
                <bind_material>
                    <technique_common>
                        <instance_material symbol="Material2" target="#ID66">
                            <bind_vertex_input semantic="UVSET0" input_semantic="TEXCOORD" input_set="0" />
                        </instance_material>
                        <instance_material symbol="Material3" target="#ID78">
                            <bind_vertex_input semantic="UVSET0" input_semantic="TEXCOORD" input_set="0" />
                        </instance_material>
                        <instance_material symbol="Material4" target="#ID36">
                            <bind_vertex_input semantic="UVSET0" input_semantic="TEXCOORD" input_set="0" />
                        </instance_material>
                        <instance_material symbol="Material5" target="#ID67">
                            <bind_vertex_input semantic="UVSET0" input_semantic="TEXCOORD" input_set="0" />
                        </instance_material>
                    </technique_common>
                </bind_material>
            </instance_geometry>
            <instance_geometry url="#ID85">
                <bind_material>
                    <technique_common>
                        <instance_material symbol="Material2" target="#ID61">
                            <bind_vertex_input semantic="UVSET0" input_semantic="TEXCOORD" input_set="0" />
                        </instance_material>
                        <instance_material symbol="Material3" target="#ID66">
                            <bind_vertex_input semantic="UVSET0" input_semantic="TEXCOORD" input_set="0" />
                        </instance_material>
                        <instance_material symbol="Material4" target="#ID36">
                            <bind_vertex_input semantic="UVSET0" input_semantic="TEXCOORD" input_set="0" />
                        </instance_material>
                    </technique_common>
                </bind_material>
            </instance_geometry>
            <instance_geometry url="#ID91">
                <bind_material>
                    <technique_common>
                        <instance_material symbol="Material2" target="#ID66">
                            <bind_vertex_input semantic="UVSET0" input_semantic="TEXCOORD" input_set="0" />
                        </instance_material>
                        <instance_material symbol="Material3" target="#ID92">
                            <bind_vertex_input semantic="UVSET0" input_semantic="TEXCOORD" input_set="0" />
                        </instance_material>
                        <instance_material symbol="Material4" target="#ID36">
                            <bind_vertex_input semantic="UVSET0" input_semantic="TEXCOORD" input_set="0" />
                        </instance_material>
                    </technique_common>
                </bind_material>
            </instance_geometry>
            <node id="ID6" name="sensor_XS608B1NAL10_29">
                <matrix>1 0 0 0 0 1 0 0 0 0 1 0 0 0 0 1</matrix>
                <instance_geometry url="#ID7">
                    <bind_material>
                        <technique_common>
                            <instance_material symbol="Material2" target="#ID8">
                                <bind_vertex_input semantic="UVSET0" input_semantic="TEXCOORD" input_set="0" />
                            </instance_material>
                            <instance_material symbol="Material3" target="#ID13">
                                <bind_vertex_input semantic="UVSET0" input_semantic="TEXCOORD" input_set="0" />
                            </instance_material>
                            <instance_material symbol="Material4" target="#ID15">
                                <bind_vertex_input semantic="UVSET0" input_semantic="TEXCOORD" input_set="0" />
                            </instance_material>
                        </technique_common>
                    </bind_material>
                </instance_geometry>
                <instance_geometry url="#ID19">
                    <bind_material>
                        <technique_common>
                            <instance_material symbol="Material2" target="#ID8">
                                <bind_vertex_input semantic="UVSET0" input_semantic="TEXCOORD" input_set="0" />
                            </instance_material>
                            <instance_material symbol="Material3" target="#ID13">
                                <bind_vertex_input semantic="UVSET0" input_semantic="TEXCOORD" input_set="0" />
                            </instance_material>
                            <instance_material symbol="Material4" target="#ID15">
                                <bind_vertex_input semantic="UVSET0" input_semantic="TEXCOORD" input_set="0" />
                            </instance_material>
                        </technique_common>
                    </bind_material>
                </instance_geometry>
                <instance_geometry url="#ID25">
                    <bind_material>
                        <technique_common>
                            <instance_material symbol="Material2" target="#ID8">
                                <bind_vertex_input semantic="UVSET0" input_semantic="TEXCOORD" input_set="0" />
                            </instance_material>
                            <instance_material symbol="Material3" target="#ID13">
                                <bind_vertex_input semantic="UVSET0" input_semantic="TEXCOORD" input_set="0" />
                            </instance_material>
                            <instance_material symbol="Material4" target="#ID15">
                                <bind_vertex_input semantic="UVSET0" input_semantic="TEXCOORD" input_set="0" />
                            </instance_material>
                        </technique_common>
                    </bind_material>
                </instance_geometry>
            </node>
            <node id="ID31" name="sensor_XS608B1NAL10_30">
                <matrix>1 0 0 13.23574 0 1 0 8.881784e-16 0 0 1 0 0 0 0 1</matrix>
                <instance_geometry url="#ID32">
                    <bind_material>
                        <technique_common>
                            <instance_material symbol="Material2" target="#ID13">
                                <bind_vertex_input semantic="UVSET0" input_semantic="TEXCOORD" input_set="0" />
                            </instance_material>
                            <instance_material symbol="Material3" target="#ID36">
                                <bind_vertex_input semantic="UVSET0" input_semantic="TEXCOORD" input_set="0" />
                            </instance_material>
                        </technique_common>
                    </bind_material>
                </instance_geometry>
                <instance_geometry url="#ID40">
                    <bind_material>
                        <technique_common>
                            <instance_material symbol="Material2" target="#ID13">
                                <bind_vertex_input semantic="UVSET0" input_semantic="TEXCOORD" input_set="0" />
                            </instance_material>
                            <instance_material symbol="Material3" target="#ID36">
                                <bind_vertex_input semantic="UVSET0" input_semantic="TEXCOORD" input_set="0" />
                            </instance_material>
                        </technique_common>
                    </bind_material>
                </instance_geometry>
            </node>
            <node id="ID46" name="sensor_XS608B1NAL10_31">
                <matrix>1 0 0 13.23574 0 1 0 8.881784e-16 0 0 1 0 0 0 0 1</matrix>
                <instance_geometry url="#ID47">
                    <bind_material>
                        <technique_common>
                            <instance_material symbol="Material2" target="#ID13">
                                <bind_vertex_input semantic="UVSET0" input_semantic="TEXCOORD" input_set="0" />
                            </instance_material>
                            <instance_material symbol="Material3" target="#ID36">
                                <bind_vertex_input semantic="UVSET0" input_semantic="TEXCOORD" input_set="0" />
                            </instance_material>
                        </technique_common>
                    </bind_material>
                </instance_geometry>
                <instance_geometry url="#ID53">
                    <bind_material>
                        <technique_common>
                            <instance_material symbol="Material2" target="#ID13">
                                <bind_vertex_input semantic="UVSET0" input_semantic="TEXCOORD" input_set="0" />
                            </instance_material>
                            <instance_material symbol="Material3" target="#ID36">
                                <bind_vertex_input semantic="UVSET0" input_semantic="TEXCOORD" input_set="0" />
                            </instance_material>
                        </technique_common>
                    </bind_material>
                </instance_geometry>
            </node>
        </node>
    </library_nodes>
    <library_geometries>
        <geometry id="ID7">
            <mesh>
                <source id="ID10">
                    <float_array id="ID17" count="696">-9.965579 -1.108024 -1.665017 -10 -1.414214 -1.414214 -9.965579 -1.665017 -1.108024 -9.965579 -1.665017 -1.108024 -10 -1.414214 -1.414214 -9.965579 -1.108024 -1.665017 -10 -1.414214 -1.414214 -9.965579 -1.665017 -1.108024 -9.965579 -1.108024 -1.665017 -9.965579 -1.665017 -1.108024 -10 -1.414214 -1.414214 -3.552714e-14 -1.414214 -1.414214 -3.552714e-14 -1.414214 -1.414214 -10 -1.414214 -1.414214 -9.965579 -1.665017 -1.108024 -3.552714e-14 -1.414214 -1.414214 -9.870061 -0.7574228 -1.85103 -9.870061 -1.85103 -0.7574228 -9.870061 -0.7574228 -1.85103 -9.870061 -1.85103 -0.7574228 -9.870061 -1.85103 -0.7574228 -9.870061 -0.7574228 -1.85103 -9.965579 -1.108024 -1.665017 -9.965579 -1.108024 -1.665017 -3.552714e-14 -1.732051 -1 -3.552714e-14 -1.732051 -1 -3.552714e-14 -1.732051 -1 -9.870061 -1.85103 -0.7574228 -9.870061 -1.85103 -0.7574228 -9.736572 -0.3833696 -1.962913 -9.736572 -1.962913 -0.3833696 -9.736572 -0.3833696 -1.962913 -9.736572 -1.962913 -0.3833696 -9.736572 -1.962913 -0.3833696 -9.736572 -0.3833696 -1.962913 -3.552714e-14 -1 -1.732051 -9.870061 -0.7574228 -1.85103 -9.870061 -0.7574228 -1.85103 -3.552714e-14 -1 -1.732051 -3.552714e-14 -1 -1.732051 -3.552714e-14 -1.931852 -0.5176381 -3.552714e-14 -1.931852 -0.5176381 -3.552714e-14 -1.931852 -0.5176381 -9.736572 -1.962913 -0.3833696 -9.736572 -1.962913 -0.3833696 -9.59339 -0.008126009 -1.999983 -9.59339 -1.999983 -0.008126009 -9.59339 -0.008126009 -1.999983 -9.59339 -1.999983 -0.008126009 -9.59339 -1.999983 -0.008126009 -9.59339 -0.008126009 -1.999983 -3.552714e-14 -0.5176381 -1.931852 -9.736572 -0.3833696 -1.962913 -9.736572 -0.3833696 -1.962913 -3.552714e-14 -0.5176381 -1.931852 -3.552714e-14 -0.5176381 -1.931852 -3.552714e-14 -2 0 -3.552714e-14 -2 0 -3.552714e-14 -2 0 -9.59339 -1.999983 -0.008126009 -9.59339 -1.999983 -0.008126009 -9.456612 -1.965661 0.3690224 -9.456612 0.3690224 -1.965661 -9.456612 0.3690224 -1.965661 -9.456612 -1.965661 0.3690224 -9.456612 -1.965661 0.3690224 -9.456612 0.3690224 -1.965661 -9.59339 -0.008126009 -1.999983 -9.59339 -0.008126009 -1.999983 -9.456612 -1.965661 0.3690224 -9.456612 -1.965661 0.3690224 -9.339654 -1.854395 0.7491464 -9.339654 0.7491464 -1.854395 -9.339654 0.7491464 -1.854395 -9.339654 -1.854395 0.7491464 -9.339654 -1.854395 0.7491464 -9.339654 0.7491464 -1.854395 -3.552714e-14 0 -2 -9.456612 0.3690224 -1.965661 -9.456612 0.3690224 -1.965661 -3.552714e-14 0 -2 -3.552714e-14 0 -2 -3.552714e-14 -1.931852 0.5176381 -3.552714e-14 -1.931852 0.5176381 -3.552714e-14 -1.931852 0.5176381 -9.339654 -1.854395 0.7491464 -9.339654 -1.854395 0.7491464 -9.2624 -1.666572 1.105684 -9.2624 1.105684 -1.666572 -9.2624 1.105684 -1.666572 -9.2624 -1.666572 1.105684 -9.2624 -1.666572 1.105684 -9.2624 1.105684 -1.666572 -3.552714e-14 0.5176381 -1.931852 -9.339654 0.7491464 -1.854395 -9.339654 0.7491464 -1.854395 -3.552714e-14 0.5176381 -1.931852 -3.552714e-14 0.5176381 -1.931852 -3.552714e-14 -1.732051 1 -3.552714e-14 -1.732051 1 -3.552714e-14 -1.732051 1 -9.2624 -1.666572 1.105684 -9.2624 -1.666572 1.105684 -9.236068 -1.414214 1.414214 -9.236068 1.414214 -1.414214 -9.236068 1.414214 -1.414214 -9.236068 -1.414214 1.414214 -9.236068 -1.414214 1.414214 -9.236068 1.414214 -1.414214 -3.552714e-14 1 -1.732051 -9.2624 1.105684 -1.666572 -9.2624 1.105684 -1.666572 -3.552714e-14 1 -1.732051 -3.552714e-14 1 -1.732051 -3.552714e-14 -1.414214 1.414214 -3.552714e-14 -1.414214 1.414214 -3.552714e-14 -1.414214 1.414214 -9.236068 -1.414214 1.414214 -9.236068 -1.414214 1.414214 -9.2624 -1.105684 1.666572 -9.2624 1.666572 -1.105684 -9.2624 1.666572 -1.105684 -9.2624 -1.105684 1.666572 -9.2624 -1.105684 1.666572 -9.2624 1.666572 -1.105684 -3.552714e-14 1.414214 -1.414214 -9.236068 1.414214 -1.414214 -9.236068 1.414214 -1.414214 -3.552714e-14 1.414214 -1.414214 -3.552714e-14 1.414214 -1.414214 -9.2624 -1.105684 1.666572 -9.2624 -1.105684 1.666572 -9.339654 -0.7491464 1.854395 -9.339654 1.854395 -0.7491464 -9.339654 1.854395 -0.7491464 -9.339654 -0.7491464 1.854395 -9.339654 -0.7491464 1.854395 -9.339654 1.854395 -0.7491464 -9.2624 1.666572 -1.105684 -9.2624 1.666572 -1.105684 -3.552714e-14 -1 1.732051 -3.552714e-14 -1 1.732051 -3.552714e-14 -1 1.732051 -9.339654 -0.7491464 1.854395 -9.339654 -0.7491464 1.854395 -9.456612 -0.3690224 1.965661 -9.456612 1.965661 -0.3690224 -9.456612 1.965661 -0.3690224 -9.456612 -0.3690224 1.965661 -9.456612 -0.3690224 1.965661 -9.456612 1.965661 -0.3690224 -9.339654 1.854395 -0.7491464 -3.552714e-14 1.732051 -1 -3.552714e-14 1.732051 -1 -9.339654 1.854395 -0.7491464 -3.552714e-14 1.732051 -1 -3.552714e-14 -0.5176381 1.931852 -3.552714e-14 -0.5176381 1.931852 -3.552714e-14 -0.5176381 1.931852 -9.456612 -0.3690224 1.965661 -9.456612 -0.3690224 1.965661 -9.59339 0.008126009 1.999983 -9.59339 1.999983 0.008126009 -9.59339 1.999983 0.008126009 -9.59339 0.008126009 1.999983 -9.59339 0.008126009 1.999983 -9.59339 1.999983 0.008126009 -9.456612 1.965661 -0.3690224 -3.552714e-14 1.931852 -0.5176381 -3.552714e-14 1.931852 -0.5176381 -9.456612 1.965661 -0.3690224 -3.552714e-14 1.931852 -0.5176381 -3.552714e-14 0 2 -3.552714e-14 0 2 -3.552714e-14 0 2 -9.59339 0.008126009 1.999983 -9.59339 0.008126009 1.999983 -9.736572 0.3833696 1.962913 -9.736572 1.962913 0.3833696 -9.736572 1.962913 0.3833696 -9.736572 0.3833696 1.962913 -9.736572 0.3833696 1.962913 -9.736572 1.962913 0.3833696 -9.59339 1.999983 0.008126009 -3.552714e-14 2 0 -3.552714e-14 2 0 -9.59339 1.999983 0.008126009 -3.552714e-14 2 0 -3.552714e-14 0.5176381 1.931852 -3.552714e-14 0.5176381 1.931852 -3.552714e-14 0.5176381 1.931852 -9.736572 0.3833696 1.962913 -9.736572 0.3833696 1.962913 -9.870061 0.7574228 1.85103 -9.870061 1.85103 0.7574228 -9.870061 1.85103 0.7574228 -9.870061 0.7574228 1.85103 -9.870061 0.7574228 1.85103 -9.870061 1.85103 0.7574228 -9.736572 1.962913 0.3833696 -9.736572 1.962913 0.3833696 -9.870061 0.7574228 1.85103 -9.870061 0.7574228 1.85103 -9.965579 1.108024 1.665017 -9.965579 1.665017 1.108024 -9.965579 1.665017 1.108024 -9.965579 1.108024 1.665017 -9.965579 1.108024 1.665017 -9.965579 1.665017 1.108024 -9.870061 1.85103 0.7574228 -3.552714e-14 1.931852 0.5176381 -3.552714e-14 1.931852 0.5176381 -9.870061 1.85103 0.7574228 -3.552714e-14 1.931852 0.5176381 -3.552714e-14 1 1.732051 -3.552714e-14 1 1.732051 -3.552714e-14 1 1.732051 -9.965579 1.108024 1.665017 -9.965579 1.108024 1.665017 -10 1.414214 1.414214 -10 1.414214 1.414214 -10 1.414214 1.414214 -9.965579 1.665017 1.108024 -3.552714e-14 1.732051 1 -3.552714e-14 1.732051 1 -9.965579 1.665017 1.108024 -3.552714e-14 1.732051 1 -3.552714e-14 1.414214 1.414214 -3.552714e-14 1.414214 1.414214 -3.552714e-14 1.414214 1.414214 -10 1.414214 1.414214 -10 1.414214 1.414214</float_array>
                    <technique_common>
                        <accessor count="232" source="#ID17" stride="3">
                            <param name="X" type="float" />
                            <param name="Y" type="float" />
                            <param name="Z" type="float" />
                        </accessor>
                    </technique_common>
                </source>
                <source id="ID11">
                    <float_array id="ID18" count="696">-0.7720176 0.4494379 0.4494379 -0.751121 0.4668068 0.4668068 -0.7720176 0.4494379 0.4494379 0.7720176 -0.4494379 -0.4494379 0.751121 -0.4668068 -0.4668068 0.7720176 -0.4494379 -0.4494379 0 0 0 0 0 0 0 0 0 -0.0003615148 -0.8264742 -0.5629745 6.603738e-16 -0.7071068 -0.7071068 0.001240913 -0.7071062 -0.7071062 -0.001240913 0.7071062 0.7071062 -6.603738e-16 0.7071068 0.7071068 0.0003615148 0.8264742 0.5629745 0 0 0 -0.8067256 0.417848 0.417848 -0.8067256 0.417848 0.417848 0.8067256 -0.417848 -0.417848 0.8067256 -0.417848 -0.417848 0 0 0 0 0 0 -0.0003615148 -0.5629745 -0.8264742 0.0003615148 0.5629745 0.8264742 0.001478273 -0.8659498 -0.5001287 -0.001478273 0.8659498 0.5001287 0 0 0 -0.0008338226 -0.918184 -0.3961533 0.0008338226 0.918184 0.3961533 -0.8492467 0.3733498 0.3733498 -0.8492467 0.3733498 0.3733498 0.8492467 -0.3733498 -0.3733498 0.8492467 -0.3733498 -0.3733498 0 0 0 0 0 0 0.001478273 -0.5001287 -0.8659498 -0.0008338226 -0.3961533 -0.918184 0.0008338226 0.3961533 0.918184 -0.001478273 0.5001287 0.8659498 0 0 0 0.001528692 -0.965955 -0.2587055 -0.001528692 0.965955 0.2587055 0 0 0 -0.0004887117 -0.9768622 -0.2138689 0.0004887117 0.9768622 0.2138689 -0.8937993 0.3171141 0.3171141 -0.8937993 0.3171141 0.3171141 0.8937993 -0.3171141 -0.3171141 0.8937993 -0.3171141 -0.3171141 0 0 0 0 0 0 0.0009235913 -0.2583205 -0.9660588 0.0001713241 -0.213576 -0.9769264 -0.0001713241 0.213576 0.9769264 -0.0009235913 0.2583205 0.9660588 0 0 0 0.001404205 -0.999999 -4.146881e-05 -0.001404205 0.999999 4.146881e-05 0 0 0 1.962909e-05 -0.9996817 -0.02523087 -1.962909e-05 0.9996817 0.02523087 -0.9357724 0.2493291 0.2493291 -0.9357724 0.2493291 0.2493291 0.9357724 -0.2493291 -0.2493291 0.9357724 -0.2493291 -0.2493291 0 0 0 0 0 0 0.001053273 -0.02618036 -0.9996567 -0.001053273 0.02618036 0.9996567 -0.0004135579 -0.9858635 0.1675499 0.0004135579 0.9858635 -0.1675499 -0.9701837 0.171382 0.171382 -0.9701837 0.171382 0.171382 0.9701837 -0.171382 -0.171382 0.9701837 -0.171382 -0.171382 0 0 0 0 0 0 0.0007881206 -0.0004404745 -0.9999996 -0.0004135579 0.1675499 -0.9858635 0.0004135579 -0.1675499 0.9858635 -0.0007881206 0.0004404745 0.9999996 0 0 0 0.001636272 -0.9659517 0.2587172 -0.001636272 0.9659517 -0.2587172 0 0 0 -0.0009216383 -0.9322187 0.3618944 0.0009216383 0.9322187 -0.3618944 -0.9924026 0.08699747 0.08699747 -0.9924026 0.08699747 0.08699747 0.9924026 -0.08699747 -0.08699747 0.9924026 -0.08699747 -0.08699747 0 0 0 0 0 0 0.001636272 0.2587172 -0.9659517 -0.0009216383 0.3618944 -0.9322187 0.0009216383 -0.3618944 0.9322187 -0.001636272 -0.2587172 0.9659517 0 0 0 0.001557915 -0.865947 0.5001333 -0.001557915 0.865947 -0.5001333 0 0 0 -0.0004790781 -0.8377066 0.5461203 0.0004790781 0.8377066 -0.5461203 -1 7.232107e-16 8.933779e-16 -1 7.421182e-16 9.122854e-16 1 -7.421182e-16 -9.122854e-16 1 -7.232107e-16 -8.933779e-16 0 0 0 0 0 0 0.001557915 0.5001333 -0.865947 -0.0004790781 0.5461203 -0.8377066 0.0004790781 -0.5461203 0.8377066 -0.001557915 -0.5001333 0.865947 0 0 0 0.001312 -0.7071062 0.7071062 -0.001312 0.7071062 -0.7071062 0 0 0 2.710119e-16 -0.7071068 0.7071068 -2.710119e-16 0.7071068 -0.7071068 -0.9924026 -0.08699747 -0.08699747 -0.9924026 -0.08699747 -0.08699747 0.9924026 0.08699747 0.08699747 0.9924026 0.08699747 0.08699747 0 0 0 0 0 0 0.001312 0.7071062 -0.7071062 3.393219e-16 0.7071068 -0.7071068 -3.393219e-16 -0.7071068 0.7071068 -0.001312 -0.7071062 0.7071062 0 0 0 -0.0004790781 -0.5461203 0.8377066 0.0004790781 0.5461203 -0.8377066 -0.9701837 -0.171382 -0.171382 -0.9701837 -0.171382 -0.171382 0.9701837 0.171382 0.171382 0.9701837 0.171382 0.171382 0 0 0 0 0 0 -0.0004790781 0.8377066 -0.5461203 0.0004790781 -0.8377066 0.5461203 0.001557915 -0.5001333 0.865947 -0.001557915 0.5001333 -0.865947 0 0 0 -0.0009216383 -0.3618944 0.9322187 0.0009216383 0.3618944 -0.9322187 -0.9357724 -0.2493291 -0.2493291 -0.9357724 -0.2493291 -0.2493291 0.9357724 0.2493291 0.2493291 0.9357724 0.2493291 0.2493291 0 0 0 0 0 0 -0.0009216383 0.9322187 -0.3618944 0.001557915 0.865947 -0.5001333 -0.001557915 -0.865947 0.5001333 0.0009216383 -0.9322187 0.3618944 0 0 0 0.001636272 -0.2587172 0.9659517 -0.001636272 0.2587172 -0.9659517 0 0 0 -0.0004135579 -0.1675499 0.9858635 0.0004135579 0.1675499 -0.9858635 -0.8937993 -0.3171141 -0.3171141 -0.8937993 -0.3171141 -0.3171141 0.8937993 0.3171141 0.3171141 0.8937993 0.3171141 0.3171141 0 0 0 0 0 0 -0.0004135579 0.9858635 -0.1675499 0.001636272 0.9659517 -0.2587172 -0.001636272 -0.9659517 0.2587172 0.0004135579 -0.9858635 0.1675499 0 0 0 0.0007881206 0.0004404745 0.9999996 -0.0007881206 -0.0004404745 -0.9999996 0 0 0 0.001053273 0.02618036 0.9996567 -0.001053273 -0.02618036 -0.9996567 -0.8492467 -0.3733498 -0.3733498 -0.8492467 -0.3733498 -0.3733498 0.8492467 0.3733498 0.3733498 0.8492467 0.3733498 0.3733498 0 0 0 0 0 0 1.962909e-05 0.9996817 0.02523087 0.001404205 0.999999 4.146881e-05 -0.001404205 -0.999999 -4.146881e-05 -1.962909e-05 -0.9996817 -0.02523087 0 0 0 0.0009235913 0.2583205 0.9660588 -0.0009235913 -0.2583205 -0.9660588 0 0 0 0.0001713241 0.213576 0.9769264 -0.0001713241 -0.213576 -0.9769264 -0.8067256 -0.417848 -0.417848 -0.8067256 -0.417848 -0.417848 0.8067256 0.417848 0.417848 0.8067256 0.417848 0.417848 0 0 0 0 0 0 -0.0004887117 0.9768622 0.2138689 0.0004887117 -0.9768622 -0.2138689 -0.0008338226 0.3961533 0.918184 0.0008338226 -0.3961533 -0.918184 -0.7720176 -0.4494379 -0.4494379 -0.7720176 -0.4494379 -0.4494379 0.7720176 0.4494379 0.4494379 0.7720176 0.4494379 0.4494379 0 0 0 0 0 0 -0.0008338226 0.918184 0.3961533 0.001528692 0.965955 0.2587055 -0.001528692 -0.965955 -0.2587055 0.0008338226 -0.918184 -0.3961533 0 0 0 0.001478273 0.5001287 0.8659498 -0.001478273 -0.5001287 -0.8659498 0 0 0 -0.0003615148 0.5629745 0.8264742 0.0003615148 -0.5629745 -0.8264742 -0.751121 -0.4668068 -0.4668068 0.751121 0.4668068 0.4668068 0 0 0 -0.0003615148 0.8264742 0.5629745 0.001478273 0.8659498 0.5001287 -0.001478273 -0.8659498 -0.5001287 0.0003615148 -0.8264742 -0.5629745 0 0 0 0.001240913 0.7071062 0.7071062 -0.001240913 -0.7071062 -0.7071062 0 0 0 6.447252e-16 0.7071068 0.7071068 -6.447252e-16 -0.7071068 -0.7071068</float_array>
                    <technique_common>
                        <accessor count="232" source="#ID18" stride="3">
                            <param name="X" type="float" />
                            <param name="Y" type="float" />
                            <param name="Z" type="float" />
                        </accessor>
                    </technique_common>
                </source>
                <vertices id="ID12">
                    <input semantic="POSITION" source="#ID10" />
                    <input semantic="NORMAL" source="#ID11" />
                </vertices>
                <triangles count="86" material="Material2">
                    <input offset="0" semantic="VERTEX" source="#ID12" />
                    <p>0 1 2 9 10 11 16 2 17 2 16 0 11 10 22 24 9 11 27 9 24 29 17 30 17 29 16 35 22 36 11 22 35 40 27 24 43 27 40 45 30 46 30 45 29 51 36 52 35 36 51 56 43 40 56 59 43 61 45 46 45 61 62 51 52 67 69 59 56 71 62 61 62 71 72 77 67 78 51 67 77 82 69 56 85 69 82 87 72 71 72 87 88 93 78 94 77 78 93 98 85 82 101 85 98 103 88 87 88 103 104 109 94 110 93 94 109 114 101 98 117 101 114 119 104 103 104 119 120 125 110 126 109 110 125 114 130 117 132 120 119 120 132 133 138 125 126 140 130 114 140 143 130 145 133 132 133 145 146 151 152 138 152 125 138 156 143 140 156 159 143 161 146 145 146 161 162 167 168 151 168 152 151 172 159 156 172 175 159 177 162 161 162 177 178 183 184 167 184 168 167 188 175 172 188 191 175 193 178 177 178 193 194 199 184 183 188 201 191 203 194 193 194 203 204 209 210 199 210 184 199 214 201 188 214 217 201 204 203 219 222 223 209 223 210 209 227 217 214 227 230 217 230 227 222 227 223 222</p>
                </triangles>
                <triangles count="86" material="Material3">
                    <input offset="0" semantic="VERTEX" source="#ID12" />
                    <p>3 4 5 12 13 14 5 18 3 19 3 18 23 13 12 12 14 25 25 14 28 18 31 19 32 19 31 37 23 38 38 23 12 25 28 41 41 28 44 31 47 32 48 32 47 53 37 54 54 37 38 41 44 57 44 60 57 63 64 47 48 47 64 68 53 54 57 60 70 73 74 63 64 63 74 79 68 80 80 68 54 57 70 83 83 70 86 89 90 73 74 73 90 95 79 96 96 79 80 83 86 99 99 86 102 105 106 89 90 89 106 111 95 112 112 95 96 99 102 115 115 102 118 121 122 105 106 105 122 127 111 128 128 111 112 118 131 115 134 135 121 122 121 135 127 128 139 115 131 141 131 144 141 147 148 134 135 134 148 139 153 154 139 128 153 141 144 157 144 160 157 163 164 147 148 147 164 154 169 170 154 153 169 157 160 173 160 176 173 179 180 163 164 163 180 170 185 186 170 169 185 173 176 189 176 192 189 195 196 179 180 179 196 186 185 200 192 202 189 205 206 195 196 195 206 200 211 212 200 185 211 189 202 215 202 218 215 220 206 205 212 224 225 212 211 224 215 218 228 218 231 228 225 228 231 225 224 228</p>
                </triangles>
                <lines count="127" material="Material4">
                    <input offset="0" semantic="VERTEX" source="#ID12" />
                    <p />
                </lines>
            </mesh>
        </geometry>
        <geometry id="ID19">
            <mesh>
                <source id="ID20">
                    <float_array id="ID23" count="792">-5.684342e-14 3.25 0 8 3.139259 -0.8411619 -5.684342e-14 3.139259 -0.8411619 8 3.25 0 8 3.25 0 -5.684342e-14 3.25 0 8 3.139259 -0.8411619 -5.684342e-14 3.139259 -0.8411619 8 3.139259 -0.8411619 -5.684342e-14 3.139259 -0.8411619 -5.684342e-14 3.25 0 8 3.25 0 8 2.814583 -1.625 -5.684342e-14 2.814583 -1.625 8 2.814583 -1.625 -5.684342e-14 2.814583 -1.625 -5.684342e-14 2.814583 -1.625 8 2.814583 -1.625 -5.684342e-14 -2.298097 2.298097 -3.552714e-14 -1.931852 0.5176381 -3.552714e-14 -2 0 -5.684342e-14 -1.625 2.814583 -3.552714e-14 -1.732051 1 -3.552714e-14 -1.414214 1.414214 -5.684342e-14 -0.8411619 3.139259 -3.552714e-14 -1 1.732051 -3.552714e-14 -0.5176381 1.931852 -5.684342e-14 0 3.25 -3.552714e-14 0 2 -5.684342e-14 0.8411619 3.139259 -3.552714e-14 0.5176381 1.931852 -3.552714e-14 1 1.732051 -5.684342e-14 1.625 2.814583 -3.552714e-14 1.414214 1.414214 -3.552714e-14 1.732051 1 -5.684342e-14 2.298097 2.298097 -3.552714e-14 1.931852 0.5176381 -3.552714e-14 2 0 -5.684342e-14 2.298097 -2.298097 -5.684342e-14 2.814583 -1.625 -5.684342e-14 2.814583 1.625 -5.684342e-14 3.139259 0.8411619 -5.684342e-14 3.139259 -0.8411619 -5.684342e-14 3.25 0 -5.684342e-14 -3.139259 0.8411619 -5.684342e-14 -3.139259 -0.8411619 -5.684342e-14 -3.25 0 -5.684342e-14 -2.814583 1.625 -5.684342e-14 -2.814583 -1.625 -5.684342e-14 -2.298097 -2.298097 -3.552714e-14 -1.931852 -0.5176381 -5.684342e-14 -1.625 -2.814583 -3.552714e-14 -1.732051 -1 -3.552714e-14 -1.414214 -1.414214 -5.684342e-14 -0.8411619 -3.139259 -3.552714e-14 -1 -1.732051 -3.552714e-14 -0.5176381 -1.931852 -5.684342e-14 -8.881784e-16 -3.25 -3.552714e-14 0 -2 -5.684342e-14 0.8411619 -3.139259 -3.552714e-14 0.5176381 -1.931852 -3.552714e-14 1 -1.732051 -5.684342e-14 1.625 -2.814583 -3.552714e-14 1.414214 -1.414214 -3.552714e-14 1.732051 -1 -3.552714e-14 1.931852 -0.5176381 -3.552714e-14 2 0 -3.552714e-14 1.931852 -0.5176381 -5.684342e-14 2.298097 -2.298097 -3.552714e-14 1.732051 -1 -5.684342e-14 1.625 -2.814583 -3.552714e-14 1.414214 -1.414214 -3.552714e-14 1 -1.732051 -5.684342e-14 0.8411619 -3.139259 -3.552714e-14 0.5176381 -1.931852 -3.552714e-14 0 -2 -5.684342e-14 -8.881784e-16 -3.25 -3.552714e-14 -0.5176381 -1.931852 -5.684342e-14 -0.8411619 -3.139259 -3.552714e-14 -1 -1.732051 -3.552714e-14 -1.414214 -1.414214 -5.684342e-14 -1.625 -2.814583 -3.552714e-14 -1.732051 -1 -3.552714e-14 -1.931852 -0.5176381 -5.684342e-14 -2.298097 -2.298097 -3.552714e-14 -2 0 -5.684342e-14 -2.298097 2.298097 -5.684342e-14 -2.814583 1.625 -5.684342e-14 -2.814583 -1.625 -5.684342e-14 -3.139259 -0.8411619 -5.684342e-14 -3.139259 0.8411619 -5.684342e-14 -3.25 0 -5.684342e-14 3.25 0 -5.684342e-14 3.139259 0.8411619 -5.684342e-14 3.139259 -0.8411619 -5.684342e-14 2.814583 -1.625 -5.684342e-14 2.814583 1.625 -5.684342e-14 2.298097 2.298097 -3.552714e-14 1.931852 0.5176381 -3.552714e-14 1.732051 1 -5.684342e-14 1.625 2.814583 -3.552714e-14 1.414214 1.414214 -3.552714e-14 1 1.732051 -5.684342e-14 0.8411619 3.139259 -3.552714e-14 0.5176381 1.931852 -3.552714e-14 0 2 -5.684342e-14 0 3.25 -3.552714e-14 -0.5176381 1.931852 -5.684342e-14 -0.8411619 3.139259 -3.552714e-14 -1 1.732051 -3.552714e-14 -1.414214 1.414214 -5.684342e-14 -1.625 2.814583 -3.552714e-14 -1.732051 1 -3.552714e-14 -1.931852 0.5176381 -5.684342e-14 -3.25 0 -5.684342e-14 -3.139259 -0.8411619 -5.684342e-14 -3.139259 0.8411619 -5.684342e-14 -2.814583 1.625 -5.684342e-14 -2.298097 2.298097 -5.684342e-14 -1.625 2.814583 -5.684342e-14 -0.8411619 3.139259 -5.684342e-14 0 3.25 -5.684342e-14 0.8411619 3.139259 -5.684342e-14 1.625 2.814583 -5.684342e-14 2.298097 2.298097 -5.684342e-14 2.814583 1.625 -5.684342e-14 3.139259 0.8411619 -5.684342e-14 2.298097 -2.298097 -5.684342e-14 1.625 -2.814583 -5.684342e-14 0.8411619 -3.139259 -5.684342e-14 -8.881784e-16 -3.25 -5.684342e-14 -0.8411619 -3.139259 -5.684342e-14 -1.625 -2.814583 -5.684342e-14 -2.298097 -2.298097 -5.684342e-14 -2.814583 -1.625 -3.552714e-14 -2 0 -3.552714e-14 -1.931852 0.5176381 -3.552714e-14 -1.931852 -0.5176381 -3.552714e-14 -1.732051 -1 -3.552714e-14 -1.414214 -1.414214 -3.552714e-14 -1 -1.732051 -3.552714e-14 -0.5176381 -1.931852 -3.552714e-14 0 -2 -3.552714e-14 0.5176381 -1.931852 -3.552714e-14 1 -1.732051 -3.552714e-14 1.414214 -1.414214 -3.552714e-14 1.732051 -1 -3.552714e-14 1.931852 -0.5176381 -3.552714e-14 2 0 -3.552714e-14 1.931852 0.5176381 -3.552714e-14 1.732051 1 -3.552714e-14 1.414214 1.414214 -3.552714e-14 1 1.732051 -3.552714e-14 0.5176381 1.931852 -3.552714e-14 0 2 -3.552714e-14 -0.5176381 1.931852 -3.552714e-14 -1 1.732051 -3.552714e-14 -1.414214 1.414214 -3.552714e-14 -1.732051 1 -5.684342e-14 3.139259 0.8411619 8 3.139259 0.8411619 8 3.139259 0.8411619 -5.684342e-14 3.139259 0.8411619 8 3.139259 0.8411619 8 2.298097 -2.298097 -5.684342e-14 2.298097 -2.298097 8 2.298097 -2.298097 -5.684342e-14 2.298097 -2.298097 8 2.298097 -2.298097 8 -3.25 0 -5.684342e-14 -3.139259 -0.8411619 8 -3.139259 -0.8411619 -5.684342e-14 -3.25 0 -5.684342e-14 -3.25 0 8 -3.25 0 -5.684342e-14 -3.139259 -0.8411619 8 -3.139259 -0.8411619 8 -3.25 0 8 -3.139259 -0.8411619 8 -3.139259 0.8411619 -5.684342e-14 -3.139259 0.8411619 -5.684342e-14 -3.139259 0.8411619 8 -3.139259 0.8411619 8 -3.139259 0.8411619 8 -2.814583 1.625 -5.684342e-14 -2.814583 1.625 -5.684342e-14 -2.814583 1.625 8 -2.814583 1.625 8 -2.814583 1.625 8 -2.298097 2.298097 -5.684342e-14 -2.298097 2.298097 -5.684342e-14 -2.298097 2.298097 8 -2.298097 2.298097 8 -2.298097 2.298097 -5.684342e-14 -1.625 2.814583 8 -1.625 2.814583 8 -1.625 2.814583 -5.684342e-14 -1.625 2.814583 8 -1.625 2.814583 -5.684342e-14 -0.8411619 3.139259 8 -0.8411619 3.139259 8 -0.8411619 3.139259 -5.684342e-14 -0.8411619 3.139259 8 -0.8411619 3.139259 -5.684342e-14 0 3.25 8 0 3.25 8 0 3.25 -5.684342e-14 0 3.25 8 0 3.25 -5.684342e-14 0.8411619 3.139259 8 0.8411619 3.139259 8 0.8411619 3.139259 -5.684342e-14 0.8411619 3.139259 8 0.8411619 3.139259 -5.684342e-14 1.625 2.814583 8 1.625 2.814583 8 1.625 2.814583 -5.684342e-14 1.625 2.814583 8 1.625 2.814583 -5.684342e-14 2.298097 2.298097 8 2.298097 2.298097 8 2.298097 2.298097 -5.684342e-14 2.298097 2.298097 8 2.298097 2.298097 8 2.814583 1.625 -5.684342e-14 2.814583 1.625 8 2.814583 1.625 -5.684342e-14 2.814583 1.625 8 2.814583 1.625 -5.684342e-14 1.625 -2.814583 8 1.625 -2.814583 8 1.625 -2.814583 -5.684342e-14 1.625 -2.814583 8 1.625 -2.814583 -5.684342e-14 0.8411619 -3.139259 8 0.8411619 -3.139259 8 0.8411619 -3.139259 -5.684342e-14 0.8411619 -3.139259 8 0.8411619 -3.139259 -5.684342e-14 -8.881784e-16 -3.25 8 -8.881784e-16 -3.25 8 -8.881784e-16 -3.25 -5.684342e-14 -8.881784e-16 -3.25 8 -8.881784e-16 -3.25 -5.684342e-14 -0.8411619 -3.139259 8 -0.8411619 -3.139259 8 -0.8411619 -3.139259 -5.684342e-14 -0.8411619 -3.139259 8 -0.8411619 -3.139259 -5.684342e-14 -1.625 -2.814583 8 -1.625 -2.814583 8 -1.625 -2.814583 -5.684342e-14 -1.625 -2.814583 8 -1.625 -2.814583 -5.684342e-14 -2.298097 -2.298097 8 -2.298097 -2.298097 8 -2.298097 -2.298097 -5.684342e-14 -2.298097 -2.298097 8 -2.298097 -2.298097 8 -2.814583 -1.625 -5.684342e-14 -2.814583 -1.625 -5.684342e-14 -2.814583 -1.625 8 -2.814583 -1.625 8 -2.814583 -1.625</float_array>
                    <technique_common>
                        <accessor count="264" source="#ID23" stride="3">
                            <param name="X" type="float" />
                            <param name="Y" type="float" />
                            <param name="Z" type="float" />
                        </accessor>
                    </technique_common>
                </source>
                <source id="ID21">
                    <float_array id="ID24" count="792">0 1 -3.475333e-16 0 0.9659258 -0.258819 0 0.9659258 -0.258819 0 1 -3.475333e-16 -0 -1 3.475333e-16 -0 -1 3.475333e-16 -0 -0.9659258 0.258819 -0 -0.9659258 0.258819 0 0 0 0 0 0 0 0 0 0 0 0 0 0.8660254 -0.5 0 0.8660254 -0.5 -0 -0.8660254 0.5 -0 -0.8660254 0.5 0 0 0 0 0 0 -1 7.057951e-17 -3.147903e-31 -1 7.057951e-17 -3.147903e-31 -1 7.057951e-17 -3.147903e-31 -1 7.057951e-17 -3.147903e-31 -1 7.057951e-17 -3.147903e-31 -1 7.057951e-17 -3.147903e-31 -1 7.057951e-17 -3.147903e-31 -1 7.057951e-17 -3.147903e-31 -1 7.057951e-17 -3.147903e-31 -1 7.057951e-17 -3.147903e-31 -1 7.057951e-17 -3.147903e-31 -1 7.057951e-17 -3.147903e-31 -1 7.057951e-17 -3.147903e-31 -1 7.057951e-17 -3.147903e-31 -1 7.057951e-17 -3.147903e-31 -1 7.057951e-17 -3.147903e-31 -1 7.057951e-17 -3.147903e-31 -1 7.057951e-17 -3.147903e-31 -1 7.057951e-17 -3.147903e-31 -1 7.057951e-17 -3.147903e-31 -1 7.057951e-17 -3.147903e-31 -1 7.057951e-17 -3.147903e-31 -1 7.057951e-17 -3.147903e-31 -1 7.057951e-17 -3.147903e-31 -1 7.057951e-17 -3.147903e-31 -1 7.057951e-17 -3.147903e-31 -1 7.057951e-17 -3.147903e-31 -1 7.057951e-17 -3.147903e-31 -1 7.057951e-17 -3.147903e-31 -1 7.057951e-17 -3.147903e-31 -1 7.057951e-17 -3.147903e-31 -1 7.057951e-17 -3.147903e-31 -1 7.057951e-17 -3.147903e-31 -1 7.057951e-17 -3.147903e-31 -1 7.057951e-17 -3.147903e-31 -1 7.057951e-17 -3.147903e-31 -1 7.057951e-17 -3.147903e-31 -1 7.057951e-17 -3.147903e-31 -1 7.057951e-17 -3.147903e-31 -1 7.057951e-17 -3.147903e-31 -1 7.057951e-17 -3.147903e-31 -1 7.057951e-17 -3.147903e-31 -1 7.057951e-17 -3.147903e-31 -1 7.057951e-17 -3.147903e-31 -1 7.057951e-17 -3.147903e-31 -1 7.057951e-17 -3.147903e-31 -1 7.057951e-17 -3.147903e-31 -1 7.057951e-17 -3.147903e-31 1 -7.057951e-17 3.147903e-31 1 -7.057951e-17 3.147903e-31 1 -7.057951e-17 3.147903e-31 1 -7.057951e-17 3.147903e-31 1 -7.057951e-17 3.147903e-31 1 -7.057951e-17 3.147903e-31 1 -7.057951e-17 3.147903e-31 1 -7.057951e-17 3.147903e-31 1 -7.057951e-17 3.147903e-31 1 -7.057951e-17 3.147903e-31 1 -7.057951e-17 3.147903e-31 1 -7.057951e-17 3.147903e-31 1 -7.057951e-17 3.147903e-31 1 -7.057951e-17 3.147903e-31 1 -7.057951e-17 3.147903e-31 1 -7.057951e-17 3.147903e-31 1 -7.057951e-17 3.147903e-31 1 -7.057951e-17 3.147903e-31 1 -7.057951e-17 3.147903e-31 1 -7.057951e-17 3.147903e-31 1 -7.057951e-17 3.147903e-31 1 -7.057951e-17 3.147903e-31 1 -7.057951e-17 3.147903e-31 1 -7.057951e-17 3.147903e-31 1 -7.057951e-17 3.147903e-31 1 -7.057951e-17 3.147903e-31 1 -7.057951e-17 3.147903e-31 1 -7.057951e-17 3.147903e-31 1 -7.057951e-17 3.147903e-31 1 -7.057951e-17 3.147903e-31 1 -7.057951e-17 3.147903e-31 1 -7.057951e-17 3.147903e-31 1 -7.057951e-17 3.147903e-31 1 -7.057951e-17 3.147903e-31 1 -7.057951e-17 3.147903e-31 1 -7.057951e-17 3.147903e-31 1 -7.057951e-17 3.147903e-31 1 -7.057951e-17 3.147903e-31 1 -7.057951e-17 3.147903e-31 1 -7.057951e-17 3.147903e-31 1 -7.057951e-17 3.147903e-31 1 -7.057951e-17 3.147903e-31 1 -7.057951e-17 3.147903e-31 1 -7.057951e-17 3.147903e-31 1 -7.057951e-17 3.147903e-31 1 -7.057951e-17 3.147903e-31 1 -7.057951e-17 3.147903e-31 1 -7.057951e-17 3.147903e-31 0 0 0 0 0 0 0 0 0 0 0 0 0 0 0 0 0 0 0 0 0 0 0 0 0 0 0 0 0 0 0 0 0 0 0 0 0 0 0 0 0 0 0 0 0 0 0 0 0 0 0 0 0 0 0 0 0 0 0 0 0 0 0 0 0 0 0 0 0 0 0 0 0 0 0 0 0 0 0 0 0 0 0 0 0 0 0 0 0 0 0 0 0 0 0 0 0 0 0 0 0 0 0 0 0 0 0 0 0 0 0 0 0 0 0 0 0 0 0 0 0 0 0 0 0 0 0 0 0 0 0 0 0 0 0 0 0.9659258 0.258819 0 0.9659258 0.258819 -0 -0.9659258 -0.258819 -0 -0.9659258 -0.258819 0 0 0 0 0.7071068 -0.7071068 0 0.7071068 -0.7071068 -0 -0.7071068 0.7071068 -0 -0.7071068 0.7071068 0 0 0 0 -1 1.871333e-16 0 -0.9659258 -0.258819 0 -0.9659258 -0.258819 0 -1 1.871333e-16 -0 1 -1.871333e-16 -0 1 -1.871333e-16 -0 0.9659258 0.258819 -0 0.9659258 0.258819 0 0 0 0 0 0 0 -0.9659258 0.258819 0 -0.9659258 0.258819 -0 0.9659258 -0.258819 -0 0.9659258 -0.258819 0 0 0 0 -0.8660254 0.5 0 -0.8660254 0.5 -0 0.8660254 -0.5 -0 0.8660254 -0.5 0 0 0 0 -0.7071068 0.7071068 0 -0.7071068 0.7071068 -0 0.7071068 -0.7071068 -0 0.7071068 -0.7071068 0 0 0 0 -0.5 0.8660254 0 -0.5 0.8660254 -0 0.5 -0.8660254 -0 0.5 -0.8660254 0 0 0 0 -0.258819 0.9659258 0 -0.258819 0.9659258 -0 0.258819 -0.9659258 -0 0.258819 -0.9659258 0 0 0 0 0 1 0 0 1 -0 -0 -1 -0 -0 -1 0 0 0 0 0.258819 0.9659258 0 0.258819 0.9659258 -0 -0.258819 -0.9659258 -0 -0.258819 -0.9659258 0 0 0 0 0.5 0.8660254 0 0.5 0.8660254 -0 -0.5 -0.8660254 -0 -0.5 -0.8660254 0 0 0 0 0.7071068 0.7071068 0 0.7071068 0.7071068 -0 -0.7071068 -0.7071068 -0 -0.7071068 -0.7071068 0 0 0 0 0.8660254 0.5 0 0.8660254 0.5 -0 -0.8660254 -0.5 -0 -0.8660254 -0.5 0 0 0 0 0.5 -0.8660254 0 0.5 -0.8660254 -0 -0.5 0.8660254 -0 -0.5 0.8660254 0 0 0 0 0.258819 -0.9659258 0 0.258819 -0.9659258 -0 -0.258819 0.9659258 -0 -0.258819 0.9659258 0 0 0 0 -5.613999e-16 -1 0 -5.613999e-16 -1 -0 5.613999e-16 1 -0 5.613999e-16 1 0 0 0 0 -0.258819 -0.9659258 0 -0.258819 -0.9659258 -0 0.258819 0.9659258 -0 0.258819 0.9659258 0 0 0 0 -0.5 -0.8660254 0 -0.5 -0.8660254 -0 0.5 0.8660254 -0 0.5 0.8660254 0 0 0 0 -0.7071068 -0.7071068 0 -0.7071068 -0.7071068 -0 0.7071068 0.7071068 -0 0.7071068 0.7071068 0 0 0 0 -0.8660254 -0.5 0 -0.8660254 -0.5 -0 0.8660254 0.5 -0 0.8660254 0.5 0 0 0</float_array>
                    <technique_common>
                        <accessor count="264" source="#ID24" stride="3">
                            <param name="X" type="float" />
                            <param name="Y" type="float" />
                            <param name="Z" type="float" />
                        </accessor>
                    </technique_common>
                </source>
                <vertices id="ID22">
                    <input semantic="POSITION" source="#ID20" />
                    <input semantic="NORMAL" source="#ID21" />
                </vertices>
                <triangles count="96" material="Material2">
                    <input offset="0" semantic="VERTEX" source="#ID22" />
                    <p>0 1 2 1 0 3 2 12 13 12 2 1 18 19 20 19 18 21 19 21 22 22 21 23 23 21 24 23 24 25 25 24 26 26 24 27 26 27 28 28 27 29 28 29 30 30 29 31 31 29 32 31 32 33 33 32 34 34 32 35 34 35 36 36 35 37 37 35 38 38 35 39 39 35 40 39 40 41 39 41 42 42 41 43 44 45 46 45 44 47 45 47 48 48 47 49 49 47 18 49 18 20 49 20 50 49 50 51 51 50 52 51 52 53 51 53 54 54 53 55 54 55 56 54 56 57 57 56 58 57 58 59 59 58 60 59 60 61 59 61 62 62 61 63 62 63 64 62 64 38 38 64 65 38 65 37 159 3 0 3 159 160 13 164 165 164 13 12 169 170 171 170 169 172 179 172 169 172 179 180 184 180 179 180 184 185 189 185 184 185 189 190 189 194 190 194 189 195 195 199 194 199 195 200 200 204 199 204 200 205 205 209 204 209 205 210 210 214 209 214 210 215 215 219 214 219 215 220 219 224 225 224 219 220 225 160 159 160 225 224 164 229 165 229 164 230 230 234 229 234 230 235 235 239 234 239 235 240 240 244 239 244 240 245 245 249 244 249 245 250 250 254 249 254 250 255 259 254 255 254 259 260 171 260 259 260 171 170</p>
                </triangles>
                <triangles count="96" material="Material3">
                    <input offset="0" semantic="VERTEX" source="#ID22" />
                    <p>4 5 6 7 6 5 6 7 14 15 14 7 66 67 68 67 69 68 68 69 70 69 71 70 71 72 70 70 72 73 72 74 73 74 75 73 73 75 76 75 77 76 76 77 78 77 79 78 79 80 78 78 80 81 80 82 81 82 83 81 81 83 84 83 85 84 85 86 84 86 87 84 84 87 88 88 87 89 87 90 89 91 89 90 92 93 94 94 93 95 93 96 95 96 97 95 95 97 68 68 97 66 66 97 98 98 97 99 97 100 99 99 100 101 101 100 102 100 103 102 102 103 104 104 103 105 103 106 105 105 106 107 106 108 107 107 108 109 109 108 110 108 111 110 110 111 112 112 111 113 111 86 113 85 113 86 161 162 4 5 4 162 14 15 166 167 166 15 173 174 175 176 175 174 181 182 173 174 173 182 186 187 181 182 181 187 191 192 186 187 186 192 196 192 197 191 197 192 201 196 202 197 202 196 206 201 207 202 207 201 211 206 212 207 212 206 216 211 217 212 217 211 221 216 222 217 222 216 221 222 226 227 226 222 226 227 161 162 161 227 231 166 232 167 232 166 236 231 237 232 237 231 241 236 242 237 242 236 246 241 247 242 247 241 251 246 252 247 252 246 256 251 257 252 257 251 261 262 257 256 257 262 175 176 261 262 261 176</p>
                </triangles>
                <lines count="96" material="Material4">
                    <input offset="0" semantic="VERTEX" source="#ID22" />
                    <p />
                </lines>
            </mesh>
        </geometry>
        <geometry id="ID25">
            <mesh>
                <source id="ID26">
                    <float_array id="ID29" count="1656">8 -3.284148 0.8799848 8 -3.139259 0.8411619 8 -3.25 0 8 -2.944486 1.7 8 -2.814583 1.625 8 -2.404163 2.404163 8 -2.298097 2.298097 8 -1.7 2.944486 8 -1.625 2.814583 8 -0.8799848 3.284148 8 -0.8411619 3.139259 8 0 3.4 8 0 3.25 8 0.8799848 3.284148 8 0.8411619 3.139259 8 1.625 2.814583 8 1.7 2.944486 8 2.298097 2.298097 8 2.404163 2.404163 8 2.814583 1.625 8 2.944486 1.7 8 3.139259 0.8411619 8 3.284148 0.8799848 8 3.25 0 8 -3.284148 -0.8799848 8 -3.4 0 8 -3.139259 -0.8411619 8 -2.944486 -1.7 8 -2.814583 -1.625 8 -2.404163 -2.404163 8 -2.298097 -2.298097 8 -1.7 -2.944486 8 -1.625 -2.814583 8 -0.8799848 -3.284148 8 -0.8411619 -3.139259 8 -8.881784e-16 -3.4 8 -8.881784e-16 -3.25 8 0.8411619 -3.139259 8 0.8799848 -3.284148 8 1.625 -2.814583 8 1.7 -2.944486 8 2.298097 -2.298097 8 2.404163 -2.404163 8 2.814583 -1.625 8 2.944486 -1.7 8 3.139259 -0.8411619 8 3.284148 -0.8799848 8 3.4 0 8 3.4 0 8 3.284148 0.8799848 8 3.284148 -0.8799848 8 3.25 0 8 3.139259 -0.8411619 8 2.944486 -1.7 8 2.814583 -1.625 8 2.404163 -2.404163 8 2.298097 -2.298097 8 1.7 -2.944486 8 1.625 -2.814583 8 0.8799848 -3.284148 8 0.8411619 -3.139259 8 -8.881784e-16 -3.4 8 -8.881784e-16 -3.25 8 -0.8411619 -3.139259 8 -0.8799848 -3.284148 8 -1.625 -2.814583 8 -1.7 -2.944486 8 -2.298097 -2.298097 8 -2.404163 -2.404163 8 -2.814583 -1.625 8 -2.944486 -1.7 8 -3.139259 -0.8411619 8 -3.284148 -0.8799848 8 -3.25 0 8 -3.284148 0.8799848 8 -3.4 0 8 3.139259 0.8411619 8 2.944486 1.7 8 2.814583 1.625 8 2.404163 2.404163 8 2.298097 2.298097 8 1.7 2.944486 8 1.625 2.814583 8 0.8799848 3.284148 8 0.8411619 3.139259 8 0 3.25 8 0 3.4 8 -0.8411619 3.139259 8 -0.8799848 3.284148 8 -1.625 2.814583 8 -1.7 2.944486 8 -2.298097 2.298097 8 -2.404163 2.404163 8 -2.814583 1.625 8 -2.944486 1.7 8 -3.139259 0.8411619 8 0.8799848 3.284148 8 1.7 2.944486 8 2.404163 2.404163 8 2.944486 1.7 8 3.284148 0.8799848 8 3.4 0 8 3.284148 -0.8799848 8 2.944486 -1.7 8 2.404163 -2.404163 8 1.7 -2.944486 8 0.8799848 -3.284148 8 -8.881784e-16 -3.4 8 -0.8799848 -3.284148 8 -1.7 -2.944486 8 -2.404163 -2.404163 8 -2.944486 -1.7 8 -3.284148 -0.8799848 8 -3.4 0 8 -3.284148 0.8799848 8 -2.944486 1.7 8 -2.404163 2.404163 8 -1.7 2.944486 8 -0.8799848 3.284148 8 0 3.4 8 0.8411619 3.139259 8 1.625 2.814583 8 0 3.25 8 -0.8411619 3.139259 8 -1.625 2.814583 8 -2.298097 2.298097 8 -2.814583 1.625 8 -3.139259 0.8411619 8 -3.25 0 8 -3.139259 -0.8411619 8 -2.814583 -1.625 8 -2.298097 -2.298097 8 -1.625 -2.814583 8 -0.8411619 -3.139259 8 -8.881784e-16 -3.25 8 0.8411619 -3.139259 8 1.625 -2.814583 8 2.298097 -2.298097 8 2.814583 -1.625 8 3.139259 -0.8411619 8 3.25 0 8 3.139259 0.8411619 8 2.814583 1.625 8 2.298097 2.298097 8.6 1.035276 3.863703 8 1.7 2.944486 8 0.8799848 3.284148 8.6 2 3.464102 8.6 2 3.464102 8.6 1.035276 3.863703 8 1.7 2.944486 8 0.8799848 3.284148 8.6 2 3.464102 8.6 1.035276 3.863703 8 2.404163 2.404163 8.6 2.828427 2.828427 8.6 2.828427 2.828427 8 2.404163 2.404163 8.6 2.828427 2.828427 8 2.944486 1.7 8.6 3.464102 2 8.6 3.464102 2 8 2.944486 1.7 8.6 3.464102 2 8 3.284148 0.8799848 8.6 3.863703 1.035276 8.6 3.863703 1.035276 8 3.284148 0.8799848 8.6 3.863703 1.035276 8 3.4 0 8.6 4 0 8.6 4 0 8 3.4 0 8.6 4 0 8.6 3.863703 -1.035276 8 3.284148 -0.8799848 8.6 3.863703 -1.035276 8 3.284148 -0.8799848 8.6 3.863703 -1.035276 8.6 3.464102 -2 8 2.944486 -1.7 8.6 3.464102 -2 8 2.944486 -1.7 8.6 3.464102 -2 8.6 2.828427 -2.828427 8 2.404163 -2.404163 8.6 2.828427 -2.828427 8 2.404163 -2.404163 8.6 2.828427 -2.828427 8.6 2 -3.464102 8 1.7 -2.944486 8.6 2 -3.464102 8 1.7 -2.944486 8.6 2 -3.464102 8.6 1.035276 -3.863703 8 0.8799848 -3.284148 8.6 1.035276 -3.863703 8 0.8799848 -3.284148 8.6 1.035276 -3.863703 8.6 -8.881784e-16 -4 8 -8.881784e-16 -3.4 8.6 -8.881784e-16 -4 8 -8.881784e-16 -3.4 8.6 -8.881784e-16 -4 8 -0.8799848 -3.284148 8.6 -1.035276 -3.863703 8 -0.8799848 -3.284148 8.6 -1.035276 -3.863703 8.6 -1.035276 -3.863703 8 -1.7 -2.944486 8.6 -2 -3.464102 8 -1.7 -2.944486 8.6 -2 -3.464102 8.6 -2 -3.464102 8 -2.404163 -2.404163 8.6 -2.828427 -2.828427 8 -2.404163 -2.404163 8.6 -2.828427 -2.828427 8.6 -2.828427 -2.828427 8 -2.944486 -1.7 8.6 -3.464102 -2 8 -2.944486 -1.7 8.6 -3.464102 -2 8.6 -3.464102 -2 8 -3.284148 -0.8799848 8.6 -3.863703 -1.035276 8 -3.284148 -0.8799848 8.6 -3.863703 -1.035276 8.6 -3.863703 -1.035276 8 -3.4 0 8.6 -4 0 8 -3.4 0 8.6 -4 0 8.6 -4 0 8.6 -3.863703 1.035276 8 -3.284148 0.8799848 8 -3.284148 0.8799848 8.6 -3.863703 1.035276 8.6 -3.863703 1.035276 8.6 -3.464102 2 8 -2.944486 1.7 8 -2.944486 1.7 8.6 -3.464102 2 8.6 -3.464102 2 8.6 -2.828427 2.828427 8 -2.404163 2.404163 8 -2.404163 2.404163 8.6 -2.828427 2.828427 8.6 -2.828427 2.828427 8.6 -2 3.464102 8 -1.7 2.944486 8 -1.7 2.944486 8.6 -2 3.464102 8.6 -2 3.464102 8.6 -1.035276 3.863703 8 -0.8799848 3.284148 8 -0.8799848 3.284148 8.6 -1.035276 3.863703 8.6 -1.035276 3.863703 8.6 0 4 8 0 3.4 8 0 3.4 8.6 0 4 8.6 0 4 49.4 1.035276 3.863703 8.6 2 3.464102 8.6 1.035276 3.863703 49.4 2 3.464102 49.4 2 3.464102 49.4 1.035276 3.863703 8.6 2 3.464102 8.6 1.035276 3.863703 49.4 2 3.464102 49.4 1.035276 3.863703 8.6 2.828427 2.828427 49.4 2.828427 2.828427 49.4 2.828427 2.828427 8.6 2.828427 2.828427 49.4 2.828427 2.828427 49.4 3.464102 2 8.6 3.464102 2 49.4 3.464102 2 8.6 3.464102 2 49.4 3.464102 2 49.4 3.863703 1.035276 8.6 3.863703 1.035276 49.4 3.863703 1.035276 8.6 3.863703 1.035276 49.4 3.863703 1.035276 49.4 4 0 8.6 4 0 49.4 4 0 8.6 4 0 49.4 4 0 8.6 3.863703 -1.035276 49.4 3.863703 -1.035276 8.6 3.863703 -1.035276 49.4 3.863703 -1.035276 49.4 3.863703 -1.035276 8.6 3.464102 -2 49.4 3.464102 -2 8.6 3.464102 -2 49.4 3.464102 -2 49.4 3.464102 -2 8.6 2.828427 -2.828427 49.4 2.828427 -2.828427 8.6 2.828427 -2.828427 49.4 2.828427 -2.828427 49.4 2.828427 -2.828427 8.6 2 -3.464102 49.4 2 -3.464102 49.4 2 -3.464102 8.6 2 -3.464102 49.4 2 -3.464102 8.6 1.035276 -3.863703 49.4 1.035276 -3.863703 49.4 1.035276 -3.863703 8.6 1.035276 -3.863703 49.4 1.035276 -3.863703 8.6 -8.881784e-16 -4 49.4 -8.881784e-16 -4 49.4 -8.881784e-16 -4 8.6 -8.881784e-16 -4 49.4 -8.881784e-16 -4 8.6 -1.035276 -3.863703 49.4 -1.035276 -3.863703 49.4 -1.035276 -3.863703 8.6 -1.035276 -3.863703 49.4 -1.035276 -3.863703 8.6 -2 -3.464102 49.4 -2 -3.464102 49.4 -2 -3.464102 8.6 -2 -3.464102 49.4 -2 -3.464102 8.6 -2.828427 -2.828427 49.4 -2.828427 -2.828427 49.4 -2.828427 -2.828427 8.6 -2.828427 -2.828427 49.4 -2.828427 -2.828427 49.4 -3.464102 -2 8.6 -3.464102 -2 8.6 -3.464102 -2 49.4 -3.464102 -2 49.4 -3.464102 -2 49.4 -3.863703 -1.035276 8.6 -3.863703 -1.035276 8.6 -3.863703 -1.035276 49.4 -3.863703 -1.035276 49.4 -3.863703 -1.035276 49.4 -4 0 8.6 -4 0 8.6 -4 0 49.4 -4 0 49.4 -4 0 49.4 -3.863703 1.035276 8.6 -3.863703 1.035276 8.6 -3.863703 1.035276 49.4 -3.863703 1.035276 49.4 -3.863703 1.035276 8.6 -3.464102 2 49.4 -3.464102 2 49.4 -3.464102 2 8.6 -3.464102 2 49.4 -3.464102 2 8.6 -2.828427 2.828427 49.4 -2.828427 2.828427 49.4 -2.828427 2.828427 8.6 -2.828427 2.828427 49.4 -2.828427 2.828427 8.6 -2 3.464102 49.4 -2 3.464102 49.4 -2 3.464102 8.6 -2 3.464102 49.4 -2 3.464102 8.6 -1.035276 3.863703 49.4 -1.035276 3.863703 49.4 -1.035276 3.863703 8.6 -1.035276 3.863703 49.4 -1.035276 3.863703 8.6 0 4 49.4 0 4 49.4 0 4 8.6 0 4 49.4 0 4 50 1.7 2.944486 49.4 1.035276 3.863703 50 0.8799848 3.284148 49.4 2 3.464102 49.4 2 3.464102 50 1.7 2.944486 49.4 1.035276 3.863703 50 0.8799848 3.284148 50 1.7 2.944486 50 0.8799848 3.284148 50 2.404163 2.404163 49.4 2.828427 2.828427 49.4 2.828427 2.828427 50 2.404163 2.404163 50 2.404163 2.404163 50 2.944486 1.7 49.4 3.464102 2 49.4 3.464102 2 50 2.944486 1.7 50 2.944486 1.7 50 3.284148 0.8799848 49.4 3.863703 1.035276 49.4 3.863703 1.035276 50 3.284148 0.8799848 50 3.284148 0.8799848 50 3.4 0 49.4 4 0 49.4 4 0 50 3.4 0 50 3.4 0 49.4 3.863703 -1.035276 50 3.284148 -0.8799848 49.4 3.863703 -1.035276 50 3.284148 -0.8799848 50 3.284148 -0.8799848 49.4 3.464102 -2 50 2.944486 -1.7 49.4 3.464102 -2 50 2.944486 -1.7 50 2.944486 -1.7 49.4 2.828427 -2.828427 50 2.404163 -2.404163 49.4 2.828427 -2.828427 50 2.404163 -2.404163 50 2.404163 -2.404163 49.4 2 -3.464102 50 1.7 -2.944486 49.4 2 -3.464102 50 1.7 -2.944486 50 1.7 -2.944486 49.4 1.035276 -3.863703 50 0.8799848 -3.284148 49.4 1.035276 -3.863703 50 0.8799848 -3.284148 50 0.8799848 -3.284148 50 -8.881784e-16 -3.4 49.4 -8.881784e-16 -4 50 -8.881784e-16 -3.4 49.4 -8.881784e-16 -4 50 -8.881784e-16 -3.4 50 -0.8799848 -3.284148 49.4 -1.035276 -3.863703 50 -0.8799848 -3.284148 49.4 -1.035276 -3.863703 50 -0.8799848 -3.284148 50 -1.7 -2.944486 49.4 -2 -3.464102 50 -1.7 -2.944486 49.4 -2 -3.464102 50 -1.7 -2.944486 50 -2.404163 -2.404163 49.4 -2.828427 -2.828427 50 -2.404163 -2.404163 49.4 -2.828427 -2.828427 50 -2.404163 -2.404163 50 -2.944486 -1.7 49.4 -3.464102 -2 50 -2.944486 -1.7 49.4 -3.464102 -2 50 -2.944486 -1.7 50 -3.284148 -0.8799848 49.4 -3.863703 -1.035276 50 -3.284148 -0.8799848 49.4 -3.863703 -1.035276 50 -3.284148 -0.8799848 50 -3.4 0 49.4 -4 0 50 -3.4 0 49.4 -4 0 50 -3.4 0 49.4 -3.863703 1.035276 50 -3.284148 0.8799848 50 -3.284148 0.8799848 49.4 -3.863703 1.035276 50 -3.284148 0.8799848 49.4 -3.464102 2 50 -2.944486 1.7 50 -2.944486 1.7 49.4 -3.464102 2 50 -2.944486 1.7 49.4 -2.828427 2.828427 50 -2.404163 2.404163 50 -2.404163 2.404163 49.4 -2.828427 2.828427 50 -2.404163 2.404163 49.4 -2 3.464102 50 -1.7 2.944486 50 -1.7 2.944486 49.4 -2 3.464102 50 -1.7 2.944486 49.4 -1.035276 3.863703 50 -0.8799848 3.284148 50 -0.8799848 3.284148 49.4 -1.035276 3.863703 50 -0.8799848 3.284148 49.4 0 4 50 0 3.4 50 0 3.4 49.4 0 4 50 0 3.4 50 -3.284148 -0.8799848 50 -3.284148 0.8799848 50 -3.4 0 50 -2.944486 -1.7 50 -2.944486 1.7 50 -2.404163 -2.404163 50 -2.404163 2.404163 50 -1.7 -2.944486 50 -1.7 2.944486 50 -0.8799848 -3.284148 50 -0.8799848 3.284148 50 -8.881784e-16 -3.4 50 0 3.4 50 0.8799848 -3.284148 50 0.8799848 3.284148 50 1.7 -2.944486 50 1.7 2.944486 50 2.404163 -2.404163 50 2.404163 2.404163 50 2.944486 -1.7 50 2.944486 1.7 50 3.284148 -0.8799848 50 3.284148 0.8799848 50 3.4 0 50 3.4 0 50 3.284148 -0.8799848 50 3.284148 0.8799848 50 2.944486 1.7 50 2.944486 -1.7 50 2.404163 2.404163 50 2.404163 -2.404163 50 1.7 2.944486 50 1.7 -2.944486 50 0.8799848 3.284148 50 0.8799848 -3.284148 50 0 3.4 50 -8.881784e-16 -3.4 50 -0.8799848 3.284148 50 -0.8799848 -3.284148 50 -1.7 2.944486 50 -1.7 -2.944486 50 -2.404163 2.404163 50 -2.404163 -2.404163 50 -2.944486 1.7 50 -2.944486 -1.7 50 -3.284148 0.8799848 50 -3.284148 -0.8799848 50 -3.4 0</float_array>
                    <technique_common>
                        <accessor count="552" source="#ID29" stride="3">
                            <param name="X" type="float" />
                            <param name="Y" type="float" />
                            <param name="Z" type="float" />
                        </accessor>
                    </technique_common>
                </source>
                <source id="ID27">
                    <float_array id="ID30" count="1656">-1 0 0 -1 0 0 -1 0 0 -1 0 0 -1 0 0 -1 0 0 -1 0 0 -1 0 0 -1 0 0 -1 0 0 -1 0 0 -1 0 0 -1 0 0 -1 0 0 -1 0 0 -1 0 0 -1 0 0 -1 0 0 -1 0 0 -1 0 0 -1 0 0 -1 0 0 -1 0 0 -1 0 0 -1 0 0 -1 0 0 -1 0 0 -1 0 0 -1 0 0 -1 0 0 -1 0 0 -1 0 0 -1 0 0 -1 0 0 -1 0 0 -1 0 0 -1 0 0 -1 0 0 -1 0 0 -1 0 0 -1 0 0 -1 0 0 -1 0 0 -1 0 0 -1 0 0 -1 0 0 -1 0 0 -1 0 0 1 -0 -0 1 -0 -0 1 -0 -0 1 -0 -0 1 -0 -0 1 -0 -0 1 -0 -0 1 -0 -0 1 -0 -0 1 -0 -0 1 -0 -0 1 -0 -0 1 -0 -0 1 -0 -0 1 -0 -0 1 -0 -0 1 -0 -0 1 -0 -0 1 -0 -0 1 -0 -0 1 -0 -0 1 -0 -0 1 -0 -0 1 -0 -0 1 -0 -0 1 -0 -0 1 -0 -0 1 -0 -0 1 -0 -0 1 -0 -0 1 -0 -0 1 -0 -0 1 -0 -0 1 -0 -0 1 -0 -0 1 -0 -0 1 -0 -0 1 -0 -0 1 -0 -0 1 -0 -0 1 -0 -0 1 -0 -0 1 -0 -0 1 -0 -0 1 -0 -0 1 -0 -0 1 -0 -0 1 -0 -0 0 0 0 0 0 0 0 0 0 0 0 0 0 0 0 0 0 0 0 0 0 0 0 0 0 0 0 0 0 0 0 0 0 0 0 0 0 0 0 0 0 0 0 0 0 0 0 0 0 0 0 0 0 0 0 0 0 0 0 0 0 0 0 0 0 0 0 0 0 0 0 0 0 0 0 0 0 0 0 0 0 0 0 0 0 0 0 0 0 0 0 0 0 0 0 0 0 0 0 0 0 0 0 0 0 0 0 0 0 0 0 0 0 0 0 0 0 0 0 0 0 0 0 0 0 0 0 0 0 0 0 0 0 0 0 0 0 0 0 0 0 0 0 0 -0.7071068 0.1830127 0.6830127 -0.7071068 0.3535534 0.6123724 -0.7071068 0.1830127 0.6830127 -0.7071068 0.3535534 0.6123724 0.7071068 -0.3535534 -0.6123724 0.7071068 -0.1830127 -0.6830127 0.7071068 -0.3535534 -0.6123724 0.7071068 -0.1830127 -0.6830127 0 0 0 0 0 0 -0.7071068 0.5 0.5 -0.7071068 0.5 0.5 0.7071068 -0.5 -0.5 0.7071068 -0.5 -0.5 0 0 0 -0.7071068 0.6123724 0.3535534 -0.7071068 0.6123724 0.3535534 0.7071068 -0.6123724 -0.3535534 0.7071068 -0.6123724 -0.3535534 0 0 0 -0.7071068 0.6830127 0.1830127 -0.7071068 0.6830127 0.1830127 0.7071068 -0.6830127 -0.1830127 0.7071068 -0.6830127 -0.1830127 0 0 0 -0.7071068 0.7071068 -6.703989e-17 -0.7071068 0.7071068 -7.542254e-17 0.7071068 -0.7071068 7.542254e-17 0.7071068 -0.7071068 6.703989e-17 0 0 0 -0.7071068 0.6830127 -0.1830127 -0.7071068 0.6830127 -0.1830127 0.7071068 -0.6830127 0.1830127 0.7071068 -0.6830127 0.1830127 0 0 0 -0.7071068 0.6123724 -0.3535534 -0.7071068 0.6123724 -0.3535534 0.7071068 -0.6123724 0.3535534 0.7071068 -0.6123724 0.3535534 0 0 0 -0.7071068 0.5 -0.5 -0.7071068 0.5 -0.5 0.7071068 -0.5 0.5 0.7071068 -0.5 0.5 0 0 0 -0.7071068 0.3535534 -0.6123724 -0.7071068 0.3535534 -0.6123724 0.7071068 -0.3535534 0.6123724 0.7071068 -0.3535534 0.6123724 0 0 0 -0.7071068 0.1830127 -0.6830127 -0.7071068 0.1830127 -0.6830127 0.7071068 -0.1830127 0.6830127 0.7071068 -0.1830127 0.6830127 0 0 0 -0.7071068 -3.771127e-16 -0.7071068 -0.7071068 -4.692792e-16 -0.7071068 0.7071068 3.771127e-16 0.7071068 0.7071068 4.692792e-16 0.7071068 0 0 0 -0.7071068 -0.1830127 -0.6830127 -0.7071068 -0.1830127 -0.6830127 0.7071068 0.1830127 0.6830127 0.7071068 0.1830127 0.6830127 0 0 0 -0.7071068 -0.3535534 -0.6123724 -0.7071068 -0.3535534 -0.6123724 0.7071068 0.3535534 0.6123724 0.7071068 0.3535534 0.6123724 0 0 0 -0.7071068 -0.5 -0.5 -0.7071068 -0.5 -0.5 0.7071068 0.5 0.5 0.7071068 0.5 0.5 0 0 0 -0.7071068 -0.6123724 -0.3535534 -0.7071068 -0.6123724 -0.3535534 0.7071068 0.6123724 0.3535534 0.7071068 0.6123724 0.3535534 0 0 0 -0.7071068 -0.6830127 -0.1830127 -0.7071068 -0.6830127 -0.1830127 0.7071068 0.6830127 0.1830127 0.7071068 0.6830127 0.1830127 0 0 0 -0.7071068 -0.7071068 3.100595e-16 -0.7071068 -0.7071068 2.545511e-16 0.7071068 0.7071068 -3.100595e-16 0.7071068 0.7071068 -2.545511e-16 0 0 0 -0.7071068 -0.6830127 0.1830127 -0.7071068 -0.6830127 0.1830127 0.7071068 0.6830127 -0.1830127 0.7071068 0.6830127 -0.1830127 0 0 0 -0.7071068 -0.6123724 0.3535534 -0.7071068 -0.6123724 0.3535534 0.7071068 0.6123724 -0.3535534 0.7071068 0.6123724 -0.3535534 0 0 0 -0.7071068 -0.5 0.5 -0.7071068 -0.5 0.5 0.7071068 0.5 -0.5 0.7071068 0.5 -0.5 0 0 0 -0.7071068 -0.3535534 0.6123724 -0.7071068 -0.3535534 0.6123724 0.7071068 0.3535534 -0.6123724 0.7071068 0.3535534 -0.6123724 0 0 0 -0.7071068 -0.1830127 0.6830127 -0.7071068 -0.1830127 0.6830127 0.7071068 0.1830127 -0.6830127 0.7071068 0.1830127 -0.6830127 0 0 0 -0.7071068 -2.828345e-17 0.7071068 -0.7071068 -3.351994e-17 0.7071068 0.7071068 3.351994e-17 -0.7071068 0.7071068 2.828345e-17 -0.7071068 0 0 0 -1.395347e-15 0.258819 0.9659258 -1.396421e-15 0.5 0.8660254 -1.395347e-15 0.258819 0.9659258 -1.396421e-15 0.5 0.8660254 1.396421e-15 -0.5 -0.8660254 1.395347e-15 -0.258819 -0.9659258 1.396421e-15 -0.5 -0.8660254 1.395347e-15 -0.258819 -0.9659258 0 0 0 0 0 0 -1.397406e-15 0.7071068 0.7071068 -1.397406e-15 0.7071068 0.7071068 1.397406e-15 -0.7071068 -0.7071068 1.397406e-15 -0.7071068 -0.7071068 0 0 0 -1.396726e-15 0.8660254 0.5 -1.396726e-15 0.8660254 0.5 1.396726e-15 -0.8660254 -0.5 1.396726e-15 -0.8660254 -0.5 0 0 0 -1.395481e-15 0.9659258 0.258819 -1.395481e-15 0.9659258 0.258819 1.395481e-15 -0.9659258 -0.258819 1.395481e-15 -0.9659258 -0.258819 0 0 0 -1.395102e-15 1 -1.782222e-16 -1.395102e-15 1 -1.782222e-16 1.395102e-15 -1 1.782222e-16 1.395102e-15 -1 1.782222e-16 0 0 0 -1.39556e-15 0.9659258 -0.258819 -1.39556e-15 0.9659258 -0.258819 1.39556e-15 -0.9659258 0.258819 1.39556e-15 -0.9659258 0.258819 0 0 0 -1.396652e-15 0.8660254 -0.5 -1.396652e-15 0.8660254 -0.5 1.396652e-15 -0.8660254 0.5 1.396652e-15 -0.8660254 0.5 0 0 0 -1.397505e-15 0.7071068 -0.7071068 -1.397505e-15 0.7071068 -0.7071068 1.397505e-15 -0.7071068 0.7071068 1.397505e-15 -0.7071068 0.7071068 0 0 0 -1.396592e-15 0.5 -0.8660254 -1.396592e-15 0.5 -0.8660254 1.396592e-15 -0.5 0.8660254 1.396592e-15 -0.5 0.8660254 0 0 0 -1.395322e-15 0.258819 -0.9659258 -1.395322e-15 0.258819 -0.9659258 1.395322e-15 -0.258819 0.9659258 1.395322e-15 -0.258819 0.9659258 0 0 0 -1.39513e-15 -6.326888e-16 -1 -1.39513e-15 -6.326888e-16 -1 1.39513e-15 6.326888e-16 1 1.39513e-15 6.326888e-16 1 0 0 0 -1.395548e-15 -0.258819 -0.9659258 -1.395548e-15 -0.258819 -0.9659258 1.395548e-15 0.258819 0.9659258 1.395548e-15 0.258819 0.9659258 0 0 0 -1.396705e-15 -0.5 -0.8660254 -1.396705e-15 -0.5 -0.8660254 1.396705e-15 0.5 0.8660254 1.396705e-15 0.5 0.8660254 0 0 0 -1.397288e-15 -0.7071068 -0.7071068 -1.397288e-15 -0.7071068 -0.7071068 1.397288e-15 0.7071068 0.7071068 1.397288e-15 0.7071068 0.7071068 0 0 0 -1.396251e-15 -0.8660254 -0.5 -1.396251e-15 -0.8660254 -0.5 1.396251e-15 0.8660254 0.5 1.396251e-15 0.8660254 0.5 0 0 0 -1.395231e-15 -0.9659258 -0.258819 -1.395231e-15 -0.9659258 -0.258819 1.395231e-15 0.9659258 0.258819 1.395231e-15 0.9659258 0.258819 0 0 0 -1.395077e-15 -1 3.831777e-16 -1.395077e-15 -1 3.831777e-16 1.395077e-15 1 -3.831777e-16 1.395077e-15 1 -3.831777e-16 0 0 0 -1.395345e-15 -0.9659258 0.258819 -1.395345e-15 -0.9659258 0.258819 1.395345e-15 0.9659258 -0.258819 1.395345e-15 0.9659258 -0.258819 0 0 0 -1.396664e-15 -0.8660254 0.5 -1.396664e-15 -0.8660254 0.5 1.396664e-15 0.8660254 -0.5 1.396664e-15 0.8660254 -0.5 0 0 0 -1.397653e-15 -0.7071068 0.7071068 -1.397653e-15 -0.7071068 0.7071068 1.397653e-15 0.7071068 -0.7071068 1.397653e-15 0.7071068 -0.7071068 0 0 0 -1.396759e-15 -0.5 0.8660254 -1.396759e-15 -0.5 0.8660254 1.396759e-15 0.5 -0.8660254 1.396759e-15 0.5 -0.8660254 0 0 0 -1.395461e-15 -0.258819 0.9659258 -1.395461e-15 -0.258819 0.9659258 1.395461e-15 0.258819 -0.9659258 1.395461e-15 0.258819 -0.9659258 0 0 0 -1.395068e-15 -7.128888e-17 1 -1.395068e-15 -7.128888e-17 1 1.395068e-15 7.128888e-17 -1 1.395068e-15 7.128888e-17 -1 0 0 0 0.7071068 0.3535534 0.6123724 0.7071068 0.1830127 0.6830127 0.7071068 0.1830127 0.6830127 0.7071068 0.3535534 0.6123724 -0.7071068 -0.3535534 -0.6123724 -0.7071068 -0.3535534 -0.6123724 -0.7071068 -0.1830127 -0.6830127 -0.7071068 -0.1830127 -0.6830127 0 0 0 0 0 0 0.7071068 0.5 0.5 0.7071068 0.5 0.5 -0.7071068 -0.5 -0.5 -0.7071068 -0.5 -0.5 0 0 0 0.7071068 0.6123724 0.3535534 0.7071068 0.6123724 0.3535534 -0.7071068 -0.6123724 -0.3535534 -0.7071068 -0.6123724 -0.3535534 0 0 0 0.7071068 0.6830127 0.1830127 0.7071068 0.6830127 0.1830127 -0.7071068 -0.6830127 -0.1830127 -0.7071068 -0.6830127 -0.1830127 0 0 0 0.7071068 0.7071068 -5.027991e-17 0.7071068 0.7071068 -7.542254e-17 -0.7071068 -0.7071068 7.542254e-17 -0.7071068 -0.7071068 5.027991e-17 0 0 0 0.7071068 0.6830127 -0.1830127 0.7071068 0.6830127 -0.1830127 -0.7071068 -0.6830127 0.1830127 -0.7071068 -0.6830127 0.1830127 0 0 0 0.7071068 0.6123724 -0.3535534 0.7071068 0.6123724 -0.3535534 -0.7071068 -0.6123724 0.3535534 -0.7071068 -0.6123724 0.3535534 0 0 0 0.7071068 0.5 -0.5 0.7071068 0.5 -0.5 -0.7071068 -0.5 0.5 -0.7071068 -0.5 0.5 0 0 0 0.7071068 0.3535534 -0.6123724 0.7071068 0.3535534 -0.6123724 -0.7071068 -0.3535534 0.6123724 -0.7071068 -0.3535534 0.6123724 0 0 0 0.7071068 0.1830127 -0.6830127 0.7071068 0.1830127 -0.6830127 -0.7071068 -0.1830127 0.6830127 -0.7071068 -0.1830127 0.6830127 0 0 0 0.7071068 -4.776592e-16 -0.7071068 0.7071068 -4.14824e-16 -0.7071068 -0.7071068 4.776592e-16 0.7071068 -0.7071068 4.14824e-16 0.7071068 0 0 0 0.7071068 -0.1830127 -0.6830127 0.7071068 -0.1830127 -0.6830127 -0.7071068 0.1830127 0.6830127 -0.7071068 0.1830127 0.6830127 0 0 0 0.7071068 -0.3535534 -0.6123724 0.7071068 -0.3535534 -0.6123724 -0.7071068 0.3535534 0.6123724 -0.7071068 0.3535534 0.6123724 0 0 0 0.7071068 -0.5 -0.5 0.7071068 -0.5 -0.5 -0.7071068 0.5 0.5 -0.7071068 0.5 0.5 0 0 0 0.7071068 -0.6123724 -0.3535534 0.7071068 -0.6123724 -0.3535534 -0.7071068 0.6123724 0.3535534 -0.7071068 0.6123724 0.3535534 0 0 0 0.7071068 -0.6830127 -0.1830127 0.7071068 -0.6830127 -0.1830127 -0.7071068 0.6830127 0.1830127 -0.7071068 0.6830127 0.1830127 0 0 0 0.7071068 -0.7071068 2.765395e-16 0.7071068 -0.7071068 2.356954e-16 -0.7071068 0.7071068 -2.765395e-16 -0.7071068 0.7071068 -2.356954e-16 0 0 0 0.7071068 -0.6830127 0.1830127 0.7071068 -0.6830127 0.1830127 -0.7071068 0.6830127 -0.1830127 -0.7071068 0.6830127 -0.1830127 0 0 0 0.7071068 -0.6123724 0.3535534 0.7071068 -0.6123724 0.3535534 -0.7071068 0.6123724 -0.3535534 -0.7071068 0.6123724 -0.3535534 0 0 0 0.7071068 -0.5 0.5 0.7071068 -0.5 0.5 -0.7071068 0.5 -0.5 -0.7071068 0.5 -0.5 0 0 0 0.7071068 -0.3535534 0.6123724 0.7071068 -0.3535534 0.6123724 -0.7071068 0.3535534 -0.6123724 -0.7071068 0.3535534 -0.6123724 0 0 0 0.7071068 -0.1830127 0.6830127 0.7071068 -0.1830127 0.6830127 -0.7071068 0.1830127 -0.6830127 -0.7071068 0.1830127 -0.6830127 0 0 0 0.7071068 -2.828345e-17 0.7071068 0.7071068 -4.189993e-17 0.7071068 -0.7071068 4.189993e-17 -0.7071068 -0.7071068 2.828345e-17 -0.7071068 0 0 0 1 0 0 1 0 0 1 0 0 1 0 0 1 0 0 1 0 0 1 0 0 1 0 0 1 0 0 1 0 0 1 0 0 1 0 0 1 0 0 1 0 0 1 0 0 1 0 0 1 0 0 1 0 0 1 0 0 1 0 0 1 0 0 1 0 0 1 0 0 1 0 0 -1 -0 -0 -1 -0 -0 -1 -0 -0 -1 -0 -0 -1 -0 -0 -1 -0 -0 -1 -0 -0 -1 -0 -0 -1 -0 -0 -1 -0 -0 -1 -0 -0 -1 -0 -0 -1 -0 -0 -1 -0 -0 -1 -0 -0 -1 -0 -0 -1 -0 -0 -1 -0 -0 -1 -0 -0 -1 -0 -0 -1 -0 -0 -1 -0 -0 -1 -0 -0 -1 -0 -0</float_array>
                    <technique_common>
                        <accessor count="552" source="#ID30" stride="3">
                            <param name="X" type="float" />
                            <param name="Y" type="float" />
                            <param name="Z" type="float" />
                        </accessor>
                    </technique_common>
                </source>
                <vertices id="ID28">
                    <input semantic="POSITION" source="#ID26" />
                    <input semantic="NORMAL" source="#ID27" />
                </vertices>
                <triangles count="214" material="Material2">
                    <input offset="0" semantic="VERTEX" source="#ID28" />
                    <p>0 1 2 1 0 3 1 3 4 4 3 5 4 5 6 6 5 7 6 7 8 8 7 9 8 9 10 10 9 11 10 11 12 12 11 13 12 13 14 14 13 15 15 13 16 15 16 17 17 16 18 17 18 19 19 18 20 19 20 21 21 20 22 21 22 23 0 24 25 24 0 2 24 2 26 24 26 27 27 26 28 27 28 29 29 28 30 29 30 31 31 30 32 31 32 33 33 32 34 33 34 35 35 34 36 35 36 37 35 37 38 38 37 39 38 39 40 40 39 41 40 41 42 42 41 43 42 43 44 44 43 45 44 45 46 46 45 23 46 23 22 46 22 47 144 145 146 145 144 147 147 154 145 154 147 155 155 159 154 159 155 160 160 164 159 164 160 165 165 169 164 169 165 170 169 174 175 174 169 170 175 179 180 179 175 174 180 184 185 184 180 179 185 189 190 189 185 184 190 194 195 194 190 189 195 199 200 199 195 194 204 199 205 199 204 200 209 205 210 205 209 204 214 210 215 210 214 209 219 215 220 215 219 214 224 220 225 220 224 219 229 225 230 225 229 224 234 229 230 229 234 235 239 235 234 235 239 240 244 240 239 240 244 245 249 245 244 245 249 250 254 250 249 250 254 255 259 255 254 255 259 260 144 260 259 260 144 146 264 265 266 265 264 267 267 274 265 274 267 275 274 279 280 279 274 275 280 284 285 284 280 279 285 289 290 289 285 284 294 289 295 289 294 290 299 295 300 295 299 294 304 300 305 300 304 299 305 309 304 309 305 310 310 314 309 314 310 315 315 319 314 319 315 320 320 324 319 324 320 325 325 329 324 329 325 330 330 334 329 334 330 335 339 334 335 334 339 340 344 340 339 340 344 345 349 345 344 345 349 350 354 350 349 350 354 355 354 359 355 359 354 360 360 364 359 364 360 365 365 369 364 369 365 370 370 374 369 374 370 375 375 379 374 379 375 380 380 266 379 266 380 264 384 385 386 385 384 387 394 387 384 387 394 395 399 395 394 395 399 400 404 400 399 400 404 405 409 405 404 405 409 410 414 409 415 409 414 410 419 415 420 415 419 414 424 420 425 420 424 419 429 425 430 425 429 424 434 430 435 430 434 429 434 439 440 439 434 435 440 444 445 444 440 439 445 449 450 449 445 444 450 454 455 454 450 449 455 459 460 459 455 454 460 464 465 464 460 459 465 469 470 469 465 464 469 474 470 474 469 475 475 479 474 479 475 480 480 484 479 484 480 485 485 489 484 489 485 490 490 494 489 494 490 495 495 499 494 499 495 500 386 499 500 499 386 385 504 505 506 505 504 507 505 507 508 508 507 509 508 509 510 510 509 511 510 511 512 512 511 513 512 513 514 514 513 515 514 515 516 516 515 517 516 517 518 518 517 519 518 519 520 520 519 521 520 521 522 522 521 523 522 523 524 524 523 525 524 525 526 526 525 527</p>
                </triangles>
                <triangles count="214" material="Material3">
                    <input offset="0" semantic="VERTEX" source="#ID28" />
                    <p>48 49 50 49 51 50 51 52 50 50 52 53 52 54 53 53 54 55 54 56 55 55 56 57 56 58 57 57 58 59 58 60 59 59 60 61 60 62 61 62 63 61 61 63 64 63 65 64 64 65 66 65 67 66 66 67 68 67 69 68 68 69 70 69 71 70 70 71 72 71 73 72 73 74 72 75 72 74 51 49 76 49 77 76 76 77 78 77 79 78 78 79 80 79 81 80 80 81 82 81 83 82 82 83 84 84 83 85 83 86 85 85 86 87 86 88 87 87 88 89 88 90 89 89 90 91 90 92 91 91 92 93 92 94 93 93 94 95 94 74 95 73 95 74 148 149 150 151 150 149 156 148 157 150 157 148 161 156 162 157 162 156 166 161 167 162 167 161 171 166 172 167 172 166 171 172 176 177 176 172 176 177 181 182 181 177 181 182 186 187 186 182 186 187 191 192 191 187 191 192 196 197 196 192 196 197 201 202 201 197 202 206 201 207 201 206 206 211 207 212 207 211 211 216 212 217 212 216 216 221 217 222 217 221 221 226 222 227 222 226 226 231 227 232 227 231 236 237 231 232 231 237 241 242 236 237 236 242 246 247 241 242 241 247 251 252 246 247 246 252 256 257 251 252 251 257 261 262 256 257 256 262 151 149 261 262 261 149 268 269 270 271 270 269 276 268 277 270 277 268 276 277 281 282 281 277 281 282 286 287 286 282 286 287 291 292 291 287 292 296 291 297 291 296 296 301 297 302 297 301 301 306 302 307 302 306 311 307 312 306 312 307 316 311 317 312 317 311 321 316 322 317 322 316 326 321 327 322 327 321 331 326 332 327 332 326 336 331 337 332 337 331 341 342 337 336 337 342 346 347 341 342 341 347 351 352 346 347 346 352 356 357 351 352 351 357 361 357 362 356 362 357 366 361 367 362 367 361 371 366 372 367 372 366 376 371 377 372 377 371 381 376 382 377 382 376 269 381 271 382 271 381 388 389 390 391 390 389 396 397 388 389 388 397 401 402 396 397 396 402 406 407 401 402 401 407 411 412 406 407 406 412 411 416 412 417 412 416 416 421 417 422 417 421 421 426 422 427 422 426 426 431 427 432 427 431 431 436 432 437 432 436 437 436 441 442 441 436 441 442 446 447 446 442 446 447 451 452 451 447 451 452 456 457 456 452 456 457 461 462 461 457 461 462 466 467 466 462 466 467 471 472 471 467 476 471 477 472 477 471 481 476 482 477 482 476 486 481 487 482 487 481 491 486 492 487 492 486 496 491 497 492 497 491 501 496 502 497 502 496 390 391 502 501 502 391 528 529 530 530 529 531 529 532 531 531 532 533 532 534 533 533 534 535 534 536 535 535 536 537 536 538 537 537 538 539 538 540 539 539 540 541 540 542 541 541 542 543 542 544 543 543 544 545 544 546 545 545 546 547 546 548 547 547 548 549 548 550 549 551 549 550</p>
                </triangles>
                <lines count="192" material="Material4">
                    <input offset="0" semantic="VERTEX" source="#ID28" />
                    <p />
                </lines>
            </mesh>
        </geometry>
        <geometry id="ID32">
            <mesh>
                <source id="ID33">
                    <float_array id="ID38" count="2814">27.98324 0.2956361 -6.1513 27.39456 0.09857905 -6.157611 27.39456 0.2956361 -6.1513 27.98324 0.09857905 -6.157611 27.98324 0.09857905 -6.157611 27.98324 0.2956361 -6.1513 27.39456 0.09857905 -6.157611 27.39456 0.2956361 -6.1513 27.39456 0.2956361 -6.1513 27.98324 0.2956361 -6.1513 27.98324 0.09857905 -6.157611 27.39456 0.09857905 -6.157611 27.09748 3.92407 -4.056422 27.09748 1.55093 -5.426556 27 2.7375 -4.741489 27.39456 0.2956361 -6.1513 27.39456 5.179364 -3.331678 27.98324 0.2956361 -6.1513 27.98324 5.179364 -3.331678 28.28032 3.92407 -4.056422 28.28032 1.55093 -5.426556 28.3778 2.7375 -4.741489 28.3778 2.7375 -4.741489 28.28032 3.92407 -4.056422 28.28032 1.55093 -5.426556 27.98324 0.2956361 -6.1513 27.98324 5.179364 -3.331678 27.39456 5.179364 -3.331678 27.39456 0.2956361 -6.1513 27.09748 3.92407 -4.056422 27.09748 1.55093 -5.426556 27 2.7375 -4.741489 28.3778 2.7375 -4.741489 28.28032 1.55093 -5.426556 27.09748 1.55093 -5.426556 27 2.7375 -4.741489 27.09748 3.92407 -4.056422 27.39456 5.179364 -3.331678 27.98324 5.179364 -3.331678 28.28032 3.92407 -4.056422 27.98324 0.2956361 -6.1513 28.3778 -0.5722933 -5.445007 27.98324 0.09857905 -6.157611 27.98324 0.09857905 -6.157611 28.3778 -0.5722933 -5.445007 27.98324 0.2956361 -6.1513 28.3778 -0.5722933 -5.445007 27.39456 -0.09857905 -6.157611 27.98324 -0.09857905 -6.157611 27.98324 -0.09857905 -6.157611 27.39456 -0.09857905 -6.157611 27.98324 -0.09857905 -6.157611 27.39456 -0.09857905 -6.157611 27 0.5722933 -5.445007 27.39456 0.2956361 -6.1513 27.39456 0.09857905 -6.157611 27.39456 0.09857905 -6.157611 27.39456 0.2956361 -6.1513 27 0.5722933 -5.445007 27 0.5722933 -5.445007 28.3778 2.7375 -4.741489 28.3778 1.691868 -5.207034 28.28032 1.55093 -5.426556 28.28032 1.55093 -5.426556 28.3778 1.691868 -5.207034 28.3778 2.7375 -4.741489 28.3778 1.691868 -5.207034 28.3778 0.5722933 -5.445007 28.3778 0.5722933 -5.445007 28.3778 0.5722933 -5.445007 27 1.691868 -5.207034 27.09748 1.55093 -5.426556 27.09748 1.55093 -5.426556 27 1.691868 -5.207034 27 1.691868 -5.207034 27 2.7375 -4.741489 27 2.7375 -4.741489 27.09748 3.92407 -4.056422 27 2.7375 -4.741489 27 3.66349 -4.068718 27 3.66349 -4.068718 27 2.7375 -4.741489 27.09748 3.92407 -4.056422 27 3.66349 -4.068718 27.39456 5.179364 -3.331678 27.09748 3.92407 -4.056422 27 5.001661 -2.226883 27 5.001661 -2.226883 27.09748 3.92407 -4.056422 27.39456 5.179364 -3.331678 27 5.001661 -2.226883 27.39456 5.283358 -3.164177 27.98324 5.179364 -3.331678 27.39456 5.179364 -3.331678 27.98324 5.283358 -3.164177 27.98324 5.283358 -3.164177 27.39456 5.283358 -3.164177 27.98324 5.179364 -3.331678 27.39456 5.179364 -3.331678 27.98324 5.283358 -3.164177 27.39456 5.283358 -3.164177 27.98324 5.179364 -3.331678 28.3778 4.429368 -3.218124 28.28032 3.92407 -4.056422 28.28032 3.92407 -4.056422 28.3778 4.429368 -3.218124 27.98324 5.179364 -3.331678 28.3778 4.429368 -3.218124 28.3778 3.66349 -4.068718 28.3778 2.7375 -4.741489 28.3778 2.7375 -4.741489 28.3778 3.66349 -4.068718 28.3778 3.66349 -4.068718 27.98324 -0.09857905 -6.157611 27.98324 -0.09857905 -6.157611 27.98324 -0.2956361 -6.1513 27.39456 -0.2956361 -6.1513 27.98324 -0.2956361 -6.1513 27.39456 -0.2956361 -6.1513 27.98324 -0.2956361 -6.1513 27.39456 -0.2956361 -6.1513 27.39456 -0.09857905 -6.157611 27.39456 -0.09857905 -6.157611 28.3778 -3.66349 -4.068718 28.3778 -4 0 28.3778 -4.429368 -3.218124 28.3778 -3.874333 -0.9947595 28.3778 -3.505227 -1.927015 28.3778 -2.7375 -4.741489 28.3778 -2.915875 -2.738188 28.3778 -2.143307 -3.377312 28.3778 -1.691868 -5.207034 28.3778 -1.236068 -3.804226 28.3778 -0.5722933 -5.445007 28.3778 -0.2511621 -3.992107 28.3778 0.5722933 -5.445007 28.3778 0.7495253 -3.929149 28.3778 1.691868 -5.207034 28.3778 1.703117 -3.619308 28.3778 2.7375 -4.741489 28.3778 2.549696 -3.082053 28.3778 3.236068 -2.351141 28.3778 3.66349 -4.068718 28.3778 3.719106 -1.472498 28.3778 4.429368 -3.218124 28.3778 3.968459 -0.5013329 28.3778 3.968459 0.5013329 28.3778 -5.355358 -1.138317 28.3778 -5.355358 1.138317 28.3778 -5.475 0 28.3778 -5.001661 2.226883 28.3778 -5.001661 -2.226883 28.3778 -4.429368 3.218124 28.3778 -3.66349 4.068718 28.3778 -3.874333 0.9947595 28.3778 -3.505227 1.927015 28.3778 -2.7375 4.741489 28.3778 -2.915875 2.738188 28.3778 -2.143307 3.377312 28.3778 -1.691868 5.207034 28.3778 -1.236068 3.804226 28.3778 -0.5722933 5.445007 28.3778 -0.2511621 3.992107 28.3778 0.5722933 5.445007 28.3778 0.7495253 3.929149 28.3778 1.691868 5.207034 28.3778 1.703117 3.619308 28.3778 2.7375 4.741489 28.3778 2.549696 3.082053 28.3778 3.236068 2.351141 28.3778 3.66349 4.068718 28.3778 3.719106 1.472498 28.3778 4.429368 3.218124 28.3778 5.001661 -2.226883 28.3778 5.001661 2.226883 28.3778 5.355358 -1.138317 28.3778 5.355358 1.138317 28.3778 5.475 -6.661338e-16 28.3778 5.475 -6.661338e-16 28.3778 5.355358 -1.138317 28.3778 5.355358 1.138317 28.3778 5.001661 2.226883 28.3778 5.001661 -2.226883 28.3778 4.429368 3.218124 28.3778 4.429368 -3.218124 28.3778 3.968459 0.5013329 28.3778 3.719106 1.472498 28.3778 3.66349 4.068718 28.3778 3.236068 2.351141 28.3778 2.7375 4.741489 28.3778 2.549696 3.082053 28.3778 1.703117 3.619308 28.3778 1.691868 5.207034 28.3778 0.7495253 3.929149 28.3778 0.5722933 5.445007 28.3778 -0.2511621 3.992107 28.3778 -0.5722933 5.445007 28.3778 -1.236068 3.804226 28.3778 -1.691868 5.207034 28.3778 -2.143307 3.377312 28.3778 -2.7375 4.741489 28.3778 -2.915875 2.738188 28.3778 -3.505227 1.927015 28.3778 -3.66349 4.068718 28.3778 -3.874333 0.9947595 28.3778 -4 0 28.3778 -4.429368 -3.218124 28.3778 -4.429368 3.218124 28.3778 -5.001661 2.226883 28.3778 -5.001661 -2.226883 28.3778 -5.355358 -1.138317 28.3778 -5.355358 1.138317 28.3778 -5.475 0 28.3778 3.968459 -0.5013329 28.3778 3.719106 -1.472498 28.3778 3.66349 -4.068718 28.3778 3.236068 -2.351141 28.3778 2.7375 -4.741489 28.3778 2.549696 -3.082053 28.3778 1.703117 -3.619308 28.3778 1.691868 -5.207034 28.3778 0.7495253 -3.929149 28.3778 0.5722933 -5.445007 28.3778 -0.2511621 -3.992107 28.3778 -0.5722933 -5.445007 28.3778 -1.236068 -3.804226 28.3778 -1.691868 -5.207034 28.3778 -2.143307 -3.377312 28.3778 -2.7375 -4.741489 28.3778 -2.915875 -2.738188 28.3778 -3.505227 -1.927015 28.3778 -3.66349 -4.068718 28.3778 -3.874333 -0.9947595 28.3778 -3.66349 -4.068718 28.3778 -4.429368 -3.218124 28.3778 -2.7375 -4.741489 28.3778 -1.691868 -5.207034 28.3778 5.001661 -2.226883 28.3778 5.355358 -1.138317 28.3778 5.475 -6.661338e-16 28.3778 5.355358 1.138317 28.3778 5.001661 2.226883 28.3778 4.429368 3.218124 28.3778 3.66349 4.068718 28.3778 2.7375 4.741489 28.3778 1.691868 5.207034 28.3778 0.5722933 5.445007 28.3778 -0.5722933 5.445007 28.3778 -1.691868 5.207034 28.3778 -2.7375 4.741489 28.3778 -3.66349 4.068718 28.3778 -4.429368 3.218124 28.3778 -5.001661 2.226883 28.3778 -5.355358 1.138317 28.3778 -5.475 0 28.3778 -5.355358 -1.138317 28.3778 -5.001661 -2.226883 28.3778 -2.915875 -2.738188 28.3778 -2.143307 -3.377312 28.3778 -3.505227 -1.927015 28.3778 -3.874333 -0.9947595 28.3778 -4 0 28.3778 -3.874333 0.9947595 28.3778 -3.505227 1.927015 28.3778 -2.915875 2.738188 28.3778 -2.143307 3.377312 28.3778 -1.236068 3.804226 28.3778 -0.2511621 3.992107 28.3778 0.7495253 3.929149 28.3778 1.703117 3.619308 28.3778 2.549696 3.082053 28.3778 3.236068 2.351141 28.3778 3.719106 1.472498 28.3778 3.968459 0.5013329 28.3778 3.968459 -0.5013329 28.3778 3.719106 -1.472498 28.3778 3.236068 -2.351141 28.3778 2.549696 -3.082053 28.3778 1.703117 -3.619308 28.3778 0.7495253 -3.929149 28.3778 -0.2511621 -3.992107 28.3778 -1.236068 -3.804226 27 -3.66349 4.068718 27 -4 0 27 -4.429368 3.218124 27 -3.874333 0.9947595 27 -3.505227 1.927015 27 -2.7375 4.741489 27 -2.915875 2.738188 27 -2.143307 3.377312 27 -1.691868 5.207034 27 -1.236068 3.804226 27 -0.5722933 5.445007 27 -0.2511621 3.992107 27 0.5722933 5.445007 27 0.7495253 3.929149 27 1.691868 5.207034 27 1.703117 3.619308 27 2.7375 4.741489 27 2.549696 3.082053 27 3.236068 2.351141 27 3.66349 4.068718 27 3.719106 1.472498 27 4.429368 3.218124 27 3.968459 0.5013329 27 3.968459 -0.5013329 27 -5.355358 1.138317 27 -5.355358 -1.138317 27 -5.475 0 27 -5.001661 -2.226883 27 -5.001661 2.226883 27 -4.429368 -3.218124 27 -3.66349 -4.068718 27 -3.874333 -0.9947595 27 -3.505227 -1.927015 27 -2.7375 -4.741489 27 -2.915875 -2.738188 27 -2.143307 -3.377312 27 -1.691868 -5.207034 27 -1.236068 -3.804226 27 -0.5722933 -5.445007 27 -0.2511621 -3.992107 27 0.5722933 -5.445007 27 0.7495253 -3.929149 27 1.691868 -5.207034 27 1.703117 -3.619308 27 2.7375 -4.741489 27 2.549696 -3.082053 27 3.236068 -2.351141 27 3.66349 -4.068718 27 3.719106 -1.472498 27 4.429368 -3.218124 27 5.001661 2.226883 27 5.001661 -2.226883 27 5.355358 1.138317 27 5.355358 -1.138317 27 5.475 -6.661338e-16 27 5.475 -6.661338e-16 27 5.355358 1.138317 27 5.355358 -1.138317 27 5.001661 -2.226883 27 5.001661 2.226883 27 4.429368 -3.218124 27 4.429368 3.218124 27 3.968459 -0.5013329 27 3.719106 -1.472498 27 3.66349 -4.068718 27 3.236068 -2.351141 27 2.7375 -4.741489 27 2.549696 -3.082053 27 1.703117 -3.619308 27 1.691868 -5.207034 27 0.7495253 -3.929149 27 0.5722933 -5.445007 27 -0.2511621 -3.992107 27 -0.5722933 -5.445007 27 -1.236068 -3.804226 27 -1.691868 -5.207034 27 -2.143307 -3.377312 27 -2.7375 -4.741489 27 -2.915875 -2.738188 27 -3.505227 -1.927015 27 -3.66349 -4.068718 27 -3.874333 -0.9947595 27 -4 0 27 -4.429368 3.218124 27 -4.429368 -3.218124 27 -5.001661 -2.226883 27 -5.001661 2.226883 27 -5.355358 1.138317 27 -5.355358 -1.138317 27 -5.475 0 27 3.968459 0.5013329 27 3.719106 1.472498 27 3.66349 4.068718 27 3.236068 2.351141 27 2.7375 4.741489 27 2.549696 3.082053 27 1.703117 3.619308 27 1.691868 5.207034 27 0.7495253 3.929149 27 0.5722933 5.445007 27 -0.2511621 3.992107 27 -0.5722933 5.445007 27 -1.236068 3.804226 27 -1.691868 5.207034 27 -2.143307 3.377312 27 -2.7375 4.741489 27 -2.915875 2.738188 27 -3.505227 1.927015 27 -3.66349 4.068718 27 -3.874333 0.9947595 27 -5.001661 2.226883 27 -5.355358 1.138317 27 -4.429368 3.218124 27 -3.66349 4.068718 27 -2.7375 4.741489 27 -1.691868 5.207034 27 -0.5722933 5.445007 27 0.5722933 5.445007 27 1.691868 5.207034 27 2.7375 4.741489 27 3.66349 4.068718 27 4.429368 3.218124 27 5.001661 2.226883 27 5.355358 1.138317 27 5.475 -6.661338e-16 27 5.355358 -1.138317 27 4.429368 -3.218124 27 -0.5722933 -5.445007 27 -1.691868 -5.207034 27 -2.7375 -4.741489 27 -3.66349 -4.068718 27 -4.429368 -3.218124 27 -5.001661 -2.226883 27 -5.355358 -1.138317 27 -5.475 0 27 -3.505227 1.927015 27 -2.915875 2.738188 27 -3.874333 0.9947595 27 -4 0 27 -3.874333 -0.9947595 27 -3.505227 -1.927015 27 -2.915875 -2.738188 27 -2.143307 -3.377312 27 -1.236068 -3.804226 27 -0.2511621 -3.992107 27 0.7495253 -3.929149 27 1.703117 -3.619308 27 2.549696 -3.082053 27 3.236068 -2.351141 27 3.719106 -1.472498 27 3.968459 -0.5013329 27 3.968459 0.5013329 27 3.719106 1.472498 27 3.236068 2.351141 27 2.549696 3.082053 27 1.703117 3.619308 27 0.7495253 3.929149 27 -0.2511621 3.992107 27 -1.236068 3.804226 27 -2.143307 3.377312 27 4.429368 -3.218124 27 4.429368 -3.218124 27.39456 5.283358 -3.164177 27.39456 5.283358 -3.164177 27 5.001661 -2.226883 27.09748 3.92407 -4.056422 27 4.429368 -3.218124 27 4.429368 -3.218124 27.09748 3.92407 -4.056422 27 5.001661 -2.226883 27.39456 5.381937 -2.993434 27.98324 5.381937 -2.993434 27.98324 5.381937 -2.993434 27.39456 5.381937 -2.993434 27.98324 5.381937 -2.993434 27.39456 5.381937 -2.993434 27.98324 5.283358 -3.164177 27.98324 5.283358 -3.164177 27.98324 -0.2956361 -6.1513 27.98324 -0.2956361 -6.1513 27.09748 -1.55093 -5.426556 27.09748 -3.92407 -4.056422 27 -2.7375 -4.741489 27.39456 -0.2956361 -6.1513 27.39456 -5.179364 -3.331678 27.98324 -0.2956361 -6.1513 27.98324 -5.179364 -3.331678 28.28032 -1.55093 -5.426556 28.28032 -3.92407 -4.056422 28.3778 -2.7375 -4.741489 28.3778 -2.7375 -4.741489 28.28032 -1.55093 -5.426556 28.28032 -3.92407 -4.056422 27.98324 -5.179364 -3.331678 27.98324 -0.2956361 -6.1513 27.39456 -5.179364 -3.331678 27.39456 -0.2956361 -6.1513 27.09748 -3.92407 -4.056422 27.09748 -1.55093 -5.426556 27 -2.7375 -4.741489 27.09748 -3.92407 -4.056422 27.09748 -1.55093 -5.426556 28.28032 -1.55093 -5.426556 28.28032 -3.92407 -4.056422 27.98324 -5.179364 -3.331678 27.39456 -5.179364 -3.331678 27.39456 -0.2956361 -6.1513 27.39456 -0.2956361 -6.1513 28.3778 -3.66349 -4.068718 28.3778 -4.429368 -3.218124 28.28032 -3.92407 -4.056422 28.28032 -3.92407 -4.056422 28.3778 -4.429368 -3.218124 28.3778 -3.66349 -4.068718 28.3778 -2.7375 -4.741489 28.3778 -2.7375 -4.741489 28.28032 -1.55093 -5.426556 28.3778 -1.691868 -5.207034 28.3778 -2.7375 -4.741489 28.3778 -2.7375 -4.741489 28.3778 -1.691868 -5.207034 28.28032 -1.55093 -5.426556 27.98324 5.475 -2.819622 28.3778 5.001661 -2.226883 28.3778 5.001661 -2.226883 27.98324 5.475 -2.819622 27.98324 5.475 -2.819622 28.28032 5.475 -1.370133 28.3778 5.355358 -1.138317 28.3778 5.355358 -1.138317 28.28032 5.475 -1.370133 28.28032 5.475 -1.370133 28.3778 5.475 -6.661338e-16 28.3778 5.475 -6.661338e-16 28.28032 5.475 1.370133 28.3778 5.355358 1.138317 28.3778 5.475 -6.661338e-16 28.3778 5.475 -6.661338e-16 28.3778 5.355358 1.138317 28.28032 5.475 1.370133 28.28032 5.475 1.370133 27.98324 5.475 2.819622 28.3778 5.001661 2.226883 28.3778 5.001661 2.226883 27.98324 5.475 2.819622 27.98324 5.475 2.819622 28.28032 3.92407 4.056422 28.3778 4.429368 3.218124 28.3778 5.001661 2.226883 28.3778 5.001661 2.226883 28.3778 4.429368 3.218124 28.28032 3.92407 4.056422 28.28032 3.92407 4.056422 28.3778 4.429368 3.218124 28.28032 3.92407 4.056422 28.3778 3.66349 4.068718 28.3778 3.66349 4.068718 28.28032 3.92407 4.056422 28.3778 4.429368 3.218124 28.3778 2.7375 4.741489 28.3778 2.7375 4.741489 28.3778 2.7375 4.741489 28.28032 1.55093 5.426556 28.3778 1.691868 5.207034 28.3778 1.691868 5.207034 28.28032 1.55093 5.426556 28.3778 2.7375 4.741489 28.28032 1.55093 5.426556 27.98324 0.2956361 6.1513 28.3778 0.5722933 5.445007 28.3778 0.5722933 5.445007 27.98324 0.2956361 6.1513 27.98324 0.2956361 6.1513 28.3778 0.5722933 5.445007 28.28032 -1.55093 5.426556 28.3778 -0.5722933 5.445007 28.3778 -0.5722933 5.445007 28.28032 -1.55093 5.426556 28.3778 0.5722933 5.445007 28.28032 -1.55093 5.426556 28.3778 -0.5722933 5.445007 28.28032 -1.55093 5.426556 28.3778 -1.691868 5.207034 28.3778 -1.691868 5.207034 28.28032 -1.55093 5.426556 28.3778 -0.5722933 5.445007 28.3778 -2.7375 4.741489 28.3778 -2.7375 4.741489 28.3778 -2.7375 4.741489 28.28032 -3.92407 4.056422 28.3778 -3.66349 4.068718 28.3778 -3.66349 4.068718 28.28032 -3.92407 4.056422 28.3778 -2.7375 4.741489 28.28032 -3.92407 4.056422 27.98324 -5.179364 3.331678 28.3778 -4.429368 3.218124 28.3778 -4.429368 3.218124 27.98324 -5.179364 3.331678 27.98324 -5.179364 3.331678 27.98324 -5.475 2.819622 28.3778 -5.001661 2.226883 28.3778 -5.001661 2.226883 27.98324 -5.475 2.819622 27.98324 -5.475 2.819622 28.28032 -5.475 1.370133 28.3778 -5.355358 1.138317 28.3778 -5.355358 1.138317 28.28032 -5.475 1.370133 28.28032 -5.475 1.370133 28.3778 -5.475 0 28.3778 -5.475 0 28.3778 -5.355358 -1.138317 28.3778 -5.475 0 28.28032 -5.475 -1.370133 28.28032 -5.475 -1.370133 28.3778 -5.475 0 28.3778 -5.355358 -1.138317 28.28032 -5.475 -1.370133 28.3778 -5.001661 -2.226883 27.98324 -5.475 -2.819622 27.98324 -5.475 -2.819622 28.3778 -5.001661 -2.226883 27.98324 -5.475 -2.819622 27.98324 -5.179364 -3.331678 27.98324 -5.179364 -3.331678 27 -5.001661 2.226883 27 -5.355358 1.138317 27.39456 -5.475 2.819622 27.39456 -5.475 2.819622 27 -5.355358 1.138317 27 -5.001661 2.226883 27.39456 -5.475 2.819622 27.39456 -5.283358 3.164177 27.39456 -5.381937 2.993434 27 -4.429368 3.218124 27 -4.429368 3.218124 27.39456 -5.283358 3.164177 27.39456 -5.381937 2.993434 27.39456 -5.381937 2.993434 27.39456 -5.283358 3.164177 27 -3.66349 4.068718 27.09748 -3.92407 4.056422 27.09748 -3.92407 4.056422 27 -3.66349 4.068718 27.09748 -3.92407 4.056422 27 -2.7375 4.741489 27 -2.7375 4.741489 27.09748 -1.55093 5.426556 27 -1.691868 5.207034 27 -2.7375 4.741489 27 -2.7375 4.741489 27 -1.691868 5.207034 27.09748 -1.55093 5.426556 27.09748 -1.55093 5.426556 27.39456 -0.2956361 6.1513 27 -0.5722933 5.445007 27 -0.5722933 5.445007 27.39456 -0.2956361 6.1513 27.39456 -0.2956361 6.1513 27 0.5722933 5.445007 27 0.5722933 5.445007 27 1.691868 5.207034 27.09748 1.55093 5.426556 27.09748 1.55093 5.426556 27 1.691868 5.207034 27.09748 1.55093 5.426556 27 2.7375 4.741489 27 2.7375 4.741489 27.09748 3.92407 4.056422 27 3.66349 4.068718 27 2.7375 4.741489 27 2.7375 4.741489 27 3.66349 4.068718 27.09748 3.92407 4.056422 27.09748 3.92407 4.056422 27 4.429368 3.218124 27 4.429368 3.218124 27.39456 5.179364 3.331678 27 5.001661 2.226883 27 5.001661 2.226883 27.39456 5.179364 3.331678 27.39456 5.179364 3.331678 27.09748 5.475 1.370133 27 5.355358 1.138317 27 5.355358 1.138317 27.09748 5.475 1.370133 27.09748 5.475 1.370133 27 5.475 -6.661338e-16 27 5.475 -6.661338e-16 27.09748 5.475 -1.370133 27 5.355358 -1.138317 27 5.475 -6.661338e-16 27 5.475 -6.661338e-16 27 5.355358 -1.138317 27.09748 5.475 -1.370133 27.09748 5.475 -1.370133 27.39456 5.475 -2.819622 27.39456 5.475 -2.819622 27.39456 5.475 -2.819622 27.09748 -1.55093 -5.426556 27 -0.5722933 -5.445007 27 0.5722933 -5.445007 27 0.5722933 -5.445007 27 -0.5722933 -5.445007 27.09748 -1.55093 -5.426556 27 -0.5722933 -5.445007 27.09748 -1.55093 -5.426556 27 -1.691868 -5.207034 27 -1.691868 -5.207034 27.09748 -1.55093 -5.426556 27 -0.5722933 -5.445007 27 -2.7375 -4.741489 27 -2.7375 -4.741489 27 -2.7375 -4.741489 27.09748 -3.92407 -4.056422 27 -3.66349 -4.068718 27 -3.66349 -4.068718 27.09748 -3.92407 -4.056422 27 -2.7375 -4.741489 27.39456 -5.179364 -3.331678 27 -4.429368 -3.218124 27 -4.429368 -3.218124 27.39456 -5.179364 -3.331678 27.39456 -5.475 -2.819622 27 -5.001661 -2.226883 27 -5.001661 -2.226883 27.39456 -5.475 -2.819622 27.39456 -5.475 -2.819622 27.09748 -5.475 -1.370133 27 -5.355358 -1.138317 27 -5.355358 -1.138317 27.09748 -5.475 -1.370133 27.09748 -5.475 -1.370133 27 -5.475 0 27 -5.475 0 27 -5.475 0 27.09748 -5.475 1.370133 27.09748 -5.475 1.370133 27 -5.475 0 27.09748 -5.475 1.370133 27.39456 5.381937 -2.993434 27.39456 5.381937 -2.993434 27.39456 5.475 -2.819622 27.98324 5.475 -2.819622 27.98324 5.475 -2.819622 27.39456 5.475 -2.819622 27.98324 5.381937 -2.993434 27.98324 5.381937 -2.993434 27.09748 -1.55093 -5.426556 27.09748 -1.55093 -5.426556 27.98324 -5.283358 -3.164177 27.39456 -5.179364 -3.331678 27.98324 -5.179364 -3.331678 27.39456 -5.283358 -3.164177 27.39456 -5.283358 -3.164177 27.98324 -5.283358 -3.164177 27.39456 -5.179364 -3.331678 27.98324 -5.179364 -3.331678 27.98324 -5.283358 -3.164177 27.39456 -5.283358 -3.164177 27.09748 5.475 -1.370133 27.98324 5.475 -2.819622 27.39456 5.475 -2.819622 28.28032 5.475 -1.370133 27 5.475 -6.661338e-16 28.3778 5.475 -6.661338e-16 27.09748 5.475 1.370133 28.28032 5.475 1.370133 27.98324 5.475 2.819622 27.39456 5.475 2.819622 27.39456 5.475 2.819622 27.09748 5.475 1.370133 27.98324 5.475 2.819622 28.28032 5.475 1.370133 28.3778 5.475 -6.661338e-16 27 5.475 -6.661338e-16 28.28032 5.475 -1.370133 27.09748 5.475 -1.370133 27.98324 5.475 -2.819622 27.39456 5.475 -2.819622 27.39456 5.475 2.819622 27.98324 5.381937 2.993434 27.98324 5.381937 2.993434 27.98324 5.381937 2.993434 27.98324 5.179364 3.331678 28.28032 3.92407 4.056422 28.28032 3.92407 4.056422 27.98324 5.179364 3.331678 27.98324 5.179364 3.331678 27.09748 1.55093 5.426556 27.09748 3.92407 4.056422 27 2.7375 4.741489 27.39456 0.2956361 6.1513 27.39456 5.179364 3.331678 27.98324 0.2956361 6.1513 27.98324 5.179364 3.331678 28.28032 1.55093 5.426556 28.28032 3.92407 4.056422 28.3778 2.7375 4.741489 28.3778 2.7375 4.741489 28.28032 1.55093 5.426556 28.28032 3.92407 4.056422 27.98324 5.179364 3.331678 27.98324 0.2956361 6.1513 27.39456 5.179364 3.331678 27.39456 0.2956361 6.1513 27.09748 3.92407 4.056422 27.09748 1.55093 5.426556 27 2.7375 4.741489 27.39456 0.2956361 6.1513 27.98324 0.09857905 6.157611 27.98324 0.09857905 6.157611 27.98324 0.09857905 6.157611 27.98324 -0.2956361 6.1513 28.28032 -1.55093 5.426556 28.28032 -1.55093 5.426556 27.98324 -0.2956361 6.1513 27.98324 -0.2956361 6.1513 27.09748 -3.92407 4.056422 27.09748 -1.55093 5.426556 27 -2.7375 4.741489 27.39456 -5.179364 3.331678 27.39456 -0.2956361 6.1513 27.98324 -0.2956361 6.1513 27.98324 -5.179364 3.331678 28.28032 -3.92407 4.056422 28.28032 -1.55093 5.426556 28.3778 -2.7375 4.741489 28.3778 -2.7375 4.741489 28.28032 -3.92407 4.056422 28.28032 -1.55093 5.426556 27.98324 -0.2956361 6.1513 27.98324 -5.179364 3.331678 27.39456 -5.179364 3.331678 27.39456 -0.2956361 6.1513 27.09748 -1.55093 5.426556 27.09748 -3.92407 4.056422 27 -2.7375 4.741489 27.39456 -5.179364 3.331678 27.98324 -5.283358 3.164177 27.98324 -5.283358 3.164177 27.98324 -5.283358 3.164177 27.98324 -5.381937 2.993434 27.98324 -5.381937 2.993434 27.98324 -5.381937 2.993434 27.98324 -5.475 -2.819622 27.09748 -5.475 -1.370133 27.39456 -5.475 -2.819622 28.28032 -5.475 -1.370133 28.3778 -5.475 0 27 -5.475 0 28.28032 -5.475 1.370133 27.09748 -5.475 1.370133 27.39456 -5.475 2.819622 27.98324 -5.475 2.819622 27.98324 -5.475 2.819622 28.28032 -5.475 1.370133 27.39456 -5.475 2.819622 27.09748 -5.475 1.370133 27 -5.475 0 28.3778 -5.475 0 27.09748 -5.475 -1.370133 28.28032 -5.475 -1.370133 27.98324 -5.475 -2.819622 27.39456 -5.475 -2.819622 27.98324 -5.381937 -2.993434 27.98324 -5.381937 -2.993434 27.98324 -5.381937 -2.993434 27.98324 -5.283358 -3.164177 27.98324 -5.283358 -3.164177 27.98324 -5.283358 3.164177 27.39456 -5.381937 2.993434 27.98324 -5.381937 2.993434 27.39456 -5.283358 3.164177 27.39456 -5.283358 3.164177 27.98324 -5.283358 3.164177 27.39456 -5.381937 2.993434 27.98324 -5.381937 2.993434 27.39456 -5.179364 3.331678 27.39456 -5.179364 3.331678 27.39456 -0.09857905 6.157611 27.39456 -0.09857905 6.157611 27.39456 -0.09857905 6.157611 27.39456 0.2956361 6.1513 27.39456 0.2956361 6.1513 27.39456 5.283358 3.164177 27.39456 5.283358 3.164177 27.39456 5.283358 3.164177 27.39456 5.475 2.819622 27.39456 5.475 2.819622 27.39456 -5.283358 -3.164177 27.39456 -5.283358 -3.164177 27.39456 -5.381937 -2.993434 27.39456 -5.381937 -2.993434 27.39456 -5.381937 -2.993434 27.98324 -5.381937 -2.993434 27.39456 -5.381937 -2.993434 27.39456 -5.381937 -2.993434 27.98324 -5.381937 -2.993434 27.39456 5.475 2.819622 27.98324 5.381937 2.993434 27.98324 5.475 2.819622 27.39456 5.381937 2.993434 27.39456 5.381937 2.993434 27.39456 5.475 2.819622 27.98324 5.381937 2.993434 27.98324 5.475 2.819622 27.39456 5.381937 2.993434 27.98324 5.283358 3.164177 27.98324 5.283358 3.164177 27.98324 5.283358 3.164177 27.39456 5.179364 3.331678 27.98324 5.283358 3.164177 27.39456 5.283358 3.164177 27.98324 5.179364 3.331678 27.98324 5.179364 3.331678 27.39456 5.179364 3.331678 27.98324 5.283358 3.164177 27.39456 5.283358 3.164177 27.98324 0.09857905 6.157611 27.39456 0.2956361 6.1513 27.39456 0.09857905 6.157611 27.98324 0.2956361 6.1513 27.98324 0.2956361 6.1513 27.98324 0.09857905 6.157611 27.39456 0.2956361 6.1513 27.39456 0.09857905 6.157611 27.39456 0.09857905 6.157611 27.98324 -0.09857905 6.157611 27.98324 -0.09857905 6.157611 27.98324 -0.09857905 6.157611 27.98324 -0.2956361 6.1513 27.39456 -0.09857905 6.157611 27.39456 -0.2956361 6.1513 27.98324 -0.09857905 6.157611 27.98324 -0.09857905 6.157611 27.98324 -0.2956361 6.1513 27.39456 -0.09857905 6.157611 27.39456 -0.2956361 6.1513 27.39456 -5.179364 3.331678 27.98324 -5.179364 3.331678 27.98324 -5.179364 3.331678 27.39456 -5.179364 3.331678 27.98324 -5.475 2.819622 27.39456 -5.475 2.819622 27.98324 -5.475 2.819622 27.39456 -5.475 2.819622 27.98324 -5.475 -2.819622 27.39456 -5.475 -2.819622 27.39456 -5.475 -2.819622 27.98324 -5.475 -2.819622 27.39456 0.09857905 6.157611 27.39456 0.09857905 6.157611 27.39456 5.381937 2.993434 27.39456 5.381937 2.993434</float_array>
                    <technique_common>
                        <accessor count="938" source="#ID38" stride="3">
                            <param name="X" type="float" />
                            <param name="Y" type="float" />
                            <param name="Z" type="float" />
                        </accessor>
                    </technique_common>
                </source>
                <source id="ID34">
                    <float_array id="ID39" count="2814">2.505393e-17 0.0320104 -0.9994875 1.252857e-17 0.01600725 -0.9998719 2.505393e-17 0.0320104 -0.9994875 1.252857e-17 0.01600725 -0.9998719 -1.252857e-17 -0.01600725 0.9998719 -2.505393e-17 -0.0320104 0.9994875 -1.252857e-17 -0.01600725 0.9998719 -2.505393e-17 -0.0320104 0.9994875 0 0 0 0 0 0 0 0 0 0 0 0 1.591449e-16 0.5 -0.8660254 1.591449e-16 0.5 -0.8660254 1.591449e-16 0.5 -0.8660254 1.591449e-16 0.5 -0.8660254 1.591449e-16 0.5 -0.8660254 1.591449e-16 0.5 -0.8660254 1.591449e-16 0.5 -0.8660254 1.591449e-16 0.5 -0.8660254 1.591449e-16 0.5 -0.8660254 1.591449e-16 0.5 -0.8660254 -1.591449e-16 -0.5 0.8660254 -1.591449e-16 -0.5 0.8660254 -1.591449e-16 -0.5 0.8660254 -1.591449e-16 -0.5 0.8660254 -1.591449e-16 -0.5 0.8660254 -1.591449e-16 -0.5 0.8660254 -1.591449e-16 -0.5 0.8660254 -1.591449e-16 -0.5 0.8660254 -1.591449e-16 -0.5 0.8660254 -1.591449e-16 -0.5 0.8660254 0 0 0 0 0 0 0 0 0 0 0 0 0 0 0 0 0 0 0 0 0 0 0 0 0.87083 0.02945153 -0.4907013 0.8594267 -0.06930546 -0.5065397 0.8790983 0.01086728 -0.4765167 -0.8790983 -0.01086728 0.4765167 -0.8594267 0.06930546 0.5065397 -0.87083 -0.02945153 0.4907013 0 0 0 7.537498e-16 -0.01600725 -0.9998719 7.537498e-16 -0.01600725 -0.9998719 -7.537498e-16 0.01600725 0.9998719 -7.537498e-16 0.01600725 0.9998719 0 0 0 0 0 0 -0.8653245 0.0596515 -0.4976498 -0.8671146 0.03829057 -0.4966349 -0.8733843 0.005145869 -0.4870046 0.8733843 -0.005145869 0.4870046 0.8671146 -0.03829057 0.4966349 0.8653245 -0.0596515 0.4976498 0 0 0 0.8266859 0.2288559 -0.5140188 0.8436281 0.1954465 -0.5000922 0.8709564 0.1190401 -0.4767225 -0.8709564 -0.1190401 0.4767225 -0.8436281 -0.1954465 0.5000922 -0.8266859 -0.2288559 0.5140188 0 0 0 0.8635594 0.05949012 -0.5007256 -0.8635594 -0.05949012 0.5007256 0 0 0 -0.8423424 0.1889518 -0.5047342 -0.8965863 0.0627339 -0.4384033 0.8965863 -0.0627339 0.4384033 0.8423424 -0.1889518 0.5047342 0 0 0 -0.8266859 0.2288559 -0.5140188 0.8266859 -0.2288559 0.5140188 -0.8747386 0.3433576 -0.341962 -0.8266859 0.3307254 -0.4552045 -0.8436281 0.3353693 -0.4193077 0.8436281 -0.3353693 0.4193077 0.8266859 -0.3307254 0.4552045 0.8747386 -0.3433576 0.341962 0 0 0 -0.8906663 0.374464 -0.257857 -0.8946255 0.3625249 -0.2611913 -0.8653245 0.4608031 -0.1971652 0.8653245 -0.4608031 0.1971652 0.8946255 -0.3625249 0.2611913 0.8906663 -0.374464 0.257857 0 0 0 -3.245592e-16 0.8579108 -0.5137986 -6.444299e-16 0.8495764 -0.5274656 -6.444299e-16 0.8495764 -0.5274656 -3.245592e-16 0.8579108 -0.5137986 3.245592e-16 -0.8579108 0.5137986 3.245592e-16 -0.8579108 0.5137986 6.444299e-16 -0.8495764 0.5274656 6.444299e-16 -0.8495764 0.5274656 0 0 0 0 0 0 0.8662641 0.4132157 -0.2807834 0.8637972 0.4033381 -0.3019483 0.8709564 0.3533338 -0.341453 -0.8709564 -0.3533338 0.341453 -0.8637972 -0.4033381 0.3019483 -0.8662641 -0.4132157 0.2807834 0 0 0 0.8436281 0.3353693 -0.4193077 0.8266859 0.3307254 -0.4552045 -0.8266859 -0.3307254 0.4552045 -0.8436281 -0.3353693 0.4193077 0 0 0 0.8733843 -0.005145869 -0.4870046 -0.8733843 0.005145869 0.4870046 1.507307e-15 -0.0320104 -0.9994875 1.507307e-15 -0.0320104 -0.9994875 -1.507307e-15 0.0320104 0.9994875 -1.507307e-15 0.0320104 0.9994875 0 0 0 0 0 0 -0.8790983 -0.01086728 -0.4765167 0.8790983 0.01086728 0.4765167 1 -4.067557e-31 5.667236e-31 1 -4.067557e-31 5.667236e-31 1 -4.067557e-31 5.667236e-31 1 -4.067557e-31 5.667236e-31 1 -4.067557e-31 5.667236e-31 1 -4.067557e-31 5.667236e-31 1 -4.067557e-31 5.667236e-31 1 -4.067557e-31 5.667236e-31 1 -4.067557e-31 5.667236e-31 1 -4.067557e-31 5.667236e-31 1 -4.067557e-31 5.667236e-31 1 -4.067557e-31 5.667236e-31 1 -4.067557e-31 5.667236e-31 1 -4.067557e-31 5.667236e-31 1 -4.067557e-31 5.667236e-31 1 -4.067557e-31 5.667236e-31 1 -4.067557e-31 5.667236e-31 1 -4.067557e-31 5.667236e-31 1 -4.067557e-31 5.667236e-31 1 -4.067557e-31 5.667236e-31 1 -4.067557e-31 5.667236e-31 1 -4.067557e-31 5.667236e-31 1 -4.067557e-31 5.667236e-31 1 -4.067557e-31 5.667236e-31 1 -4.067557e-31 5.667236e-31 1 -4.067557e-31 5.667236e-31 1 -4.067557e-31 5.667236e-31 1 -4.067557e-31 5.667236e-31 1 -4.067557e-31 5.667236e-31 1 -4.067557e-31 5.667236e-31 1 -4.067557e-31 5.667236e-31 1 -4.067557e-31 5.667236e-31 1 -4.067557e-31 5.667236e-31 1 -4.067557e-31 5.667236e-31 1 -4.067557e-31 5.667236e-31 1 -4.067557e-31 5.667236e-31 1 -4.067557e-31 5.667236e-31 1 -4.067557e-31 5.667236e-31 1 -4.067557e-31 5.667236e-31 1 -4.067557e-31 5.667236e-31 1 -4.067557e-31 5.667236e-31 1 -4.067557e-31 5.667236e-31 1 -4.067557e-31 5.667236e-31 1 -4.067557e-31 5.667236e-31 1 -4.067557e-31 5.667236e-31 1 -4.067557e-31 5.667236e-31 1 -4.067557e-31 5.667236e-31 1 -4.067557e-31 5.667236e-31 1 -4.067557e-31 5.667236e-31 1 -4.067557e-31 5.667236e-31 1 -4.067557e-31 5.667236e-31 1 -4.067557e-31 5.667236e-31 1 -4.067557e-31 5.667236e-31 1 -4.067557e-31 5.667236e-31 1 -4.067557e-31 5.667236e-31 -1 4.067557e-31 -5.667236e-31 -1 4.067557e-31 -5.667236e-31 -1 4.067557e-31 -5.667236e-31 -1 4.067557e-31 -5.667236e-31 -1 4.067557e-31 -5.667236e-31 -1 4.067557e-31 -5.667236e-31 -1 4.067557e-31 -5.667236e-31 -1 4.067557e-31 -5.667236e-31 -1 4.067557e-31 -5.667236e-31 -1 4.067557e-31 -5.667236e-31 -1 4.067557e-31 -5.667236e-31 -1 4.067557e-31 -5.667236e-31 -1 4.067557e-31 -5.667236e-31 -1 4.067557e-31 -5.667236e-31 -1 4.067557e-31 -5.667236e-31 -1 4.067557e-31 -5.667236e-31 -1 4.067557e-31 -5.667236e-31 -1 4.067557e-31 -5.667236e-31 -1 4.067557e-31 -5.667236e-31 -1 4.067557e-31 -5.667236e-31 -1 4.067557e-31 -5.667236e-31 -1 4.067557e-31 -5.667236e-31 -1 4.067557e-31 -5.667236e-31 -1 4.067557e-31 -5.667236e-31 -1 4.067557e-31 -5.667236e-31 -1 4.067557e-31 -5.667236e-31 -1 4.067557e-31 -5.667236e-31 -1 4.067557e-31 -5.667236e-31 -1 4.067557e-31 -5.667236e-31 -1 4.067557e-31 -5.667236e-31 -1 4.067557e-31 -5.667236e-31 -1 4.067557e-31 -5.667236e-31 -1 4.067557e-31 -5.667236e-31 -1 4.067557e-31 -5.667236e-31 -1 4.067557e-31 -5.667236e-31 -1 4.067557e-31 -5.667236e-31 -1 4.067557e-31 -5.667236e-31 -1 4.067557e-31 -5.667236e-31 -1 4.067557e-31 -5.667236e-31 -1 4.067557e-31 -5.667236e-31 -1 4.067557e-31 -5.667236e-31 -1 4.067557e-31 -5.667236e-31 -1 4.067557e-31 -5.667236e-31 -1 4.067557e-31 -5.667236e-31 -1 4.067557e-31 -5.667236e-31 -1 4.067557e-31 -5.667236e-31 -1 4.067557e-31 -5.667236e-31 -1 4.067557e-31 -5.667236e-31 -1 4.067557e-31 -5.667236e-31 -1 4.067557e-31 -5.667236e-31 -1 4.067557e-31 -5.667236e-31 -1 4.067557e-31 -5.667236e-31 -1 4.067557e-31 -5.667236e-31 -1 4.067557e-31 -5.667236e-31 -1 4.067557e-31 -5.667236e-31 0 0 0 0 0 0 0 0 0 0 0 0 0 0 0 0 0 0 0 0 0 0 0 0 0 0 0 0 0 0 0 0 0 0 0 0 0 0 0 0 0 0 0 0 0 0 0 0 0 0 0 0 0 0 0 0 0 0 0 0 0 0 0 0 0 0 0 0 0 0 0 0 0 0 0 0 0 0 0 0 0 0 0 0 0 0 0 0 0 0 0 0 0 0 0 0 0 0 0 0 0 0 0 0 0 0 0 0 0 0 0 0 0 0 0 0 0 0 0 0 0 0 0 0 0 0 0 0 0 0 0 0 0 0 0 0 0 0 0 0 0 0 0 0 0 0 0 -1 0 0 -1 0 0 -1 0 0 -1 0 0 -1 0 0 -1 0 0 -1 0 0 -1 0 0 -1 0 0 -1 0 0 -1 0 0 -1 0 0 -1 0 0 -1 0 0 -1 0 0 -1 0 0 -1 0 0 -1 0 0 -1 0 0 -1 0 0 -1 0 0 -1 0 0 -1 0 0 -1 0 0 -1 0 0 -1 0 0 -1 0 0 -1 0 0 -1 0 0 -1 0 0 -1 0 0 -1 0 0 -1 0 0 -1 0 0 -1 0 0 -1 0 0 -1 0 0 -1 0 0 -1 0 0 -1 0 0 -1 0 0 -1 0 0 -1 0 0 -1 0 0 -1 0 0 -1 0 0 -1 0 0 -1 0 0 -1 0 0 -1 0 0 -1 0 0 -1 0 0 -1 0 0 -1 0 0 -1 0 0 1 -0 -0 1 -0 -0 1 -0 -0 1 -0 -0 1 -0 -0 1 -0 -0 1 -0 -0 1 -0 -0 1 -0 -0 1 -0 -0 1 -0 -0 1 -0 -0 1 -0 -0 1 -0 -0 1 -0 -0 1 -0 -0 1 -0 -0 1 -0 -0 1 -0 -0 1 -0 -0 1 -0 -0 1 -0 -0 1 -0 -0 1 -0 -0 1 -0 -0 1 -0 -0 1 -0 -0 1 -0 -0 1 -0 -0 1 -0 -0 1 -0 -0 1 -0 -0 1 -0 -0 1 -0 -0 1 -0 -0 1 -0 -0 1 -0 -0 1 -0 -0 1 -0 -0 1 -0 -0 1 -0 -0 1 -0 -0 1 -0 -0 1 -0 -0 1 -0 -0 1 -0 -0 1 -0 -0 1 -0 -0 1 -0 -0 1 -0 -0 1 -0 -0 1 -0 -0 1 -0 -0 1 -0 -0 1 -0 -0 0 0 0 0 0 0 0 0 0 0 0 0 0 0 0 0 0 0 0 0 0 0 0 0 0 0 0 0 0 0 0 0 0 0 0 0 0 0 0 0 0 0 0 0 0 0 0 0 0 0 0 0 0 0 0 0 0 0 0 0 0 0 0 0 0 0 0 0 0 0 0 0 0 0 0 0 0 0 0 0 0 0 0 0 0 0 0 0 0 0 0 0 0 0 0 0 0 0 0 0 0 0 0 0 0 0 0 0 0 0 0 0 0 0 0 0 0 0 0 0 0 0 0 0 0 0 0 0 0 0 0 0 0 0 0 0 0 0 0 0 0 0 0 0 0 0 0 0 0 0 -0.8851394 0.3458045 -0.3113638 0.8851394 -0.3458045 0.3113638 -0.8790983 0.4072419 -0.2476697 0.8790983 -0.4072419 0.2476697 0.1859874 0.8509151 -0.4912761 0.1859874 0.8509151 -0.4912761 0.1859874 0.8509151 -0.4912761 -0.1859874 -0.8509151 0.4912761 -0.1859874 -0.8509151 0.4912761 -0.1859874 -0.8509151 0.4912761 2.201664e-17 0.8739181 -0.4860733 2.201664e-17 0.8739181 -0.4860733 -2.201664e-17 -0.8739181 0.4860733 -2.201664e-17 -0.8739181 0.4860733 0 0 0 0 0 0 0.8733843 0.4191854 -0.2479587 -0.8733843 -0.4191854 0.2479587 0.8671146 -0.03829057 -0.4966349 -0.8671146 0.03829057 0.4966349 -2.680611e-16 -0.5 -0.8660254 -2.680611e-16 -0.5 -0.8660254 -2.680611e-16 -0.5 -0.8660254 -2.680611e-16 -0.5 -0.8660254 -2.680611e-16 -0.5 -0.8660254 -2.680611e-16 -0.5 -0.8660254 -2.680611e-16 -0.5 -0.8660254 -2.680611e-16 -0.5 -0.8660254 -2.680611e-16 -0.5 -0.8660254 -2.680611e-16 -0.5 -0.8660254 2.680611e-16 0.5 0.8660254 2.680611e-16 0.5 0.8660254 2.680611e-16 0.5 0.8660254 2.680611e-16 0.5 0.8660254 2.680611e-16 0.5 0.8660254 2.680611e-16 0.5 0.8660254 2.680611e-16 0.5 0.8660254 2.680611e-16 0.5 0.8660254 2.680611e-16 0.5 0.8660254 2.680611e-16 0.5 0.8660254 0 0 0 0 0 0 0 0 0 0 0 0 0 0 0 0 0 0 -0.8906663 -0.03607874 -0.4532238 0.8906663 0.03607874 0.4532238 0.8436281 -0.3353693 -0.4193077 0.8635594 -0.403896 -0.3018827 0.8709564 -0.3533338 -0.341453 -0.8709564 0.3533338 0.341453 -0.8635594 0.403896 0.3018827 -0.8436281 0.3353693 0.4193077 0.8266859 -0.3307254 -0.4552045 -0.8266859 0.3307254 0.4552045 0.8965863 -0.0627339 -0.4384033 0.8423424 -0.1889518 -0.5047342 0.8266859 -0.2288559 -0.5140188 -0.8266859 0.2288559 0.5140188 -0.8423424 0.1889518 0.5047342 -0.8965863 0.0627339 0.4384033 0.87083 0.4396855 -0.2198449 0.8635594 0.4633861 -0.1988428 -0.8635594 -0.4633861 0.1988428 -0.87083 -0.4396855 0.2198449 0 0 0 0.8709564 0.4723739 -0.1352695 0.8436281 0.5308158 -0.0807845 -0.8436281 -0.5308158 0.0807845 -0.8709564 -0.4723739 0.1352695 0 0 0 0.8266859 0.5595813 -0.05881437 -0.8266859 -0.5595813 0.05881437 0.8965863 0.4110353 0.1648725 0.8423424 0.5315885 0.08873008 0.8266859 0.5595813 0.05881437 -0.8266859 -0.5595813 -0.05881437 -0.8423424 -0.5315885 -0.08873008 -0.8965863 -0.4110353 -0.1648725 0 0 0 0.8671146 0.4492437 0.2151568 0.8653245 0.4608031 0.1971652 -0.8653245 -0.4608031 -0.1971652 -0.8671146 -0.4492437 -0.2151568 0 0 0 -0.1859874 0.8509151 0.4912761 -0.1859874 0.8509151 0.4912761 -0.1859874 0.8509151 0.4912761 0.1859874 -0.8509151 -0.4912761 0.1859874 -0.8509151 -0.4912761 0.1859874 -0.8509151 -0.4912761 0 0 0 0.8851394 0.3458045 0.3113638 0.8747386 0.3433576 0.341962 0.8436281 0.3353693 0.4193077 -0.8436281 -0.3353693 -0.4193077 -0.8747386 -0.3433576 -0.341962 -0.8851394 -0.3458045 -0.3113638 0.8266859 0.3307254 0.4552045 -0.8266859 -0.3307254 -0.4552045 0.8266859 0.2288559 0.5140188 0.8965863 0.0627339 0.4384033 0.8423424 0.1889518 0.5047342 -0.8423424 -0.1889518 -0.5047342 -0.8965863 -0.0627339 -0.4384033 -0.8266859 -0.2288559 -0.5140188 0 0 0 0.8671146 0.03829057 0.4966349 0.8653245 0.0596515 0.4976498 -0.8653245 -0.0596515 -0.4976498 -0.8671146 -0.03829057 -0.4966349 0 0 0 -0.1859874 2.535344e-18 0.9825521 -0.1859874 2.535344e-18 0.9825521 -0.1859874 2.535344e-18 0.9825521 0.1859874 -2.535344e-18 -0.9825521 0.1859874 -2.535344e-18 -0.9825521 0.1859874 -2.535344e-18 -0.9825521 0 0 0 0.8851394 -0.09674669 0.4551574 0.8747386 -0.124469 0.4683374 0.8436281 -0.1954465 0.5000922 -0.8436281 0.1954465 -0.5000922 -0.8747386 0.124469 -0.4683374 -0.8851394 0.09674669 -0.4551574 0.8266859 -0.2288559 0.5140188 -0.8266859 0.2288559 -0.5140188 0.8266859 -0.3307254 0.4552045 0.8965863 -0.3483014 0.2735308 0.8423424 -0.3426368 0.4160041 -0.8423424 0.3426368 -0.4160041 -0.8965863 0.3483014 -0.2735308 -0.8266859 0.3307254 -0.4552045 0 0 0 0.8671146 -0.4109531 0.281478 0.8594267 -0.4040236 0.3132902 -0.8594267 0.4040236 -0.3132902 -0.8671146 0.4109531 -0.281478 0 0 0 0.87083 -0.4396855 0.2198449 0.8635594 -0.4633861 0.1988428 -0.8635594 0.4633861 -0.1988428 -0.87083 0.4396855 -0.2198449 0 0 0 0.8709564 -0.4723739 0.1352695 0.8436281 -0.5308158 0.0807845 -0.8436281 0.5308158 -0.0807845 -0.8709564 0.4723739 -0.1352695 0 0 0 0.8266859 -0.5595813 0.05881437 -0.8266859 0.5595813 -0.05881437 0.8423424 -0.5315885 -0.08873008 0.8266859 -0.5595813 -0.05881437 0.8965863 -0.4110353 -0.1648725 -0.8965863 0.4110353 0.1648725 -0.8266859 0.5595813 0.05881437 -0.8423424 0.5315885 0.08873008 0 0 0 0.8594267 -0.473329 -0.1932496 0.8671146 -0.4492437 -0.2151568 -0.8671146 0.4492437 0.2151568 -0.8594267 0.473329 0.1932496 0 0 0 0.87083 -0.410234 -0.2708564 -0.87083 0.410234 0.2708564 -0.8595731 -0.473342 0.1925654 -0.8423424 -0.5315885 0.08873008 -0.8671146 -0.4492437 0.2151568 0.8671146 0.4492437 -0.2151568 0.8423424 0.5315885 -0.08873008 0.8595731 0.473342 -0.1925654 0 0 0 -0.8733843 -0.4191854 0.2479587 -0.8733843 -0.4243313 0.2390458 -0.8639459 -0.4027536 0.3023028 0.8639459 0.4027536 -0.3023028 0.8733843 0.4191854 -0.2479587 0.8733843 0.4243313 -0.2390458 0 0 0 0 0 0 -0.8436281 -0.3353693 0.4193077 -0.8709564 -0.3533338 0.341453 0.8709564 0.3533338 -0.341453 0.8436281 0.3353693 -0.4193077 0 0 0 -0.8266859 -0.3307254 0.4552045 0.8266859 0.3307254 -0.4552045 -0.8965863 -0.0627339 0.4384033 -0.8423424 -0.1889518 0.5047342 -0.8266859 -0.2288559 0.5140188 0.8266859 0.2288559 -0.5140188 0.8423424 0.1889518 -0.5047342 0.8965863 0.0627339 -0.4384033 0 0 0 -0.8716777 -0.03118417 0.4890864 -0.8591882 -0.06896963 0.50699 0.8591882 0.06896963 -0.50699 0.8716777 0.03118417 -0.4890864 0 0 0 -0.8637972 0.05982584 0.5002752 0.8637972 -0.05982584 -0.5002752 -0.8436281 0.1954465 0.5000922 -0.8709564 0.1190401 0.4767225 0.8709564 -0.1190401 -0.4767225 0.8436281 -0.1954465 -0.5000922 0 0 0 -0.8266859 0.2288559 0.5140188 0.8266859 -0.2288559 -0.5140188 -0.8709564 0.3533338 0.341453 -0.8436281 0.3353693 0.4193077 -0.8266859 0.3307254 0.4552045 0.8266859 -0.3307254 -0.4552045 0.8436281 -0.3353693 -0.4193077 0.8709564 -0.3533338 -0.341453 0 0 0 -0.8635594 0.403896 0.3018827 0.8635594 -0.403896 -0.3018827 -0.87083 0.410234 0.2708564 -0.8637972 0.463164 0.1983269 0.8637972 -0.463164 -0.1983269 0.87083 -0.410234 -0.2708564 0 0 0 -0.8709564 0.4723739 0.1352695 -0.8436281 0.5308158 0.0807845 0.8436281 -0.5308158 -0.0807845 0.8709564 -0.4723739 -0.1352695 0 0 0 -0.8266859 0.5595813 0.05881437 0.8266859 -0.5595813 -0.05881437 -0.8965863 0.4110353 -0.1648725 -0.8423424 0.5315885 -0.08873008 -0.8266859 0.5595813 -0.05881437 0.8266859 -0.5595813 0.05881437 0.8423424 -0.5315885 0.08873008 0.8965863 -0.4110353 0.1648725 0 0 0 -0.8671146 0.4492437 -0.2151568 0.8671146 -0.4492437 0.2151568 0 0 0 0.1859874 5.82753e-18 -0.9825521 0.1859874 5.82753e-18 -0.9825521 0.1859874 5.82753e-18 -0.9825521 -0.1859874 -5.82753e-18 0.9825521 -0.1859874 -5.82753e-18 0.9825521 -0.1859874 -5.82753e-18 0.9825521 -0.8851394 -0.09674669 -0.4551574 -0.8747386 -0.124469 -0.4683374 -0.8436281 -0.1954465 -0.5000922 0.8436281 0.1954465 0.5000922 0.8747386 0.124469 0.4683374 0.8851394 0.09674669 0.4551574 -0.8266859 -0.2288559 -0.5140188 0.8266859 0.2288559 0.5140188 -0.8266859 -0.3307254 -0.4552045 -0.8965863 -0.3483014 -0.2735308 -0.8423424 -0.3426368 -0.4160041 0.8423424 0.3426368 0.4160041 0.8965863 0.3483014 0.2735308 0.8266859 0.3307254 0.4552045 -0.8671146 -0.4109531 -0.281478 -0.8594267 -0.4040236 -0.3132902 0.8594267 0.4040236 0.3132902 0.8671146 0.4109531 0.281478 -0.87083 -0.4396855 -0.2198449 -0.8635594 -0.4633861 -0.1988428 0.8635594 0.4633861 0.1988428 0.87083 0.4396855 0.2198449 0 0 0 -0.8709564 -0.4723739 -0.1352695 -0.8436281 -0.5308158 -0.0807845 0.8436281 0.5308158 0.0807845 0.8709564 0.4723739 0.1352695 0 0 0 -0.8266859 -0.5595813 -0.05881437 0.8266859 0.5595813 0.05881437 -0.8266859 -0.5595813 0.05881437 -0.8965863 -0.4110353 0.1648725 0.8965863 0.4110353 -0.1648725 0.8266859 0.5595813 -0.05881437 0 0 0 -0.8733843 0.4243313 -0.2390458 0.8733843 -0.4243313 0.2390458 4.863301e-17 0.8815868 -0.4720219 4.863301e-17 0.8815868 -0.4720219 -4.863301e-17 -0.8815868 0.4720219 -4.863301e-17 -0.8815868 0.4720219 0.8790983 0.4181092 -0.228847 -0.8790983 -0.4181092 0.228847 -0.8946255 -0.04493584 -0.4445515 0.8946255 0.04493584 0.4445515 -4.200777e-16 -0.8579108 -0.5137986 -8.430277e-16 -0.8495764 -0.5274656 -8.430277e-16 -0.8495764 -0.5274656 -4.200777e-16 -0.8579108 -0.5137986 4.200777e-16 0.8579108 0.5137986 4.200777e-16 0.8579108 0.5137986 8.430277e-16 0.8495764 0.5274656 8.430277e-16 0.8495764 0.5274656 0 0 0 0 0 0 1.949246e-16 1 -2.202848e-16 1.949246e-16 1 -2.202848e-16 1.949246e-16 1 -2.202848e-16 1.949246e-16 1 -2.202848e-16 1.949246e-16 1 -2.202848e-16 1.949246e-16 1 -2.202848e-16 1.949246e-16 1 -2.202848e-16 1.949246e-16 1 -2.202848e-16 1.949246e-16 1 -2.202848e-16 1.949246e-16 1 -2.202848e-16 -1.949246e-16 -1 2.202848e-16 -1.949246e-16 -1 2.202848e-16 -1.949246e-16 -1 2.202848e-16 -1.949246e-16 -1 2.202848e-16 -1.949246e-16 -1 2.202848e-16 -1.949246e-16 -1 2.202848e-16 -1.949246e-16 -1 2.202848e-16 -1.949246e-16 -1 2.202848e-16 -1.949246e-16 -1 2.202848e-16 -1.949246e-16 -1 2.202848e-16 0 0 0 0.8733843 0.4243313 0.2390458 -0.8733843 -0.4243313 -0.2390458 0 0 0 0.8906663 0.374464 0.257857 0.8946255 0.3625249 0.2611913 -0.8946255 -0.3625249 -0.2611913 -0.8906663 -0.374464 -0.257857 0 0 0 -2.46702e-16 0.5 0.8660254 -2.46702e-16 0.5 0.8660254 -2.46702e-16 0.5 0.8660254 -2.46702e-16 0.5 0.8660254 -2.46702e-16 0.5 0.8660254 -2.46702e-16 0.5 0.8660254 -2.46702e-16 0.5 0.8660254 -2.46702e-16 0.5 0.8660254 -2.46702e-16 0.5 0.8660254 -2.46702e-16 0.5 0.8660254 2.46702e-16 -0.5 -0.8660254 2.46702e-16 -0.5 -0.8660254 2.46702e-16 -0.5 -0.8660254 2.46702e-16 -0.5 -0.8660254 2.46702e-16 -0.5 -0.8660254 2.46702e-16 -0.5 -0.8660254 2.46702e-16 -0.5 -0.8660254 2.46702e-16 -0.5 -0.8660254 2.46702e-16 -0.5 -0.8660254 2.46702e-16 -0.5 -0.8660254 0 0 0 0.8733843 0.005145869 0.4870046 -0.8733843 -0.005145869 -0.4870046 0 0 0 0.8906663 -0.03607874 0.4532238 0.8946255 -0.04493584 0.4445515 -0.8946255 0.04493584 -0.4445515 -0.8906663 0.03607874 -0.4532238 0 0 0 -5.306155e-16 -0.5 0.8660254 -5.306155e-16 -0.5 0.8660254 -5.306155e-16 -0.5 0.8660254 -5.306155e-16 -0.5 0.8660254 -5.306155e-16 -0.5 0.8660254 -5.306155e-16 -0.5 0.8660254 -5.306155e-16 -0.5 0.8660254 -5.306155e-16 -0.5 0.8660254 -5.306155e-16 -0.5 0.8660254 -5.306155e-16 -0.5 0.8660254 5.306155e-16 0.5 -0.8660254 5.306155e-16 0.5 -0.8660254 5.306155e-16 0.5 -0.8660254 5.306155e-16 0.5 -0.8660254 5.306155e-16 0.5 -0.8660254 5.306155e-16 0.5 -0.8660254 5.306155e-16 0.5 -0.8660254 5.306155e-16 0.5 -0.8660254 5.306155e-16 0.5 -0.8660254 5.306155e-16 0.5 -0.8660254 0 0 0 0.8733843 -0.4191854 0.2479587 -0.8733843 0.4191854 -0.2479587 0 0 0 0.8790983 -0.4181092 0.228847 -0.8790983 0.4181092 -0.228847 0 0 0 -3.898492e-16 -1 -3.786556e-16 -3.898492e-16 -1 -3.786556e-16 -3.898492e-16 -1 -3.786556e-16 -3.898492e-16 -1 -3.786556e-16 -3.898492e-16 -1 -3.786556e-16 -3.898492e-16 -1 -3.786556e-16 -3.898492e-16 -1 -3.786556e-16 -3.898492e-16 -1 -3.786556e-16 -3.898492e-16 -1 -3.786556e-16 -3.898492e-16 -1 -3.786556e-16 3.898492e-16 1 3.786556e-16 3.898492e-16 1 3.786556e-16 3.898492e-16 1 3.786556e-16 3.898492e-16 1 3.786556e-16 3.898492e-16 1 3.786556e-16 3.898492e-16 1 3.786556e-16 3.898492e-16 1 3.786556e-16 3.898492e-16 1 3.786556e-16 3.898492e-16 1 3.786556e-16 3.898492e-16 1 3.786556e-16 0.8733843 -0.4243313 -0.2390458 -0.8733843 0.4243313 0.2390458 0 0 0 0.8790983 -0.4072419 -0.2476697 -0.8790983 0.4072419 0.2476697 -1.221768e-15 -0.8579108 0.5137986 -4.579096e-16 -0.8739181 0.4860733 -4.579096e-16 -0.8739181 0.4860733 -1.221768e-15 -0.8579108 0.5137986 1.221768e-15 0.8579108 -0.5137986 1.221768e-15 0.8579108 -0.5137986 4.579096e-16 0.8739181 -0.4860733 4.579096e-16 0.8739181 -0.4860733 -0.8662641 -0.4132157 0.2807834 0.8662641 0.4132157 -0.2807834 -0.8790983 -0.01086728 0.4765167 0.8790983 0.01086728 -0.4765167 0 0 0 -0.8662641 0.03655768 0.498247 0.8662641 -0.03655768 -0.498247 -0.8790983 0.4072419 0.2476697 0.8790983 -0.4072419 -0.2476697 0 0 0 -0.8662641 0.4497734 0.2174636 0.8662641 -0.4497734 -0.2174636 -0.8733843 -0.4191854 -0.2479587 0.8733843 0.4191854 0.2479587 -0.8790983 -0.4181092 -0.228847 0.8790983 0.4181092 0.228847 0 0 0 1.779689e-16 -0.8739181 -0.4860733 1.779689e-16 -0.8739181 -0.4860733 -1.779689e-16 0.8739181 0.4860733 -1.779689e-16 0.8739181 0.4860733 8.412422e-16 0.8815868 0.4720219 4.221652e-16 0.8739181 0.4860733 8.412422e-16 0.8815868 0.4720219 4.221652e-16 0.8739181 0.4860733 -4.221652e-16 -0.8739181 -0.4860733 -8.412422e-16 -0.8815868 -0.4720219 -4.221652e-16 -0.8739181 -0.4860733 -8.412422e-16 -0.8815868 -0.4720219 0 0 0 0.8790983 0.4072419 0.2476697 -0.8790983 -0.4072419 -0.2476697 0 0 0 -6.373839e-16 0.8495764 0.5274656 -3.172426e-16 0.8579108 0.5137986 -3.172426e-16 0.8579108 0.5137986 -6.373839e-16 0.8495764 0.5274656 6.373839e-16 -0.8495764 -0.5274656 6.373839e-16 -0.8495764 -0.5274656 3.172426e-16 -0.8579108 -0.5137986 3.172426e-16 -0.8579108 -0.5137986 -2.67293e-18 0.01600725 0.9998719 -5.345174e-18 0.0320104 0.9994875 -2.67293e-18 0.01600725 0.9998719 -5.345174e-18 0.0320104 0.9994875 5.345174e-18 -0.0320104 -0.9994875 2.67293e-18 -0.01600725 -0.9998719 5.345174e-18 -0.0320104 -0.9994875 2.67293e-18 -0.01600725 -0.9998719 0 0 0 0.8790983 -0.01086728 0.4765167 -0.8790983 0.01086728 -0.4765167 0 0 0 1.889587e-17 -0.0320104 0.9994875 9.449143e-18 -0.01600725 0.9998719 1.889587e-17 -0.0320104 0.9994875 9.449143e-18 -0.01600725 0.9998719 -9.449143e-18 0.01600725 -0.9998719 -1.889587e-17 0.0320104 -0.9994875 -9.449143e-18 0.01600725 -0.9998719 -1.889587e-17 0.0320104 -0.9994875 -1.880214e-15 -0.8495764 0.5274656 -1.880214e-15 -0.8495764 0.5274656 1.880214e-15 0.8495764 -0.5274656 1.880214e-15 0.8495764 -0.5274656 -3.526928e-16 -0.8815868 0.4720219 -3.526928e-16 -0.8815868 0.4720219 3.526928e-16 0.8815868 -0.4720219 3.526928e-16 0.8815868 -0.4720219 3.529122e-16 -0.8815868 -0.4720219 3.529122e-16 -0.8815868 -0.4720219 -3.529122e-16 0.8815868 0.4720219 -3.529122e-16 0.8815868 0.4720219 -0.8733843 0.005145869 0.4870046 0.8733843 -0.005145869 -0.4870046 -0.8733843 0.4243313 0.2390458 0.8733843 -0.4243313 -0.2390458</float_array>
                    <technique_common>
                        <accessor count="938" source="#ID39" stride="3">
                            <param name="X" type="float" />
                            <param name="Y" type="float" />
                            <param name="Z" type="float" />
                        </accessor>
                    </technique_common>
                </source>
                <vertices id="ID35">
                    <input semantic="POSITION" source="#ID33" />
                    <input semantic="NORMAL" source="#ID34" />
                </vertices>
                <triangles count="628" material="Material2">
                    <input offset="0" semantic="VERTEX" source="#ID35" />
                    <p>0 1 2 1 0 3 4 5 6 7 6 5 12 13 14 13 12 15 15 12 16 15 16 17 17 16 18 17 18 19 17 19 20 20 19 21 22 23 24 24 23 25 23 26 25 26 27 25 25 27 28 27 29 28 28 29 30 31 30 29 40 41 42 43 44 45 3 47 1 47 3 48 49 4 50 6 50 4 53 54 55 56 57 58 60 61 62 63 64 65 62 67 40 45 68 63 70 71 54 57 72 73 75 71 70 73 72 76 77 78 79 80 81 82 84 85 86 87 88 89 91 92 93 92 91 94 95 96 97 98 97 96 101 102 103 104 105 106 103 108 109 110 111 104 42 41 113 114 44 43 67 41 40 45 44 68 47 115 116 115 47 48 49 50 117 118 117 50 53 55 121 122 56 58 70 54 53 58 57 73 61 67 62 63 68 64 123 124 125 124 123 126 126 123 127 127 123 128 127 128 129 129 128 130 130 128 131 130 131 132 132 131 133 132 133 134 134 133 135 134 135 136 136 135 137 136 137 138 138 137 139 138 139 140 140 139 141 141 139 142 141 142 143 143 142 144 143 144 145 145 144 146 147 148 149 148 147 150 150 147 151 150 151 125 150 125 152 152 125 153 153 125 124 153 124 154 153 154 155 153 155 156 156 155 157 156 157 158 156 158 159 159 158 160 159 160 161 161 160 162 161 162 163 163 162 164 163 164 165 165 164 166 165 166 167 167 166 168 167 168 169 167 169 170 170 169 171 170 171 172 172 171 146 172 146 144 172 144 173 172 173 174 174 173 175 174 175 176 176 175 177 178 179 180 180 179 181 179 182 181 181 182 183 182 184 183 184 185 183 185 186 183 183 186 187 186 188 187 187 188 189 188 190 189 190 191 189 189 191 192 191 193 192 192 193 194 193 195 194 194 195 196 195 197 196 196 197 198 197 199 198 198 199 200 199 201 200 201 202 200 200 202 203 202 204 203 204 205 203 205 206 203 203 206 207 207 206 208 206 209 208 209 210 208 208 210 211 212 211 210 185 184 213 213 184 214 184 215 214 214 215 216 215 217 216 216 217 218 218 217 219 217 220 219 219 220 221 220 222 221 221 222 223 222 224 223 223 224 225 224 226 225 225 226 227 226 228 227 227 228 229 229 228 230 228 231 230 230 231 232 232 231 205 206 205 231 282 283 284 283 282 285 285 282 286 286 282 287 286 287 288 288 287 289 289 287 290 289 290 291 291 290 292 291 292 293 293 292 294 293 294 295 295 294 296 295 296 297 297 296 298 297 298 299 299 298 300 300 298 301 300 301 302 302 301 303 302 303 304 304 303 305 306 307 308 307 306 309 309 306 310 309 310 284 309 284 311 311 284 312 312 284 283 312 283 313 312 313 314 312 314 315 315 314 316 315 316 317 315 317 318 318 317 319 318 319 320 320 319 321 320 321 322 322 321 323 322 323 324 324 323 325 324 325 326 326 325 327 326 327 328 326 328 329 329 328 330 329 330 331 331 330 305 331 305 303 331 303 332 331 332 333 333 332 334 333 334 335 335 334 336 337 338 339 339 338 340 338 341 340 340 341 342 341 343 342 343 344 342 344 345 342 342 345 346 345 347 346 346 347 348 347 349 348 349 350 348 348 350 351 350 352 351 351 352 353 352 354 353 353 354 355 354 356 355 355 356 357 356 358 357 357 358 359 358 360 359 360 361 359 359 361 362 361 363 362 363 364 362 364 365 362 362 365 366 366 365 367 365 368 367 368 369 367 367 369 370 371 370 369 344 343 372 372 343 373 343 374 373 373 374 375 374 376 375 375 376 377 377 376 378 376 379 378 378 379 380 379 381 380 380 381 382 381 383 382 382 383 384 383 385 384 384 385 386 385 387 386 386 387 388 388 387 389 387 390 389 389 390 391 391 390 364 365 364 390 442 77 79 80 82 443 444 84 86 87 89 445 446 447 448 449 450 451 452 94 91 94 452 453 454 455 95 96 95 455 458 102 101 106 105 459 102 108 103 104 111 105 113 41 460 461 44 114 462 463 464 463 462 465 463 465 466 466 465 467 466 467 468 468 467 469 468 469 470 470 469 471 472 473 474 474 473 475 473 476 475 475 476 477 476 478 477 477 478 479 478 480 479 481 479 480 53 121 488 489 122 58 490 491 492 493 494 495 496 490 492 493 495 497 498 499 500 501 502 503 460 41 499 502 44 461 504 505 102 105 506 507 509 510 505 506 511 512 514 510 509 512 511 515 516 517 518 519 520 521 523 524 517 520 525 526 528 529 530 531 532 533 535 536 537 538 539 540 536 541 537 538 542 539 543 544 545 546 547 548 545 550 551 552 553 546 555 556 557 558 559 560 562 563 564 565 566 567 563 568 564 565 569 566 570 571 572 573 574 575 572 577 578 579 580 573 578 582 583 584 585 579 583 587 588 589 590 584 588 587 592 593 590 589 594 595 596 597 598 599 601 594 602 603 599 604 491 601 606 607 604 494 608 609 610 611 612 613 615 608 616 608 615 617 618 619 613 620 613 619 623 617 624 625 618 626 628 623 624 625 626 629 630 631 632 633 634 635 637 638 631 634 639 640 642 638 637 640 639 643 644 642 645 646 643 647 649 644 645 646 647 650 651 652 653 654 655 656 658 652 651 656 655 659 660 661 658 659 662 663 665 666 661 662 667 668 670 666 665 668 667 671 672 673 674 675 676 677 679 86 673 676 87 680 682 683 684 685 686 687 688 689 690 691 692 693 689 694 690 691 695 692 696 697 698 699 700 701 698 702 703 704 705 699 703 706 707 708 709 704 707 711 712 713 714 708 712 711 716 717 714 713 609 718 719 720 721 612 723 444 86 87 445 724 725 453 452 453 725 726 727 728 454 455 454 728 729 102 458 459 105 730 53 488 731 732 489 58 460 499 498 503 502 461 492 491 606 607 494 493 733 734 735 734 733 736 737 738 739 740 739 738 698 697 702 705 700 699 504 102 729 730 105 507 504 509 505 506 512 507 743 744 745 744 743 746 746 743 747 746 747 748 748 747 749 748 749 750 750 749 751 751 749 752 753 754 755 755 754 756 756 754 757 754 758 757 757 758 759 758 760 759 759 760 761 762 761 760 516 523 517 520 526 521 523 764 524 525 765 526 767 768 524 525 769 770 772 773 774 773 772 775 773 775 776 776 775 777 776 777 778 778 777 779 778 779 780 780 779 781 782 783 784 784 783 785 783 786 785 785 786 787 786 788 787 787 788 789 788 790 789 791 789 790 545 544 550 553 547 546 551 550 793 794 553 552 551 796 797 798 799 552 801 802 803 802 801 804 802 804 805 805 804 806 806 804 807 806 807 808 806 808 809 809 808 810 811 812 813 813 812 814 812 815 814 815 816 814 814 816 817 817 816 818 816 819 818 820 818 819 572 571 577 580 574 573 578 577 822 823 580 579 578 825 582 585 826 579 583 582 587 590 585 584 828 829 830 829 828 831 829 831 832 829 832 833 833 832 834 833 834 835 835 834 836 836 834 837 838 839 840 840 839 841 841 839 842 839 843 842 842 843 844 843 845 844 845 846 844 847 844 846 594 596 602 603 597 599 601 602 848 849 603 604 601 851 606 607 852 604 608 610 616 620 611 613 609 719 610 611 720 612 853 854 855 854 853 856 857 858 859 860 859 858 617 615 861 862 619 618 624 617 861 862 618 625 637 631 630 635 634 640 642 637 863 864 640 643 645 642 866 867 643 646 660 658 651 656 659 663 868 661 660 663 662 869 665 661 871 872 662 668 672 679 673 676 680 677 679 723 86 87 724 680 703 702 873 874 705 704 703 875 706 709 876 704 707 706 711 714 709 708 878 736 733 736 878 879 880 881 737 738 737 881 882 883 884 883 882 885 886 887 888 889 888 887 764 891 524 525 892 765 891 767 524 525 770 892 894 895 896 895 894 897 898 899 900 901 900 899 902 903 904 903 902 905 906 907 908 909 908 907 551 793 911 912 794 552 551 911 796 799 912 552 914 915 916 915 914 917 918 919 920 921 920 919 853 922 856 922 853 923 924 858 925 857 925 858 578 822 825 826 823 579 926 854 927 854 926 855 860 928 859 929 859 928 930 879 878 879 930 931 932 933 880 881 880 933 601 848 851 852 849 604 642 863 934 935 864 643 642 934 866 867 935 643 936 661 868 869 662 937 871 661 936 937 662 872 703 873 875 876 874 704 896 883 885 883 896 895 900 901 888 886 888 901 917 904 915 904 917 902 907 918 909 920 909 918</p>
                </triangles>
                <lines count="325" material="Material3">
                    <input offset="0" semantic="VERTEX" source="#ID35" />
                    <p />
                </lines>
            </mesh>
        </geometry>
        <geometry id="ID40">
            <mesh>
                <source id="ID41">
                    <float_array id="ID44" count="1170">27.70124 -3.210194 0.8601689 28.3778 -4 0 27.70124 -3.323437 0 27.70124 -3.323437 0 28.3778 -4 0 27.70124 -3.210194 0.8601689 27.70124 -3.210194 0.8601689 28.3778 -4 0 27.70124 -3.323437 0 28.3778 -3.874333 0.9947595 28.3778 -3.874333 0.9947595 28.3778 -3.874333 0.9947595 28.3778 -3.874333 -0.9947595 28.3778 -3.874333 -0.9947595 28.3778 -3.874333 -0.9947595 27.67656 -3.210194 0.8601689 27.70124 -3.323437 0 27.67656 -3.323437 0 27.70124 -3.210194 0.8601689 27.70124 -3.210194 0.8601689 27.67656 -3.210194 0.8601689 27.70124 -3.323437 0 27.67656 -3.323437 0 27.67656 -3.210194 0.8601689 27.67656 -3.323437 0 27.70124 -2.878181 1.661719 27.70124 -2.878181 1.661719 27.70124 -2.878181 1.661719 27.70124 -3.210194 -0.8601689 27.70124 -3.210194 -0.8601689 27.70124 -3.210194 -0.8601689 27.67656 -2.878181 1.661719 27.70124 -2.878181 1.661719 27.70124 -2.878181 1.661719 27.67656 -2.878181 1.661719 27.67656 -2.878181 1.661719 27.70124 -3.210194 -0.8601689 27.67656 -3.210194 -0.8601689 27.70124 -3.210194 -0.8601689 27.67656 -3.210194 -0.8601689 27.67656 -3.210194 -0.8601689 27.67656 -3.210194 0.8601689 27.67656 -3.323437 0 27 -3.874333 0.9947595 27 -3.874333 0.9947595 27.67656 -3.323437 0 27.67656 -3.210194 0.8601689 27 -3.874333 0.9947595 28.3778 -3.505227 1.927015 28.3778 -3.505227 1.927015 28.3778 -3.505227 1.927015 28.3778 -3.505227 -1.927015 28.3778 -3.505227 -1.927015 28.3778 -3.505227 -1.927015 27.67656 -2.350025 2.350025 27.70124 -2.350025 2.350025 27.70124 -2.350025 2.350025 27.67656 -2.350025 2.350025 27.70124 -2.350025 2.350025 27.67656 -2.350025 2.350025 27.67656 -2.878181 1.661719 27 -3.505227 1.927015 27 -3.505227 1.927015 27.67656 -2.878181 1.661719 27 -3.505227 1.927015 27.70124 -2.878181 -1.661719 27.67656 -2.878181 -1.661719 27.70124 -2.878181 -1.661719 27.67656 -2.878181 -1.661719 27.70124 -2.878181 -1.661719 27.67656 -2.878181 -1.661719 27.67656 -3.210194 -0.8601689 27 -4 0 27 -4 0 27.67656 -3.210194 -0.8601689 27 -4 0 27.70124 -2.350025 2.350025 27.70124 -2.350025 2.350025 27.70124 -2.878181 -1.661719 27.70124 -2.878181 -1.661719 27.70124 -1.661719 2.878181 27.67656 -1.661719 2.878181 27.70124 -1.661719 2.878181 27.67656 -1.661719 2.878181 27.70124 -1.661719 2.878181 27.67656 -1.661719 2.878181 27.67656 -2.350025 2.350025 27 -2.915875 2.738188 27 -2.915875 2.738188 27.67656 -2.350025 2.350025 27 -2.915875 2.738188 27.70124 -2.350025 -2.350025 27.67656 -2.350025 -2.350025 27.70124 -2.350025 -2.350025 27.67656 -2.350025 -2.350025 27.70124 -2.350025 -2.350025 27.67656 -2.350025 -2.350025 27.67656 -2.878181 -1.661719 27 -3.874333 -0.9947595 27 -3.874333 -0.9947595 27.67656 -2.878181 -1.661719 27 -3.874333 -0.9947595 28.3778 -2.915875 2.738188 28.3778 -2.915875 2.738188 28.3778 -2.915875 2.738188 28.3778 -2.915875 -2.738188 28.3778 -2.915875 -2.738188 28.3778 -2.915875 -2.738188 27.70124 -0.8601689 3.210194 27.67656 -0.8601689 3.210194 27.70124 -0.8601689 3.210194 27.67656 -0.8601689 3.210194 27.70124 -0.8601689 3.210194 27.67656 -0.8601689 3.210194 27.70124 -1.661719 2.878181 27.70124 -1.661719 2.878181 27.67656 -1.661719 2.878181 27 -2.143307 3.377312 27 -2.143307 3.377312 27.67656 -1.661719 2.878181 27 -2.143307 3.377312 27.70124 -2.350025 -2.350025 27.70124 -2.350025 -2.350025 27.67656 -1.661719 -2.878181 27.70124 -1.661719 -2.878181 27.70124 -1.661719 -2.878181 27.67656 -1.661719 -2.878181 27.70124 -1.661719 -2.878181 27.67656 -1.661719 -2.878181 27.67656 -2.350025 -2.350025 27 -3.505227 -1.927015 27 -3.505227 -1.927015 27.67656 -2.350025 -2.350025 27 -3.505227 -1.927015 27.70124 6.534224e-16 3.323437 27.67656 6.519115e-16 3.323437 27.70124 6.534224e-16 3.323437 27.67656 6.519115e-16 3.323437 27.70124 6.534224e-16 3.323437 27.67656 6.519115e-16 3.323437 27.70124 -0.8601689 3.210194 28.3778 -2.143307 3.377312 28.3778 -2.143307 3.377312 27.70124 -0.8601689 3.210194 28.3778 -2.143307 3.377312 27.67656 -0.8601689 3.210194 27 -1.236068 3.804226 27 -1.236068 3.804226 27.67656 -0.8601689 3.210194 27 -1.236068 3.804226 28.3778 -2.143307 -3.377312 28.3778 -2.143307 -3.377312 28.3778 -2.143307 -3.377312 27.70124 -1.661719 -2.878181 27.70124 -1.661719 -2.878181 27.67656 -0.8601689 -3.210194 27.70124 -0.8601689 -3.210194 27.70124 -0.8601689 -3.210194 27.67656 -0.8601689 -3.210194 27.70124 -0.8601689 -3.210194 27.67656 -0.8601689 -3.210194 27.67656 -1.661719 -2.878181 27 -2.915875 -2.738188 27 -2.915875 -2.738188 27.67656 -1.661719 -2.878181 27 -2.915875 -2.738188 27.70124 0.8601689 3.210194 27.67656 0.8601689 3.210194 27.70124 0.8601689 3.210194 27.67656 0.8601689 3.210194 27.70124 0.8601689 3.210194 27.67656 0.8601689 3.210194 28.3778 -1.236068 3.804226 27.70124 6.534224e-16 3.323437 27.70124 6.534224e-16 3.323437 28.3778 -1.236068 3.804226 28.3778 -1.236068 3.804226 27.67656 6.519115e-16 3.323437 27 -0.2511621 3.992107 27 -0.2511621 3.992107 27.67656 6.519115e-16 3.323437 27 -0.2511621 3.992107 28.3778 -1.236068 -3.804226 28.3778 -1.236068 -3.804226 28.3778 -1.236068 -3.804226 27.70124 -0.8601689 -3.210194 27.70124 -0.8601689 -3.210194 27.67656 -1.62069e-16 -3.323437 27.70124 -1.605581e-16 -3.323437 27.70124 -1.605581e-16 -3.323437 27.67656 -1.62069e-16 -3.323437 27.70124 -1.605581e-16 -3.323437 27.67656 -1.62069e-16 -3.323437 27.67656 -0.8601689 -3.210194 27 -2.143307 -3.377312 27 -2.143307 -3.377312 27.67656 -0.8601689 -3.210194 27 -2.143307 -3.377312 27.70124 1.661719 2.878181 27.67656 1.661719 2.878181 27.70124 1.661719 2.878181 27.67656 1.661719 2.878181 27.70124 1.661719 2.878181 27.67656 1.661719 2.878181 28.3778 -0.2511621 3.992107 27.70124 0.8601689 3.210194 27.70124 0.8601689 3.210194 28.3778 -0.2511621 3.992107 28.3778 -0.2511621 3.992107 27.67656 0.8601689 3.210194 27 0.7495253 3.929149 27 0.7495253 3.929149 27.67656 0.8601689 3.210194 27 0.7495253 3.929149 28.3778 -0.2511621 -3.992107 28.3778 -0.2511621 -3.992107 28.3778 -0.2511621 -3.992107 27.70124 -1.605581e-16 -3.323437 27.70124 -1.605581e-16 -3.323437 27.67656 0.8601689 -3.210194 27.70124 0.8601689 -3.210194 27.70124 0.8601689 -3.210194 27.67656 0.8601689 -3.210194 27.70124 0.8601689 -3.210194 27.67656 0.8601689 -3.210194 27.67656 -1.62069e-16 -3.323437 27 -1.236068 -3.804226 27 -1.236068 -3.804226 27.67656 -1.62069e-16 -3.323437 27 -1.236068 -3.804226 27.70124 2.350025 2.350025 27.67656 2.350025 2.350025 27.70124 2.350025 2.350025 27.67656 2.350025 2.350025 27.70124 2.350025 2.350025 27.67656 2.350025 2.350025 28.3778 0.7495253 3.929149 27.70124 1.661719 2.878181 27.70124 1.661719 2.878181 28.3778 0.7495253 3.929149 28.3778 0.7495253 3.929149 27 1.703117 3.619308 27.67656 1.661719 2.878181 27.67656 1.661719 2.878181 27 1.703117 3.619308 27 1.703117 3.619308 28.3778 0.7495253 -3.929149 28.3778 0.7495253 -3.929149 28.3778 0.7495253 -3.929149 27.70124 0.8601689 -3.210194 27.70124 0.8601689 -3.210194 27.67656 1.661719 -2.878181 27.70124 1.661719 -2.878181 27.70124 1.661719 -2.878181 27.67656 1.661719 -2.878181 27.70124 1.661719 -2.878181 27.67656 1.661719 -2.878181 27.67656 0.8601689 -3.210194 27 -0.2511621 -3.992107 27 -0.2511621 -3.992107 27.67656 0.8601689 -3.210194 27 -0.2511621 -3.992107 27.67656 2.878181 1.661719 27.70124 2.878181 1.661719 27.67656 2.878181 1.661719 27.70124 2.878181 1.661719 27.70124 2.878181 1.661719 27.67656 2.878181 1.661719 27.70124 2.350025 2.350025 28.3778 1.703117 3.619308 28.3778 1.703117 3.619308 27.70124 2.350025 2.350025 28.3778 1.703117 3.619308 27 2.549696 3.082053 27.67656 2.350025 2.350025 27.67656 2.350025 2.350025 27 2.549696 3.082053 27 2.549696 3.082053 28.3778 1.703117 -3.619308 28.3778 1.703117 -3.619308 28.3778 1.703117 -3.619308 27.70124 1.661719 -2.878181 27.70124 1.661719 -2.878181 27.67656 2.350025 -2.350025 27.70124 2.350025 -2.350025 27.70124 2.350025 -2.350025 27.67656 2.350025 -2.350025 27.70124 2.350025 -2.350025 27.67656 2.350025 -2.350025 27.67656 1.661719 -2.878181 27 0.7495253 -3.929149 27 0.7495253 -3.929149 27.67656 1.661719 -2.878181 27 0.7495253 -3.929149 27.67656 3.210194 0.8601689 27.70124 3.210194 0.8601689 27.67656 3.210194 0.8601689 27.70124 3.210194 0.8601689 27.70124 3.210194 0.8601689 27.67656 3.210194 0.8601689 27.70124 2.878181 1.661719 28.3778 2.549696 3.082053 28.3778 2.549696 3.082053 27.70124 2.878181 1.661719 28.3778 2.549696 3.082053 27 3.236068 2.351141 27.67656 2.878181 1.661719 27.67656 2.878181 1.661719 27 3.236068 2.351141 27 3.236068 2.351141 28.3778 2.549696 -3.082053 28.3778 2.549696 -3.082053 28.3778 2.549696 -3.082053 27.70124 2.350025 -2.350025 27.70124 2.350025 -2.350025 27.70124 2.878181 -1.661719 27.67656 2.878181 -1.661719 27.67656 2.878181 -1.661719 27.70124 2.878181 -1.661719 27.70124 2.878181 -1.661719 27.67656 2.878181 -1.661719 27.67656 2.350025 -2.350025 27 1.703117 -3.619308 27 1.703117 -3.619308 27.67656 2.350025 -2.350025 27 1.703117 -3.619308 27.67656 3.323437 -4.069903e-16 27.70124 3.323437 -4.069903e-16 27.67656 3.323437 -4.069903e-16 27.70124 3.323437 -4.069903e-16 27.70124 3.323437 -4.069903e-16 27.67656 3.323437 -4.069903e-16 28.3778 3.236068 2.351141 27.70124 3.210194 0.8601689 27.70124 3.210194 0.8601689 28.3778 3.236068 2.351141 28.3778 3.236068 2.351141 27 3.719106 1.472498 27.67656 3.210194 0.8601689 27.67656 3.210194 0.8601689 27 3.719106 1.472498 27 3.719106 1.472498 28.3778 3.236068 -2.351141 28.3778 3.236068 -2.351141 28.3778 3.236068 -2.351141 27.70124 2.878181 -1.661719 27.70124 2.878181 -1.661719 27.70124 3.210194 -0.8601689 27.67656 3.210194 -0.8601689 27.67656 3.210194 -0.8601689 27.70124 3.210194 -0.8601689 27.70124 3.210194 -0.8601689 27.67656 3.210194 -0.8601689 27.67656 2.878181 -1.661719 27 2.549696 -3.082053 27 2.549696 -3.082053 27.67656 2.878181 -1.661719 27 2.549696 -3.082053 28.3778 3.719106 1.472498 27.70124 3.323437 -4.069903e-16 27.70124 3.323437 -4.069903e-16 28.3778 3.719106 1.472498 28.3778 3.719106 1.472498 27 3.968459 0.5013329 27.67656 3.323437 -4.069903e-16 27.67656 3.323437 -4.069903e-16 27 3.968459 0.5013329 27 3.968459 0.5013329 28.3778 3.719106 -1.472498 28.3778 3.719106 -1.472498 28.3778 3.719106 -1.472498 27.70124 3.210194 -0.8601689 27.70124 3.210194 -0.8601689 27.67656 3.210194 -0.8601689 27 3.236068 -2.351141 27 3.236068 -2.351141 27.67656 3.210194 -0.8601689 27 3.236068 -2.351141 28.3778 3.968459 -0.5013329 28.3778 3.968459 -0.5013329 28.3778 3.968459 -0.5013329 27 3.719106 -1.472498 27 3.719106 -1.472498 27 3.719106 -1.472498 28.3778 3.968459 0.5013329 28.3778 3.968459 0.5013329 28.3778 3.968459 0.5013329 27 3.968459 -0.5013329 27 3.968459 -0.5013329 27 3.968459 -0.5013329</float_array>
                    <technique_common>
                        <accessor count="390" source="#ID44" stride="3">
                            <param name="X" type="float" />
                            <param name="Y" type="float" />
                            <param name="Z" type="float" />
                        </accessor>
                    </technique_common>
                </source>
                <source id="ID42">
                    <float_array id="ID45" count="1170">0.7062827 0.6833399 -0.1849631 0.7077398 0.7064727 -0.00079538 0.7077755 0.7064367 -0.001047279 -0.7077755 -0.7064367 0.001047279 -0.7077398 -0.7064727 0.00079538 -0.7062827 -0.6833399 0.1849631 0 0 0 0 0 0 0 0 0 0.7090433 0.6829014 -0.175793 -0.7090433 -0.6829014 0.175793 0 0 0 0.7065802 0.6856698 0.1749325 -0.7065802 -0.6856698 -0.1749325 0 0 0 1.211364e-16 0.9659258 -0.258819 7.823573e-17 1 -3.118888e-16 7.823573e-17 1 -3.118888e-16 1.211364e-16 0.9659258 -0.258819 -1.211364e-16 -0.9659258 0.258819 -1.211364e-16 -0.9659258 0.258819 -7.823573e-17 -1 3.118888e-16 -7.823573e-17 -1 3.118888e-16 0 0 0 0 0 0 0.7045679 0.6132221 -0.3571311 -0.7045679 -0.6132221 0.3571311 0 0 0 0.7090651 0.681224 0.1821003 -0.7090651 -0.681224 -0.1821003 0 0 0 5.097787e-17 0.8660254 -0.5 5.097787e-17 0.8660254 -0.5 -5.097787e-17 -0.8660254 0.5 -5.097787e-17 -0.8660254 0.5 0 0 0 -9.234704e-17 0.9659258 0.258819 -9.234704e-17 0.9659258 0.258819 9.234704e-17 -0.9659258 -0.258819 9.234704e-17 -0.9659258 -0.258819 0 0 0 -0.7090651 0.681224 -0.1821003 -0.7077755 0.7064367 0.001047279 -0.7065802 0.6856698 -0.1749325 0.7065802 -0.6856698 0.1749325 0.7077755 -0.7064367 -0.001047279 0.7090651 -0.681224 0.1821003 0 0 0 0.7104971 0.6166484 -0.339026 -0.7104971 -0.6166484 0.339026 0 0 0 0.7055571 0.621622 0.3402575 -0.7055571 -0.621622 -0.3402575 0 0 0 -1.353092e-17 0.7071068 -0.7071068 -1.353092e-17 0.7071068 -0.7071068 1.353092e-17 -0.7071068 0.7071068 1.353092e-17 -0.7071068 0.7071068 0 0 0 0 0 0 -0.7101702 0.6096636 -0.3520919 -0.7055571 0.621622 -0.3402575 0.7055571 -0.621622 0.3402575 0.7101702 -0.6096636 0.3520919 0 0 0 -1.696152e-16 0.8660254 0.5 -1.696152e-16 0.8660254 0.5 1.696152e-16 -0.8660254 -0.5 1.696152e-16 -0.8660254 -0.5 0 0 0 0 0 0 -0.7062827 0.6833399 0.1849631 -0.7077398 0.7064727 0.00079538 0.7077398 -0.7064727 -0.00079538 0.7062827 -0.6833399 -0.1849631 0 0 0 0.7026121 0.5005577 -0.5057452 -0.7026121 -0.5005577 0.5057452 0.7101702 0.6096636 0.3520919 -0.7101702 -0.6096636 -0.3520919 7.580604e-18 0.5 -0.8660254 7.580604e-18 0.5 -0.8660254 -7.580604e-18 -0.5 0.8660254 -7.580604e-18 -0.5 0.8660254 0 0 0 0 0 0 -0.7111083 0.4968171 -0.4974914 -0.7046629 0.5182213 -0.4846617 0.7046629 -0.5182213 0.4846617 0.7111083 -0.4968171 0.4974914 0 0 0 1.582931e-32 0.7071068 0.7071068 1.582931e-32 0.7071068 0.7071068 -1.582931e-32 -0.7071068 -0.7071068 -1.582931e-32 -0.7071068 -0.7071068 0 0 0 0 0 0 -0.7045679 0.6132221 0.3571311 -0.7090433 0.6829014 0.175793 0.7090433 -0.6829014 -0.175793 0.7045679 -0.6132221 -0.3571311 0 0 0 0.7121065 0.5121059 -0.4802623 -0.7121065 -0.5121059 0.4802623 0 0 0 0.7046629 0.5182213 0.4846617 -0.7046629 -0.5182213 -0.4846617 0 0 0 -1.513442e-17 0.258819 -0.9659258 -1.513442e-17 0.258819 -0.9659258 1.513442e-17 -0.258819 0.9659258 1.513442e-17 -0.258819 0.9659258 0 0 0 0 0 0 0.7003957 0.3527303 -0.6205056 -0.7003957 -0.3527303 0.6205056 -0.7118966 0.3504919 -0.608571 -0.7038891 0.381884 -0.5989197 0.7038891 -0.381884 0.5989197 0.7118966 -0.3504919 0.608571 0 0 0 0.7111083 0.4968171 0.4974914 -0.7111083 -0.4968171 -0.4974914 1.696152e-16 0.5 0.8660254 1.696152e-16 0.5 0.8660254 -1.696152e-16 -0.5 -0.8660254 -1.696152e-16 -0.5 -0.8660254 0 0 0 0 0 0 -0.7026121 0.5005577 0.5057452 -0.7104971 0.6166484 0.339026 0.7104971 -0.6166484 -0.339026 0.7026121 -0.5005577 -0.5057452 0 0 0 5.850094e-17 -8.376443e-16 -1 5.850094e-17 -8.198221e-16 -1 -5.850094e-17 8.376443e-16 1 -5.850094e-17 8.198221e-16 1 0 0 0 0 0 0 0.6978993 0.1795605 -0.6933214 0.7138758 0.3760709 -0.5907216 -0.7138758 -0.3760709 0.5907216 -0.6978993 -0.1795605 0.6933214 0 0 0 -0.712551 0.1807067 -0.67795 -0.7032276 0.2211495 -0.6756951 0.7032276 -0.2211495 0.6756951 0.712551 -0.1807067 0.67795 0 0 0 0.7038891 0.381884 0.5989197 -0.7038891 -0.381884 -0.5989197 0 0 0 0.7118966 0.3504919 0.608571 -0.7118966 -0.3504919 -0.608571 6.77129e-17 0.258819 0.9659258 6.77129e-17 0.258819 0.9659258 -6.77129e-17 -0.258819 -0.9659258 -6.77129e-17 -0.258819 -0.9659258 0 0 0 0 0 0 -0.7003957 0.3527303 0.6205056 -0.7121065 0.5121059 0.4802623 0.7121065 -0.5121059 -0.4802623 0.7003957 -0.3527303 -0.6205056 0 0 0 1.457248e-16 -0.258819 -0.9659258 1.457248e-16 -0.258819 -0.9659258 -1.457248e-16 0.258819 0.9659258 -1.457248e-16 0.258819 0.9659258 0 0 0 0 0 0 0.7158078 0.217298 -0.663627 0.6951035 -0.007332413 -0.7188723 -0.6951035 0.007332413 0.7188723 -0.7158078 -0.217298 0.663627 0 0 0 -0.7130861 -0.000984766 -0.7010758 -0.70267 0.04613983 -0.7100183 0.70267 -0.04613983 0.7100183 0.7130861 0.000984766 0.7010758 0 0 0 0.7032276 0.2211495 0.6756951 -0.7032276 -0.2211495 -0.6756951 0 0 0 0.712551 0.1807067 0.67795 -0.712551 -0.1807067 -0.67795 -4.436892e-17 -6.237777e-17 1 -4.436892e-17 -8.019999e-17 1 4.436892e-17 8.019999e-17 -1 4.436892e-17 6.237777e-17 -1 0 0 0 0 0 0 -0.6978993 0.1795605 0.6933214 -0.7138758 0.3760709 0.5907216 0.7138758 -0.3760709 -0.5907216 0.6978993 -0.1795605 -0.6933214 0 0 0 2.938641e-16 -0.5 -0.8660254 2.938641e-16 -0.5 -0.8660254 -2.938641e-16 0.5 0.8660254 -2.938641e-16 0.5 0.8660254 0 0 0 0 0 0 0.7179043 0.04592808 -0.6946251 0.6919886 -0.1952938 -0.6949907 -0.6919886 0.1952938 0.6949907 -0.7179043 -0.04592808 0.6946251 0 0 0 -0.7135152 -0.1822699 -0.6765159 -0.7022086 -0.1320844 -0.6996119 0.7022086 0.1320844 0.6996119 0.7135152 0.1822699 0.6765159 0 0 0 0.70267 0.04613983 0.7100183 -0.70267 -0.04613983 -0.7100183 0 0 0 0.7130861 -0.000984766 0.7010758 -0.7130861 0.000984766 -0.7010758 1.628513e-16 -0.258819 0.9659258 1.628513e-16 -0.258819 0.9659258 -1.628513e-16 0.258819 -0.9659258 -1.628513e-16 0.258819 -0.9659258 0 0 0 0 0 0 -0.6951035 -0.007332413 0.7188723 -0.7158078 0.217298 0.663627 0.7158078 -0.217298 -0.663627 0.6951035 0.007332413 -0.7188723 0 0 0 2.780604e-16 -0.7071068 -0.7071068 2.780604e-16 -0.7071068 -0.7071068 -2.780604e-16 0.7071068 0.7071068 -2.780604e-16 0.7071068 0.7071068 0 0 0 0 0 0 0.7201654 -0.1271671 -0.6820486 0.6885349 -0.3714731 -0.6228382 -0.6885349 0.3714731 0.6228382 -0.7201654 0.1271671 0.6820486 0 0 0 -0.7018361 -0.3022309 -0.6450446 -0.7138498 -0.3508999 -0.6060427 0.7138498 0.3508999 0.6060427 0.7018361 0.3022309 0.6450446 0 0 0 0.7022086 -0.1320844 0.6996119 -0.7022086 0.1320844 -0.6996119 0 0 0 0.7135152 -0.1822699 0.6765159 -0.7135152 0.1822699 -0.6765159 -3.327765e-17 -0.5 0.8660254 -3.327765e-17 -0.5 0.8660254 3.327765e-17 0.5 -0.8660254 3.327765e-17 0.5 -0.8660254 0 0 0 0 0 0 -0.6919886 -0.1952938 0.6949907 -0.7179043 0.04592808 0.6946251 0.7179043 -0.04592808 -0.6946251 0.6919886 0.1952938 -0.6949907 0 0 0 1.225582e-16 -0.8660254 -0.5 1.225582e-16 -0.8660254 -0.5 -1.225582e-16 0.8660254 0.5 -1.225582e-16 0.8660254 0.5 0 0 0 0 0 0 0.6847226 -0.5236855 -0.5068614 0.72259 -0.2910843 -0.6270037 -0.72259 0.2910843 0.6270037 -0.6847226 0.5236855 0.5068614 0 0 0 -0.7015463 -0.4534988 -0.5497014 -0.7140997 -0.4955055 -0.4945058 0.7140997 0.4955055 0.4945058 0.7015463 0.4534988 0.5497014 0 0 0 0.7018361 -0.3022309 0.6450446 -0.7018361 0.3022309 -0.6450446 0 0 0 0.7138498 -0.3508999 0.6060427 -0.7138498 0.3508999 -0.6060427 -3.121516e-16 -0.7071068 0.7071068 -3.121516e-16 -0.7071068 0.7071068 3.121516e-16 0.7071068 -0.7071068 3.121516e-16 0.7071068 -0.7071068 0 0 0 0 0 0 -0.6885349 -0.3714731 0.6228382 -0.7201654 -0.1271671 0.6820486 0.7201654 0.1271671 -0.6820486 0.6885349 0.3714731 -0.6228382 0 0 0 1.054431e-16 -0.9659258 -0.258819 1.054431e-16 -0.9659258 -0.258819 -1.054431e-16 0.9659258 0.258819 -1.054431e-16 0.9659258 0.258819 0 0 0 0 0 0 0.6805315 -0.6412373 -0.3545301 0.7251757 -0.435584 -0.5332792 -0.7251757 0.435584 0.5332792 -0.6805315 0.6412373 0.3545301 0 0 0 -0.7013338 -0.5762727 -0.419572 -0.7142726 -0.6063523 -0.349502 0.7142726 0.6063523 0.349502 0.7013338 0.5762727 0.419572 0 0 0 0.7015463 -0.4534988 0.5497014 -0.7015463 0.4534988 -0.5497014 0 0 0 0.7140997 -0.4955055 0.4945058 -0.7140997 0.4955055 -0.4945058 -1.136809e-16 -0.8660254 0.5 -1.136809e-16 -0.8660254 0.5 1.136809e-16 0.8660254 -0.5 1.136809e-16 0.8660254 -0.5 0 0 0 0 0 0 -0.6847226 -0.5236855 0.5068614 -0.72259 -0.2910843 0.6270037 0.72259 0.2910843 -0.6270037 0.6847226 0.5236855 -0.5068614 0 0 0 2.481729e-17 -1 4.277333e-16 2.481729e-17 -1 4.277333e-16 -2.481729e-17 1 -4.277333e-16 -2.481729e-17 1 -4.277333e-16 0 0 0 0 0 0 0.7279188 -0.5517395 -0.4070844 0.675941 -0.7156629 -0.1758701 -0.675941 0.7156629 0.1758701 -0.7279188 0.5517395 0.4070844 0 0 0 -0.7011945 -0.6627405 -0.2628712 -0.714374 -0.6759868 -0.1808635 0.714374 0.6759868 0.1808635 0.7011945 0.6627405 0.2628712 0 0 0 0.7013338 -0.5762727 0.419572 -0.7013338 0.5762727 -0.419572 0 0 0 0.7142726 -0.6063523 0.349502 -0.7142726 0.6063523 -0.349502 -2.557564e-18 -0.9659258 0.258819 -2.557564e-18 -0.9659258 0.258819 2.557564e-18 0.9659258 -0.258819 2.557564e-18 0.9659258 -0.258819 0 0 0 0 0 0 -0.6805315 -0.6412373 0.3545301 -0.7251757 -0.435584 0.5332792 0.7251757 0.435584 -0.5332792 0.6805315 0.6412373 -0.3545301 0 0 0 0.7308146 -0.6324948 -0.2566326 0.7085168 -0.7055223 -0.01556523 -0.7085168 0.7055223 0.01556523 -0.7308146 0.6324948 0.2566326 0 0 0 -0.7011256 -0.7073967 -0.08951474 -0.7085168 -0.7055223 0.01556523 0.7085168 0.7055223 -0.01556523 0.7011256 0.7073967 0.08951474 0 0 0 0.7011945 -0.6627405 0.2628712 -0.7011945 0.6627405 -0.2628712 0 0 0 0.714374 -0.6759868 0.1808635 -0.714374 0.6759868 -0.1808635 -0.675941 -0.7156629 0.1758701 -0.7279188 -0.5517395 0.4070844 0.7279188 0.5517395 -0.4070844 0.675941 0.7156629 -0.1758701 0 0 0 0.7011256 -0.7073967 0.08951474 -0.7011256 0.7073967 -0.08951474 0 0 0 -0.7308146 -0.6324948 0.2566326 0.7308146 0.6324948 -0.2566326 0 0 0 0.7262854 -0.6791102 -0.1063903 -0.7262854 0.6791102 0.1063903 0 0 0 -0.7262854 -0.6791102 0.1063903 0.7262854 0.6791102 -0.1063903 0 0 0</float_array>
                    <technique_common>
                        <accessor count="390" source="#ID45" stride="3">
                            <param name="X" type="float" />
                            <param name="Y" type="float" />
                            <param name="Z" type="float" />
                        </accessor>
                    </technique_common>
                </source>
                <vertices id="ID43">
                    <input semantic="POSITION" source="#ID41" />
                    <input semantic="NORMAL" source="#ID42" />
                </vertices>
                <triangles count="292" material="Material2">
                    <input offset="0" semantic="VERTEX" source="#ID43" />
                    <p>0 1 2 3 4 5 0 9 1 4 10 5 2 1 12 13 4 3 15 16 17 16 15 18 19 20 21 22 21 20 25 9 0 5 10 26 28 2 12 13 3 29 31 18 15 18 31 32 33 34 19 20 19 34 17 36 37 36 17 16 21 22 38 39 38 22 41 42 43 44 45 46 25 48 9 10 49 26 28 12 51 52 13 29 54 32 31 32 54 55 56 57 33 34 33 57 60 41 61 62 46 63 37 65 66 65 37 36 38 39 67 68 67 39 71 72 42 45 73 74 41 43 61 62 44 46 42 72 43 44 73 45 76 48 25 26 49 77 78 28 51 52 29 79 80 54 81 54 80 55 56 82 57 83 57 82 86 60 87 88 63 89 60 61 87 88 62 63 66 91 92 91 66 65 67 68 93 94 93 68 97 98 71 74 99 100 71 98 72 73 99 74 76 102 48 49 103 77 78 51 105 106 52 79 108 81 109 81 108 80 82 110 83 111 83 110 114 102 76 77 103 115 116 86 117 118 89 119 117 86 87 88 89 118 121 78 105 106 79 122 91 123 92 123 91 124 125 93 126 94 126 93 129 130 97 100 131 132 97 130 98 99 131 100 134 109 135 109 134 108 110 136 111 137 111 136 140 141 114 115 142 143 145 116 146 147 119 148 114 141 102 103 142 115 146 116 117 118 119 147 150 121 105 106 122 151 153 121 150 151 122 154 124 155 123 155 124 156 157 125 158 126 158 125 161 162 129 132 163 164 129 162 130 131 163 132 166 135 167 135 166 134 136 168 137 169 137 168 172 140 173 174 143 175 177 145 178 179 148 180 140 172 141 142 175 143 145 146 178 179 147 148 182 153 150 151 154 183 185 153 182 183 154 186 156 187 155 187 156 188 189 157 190 158 190 157 193 194 161 164 195 196 161 194 162 163 195 164 198 167 199 167 198 166 168 200 169 201 169 200 204 173 205 206 174 207 209 177 210 211 180 212 173 204 172 175 207 174 177 178 210 211 179 180 214 185 182 183 186 215 217 185 214 215 186 218 188 219 187 219 188 220 221 189 222 190 222 189 225 226 193 196 227 228 193 226 194 195 227 196 230 199 231 199 230 198 200 232 201 233 201 232 236 205 237 238 206 239 241 242 209 212 243 244 205 236 204 207 239 206 241 209 210 211 212 244 246 217 214 215 218 247 249 217 246 247 218 250 220 251 219 251 220 252 253 221 254 222 254 221 257 258 225 228 259 260 225 258 226 227 259 228 230 262 263 262 230 231 233 232 264 265 264 232 268 269 237 238 270 271 273 274 242 243 275 276 269 236 237 238 239 270 273 242 241 244 243 276 278 249 246 247 250 279 278 281 249 250 282 279 252 283 251 283 252 284 285 253 286 254 286 253 289 290 257 260 291 292 257 290 258 259 291 260 263 294 295 294 263 262 264 265 296 297 296 265 300 301 268 271 302 303 305 306 274 275 307 308 301 269 268 271 270 302 305 274 273 276 275 308 310 281 278 279 282 311 310 313 281 282 314 311 315 283 284 283 315 316 317 318 286 285 286 318 321 322 289 292 323 324 322 290 289 292 291 323 295 326 327 326 295 294 296 297 328 329 328 297 332 300 333 334 303 335 337 338 306 307 339 340 332 301 300 303 302 335 337 306 305 308 307 340 342 313 310 311 314 343 342 345 313 314 346 343 347 316 315 316 347 348 349 350 317 318 317 350 353 354 321 324 355 356 354 322 321 324 323 355 327 348 347 348 327 326 328 329 349 350 349 329 358 333 359 360 334 361 363 364 338 339 365 366 358 332 333 334 335 361 337 363 338 339 366 340 368 345 342 343 346 369 368 371 345 346 372 369 373 374 353 356 375 376 374 354 353 356 355 375 378 359 371 372 360 379 364 381 373 376 382 365 384 358 359 360 361 385 363 387 364 365 388 366 378 371 368 369 372 379 381 374 373 376 375 382 384 359 378 379 360 385 387 381 364 365 382 388</p>
                </triangles>
                <lines count="220" material="Material3">
                    <input offset="0" semantic="VERTEX" source="#ID43" />
                    <p />
                </lines>
            </mesh>
        </geometry>
        <geometry id="ID47">
            <mesh>
                <source id="ID48">
                    <float_array id="ID51" count="2814">30.66104 0.2956361 -6.1513 30.07236 0.09857905 -6.157611 30.07236 0.2956361 -6.1513 30.66104 0.09857905 -6.157611 30.66104 0.09857905 -6.157611 30.66104 0.2956361 -6.1513 30.07236 0.09857905 -6.157611 30.07236 0.2956361 -6.1513 30.07236 0.2956361 -6.1513 30.66104 0.2956361 -6.1513 30.66104 0.09857905 -6.157611 30.07236 0.09857905 -6.157611 29.77528 3.92407 -4.056422 29.77528 1.55093 -5.426556 29.6778 2.7375 -4.741489 30.07236 0.2956361 -6.1513 30.07236 5.179364 -3.331678 30.66104 0.2956361 -6.1513 30.66104 5.179364 -3.331678 30.95812 3.92407 -4.056422 30.95812 1.55093 -5.426556 31.0556 2.7375 -4.741489 31.0556 2.7375 -4.741489 30.95812 3.92407 -4.056422 30.95812 1.55093 -5.426556 30.66104 0.2956361 -6.1513 30.66104 5.179364 -3.331678 30.07236 5.179364 -3.331678 30.07236 0.2956361 -6.1513 29.77528 3.92407 -4.056422 29.77528 1.55093 -5.426556 29.6778 2.7375 -4.741489 31.0556 2.7375 -4.741489 30.95812 1.55093 -5.426556 29.77528 1.55093 -5.426556 29.6778 2.7375 -4.741489 29.77528 3.92407 -4.056422 30.07236 5.179364 -3.331678 30.66104 5.179364 -3.331678 30.95812 3.92407 -4.056422 30.66104 0.2956361 -6.1513 31.0556 -0.5722933 -5.445007 30.66104 0.09857905 -6.157611 30.66104 0.09857905 -6.157611 31.0556 -0.5722933 -5.445007 30.66104 0.2956361 -6.1513 31.0556 -0.5722933 -5.445007 30.07236 -0.09857905 -6.157611 30.66104 -0.09857905 -6.157611 30.66104 -0.09857905 -6.157611 30.07236 -0.09857905 -6.157611 30.66104 -0.09857905 -6.157611 30.07236 -0.09857905 -6.157611 29.6778 0.5722933 -5.445007 30.07236 0.2956361 -6.1513 30.07236 0.09857905 -6.157611 30.07236 0.09857905 -6.157611 30.07236 0.2956361 -6.1513 29.6778 0.5722933 -5.445007 29.6778 0.5722933 -5.445007 31.0556 2.7375 -4.741489 31.0556 1.691868 -5.207034 30.95812 1.55093 -5.426556 30.95812 1.55093 -5.426556 31.0556 1.691868 -5.207034 31.0556 2.7375 -4.741489 31.0556 1.691868 -5.207034 31.0556 0.5722933 -5.445007 31.0556 0.5722933 -5.445007 31.0556 0.5722933 -5.445007 29.6778 1.691868 -5.207034 29.77528 1.55093 -5.426556 29.77528 1.55093 -5.426556 29.6778 1.691868 -5.207034 29.6778 1.691868 -5.207034 29.6778 2.7375 -4.741489 29.6778 2.7375 -4.741489 29.77528 3.92407 -4.056422 29.6778 2.7375 -4.741489 29.6778 3.66349 -4.068718 29.6778 3.66349 -4.068718 29.6778 2.7375 -4.741489 29.77528 3.92407 -4.056422 29.6778 3.66349 -4.068718 30.07236 5.179364 -3.331678 29.77528 3.92407 -4.056422 29.6778 5.001661 -2.226883 29.6778 5.001661 -2.226883 29.77528 3.92407 -4.056422 30.07236 5.179364 -3.331678 29.6778 5.001661 -2.226883 30.07236 5.283358 -3.164177 30.66104 5.179364 -3.331678 30.07236 5.179364 -3.331678 30.66104 5.283358 -3.164177 30.66104 5.283358 -3.164177 30.07236 5.283358 -3.164177 30.66104 5.179364 -3.331678 30.07236 5.179364 -3.331678 30.66104 5.283358 -3.164177 30.07236 5.283358 -3.164177 30.66104 5.179364 -3.331678 31.0556 4.429368 -3.218124 30.95812 3.92407 -4.056422 30.95812 3.92407 -4.056422 31.0556 4.429368 -3.218124 30.66104 5.179364 -3.331678 31.0556 4.429368 -3.218124 31.0556 3.66349 -4.068718 31.0556 2.7375 -4.741489 31.0556 2.7375 -4.741489 31.0556 3.66349 -4.068718 31.0556 3.66349 -4.068718 30.66104 -0.09857905 -6.157611 30.66104 -0.09857905 -6.157611 30.66104 -0.2956361 -6.1513 30.07236 -0.2956361 -6.1513 30.66104 -0.2956361 -6.1513 30.07236 -0.2956361 -6.1513 30.66104 -0.2956361 -6.1513 30.07236 -0.2956361 -6.1513 30.07236 -0.09857905 -6.157611 30.07236 -0.09857905 -6.157611 31.0556 -3.66349 -4.068718 31.0556 -4 0 31.0556 -4.429368 -3.218124 31.0556 -3.874333 -0.9947595 31.0556 -3.505227 -1.927015 31.0556 -2.7375 -4.741489 31.0556 -2.915875 -2.738188 31.0556 -2.143307 -3.377312 31.0556 -1.691868 -5.207034 31.0556 -1.236068 -3.804226 31.0556 -0.5722933 -5.445007 31.0556 -0.2511621 -3.992107 31.0556 0.5722933 -5.445007 31.0556 0.7495253 -3.929149 31.0556 1.691868 -5.207034 31.0556 1.703117 -3.619308 31.0556 2.7375 -4.741489 31.0556 2.549696 -3.082053 31.0556 3.236068 -2.351141 31.0556 3.66349 -4.068718 31.0556 3.719106 -1.472498 31.0556 4.429368 -3.218124 31.0556 3.968459 -0.5013329 31.0556 3.968459 0.5013329 31.0556 -5.355358 -1.138317 31.0556 -5.355358 1.138317 31.0556 -5.475 0 31.0556 -5.001661 2.226883 31.0556 -5.001661 -2.226883 31.0556 -4.429368 3.218124 31.0556 -3.66349 4.068718 31.0556 -3.874333 0.9947595 31.0556 -3.505227 1.927015 31.0556 -2.7375 4.741489 31.0556 -2.915875 2.738188 31.0556 -2.143307 3.377312 31.0556 -1.691868 5.207034 31.0556 -1.236068 3.804226 31.0556 -0.5722933 5.445007 31.0556 -0.2511621 3.992107 31.0556 0.5722933 5.445007 31.0556 0.7495253 3.929149 31.0556 1.691868 5.207034 31.0556 1.703117 3.619308 31.0556 2.7375 4.741489 31.0556 2.549696 3.082053 31.0556 3.236068 2.351141 31.0556 3.66349 4.068718 31.0556 3.719106 1.472498 31.0556 4.429368 3.218124 31.0556 5.001661 -2.226883 31.0556 5.001661 2.226883 31.0556 5.355358 -1.138317 31.0556 5.355358 1.138317 31.0556 5.475 -6.661338e-16 31.0556 5.475 -6.661338e-16 31.0556 5.355358 -1.138317 31.0556 5.355358 1.138317 31.0556 5.001661 2.226883 31.0556 5.001661 -2.226883 31.0556 4.429368 3.218124 31.0556 4.429368 -3.218124 31.0556 3.968459 0.5013329 31.0556 3.719106 1.472498 31.0556 3.66349 4.068718 31.0556 3.236068 2.351141 31.0556 2.7375 4.741489 31.0556 2.549696 3.082053 31.0556 1.703117 3.619308 31.0556 1.691868 5.207034 31.0556 0.7495253 3.929149 31.0556 0.5722933 5.445007 31.0556 -0.2511621 3.992107 31.0556 -0.5722933 5.445007 31.0556 -1.236068 3.804226 31.0556 -1.691868 5.207034 31.0556 -2.143307 3.377312 31.0556 -2.7375 4.741489 31.0556 -2.915875 2.738188 31.0556 -3.505227 1.927015 31.0556 -3.66349 4.068718 31.0556 -3.874333 0.9947595 31.0556 -4 0 31.0556 -4.429368 -3.218124 31.0556 -4.429368 3.218124 31.0556 -5.001661 2.226883 31.0556 -5.001661 -2.226883 31.0556 -5.355358 -1.138317 31.0556 -5.355358 1.138317 31.0556 -5.475 0 31.0556 3.968459 -0.5013329 31.0556 3.719106 -1.472498 31.0556 3.66349 -4.068718 31.0556 3.236068 -2.351141 31.0556 2.7375 -4.741489 31.0556 2.549696 -3.082053 31.0556 1.703117 -3.619308 31.0556 1.691868 -5.207034 31.0556 0.7495253 -3.929149 31.0556 0.5722933 -5.445007 31.0556 -0.2511621 -3.992107 31.0556 -0.5722933 -5.445007 31.0556 -1.236068 -3.804226 31.0556 -1.691868 -5.207034 31.0556 -2.143307 -3.377312 31.0556 -2.7375 -4.741489 31.0556 -2.915875 -2.738188 31.0556 -3.505227 -1.927015 31.0556 -3.66349 -4.068718 31.0556 -3.874333 -0.9947595 31.0556 -3.66349 -4.068718 31.0556 -4.429368 -3.218124 31.0556 -2.7375 -4.741489 31.0556 -1.691868 -5.207034 31.0556 5.001661 -2.226883 31.0556 5.355358 -1.138317 31.0556 5.475 -6.661338e-16 31.0556 5.355358 1.138317 31.0556 5.001661 2.226883 31.0556 4.429368 3.218124 31.0556 3.66349 4.068718 31.0556 2.7375 4.741489 31.0556 1.691868 5.207034 31.0556 0.5722933 5.445007 31.0556 -0.5722933 5.445007 31.0556 -1.691868 5.207034 31.0556 -2.7375 4.741489 31.0556 -3.66349 4.068718 31.0556 -4.429368 3.218124 31.0556 -5.001661 2.226883 31.0556 -5.355358 1.138317 31.0556 -5.475 0 31.0556 -5.355358 -1.138317 31.0556 -5.001661 -2.226883 31.0556 -2.915875 -2.738188 31.0556 -2.143307 -3.377312 31.0556 -3.505227 -1.927015 31.0556 -3.874333 -0.9947595 31.0556 -4 0 31.0556 -3.874333 0.9947595 31.0556 -3.505227 1.927015 31.0556 -2.915875 2.738188 31.0556 -2.143307 3.377312 31.0556 -1.236068 3.804226 31.0556 -0.2511621 3.992107 31.0556 0.7495253 3.929149 31.0556 1.703117 3.619308 31.0556 2.549696 3.082053 31.0556 3.236068 2.351141 31.0556 3.719106 1.472498 31.0556 3.968459 0.5013329 31.0556 3.968459 -0.5013329 31.0556 3.719106 -1.472498 31.0556 3.236068 -2.351141 31.0556 2.549696 -3.082053 31.0556 1.703117 -3.619308 31.0556 0.7495253 -3.929149 31.0556 -0.2511621 -3.992107 31.0556 -1.236068 -3.804226 29.6778 -3.66349 4.068718 29.6778 -4 0 29.6778 -4.429368 3.218124 29.6778 -3.874333 0.9947595 29.6778 -3.505227 1.927015 29.6778 -2.7375 4.741489 29.6778 -2.915875 2.738188 29.6778 -2.143307 3.377312 29.6778 -1.691868 5.207034 29.6778 -1.236068 3.804226 29.6778 -0.5722933 5.445007 29.6778 -0.2511621 3.992107 29.6778 0.5722933 5.445007 29.6778 0.7495253 3.929149 29.6778 1.691868 5.207034 29.6778 1.703117 3.619308 29.6778 2.7375 4.741489 29.6778 2.549696 3.082053 29.6778 3.236068 2.351141 29.6778 3.66349 4.068718 29.6778 3.719106 1.472498 29.6778 4.429368 3.218124 29.6778 3.968459 0.5013329 29.6778 3.968459 -0.5013329 29.6778 -5.355358 1.138317 29.6778 -5.355358 -1.138317 29.6778 -5.475 0 29.6778 -5.001661 -2.226883 29.6778 -5.001661 2.226883 29.6778 -4.429368 -3.218124 29.6778 -3.66349 -4.068718 29.6778 -3.874333 -0.9947595 29.6778 -3.505227 -1.927015 29.6778 -2.7375 -4.741489 29.6778 -2.915875 -2.738188 29.6778 -2.143307 -3.377312 29.6778 -1.691868 -5.207034 29.6778 -1.236068 -3.804226 29.6778 -0.5722933 -5.445007 29.6778 -0.2511621 -3.992107 29.6778 0.5722933 -5.445007 29.6778 0.7495253 -3.929149 29.6778 1.691868 -5.207034 29.6778 1.703117 -3.619308 29.6778 2.7375 -4.741489 29.6778 2.549696 -3.082053 29.6778 3.236068 -2.351141 29.6778 3.66349 -4.068718 29.6778 3.719106 -1.472498 29.6778 4.429368 -3.218124 29.6778 5.001661 2.226883 29.6778 5.001661 -2.226883 29.6778 5.355358 1.138317 29.6778 5.355358 -1.138317 29.6778 5.475 -6.661338e-16 29.6778 5.475 -6.661338e-16 29.6778 5.355358 1.138317 29.6778 5.355358 -1.138317 29.6778 5.001661 -2.226883 29.6778 5.001661 2.226883 29.6778 4.429368 -3.218124 29.6778 4.429368 3.218124 29.6778 3.968459 -0.5013329 29.6778 3.719106 -1.472498 29.6778 3.66349 -4.068718 29.6778 3.236068 -2.351141 29.6778 2.7375 -4.741489 29.6778 2.549696 -3.082053 29.6778 1.703117 -3.619308 29.6778 1.691868 -5.207034 29.6778 0.7495253 -3.929149 29.6778 0.5722933 -5.445007 29.6778 -0.2511621 -3.992107 29.6778 -0.5722933 -5.445007 29.6778 -1.236068 -3.804226 29.6778 -1.691868 -5.207034 29.6778 -2.143307 -3.377312 29.6778 -2.7375 -4.741489 29.6778 -2.915875 -2.738188 29.6778 -3.505227 -1.927015 29.6778 -3.66349 -4.068718 29.6778 -3.874333 -0.9947595 29.6778 -4 0 29.6778 -4.429368 3.218124 29.6778 -4.429368 -3.218124 29.6778 -5.001661 -2.226883 29.6778 -5.001661 2.226883 29.6778 -5.355358 1.138317 29.6778 -5.355358 -1.138317 29.6778 -5.475 0 29.6778 3.968459 0.5013329 29.6778 3.719106 1.472498 29.6778 3.66349 4.068718 29.6778 3.236068 2.351141 29.6778 2.7375 4.741489 29.6778 2.549696 3.082053 29.6778 1.703117 3.619308 29.6778 1.691868 5.207034 29.6778 0.7495253 3.929149 29.6778 0.5722933 5.445007 29.6778 -0.2511621 3.992107 29.6778 -0.5722933 5.445007 29.6778 -1.236068 3.804226 29.6778 -1.691868 5.207034 29.6778 -2.143307 3.377312 29.6778 -2.7375 4.741489 29.6778 -2.915875 2.738188 29.6778 -3.505227 1.927015 29.6778 -3.66349 4.068718 29.6778 -3.874333 0.9947595 29.6778 -5.001661 2.226883 29.6778 -5.355358 1.138317 29.6778 -4.429368 3.218124 29.6778 -3.66349 4.068718 29.6778 -2.7375 4.741489 29.6778 -1.691868 5.207034 29.6778 -0.5722933 5.445007 29.6778 0.5722933 5.445007 29.6778 1.691868 5.207034 29.6778 2.7375 4.741489 29.6778 3.66349 4.068718 29.6778 4.429368 3.218124 29.6778 5.001661 2.226883 29.6778 5.355358 1.138317 29.6778 5.475 -6.661338e-16 29.6778 5.355358 -1.138317 29.6778 4.429368 -3.218124 29.6778 -0.5722933 -5.445007 29.6778 -1.691868 -5.207034 29.6778 -2.7375 -4.741489 29.6778 -3.66349 -4.068718 29.6778 -4.429368 -3.218124 29.6778 -5.001661 -2.226883 29.6778 -5.355358 -1.138317 29.6778 -5.475 0 29.6778 -3.505227 1.927015 29.6778 -2.915875 2.738188 29.6778 -3.874333 0.9947595 29.6778 -4 0 29.6778 -3.874333 -0.9947595 29.6778 -3.505227 -1.927015 29.6778 -2.915875 -2.738188 29.6778 -2.143307 -3.377312 29.6778 -1.236068 -3.804226 29.6778 -0.2511621 -3.992107 29.6778 0.7495253 -3.929149 29.6778 1.703117 -3.619308 29.6778 2.549696 -3.082053 29.6778 3.236068 -2.351141 29.6778 3.719106 -1.472498 29.6778 3.968459 -0.5013329 29.6778 3.968459 0.5013329 29.6778 3.719106 1.472498 29.6778 3.236068 2.351141 29.6778 2.549696 3.082053 29.6778 1.703117 3.619308 29.6778 0.7495253 3.929149 29.6778 -0.2511621 3.992107 29.6778 -1.236068 3.804226 29.6778 -2.143307 3.377312 29.6778 4.429368 -3.218124 29.6778 4.429368 -3.218124 30.07236 5.283358 -3.164177 30.07236 5.283358 -3.164177 29.6778 5.001661 -2.226883 29.77528 3.92407 -4.056422 29.6778 4.429368 -3.218124 29.6778 4.429368 -3.218124 29.77528 3.92407 -4.056422 29.6778 5.001661 -2.226883 30.07236 5.381937 -2.993434 30.66104 5.381937 -2.993434 30.66104 5.381937 -2.993434 30.07236 5.381937 -2.993434 30.66104 5.381937 -2.993434 30.07236 5.381937 -2.993434 30.66104 5.283358 -3.164177 30.66104 5.283358 -3.164177 30.66104 -0.2956361 -6.1513 30.66104 -0.2956361 -6.1513 29.77528 -1.55093 -5.426556 29.77528 -3.92407 -4.056422 29.6778 -2.7375 -4.741489 30.07236 -0.2956361 -6.1513 30.07236 -5.179364 -3.331678 30.66104 -0.2956361 -6.1513 30.66104 -5.179364 -3.331678 30.95812 -1.55093 -5.426556 30.95812 -3.92407 -4.056422 31.0556 -2.7375 -4.741489 31.0556 -2.7375 -4.741489 30.95812 -1.55093 -5.426556 30.95812 -3.92407 -4.056422 30.66104 -5.179364 -3.331678 30.66104 -0.2956361 -6.1513 30.07236 -5.179364 -3.331678 30.07236 -0.2956361 -6.1513 29.77528 -3.92407 -4.056422 29.77528 -1.55093 -5.426556 29.6778 -2.7375 -4.741489 29.77528 -3.92407 -4.056422 29.77528 -1.55093 -5.426556 30.95812 -1.55093 -5.426556 30.95812 -3.92407 -4.056422 30.66104 -5.179364 -3.331678 30.07236 -5.179364 -3.331678 30.07236 -0.2956361 -6.1513 30.07236 -0.2956361 -6.1513 31.0556 -3.66349 -4.068718 31.0556 -4.429368 -3.218124 30.95812 -3.92407 -4.056422 30.95812 -3.92407 -4.056422 31.0556 -4.429368 -3.218124 31.0556 -3.66349 -4.068718 31.0556 -2.7375 -4.741489 31.0556 -2.7375 -4.741489 30.95812 -1.55093 -5.426556 31.0556 -1.691868 -5.207034 31.0556 -2.7375 -4.741489 31.0556 -2.7375 -4.741489 31.0556 -1.691868 -5.207034 30.95812 -1.55093 -5.426556 30.66104 5.475 -2.819622 31.0556 5.001661 -2.226883 31.0556 5.001661 -2.226883 30.66104 5.475 -2.819622 30.66104 5.475 -2.819622 30.95812 5.475 -1.370133 31.0556 5.355358 -1.138317 31.0556 5.355358 -1.138317 30.95812 5.475 -1.370133 30.95812 5.475 -1.370133 31.0556 5.475 -6.661338e-16 31.0556 5.475 -6.661338e-16 30.95812 5.475 1.370133 31.0556 5.355358 1.138317 31.0556 5.475 -6.661338e-16 31.0556 5.475 -6.661338e-16 31.0556 5.355358 1.138317 30.95812 5.475 1.370133 30.95812 5.475 1.370133 30.66104 5.475 2.819622 31.0556 5.001661 2.226883 31.0556 5.001661 2.226883 30.66104 5.475 2.819622 30.66104 5.475 2.819622 30.95812 3.92407 4.056422 31.0556 4.429368 3.218124 31.0556 5.001661 2.226883 31.0556 5.001661 2.226883 31.0556 4.429368 3.218124 30.95812 3.92407 4.056422 30.95812 3.92407 4.056422 31.0556 4.429368 3.218124 30.95812 3.92407 4.056422 31.0556 3.66349 4.068718 31.0556 3.66349 4.068718 30.95812 3.92407 4.056422 31.0556 4.429368 3.218124 31.0556 2.7375 4.741489 31.0556 2.7375 4.741489 31.0556 2.7375 4.741489 30.95812 1.55093 5.426556 31.0556 1.691868 5.207034 31.0556 1.691868 5.207034 30.95812 1.55093 5.426556 31.0556 2.7375 4.741489 30.95812 1.55093 5.426556 30.66104 0.2956361 6.1513 31.0556 0.5722933 5.445007 31.0556 0.5722933 5.445007 30.66104 0.2956361 6.1513 30.66104 0.2956361 6.1513 31.0556 0.5722933 5.445007 30.95812 -1.55093 5.426556 31.0556 -0.5722933 5.445007 31.0556 -0.5722933 5.445007 30.95812 -1.55093 5.426556 31.0556 0.5722933 5.445007 30.95812 -1.55093 5.426556 31.0556 -0.5722933 5.445007 30.95812 -1.55093 5.426556 31.0556 -1.691868 5.207034 31.0556 -1.691868 5.207034 30.95812 -1.55093 5.426556 31.0556 -0.5722933 5.445007 31.0556 -2.7375 4.741489 31.0556 -2.7375 4.741489 31.0556 -2.7375 4.741489 30.95812 -3.92407 4.056422 31.0556 -3.66349 4.068718 31.0556 -3.66349 4.068718 30.95812 -3.92407 4.056422 31.0556 -2.7375 4.741489 30.95812 -3.92407 4.056422 30.66104 -5.179364 3.331678 31.0556 -4.429368 3.218124 31.0556 -4.429368 3.218124 30.66104 -5.179364 3.331678 30.66104 -5.179364 3.331678 30.66104 -5.475 2.819622 31.0556 -5.001661 2.226883 31.0556 -5.001661 2.226883 30.66104 -5.475 2.819622 30.66104 -5.475 2.819622 30.95812 -5.475 1.370133 31.0556 -5.355358 1.138317 31.0556 -5.355358 1.138317 30.95812 -5.475 1.370133 30.95812 -5.475 1.370133 31.0556 -5.475 0 31.0556 -5.475 0 31.0556 -5.355358 -1.138317 31.0556 -5.475 0 30.95812 -5.475 -1.370133 30.95812 -5.475 -1.370133 31.0556 -5.475 0 31.0556 -5.355358 -1.138317 30.95812 -5.475 -1.370133 31.0556 -5.001661 -2.226883 30.66104 -5.475 -2.819622 30.66104 -5.475 -2.819622 31.0556 -5.001661 -2.226883 30.66104 -5.475 -2.819622 30.66104 -5.179364 -3.331678 30.66104 -5.179364 -3.331678 29.6778 -5.001661 2.226883 29.6778 -5.355358 1.138317 30.07236 -5.475 2.819622 30.07236 -5.475 2.819622 29.6778 -5.355358 1.138317 29.6778 -5.001661 2.226883 30.07236 -5.475 2.819622 30.07236 -5.283358 3.164177 30.07236 -5.381937 2.993434 29.6778 -4.429368 3.218124 29.6778 -4.429368 3.218124 30.07236 -5.283358 3.164177 30.07236 -5.381937 2.993434 30.07236 -5.381937 2.993434 30.07236 -5.283358 3.164177 29.6778 -3.66349 4.068718 29.77528 -3.92407 4.056422 29.77528 -3.92407 4.056422 29.6778 -3.66349 4.068718 29.77528 -3.92407 4.056422 29.6778 -2.7375 4.741489 29.6778 -2.7375 4.741489 29.77528 -1.55093 5.426556 29.6778 -1.691868 5.207034 29.6778 -2.7375 4.741489 29.6778 -2.7375 4.741489 29.6778 -1.691868 5.207034 29.77528 -1.55093 5.426556 29.77528 -1.55093 5.426556 30.07236 -0.2956361 6.1513 29.6778 -0.5722933 5.445007 29.6778 -0.5722933 5.445007 30.07236 -0.2956361 6.1513 30.07236 -0.2956361 6.1513 29.6778 0.5722933 5.445007 29.6778 0.5722933 5.445007 29.6778 1.691868 5.207034 29.77528 1.55093 5.426556 29.77528 1.55093 5.426556 29.6778 1.691868 5.207034 29.77528 1.55093 5.426556 29.6778 2.7375 4.741489 29.6778 2.7375 4.741489 29.77528 3.92407 4.056422 29.6778 3.66349 4.068718 29.6778 2.7375 4.741489 29.6778 2.7375 4.741489 29.6778 3.66349 4.068718 29.77528 3.92407 4.056422 29.77528 3.92407 4.056422 29.6778 4.429368 3.218124 29.6778 4.429368 3.218124 30.07236 5.179364 3.331678 29.6778 5.001661 2.226883 29.6778 5.001661 2.226883 30.07236 5.179364 3.331678 30.07236 5.179364 3.331678 29.77528 5.475 1.370133 29.6778 5.355358 1.138317 29.6778 5.355358 1.138317 29.77528 5.475 1.370133 29.77528 5.475 1.370133 29.6778 5.475 -6.661338e-16 29.6778 5.475 -6.661338e-16 29.77528 5.475 -1.370133 29.6778 5.355358 -1.138317 29.6778 5.475 -6.661338e-16 29.6778 5.475 -6.661338e-16 29.6778 5.355358 -1.138317 29.77528 5.475 -1.370133 29.77528 5.475 -1.370133 30.07236 5.475 -2.819622 30.07236 5.475 -2.819622 30.07236 5.475 -2.819622 29.77528 -1.55093 -5.426556 29.6778 -0.5722933 -5.445007 29.6778 0.5722933 -5.445007 29.6778 0.5722933 -5.445007 29.6778 -0.5722933 -5.445007 29.77528 -1.55093 -5.426556 29.6778 -0.5722933 -5.445007 29.77528 -1.55093 -5.426556 29.6778 -1.691868 -5.207034 29.6778 -1.691868 -5.207034 29.77528 -1.55093 -5.426556 29.6778 -0.5722933 -5.445007 29.6778 -2.7375 -4.741489 29.6778 -2.7375 -4.741489 29.6778 -2.7375 -4.741489 29.77528 -3.92407 -4.056422 29.6778 -3.66349 -4.068718 29.6778 -3.66349 -4.068718 29.77528 -3.92407 -4.056422 29.6778 -2.7375 -4.741489 30.07236 -5.179364 -3.331678 29.6778 -4.429368 -3.218124 29.6778 -4.429368 -3.218124 30.07236 -5.179364 -3.331678 30.07236 -5.475 -2.819622 29.6778 -5.001661 -2.226883 29.6778 -5.001661 -2.226883 30.07236 -5.475 -2.819622 30.07236 -5.475 -2.819622 29.77528 -5.475 -1.370133 29.6778 -5.355358 -1.138317 29.6778 -5.355358 -1.138317 29.77528 -5.475 -1.370133 29.77528 -5.475 -1.370133 29.6778 -5.475 0 29.6778 -5.475 0 29.6778 -5.475 0 29.77528 -5.475 1.370133 29.77528 -5.475 1.370133 29.6778 -5.475 0 29.77528 -5.475 1.370133 30.07236 5.381937 -2.993434 30.07236 5.381937 -2.993434 30.07236 5.475 -2.819622 30.66104 5.475 -2.819622 30.66104 5.475 -2.819622 30.07236 5.475 -2.819622 30.66104 5.381937 -2.993434 30.66104 5.381937 -2.993434 29.77528 -1.55093 -5.426556 29.77528 -1.55093 -5.426556 30.66104 -5.283358 -3.164177 30.07236 -5.179364 -3.331678 30.66104 -5.179364 -3.331678 30.07236 -5.283358 -3.164177 30.07236 -5.283358 -3.164177 30.66104 -5.283358 -3.164177 30.07236 -5.179364 -3.331678 30.66104 -5.179364 -3.331678 30.66104 -5.283358 -3.164177 30.07236 -5.283358 -3.164177 29.77528 5.475 -1.370133 30.66104 5.475 -2.819622 30.07236 5.475 -2.819622 30.95812 5.475 -1.370133 29.6778 5.475 -6.661338e-16 31.0556 5.475 -6.661338e-16 29.77528 5.475 1.370133 30.95812 5.475 1.370133 30.66104 5.475 2.819622 30.07236 5.475 2.819622 30.07236 5.475 2.819622 29.77528 5.475 1.370133 30.66104 5.475 2.819622 30.95812 5.475 1.370133 31.0556 5.475 -6.661338e-16 29.6778 5.475 -6.661338e-16 30.95812 5.475 -1.370133 29.77528 5.475 -1.370133 30.66104 5.475 -2.819622 30.07236 5.475 -2.819622 30.07236 5.475 2.819622 30.66104 5.381937 2.993434 30.66104 5.381937 2.993434 30.66104 5.381937 2.993434 30.66104 5.179364 3.331678 30.95812 3.92407 4.056422 30.95812 3.92407 4.056422 30.66104 5.179364 3.331678 30.66104 5.179364 3.331678 29.77528 1.55093 5.426556 29.77528 3.92407 4.056422 29.6778 2.7375 4.741489 30.07236 0.2956361 6.1513 30.07236 5.179364 3.331678 30.66104 0.2956361 6.1513 30.66104 5.179364 3.331678 30.95812 1.55093 5.426556 30.95812 3.92407 4.056422 31.0556 2.7375 4.741489 31.0556 2.7375 4.741489 30.95812 1.55093 5.426556 30.95812 3.92407 4.056422 30.66104 5.179364 3.331678 30.66104 0.2956361 6.1513 30.07236 5.179364 3.331678 30.07236 0.2956361 6.1513 29.77528 3.92407 4.056422 29.77528 1.55093 5.426556 29.6778 2.7375 4.741489 30.07236 0.2956361 6.1513 30.66104 0.09857905 6.157611 30.66104 0.09857905 6.157611 30.66104 0.09857905 6.157611 30.66104 -0.2956361 6.1513 30.95812 -1.55093 5.426556 30.95812 -1.55093 5.426556 30.66104 -0.2956361 6.1513 30.66104 -0.2956361 6.1513 29.77528 -3.92407 4.056422 29.77528 -1.55093 5.426556 29.6778 -2.7375 4.741489 30.07236 -5.179364 3.331678 30.07236 -0.2956361 6.1513 30.66104 -0.2956361 6.1513 30.66104 -5.179364 3.331678 30.95812 -3.92407 4.056422 30.95812 -1.55093 5.426556 31.0556 -2.7375 4.741489 31.0556 -2.7375 4.741489 30.95812 -3.92407 4.056422 30.95812 -1.55093 5.426556 30.66104 -0.2956361 6.1513 30.66104 -5.179364 3.331678 30.07236 -5.179364 3.331678 30.07236 -0.2956361 6.1513 29.77528 -1.55093 5.426556 29.77528 -3.92407 4.056422 29.6778 -2.7375 4.741489 30.07236 -5.179364 3.331678 30.66104 -5.283358 3.164177 30.66104 -5.283358 3.164177 30.66104 -5.283358 3.164177 30.66104 -5.381937 2.993434 30.66104 -5.381937 2.993434 30.66104 -5.381937 2.993434 30.66104 -5.475 -2.819622 29.77528 -5.475 -1.370133 30.07236 -5.475 -2.819622 30.95812 -5.475 -1.370133 31.0556 -5.475 0 29.6778 -5.475 0 30.95812 -5.475 1.370133 29.77528 -5.475 1.370133 30.07236 -5.475 2.819622 30.66104 -5.475 2.819622 30.66104 -5.475 2.819622 30.95812 -5.475 1.370133 30.07236 -5.475 2.819622 29.77528 -5.475 1.370133 29.6778 -5.475 0 31.0556 -5.475 0 29.77528 -5.475 -1.370133 30.95812 -5.475 -1.370133 30.66104 -5.475 -2.819622 30.07236 -5.475 -2.819622 30.66104 -5.381937 -2.993434 30.66104 -5.381937 -2.993434 30.66104 -5.381937 -2.993434 30.66104 -5.283358 -3.164177 30.66104 -5.283358 -3.164177 30.66104 -5.283358 3.164177 30.07236 -5.381937 2.993434 30.66104 -5.381937 2.993434 30.07236 -5.283358 3.164177 30.07236 -5.283358 3.164177 30.66104 -5.283358 3.164177 30.07236 -5.381937 2.993434 30.66104 -5.381937 2.993434 30.07236 -5.179364 3.331678 30.07236 -5.179364 3.331678 30.07236 -0.09857905 6.157611 30.07236 -0.09857905 6.157611 30.07236 -0.09857905 6.157611 30.07236 0.2956361 6.1513 30.07236 0.2956361 6.1513 30.07236 5.283358 3.164177 30.07236 5.283358 3.164177 30.07236 5.283358 3.164177 30.07236 5.475 2.819622 30.07236 5.475 2.819622 30.07236 -5.283358 -3.164177 30.07236 -5.283358 -3.164177 30.07236 -5.381937 -2.993434 30.07236 -5.381937 -2.993434 30.07236 -5.381937 -2.993434 30.66104 -5.381937 -2.993434 30.07236 -5.381937 -2.993434 30.07236 -5.381937 -2.993434 30.66104 -5.381937 -2.993434 30.07236 5.475 2.819622 30.66104 5.381937 2.993434 30.66104 5.475 2.819622 30.07236 5.381937 2.993434 30.07236 5.381937 2.993434 30.07236 5.475 2.819622 30.66104 5.381937 2.993434 30.66104 5.475 2.819622 30.07236 5.381937 2.993434 30.66104 5.283358 3.164177 30.66104 5.283358 3.164177 30.66104 5.283358 3.164177 30.66104 0.09857905 6.157611 30.07236 0.2956361 6.1513 30.07236 0.09857905 6.157611 30.66104 0.2956361 6.1513 30.66104 0.2956361 6.1513 30.66104 0.09857905 6.157611 30.07236 0.2956361 6.1513 30.07236 0.09857905 6.157611 30.07236 0.09857905 6.157611 30.07236 5.179364 3.331678 30.66104 5.283358 3.164177 30.07236 5.283358 3.164177 30.66104 5.179364 3.331678 30.66104 5.179364 3.331678 30.07236 5.179364 3.331678 30.66104 5.283358 3.164177 30.07236 5.283358 3.164177 30.66104 -0.09857905 6.157611 30.66104 -0.09857905 6.157611 30.66104 -0.09857905 6.157611 30.66104 -0.2956361 6.1513 30.07236 -0.09857905 6.157611 30.07236 -0.2956361 6.1513 30.66104 -0.09857905 6.157611 30.66104 -0.09857905 6.157611 30.66104 -0.2956361 6.1513 30.07236 -0.09857905 6.157611 30.07236 -0.2956361 6.1513 30.07236 -5.179364 3.331678 30.66104 -5.179364 3.331678 30.66104 -5.179364 3.331678 30.07236 -5.179364 3.331678 30.66104 -5.475 2.819622 30.07236 -5.475 2.819622 30.66104 -5.475 2.819622 30.07236 -5.475 2.819622 30.66104 -5.475 -2.819622 30.07236 -5.475 -2.819622 30.07236 -5.475 -2.819622 30.66104 -5.475 -2.819622 30.07236 0.09857905 6.157611 30.07236 0.09857905 6.157611 30.07236 5.381937 2.993434 30.07236 5.381937 2.993434</float_array>
                    <technique_common>
                        <accessor count="938" source="#ID51" stride="3">
                            <param name="X" type="float" />
                            <param name="Y" type="float" />
                            <param name="Z" type="float" />
                        </accessor>
                    </technique_common>
                </source>
                <source id="ID49">
                    <float_array id="ID52" count="2814">2.505393e-17 0.0320104 -0.9994875 1.252857e-17 0.01600725 -0.9998719 2.505393e-17 0.0320104 -0.9994875 1.252857e-17 0.01600725 -0.9998719 -1.252857e-17 -0.01600725 0.9998719 -2.505393e-17 -0.0320104 0.9994875 -1.252857e-17 -0.01600725 0.9998719 -2.505393e-17 -0.0320104 0.9994875 0 0 0 0 0 0 0 0 0 0 0 0 8.443305e-17 0.5 -0.8660254 8.443305e-17 0.5 -0.8660254 8.443305e-17 0.5 -0.8660254 8.443305e-17 0.5 -0.8660254 8.443305e-17 0.5 -0.8660254 8.443305e-17 0.5 -0.8660254 8.443305e-17 0.5 -0.8660254 8.443305e-17 0.5 -0.8660254 8.443305e-17 0.5 -0.8660254 8.443305e-17 0.5 -0.8660254 -8.443305e-17 -0.5 0.8660254 -8.443305e-17 -0.5 0.8660254 -8.443305e-17 -0.5 0.8660254 -8.443305e-17 -0.5 0.8660254 -8.443305e-17 -0.5 0.8660254 -8.443305e-17 -0.5 0.8660254 -8.443305e-17 -0.5 0.8660254 -8.443305e-17 -0.5 0.8660254 -8.443305e-17 -0.5 0.8660254 -8.443305e-17 -0.5 0.8660254 0 0 0 0 0 0 0 0 0 0 0 0 0 0 0 0 0 0 0 0 0 0 0 0 0.87083 0.02945153 -0.4907013 0.8594267 -0.06930546 -0.5065397 0.8790983 0.01086728 -0.4765167 -0.8790983 -0.01086728 0.4765167 -0.8594267 0.06930546 0.5065397 -0.87083 -0.02945153 0.4907013 0 0 0 7.537498e-16 -0.01600725 -0.9998719 7.537498e-16 -0.01600725 -0.9998719 -7.537498e-16 0.01600725 0.9998719 -7.537498e-16 0.01600725 0.9998719 0 0 0 0 0 0 -0.8653245 0.0596515 -0.4976498 -0.8671146 0.03829057 -0.4966349 -0.8733843 0.005145869 -0.4870046 0.8733843 -0.005145869 0.4870046 0.8671146 -0.03829057 0.4966349 0.8653245 -0.0596515 0.4976498 0 0 0 0.8266859 0.2288559 -0.5140188 0.8436281 0.1954465 -0.5000922 0.8709564 0.1190401 -0.4767225 -0.8709564 -0.1190401 0.4767225 -0.8436281 -0.1954465 0.5000922 -0.8266859 -0.2288559 0.5140188 0 0 0 0.8635594 0.05949012 -0.5007256 -0.8635594 -0.05949012 0.5007256 0 0 0 -0.8423424 0.1889518 -0.5047342 -0.8965863 0.0627339 -0.4384033 0.8965863 -0.0627339 0.4384033 0.8423424 -0.1889518 0.5047342 0 0 0 -0.8266859 0.2288559 -0.5140188 0.8266859 -0.2288559 0.5140188 -0.8747386 0.3433576 -0.341962 -0.8266859 0.3307254 -0.4552045 -0.8436281 0.3353693 -0.4193077 0.8436281 -0.3353693 0.4193077 0.8266859 -0.3307254 0.4552045 0.8747386 -0.3433576 0.341962 0 0 0 -0.8906663 0.374464 -0.257857 -0.8946255 0.3625249 -0.2611913 -0.8653245 0.4608031 -0.1971652 0.8653245 -0.4608031 0.1971652 0.8946255 -0.3625249 0.2611913 0.8906663 -0.374464 0.257857 0 0 0 -3.245592e-16 0.8579108 -0.5137986 -6.444299e-16 0.8495764 -0.5274656 -6.444299e-16 0.8495764 -0.5274656 -3.245592e-16 0.8579108 -0.5137986 3.245592e-16 -0.8579108 0.5137986 3.245592e-16 -0.8579108 0.5137986 6.444299e-16 -0.8495764 0.5274656 6.444299e-16 -0.8495764 0.5274656 0 0 0 0 0 0 0.8662641 0.4132157 -0.2807834 0.8637972 0.4033381 -0.3019483 0.8709564 0.3533338 -0.341453 -0.8709564 -0.3533338 0.341453 -0.8637972 -0.4033381 0.3019483 -0.8662641 -0.4132157 0.2807834 0 0 0 0.8436281 0.3353693 -0.4193077 0.8266859 0.3307254 -0.4552045 -0.8266859 -0.3307254 0.4552045 -0.8436281 -0.3353693 0.4193077 0 0 0 0.8733843 -0.005145869 -0.4870046 -0.8733843 0.005145869 0.4870046 1.507307e-15 -0.0320104 -0.9994875 1.507307e-15 -0.0320104 -0.9994875 -1.507307e-15 0.0320104 0.9994875 -1.507307e-15 0.0320104 0.9994875 0 0 0 0 0 0 -0.8790983 -0.01086728 -0.4765167 0.8790983 0.01086728 0.4765167 1 -0 -0 1 -0 -0 1 -0 -0 1 -0 -0 1 -0 -0 1 -0 -0 1 -0 -0 1 -0 -0 1 -0 -0 1 -0 -0 1 -0 -0 1 -0 -0 1 -0 -0 1 -0 -0 1 -0 -0 1 -0 -0 1 -0 -0 1 -0 -0 1 -0 -0 1 -0 -0 1 -0 -0 1 -0 -0 1 -0 -0 1 -0 -0 1 -0 -0 1 -0 -0 1 -0 -0 1 -0 -0 1 -0 -0 1 -0 -0 1 -0 -0 1 -0 -0 1 -0 -0 1 -0 -0 1 -0 -0 1 -0 -0 1 -0 -0 1 -0 -0 1 -0 -0 1 -0 -0 1 -0 -0 1 -0 -0 1 -0 -0 1 -0 -0 1 -0 -0 1 -0 -0 1 -0 -0 1 -0 -0 1 -0 -0 1 -0 -0 1 -0 -0 1 -0 -0 1 -0 -0 1 -0 -0 1 -0 -0 -1 0 0 -1 0 0 -1 0 0 -1 0 0 -1 0 0 -1 0 0 -1 0 0 -1 0 0 -1 0 0 -1 0 0 -1 0 0 -1 0 0 -1 0 0 -1 0 0 -1 0 0 -1 0 0 -1 0 0 -1 0 0 -1 0 0 -1 0 0 -1 0 0 -1 0 0 -1 0 0 -1 0 0 -1 0 0 -1 0 0 -1 0 0 -1 0 0 -1 0 0 -1 0 0 -1 0 0 -1 0 0 -1 0 0 -1 0 0 -1 0 0 -1 0 0 -1 0 0 -1 0 0 -1 0 0 -1 0 0 -1 0 0 -1 0 0 -1 0 0 -1 0 0 -1 0 0 -1 0 0 -1 0 0 -1 0 0 -1 0 0 -1 0 0 -1 0 0 -1 0 0 -1 0 0 -1 0 0 -1 0 0 0 0 0 0 0 0 0 0 0 0 0 0 0 0 0 0 0 0 0 0 0 0 0 0 0 0 0 0 0 0 0 0 0 0 0 0 0 0 0 0 0 0 0 0 0 0 0 0 0 0 0 0 0 0 0 0 0 0 0 0 0 0 0 0 0 0 0 0 0 0 0 0 0 0 0 0 0 0 0 0 0 0 0 0 0 0 0 0 0 0 0 0 0 0 0 0 0 0 0 0 0 0 0 0 0 0 0 0 0 0 0 0 0 0 0 0 0 0 0 0 0 0 0 0 0 0 0 0 0 0 0 0 0 0 0 0 0 0 0 0 0 0 0 0 0 0 0 -1 0 0 -1 0 0 -1 0 0 -1 0 0 -1 0 0 -1 0 0 -1 0 0 -1 0 0 -1 0 0 -1 0 0 -1 0 0 -1 0 0 -1 0 0 -1 0 0 -1 0 0 -1 0 0 -1 0 0 -1 0 0 -1 0 0 -1 0 0 -1 0 0 -1 0 0 -1 0 0 -1 0 0 -1 0 0 -1 0 0 -1 0 0 -1 0 0 -1 0 0 -1 0 0 -1 0 0 -1 0 0 -1 0 0 -1 0 0 -1 0 0 -1 0 0 -1 0 0 -1 0 0 -1 0 0 -1 0 0 -1 0 0 -1 0 0 -1 0 0 -1 0 0 -1 0 0 -1 0 0 -1 0 0 -1 0 0 -1 0 0 -1 0 0 -1 0 0 -1 0 0 -1 0 0 -1 0 0 -1 0 0 1 -0 -0 1 -0 -0 1 -0 -0 1 -0 -0 1 -0 -0 1 -0 -0 1 -0 -0 1 -0 -0 1 -0 -0 1 -0 -0 1 -0 -0 1 -0 -0 1 -0 -0 1 -0 -0 1 -0 -0 1 -0 -0 1 -0 -0 1 -0 -0 1 -0 -0 1 -0 -0 1 -0 -0 1 -0 -0 1 -0 -0 1 -0 -0 1 -0 -0 1 -0 -0 1 -0 -0 1 -0 -0 1 -0 -0 1 -0 -0 1 -0 -0 1 -0 -0 1 -0 -0 1 -0 -0 1 -0 -0 1 -0 -0 1 -0 -0 1 -0 -0 1 -0 -0 1 -0 -0 1 -0 -0 1 -0 -0 1 -0 -0 1 -0 -0 1 -0 -0 1 -0 -0 1 -0 -0 1 -0 -0 1 -0 -0 1 -0 -0 1 -0 -0 1 -0 -0 1 -0 -0 1 -0 -0 1 -0 -0 0 0 0 0 0 0 0 0 0 0 0 0 0 0 0 0 0 0 0 0 0 0 0 0 0 0 0 0 0 0 0 0 0 0 0 0 0 0 0 0 0 0 0 0 0 0 0 0 0 0 0 0 0 0 0 0 0 0 0 0 0 0 0 0 0 0 0 0 0 0 0 0 0 0 0 0 0 0 0 0 0 0 0 0 0 0 0 0 0 0 0 0 0 0 0 0 0 0 0 0 0 0 0 0 0 0 0 0 0 0 0 0 0 0 0 0 0 0 0 0 0 0 0 0 0 0 0 0 0 0 0 0 0 0 0 0 0 0 0 0 0 0 0 0 0 0 0 0 0 0 -0.8851394 0.3458045 -0.3113638 0.8851394 -0.3458045 0.3113638 -0.8790983 0.4072419 -0.2476697 0.8790983 -0.4072419 0.2476697 0.1859874 0.8509151 -0.4912761 0.1859874 0.8509151 -0.4912761 0.1859874 0.8509151 -0.4912761 -0.1859874 -0.8509151 0.4912761 -0.1859874 -0.8509151 0.4912761 -0.1859874 -0.8509151 0.4912761 2.201664e-17 0.8739181 -0.4860733 2.201664e-17 0.8739181 -0.4860733 -2.201664e-17 -0.8739181 0.4860733 -2.201664e-17 -0.8739181 0.4860733 0 0 0 0 0 0 0.8733843 0.4191854 -0.2479587 -0.8733843 -0.4191854 0.2479587 0.8671146 -0.03829057 -0.4966349 -0.8671146 0.03829057 0.4966349 -2.712006e-16 -0.5 -0.8660254 -2.712006e-16 -0.5 -0.8660254 -2.712006e-16 -0.5 -0.8660254 -2.712006e-16 -0.5 -0.8660254 -2.712006e-16 -0.5 -0.8660254 -2.712006e-16 -0.5 -0.8660254 -2.712006e-16 -0.5 -0.8660254 -2.712006e-16 -0.5 -0.8660254 -2.712006e-16 -0.5 -0.8660254 -2.712006e-16 -0.5 -0.8660254 2.712006e-16 0.5 0.8660254 2.712006e-16 0.5 0.8660254 2.712006e-16 0.5 0.8660254 2.712006e-16 0.5 0.8660254 2.712006e-16 0.5 0.8660254 2.712006e-16 0.5 0.8660254 2.712006e-16 0.5 0.8660254 2.712006e-16 0.5 0.8660254 2.712006e-16 0.5 0.8660254 2.712006e-16 0.5 0.8660254 0 0 0 0 0 0 0 0 0 0 0 0 0 0 0 0 0 0 -0.8906663 -0.03607874 -0.4532238 0.8906663 0.03607874 0.4532238 0.8436281 -0.3353693 -0.4193077 0.8635594 -0.403896 -0.3018827 0.8709564 -0.3533338 -0.341453 -0.8709564 0.3533338 0.341453 -0.8635594 0.403896 0.3018827 -0.8436281 0.3353693 0.4193077 0.8266859 -0.3307254 -0.4552045 -0.8266859 0.3307254 0.4552045 0.8965863 -0.0627339 -0.4384033 0.8423424 -0.1889518 -0.5047342 0.8266859 -0.2288559 -0.5140188 -0.8266859 0.2288559 0.5140188 -0.8423424 0.1889518 0.5047342 -0.8965863 0.0627339 0.4384033 0.87083 0.4396855 -0.2198449 0.8635594 0.4633861 -0.1988428 -0.8635594 -0.4633861 0.1988428 -0.87083 -0.4396855 0.2198449 0 0 0 0.8709564 0.4723739 -0.1352695 0.8436281 0.5308158 -0.0807845 -0.8436281 -0.5308158 0.0807845 -0.8709564 -0.4723739 0.1352695 0 0 0 0.8266859 0.5595813 -0.05881437 -0.8266859 -0.5595813 0.05881437 0.8965863 0.4110353 0.1648725 0.8423424 0.5315885 0.08873008 0.8266859 0.5595813 0.05881437 -0.8266859 -0.5595813 -0.05881437 -0.8423424 -0.5315885 -0.08873008 -0.8965863 -0.4110353 -0.1648725 0 0 0 0.8671146 0.4492437 0.2151568 0.8653245 0.4608031 0.1971652 -0.8653245 -0.4608031 -0.1971652 -0.8671146 -0.4492437 -0.2151568 0 0 0 -0.1859874 0.8509151 0.4912761 -0.1859874 0.8509151 0.4912761 -0.1859874 0.8509151 0.4912761 0.1859874 -0.8509151 -0.4912761 0.1859874 -0.8509151 -0.4912761 0.1859874 -0.8509151 -0.4912761 0 0 0 0.8851394 0.3458045 0.3113638 0.8747386 0.3433576 0.341962 0.8436281 0.3353693 0.4193077 -0.8436281 -0.3353693 -0.4193077 -0.8747386 -0.3433576 -0.341962 -0.8851394 -0.3458045 -0.3113638 0.8266859 0.3307254 0.4552045 -0.8266859 -0.3307254 -0.4552045 0.8266859 0.2288559 0.5140188 0.8965863 0.0627339 0.4384033 0.8423424 0.1889518 0.5047342 -0.8423424 -0.1889518 -0.5047342 -0.8965863 -0.0627339 -0.4384033 -0.8266859 -0.2288559 -0.5140188 0 0 0 0.8671146 0.03829057 0.4966349 0.8653245 0.0596515 0.4976498 -0.8653245 -0.0596515 -0.4976498 -0.8671146 -0.03829057 -0.4966349 0 0 0 -0.1859874 7.888084e-18 0.9825521 -0.1859874 7.888084e-18 0.9825521 -0.1859874 7.888084e-18 0.9825521 0.1859874 -7.888084e-18 -0.9825521 0.1859874 -7.888084e-18 -0.9825521 0.1859874 -7.888084e-18 -0.9825521 0 0 0 0.8851394 -0.09674669 0.4551574 0.8747386 -0.124469 0.4683374 0.8436281 -0.1954465 0.5000922 -0.8436281 0.1954465 -0.5000922 -0.8747386 0.124469 -0.4683374 -0.8851394 0.09674669 -0.4551574 0.8266859 -0.2288559 0.5140188 -0.8266859 0.2288559 -0.5140188 0.8266859 -0.3307254 0.4552045 0.8965863 -0.3483014 0.2735308 0.8423424 -0.3426368 0.4160041 -0.8423424 0.3426368 -0.4160041 -0.8965863 0.3483014 -0.2735308 -0.8266859 0.3307254 -0.4552045 0 0 0 0.8671146 -0.4109531 0.281478 0.8594267 -0.4040236 0.3132902 -0.8594267 0.4040236 -0.3132902 -0.8671146 0.4109531 -0.281478 0 0 0 0.87083 -0.4396855 0.2198449 0.8635594 -0.4633861 0.1988428 -0.8635594 0.4633861 -0.1988428 -0.87083 0.4396855 -0.2198449 0 0 0 0.8709564 -0.4723739 0.1352695 0.8436281 -0.5308158 0.0807845 -0.8436281 0.5308158 -0.0807845 -0.8709564 0.4723739 -0.1352695 0 0 0 0.8266859 -0.5595813 0.05881437 -0.8266859 0.5595813 -0.05881437 0.8423424 -0.5315885 -0.08873008 0.8266859 -0.5595813 -0.05881437 0.8965863 -0.4110353 -0.1648725 -0.8965863 0.4110353 0.1648725 -0.8266859 0.5595813 0.05881437 -0.8423424 0.5315885 0.08873008 0 0 0 0.8594267 -0.473329 -0.1932496 0.8671146 -0.4492437 -0.2151568 -0.8671146 0.4492437 0.2151568 -0.8594267 0.473329 0.1932496 0 0 0 0.87083 -0.410234 -0.2708564 -0.87083 0.410234 0.2708564 -0.8595731 -0.473342 0.1925654 -0.8423424 -0.5315885 0.08873008 -0.8671146 -0.4492437 0.2151568 0.8671146 0.4492437 -0.2151568 0.8423424 0.5315885 -0.08873008 0.8595731 0.473342 -0.1925654 0 0 0 -0.8733843 -0.4191854 0.2479587 -0.8733843 -0.4243313 0.2390458 -0.8639459 -0.4027536 0.3023028 0.8639459 0.4027536 -0.3023028 0.8733843 0.4191854 -0.2479587 0.8733843 0.4243313 -0.2390458 0 0 0 0 0 0 -0.8436281 -0.3353693 0.4193077 -0.8709564 -0.3533338 0.341453 0.8709564 0.3533338 -0.341453 0.8436281 0.3353693 -0.4193077 0 0 0 -0.8266859 -0.3307254 0.4552045 0.8266859 0.3307254 -0.4552045 -0.8965863 -0.0627339 0.4384033 -0.8423424 -0.1889518 0.5047342 -0.8266859 -0.2288559 0.5140188 0.8266859 0.2288559 -0.5140188 0.8423424 0.1889518 -0.5047342 0.8965863 0.0627339 -0.4384033 0 0 0 -0.8716777 -0.03118417 0.4890864 -0.8591882 -0.06896963 0.50699 0.8591882 0.06896963 -0.50699 0.8716777 0.03118417 -0.4890864 0 0 0 -0.8637972 0.05982584 0.5002752 0.8637972 -0.05982584 -0.5002752 -0.8436281 0.1954465 0.5000922 -0.8709564 0.1190401 0.4767225 0.8709564 -0.1190401 -0.4767225 0.8436281 -0.1954465 -0.5000922 0 0 0 -0.8266859 0.2288559 0.5140188 0.8266859 -0.2288559 -0.5140188 -0.8709564 0.3533338 0.341453 -0.8436281 0.3353693 0.4193077 -0.8266859 0.3307254 0.4552045 0.8266859 -0.3307254 -0.4552045 0.8436281 -0.3353693 -0.4193077 0.8709564 -0.3533338 -0.341453 0 0 0 -0.8635594 0.403896 0.3018827 0.8635594 -0.403896 -0.3018827 -0.87083 0.410234 0.2708564 -0.8637972 0.463164 0.1983269 0.8637972 -0.463164 -0.1983269 0.87083 -0.410234 -0.2708564 0 0 0 -0.8709564 0.4723739 0.1352695 -0.8436281 0.5308158 0.0807845 0.8436281 -0.5308158 -0.0807845 0.8709564 -0.4723739 -0.1352695 0 0 0 -0.8266859 0.5595813 0.05881437 0.8266859 -0.5595813 -0.05881437 -0.8965863 0.4110353 -0.1648725 -0.8423424 0.5315885 -0.08873008 -0.8266859 0.5595813 -0.05881437 0.8266859 -0.5595813 0.05881437 0.8423424 -0.5315885 0.08873008 0.8965863 -0.4110353 0.1648725 0 0 0 -0.8671146 0.4492437 -0.2151568 0.8671146 -0.4492437 0.2151568 0 0 0 0.1859874 6.885229e-18 -0.9825521 0.1859874 6.885229e-18 -0.9825521 0.1859874 6.885229e-18 -0.9825521 -0.1859874 -6.885229e-18 0.9825521 -0.1859874 -6.885229e-18 0.9825521 -0.1859874 -6.885229e-18 0.9825521 -0.8851394 -0.09674669 -0.4551574 -0.8747386 -0.124469 -0.4683374 -0.8436281 -0.1954465 -0.5000922 0.8436281 0.1954465 0.5000922 0.8747386 0.124469 0.4683374 0.8851394 0.09674669 0.4551574 -0.8266859 -0.2288559 -0.5140188 0.8266859 0.2288559 0.5140188 -0.8266859 -0.3307254 -0.4552045 -0.8965863 -0.3483014 -0.2735308 -0.8423424 -0.3426368 -0.4160041 0.8423424 0.3426368 0.4160041 0.8965863 0.3483014 0.2735308 0.8266859 0.3307254 0.4552045 -0.8671146 -0.4109531 -0.281478 -0.8594267 -0.4040236 -0.3132902 0.8594267 0.4040236 0.3132902 0.8671146 0.4109531 0.281478 -0.87083 -0.4396855 -0.2198449 -0.8635594 -0.4633861 -0.1988428 0.8635594 0.4633861 0.1988428 0.87083 0.4396855 0.2198449 0 0 0 -0.8709564 -0.4723739 -0.1352695 -0.8436281 -0.5308158 -0.0807845 0.8436281 0.5308158 0.0807845 0.8709564 0.4723739 0.1352695 0 0 0 -0.8266859 -0.5595813 -0.05881437 0.8266859 0.5595813 0.05881437 -0.8266859 -0.5595813 0.05881437 -0.8965863 -0.4110353 0.1648725 0.8965863 0.4110353 -0.1648725 0.8266859 0.5595813 -0.05881437 0 0 0 -0.8733843 0.4243313 -0.2390458 0.8733843 -0.4243313 0.2390458 4.863301e-17 0.8815868 -0.4720219 4.863301e-17 0.8815868 -0.4720219 -4.863301e-17 -0.8815868 0.4720219 -4.863301e-17 -0.8815868 0.4720219 0.8790983 0.4181092 -0.228847 -0.8790983 -0.4181092 0.228847 -0.8946255 -0.04493584 -0.4445515 0.8946255 0.04493584 0.4445515 -4.200777e-16 -0.8579108 -0.5137986 -8.430277e-16 -0.8495764 -0.5274656 -8.430277e-16 -0.8495764 -0.5274656 -4.200777e-16 -0.8579108 -0.5137986 4.200777e-16 0.8579108 0.5137986 4.200777e-16 0.8579108 0.5137986 8.430277e-16 0.8495764 0.5274656 8.430277e-16 0.8495764 0.5274656 0 0 0 0 0 0 1.949246e-16 1 -2.202848e-16 1.949246e-16 1 -2.202848e-16 1.949246e-16 1 -2.202848e-16 1.949246e-16 1 -2.202848e-16 1.949246e-16 1 -2.202848e-16 1.949246e-16 1 -2.202848e-16 1.949246e-16 1 -2.202848e-16 1.949246e-16 1 -2.202848e-16 1.949246e-16 1 -2.202848e-16 1.949246e-16 1 -2.202848e-16 -1.949246e-16 -1 2.202848e-16 -1.949246e-16 -1 2.202848e-16 -1.949246e-16 -1 2.202848e-16 -1.949246e-16 -1 2.202848e-16 -1.949246e-16 -1 2.202848e-16 -1.949246e-16 -1 2.202848e-16 -1.949246e-16 -1 2.202848e-16 -1.949246e-16 -1 2.202848e-16 -1.949246e-16 -1 2.202848e-16 -1.949246e-16 -1 2.202848e-16 0 0 0 0.8733843 0.4243313 0.2390458 -0.8733843 -0.4243313 -0.2390458 0 0 0 0.8906663 0.374464 0.257857 0.8946255 0.3625249 0.2611913 -0.8946255 -0.3625249 -0.2611913 -0.8906663 -0.374464 -0.257857 0 0 0 -2.30595e-16 0.5 0.8660254 -2.30595e-16 0.5 0.8660254 -2.30595e-16 0.5 0.8660254 -2.30595e-16 0.5 0.8660254 -2.30595e-16 0.5 0.8660254 -2.30595e-16 0.5 0.8660254 -2.30595e-16 0.5 0.8660254 -2.30595e-16 0.5 0.8660254 -2.30595e-16 0.5 0.8660254 -2.30595e-16 0.5 0.8660254 2.30595e-16 -0.5 -0.8660254 2.30595e-16 -0.5 -0.8660254 2.30595e-16 -0.5 -0.8660254 2.30595e-16 -0.5 -0.8660254 2.30595e-16 -0.5 -0.8660254 2.30595e-16 -0.5 -0.8660254 2.30595e-16 -0.5 -0.8660254 2.30595e-16 -0.5 -0.8660254 2.30595e-16 -0.5 -0.8660254 2.30595e-16 -0.5 -0.8660254 0 0 0 0.8733843 0.005145869 0.4870046 -0.8733843 -0.005145869 -0.4870046 0 0 0 0.8906663 -0.03607874 0.4532238 0.8946255 -0.04493584 0.4445515 -0.8946255 0.04493584 -0.4445515 -0.8906663 0.03607874 -0.4532238 0 0 0 -4.681501e-16 -0.5 0.8660254 -4.681501e-16 -0.5 0.8660254 -4.681501e-16 -0.5 0.8660254 -4.681501e-16 -0.5 0.8660254 -4.681501e-16 -0.5 0.8660254 -4.681501e-16 -0.5 0.8660254 -4.681501e-16 -0.5 0.8660254 -4.681501e-16 -0.5 0.8660254 -4.681501e-16 -0.5 0.8660254 -4.681501e-16 -0.5 0.8660254 4.681501e-16 0.5 -0.8660254 4.681501e-16 0.5 -0.8660254 4.681501e-16 0.5 -0.8660254 4.681501e-16 0.5 -0.8660254 4.681501e-16 0.5 -0.8660254 4.681501e-16 0.5 -0.8660254 4.681501e-16 0.5 -0.8660254 4.681501e-16 0.5 -0.8660254 4.681501e-16 0.5 -0.8660254 4.681501e-16 0.5 -0.8660254 0 0 0 0.8733843 -0.4191854 0.2479587 -0.8733843 0.4191854 -0.2479587 0 0 0 0.8790983 -0.4181092 0.228847 -0.8790983 0.4181092 -0.228847 0 0 0 -3.898492e-16 -1 -3.786556e-16 -3.898492e-16 -1 -3.786556e-16 -3.898492e-16 -1 -3.786556e-16 -3.898492e-16 -1 -3.786556e-16 -3.898492e-16 -1 -3.786556e-16 -3.898492e-16 -1 -3.786556e-16 -3.898492e-16 -1 -3.786556e-16 -3.898492e-16 -1 -3.786556e-16 -3.898492e-16 -1 -3.786556e-16 -3.898492e-16 -1 -3.786556e-16 3.898492e-16 1 3.786556e-16 3.898492e-16 1 3.786556e-16 3.898492e-16 1 3.786556e-16 3.898492e-16 1 3.786556e-16 3.898492e-16 1 3.786556e-16 3.898492e-16 1 3.786556e-16 3.898492e-16 1 3.786556e-16 3.898492e-16 1 3.786556e-16 3.898492e-16 1 3.786556e-16 3.898492e-16 1 3.786556e-16 0.8733843 -0.4243313 -0.2390458 -0.8733843 0.4243313 0.2390458 0 0 0 0.8790983 -0.4072419 -0.2476697 -0.8790983 0.4072419 0.2476697 -1.221768e-15 -0.8579108 0.5137986 -4.579096e-16 -0.8739181 0.4860733 -4.579096e-16 -0.8739181 0.4860733 -1.221768e-15 -0.8579108 0.5137986 1.221768e-15 0.8579108 -0.5137986 1.221768e-15 0.8579108 -0.5137986 4.579096e-16 0.8739181 -0.4860733 4.579096e-16 0.8739181 -0.4860733 -0.8662641 -0.4132157 0.2807834 0.8662641 0.4132157 -0.2807834 -0.8790983 -0.01086728 0.4765167 0.8790983 0.01086728 -0.4765167 0 0 0 -0.8662641 0.03655768 0.498247 0.8662641 -0.03655768 -0.498247 -0.8790983 0.4072419 0.2476697 0.8790983 -0.4072419 -0.2476697 0 0 0 -0.8662641 0.4497734 0.2174636 0.8662641 -0.4497734 -0.2174636 -0.8733843 -0.4191854 -0.2479587 0.8733843 0.4191854 0.2479587 -0.8790983 -0.4181092 -0.228847 0.8790983 0.4181092 0.228847 0 0 0 1.779689e-16 -0.8739181 -0.4860733 1.779689e-16 -0.8739181 -0.4860733 -1.779689e-16 0.8739181 0.4860733 -1.779689e-16 0.8739181 0.4860733 8.412422e-16 0.8815868 0.4720219 4.221652e-16 0.8739181 0.4860733 8.412422e-16 0.8815868 0.4720219 4.221652e-16 0.8739181 0.4860733 -4.221652e-16 -0.8739181 -0.4860733 -8.412422e-16 -0.8815868 -0.4720219 -4.221652e-16 -0.8739181 -0.4860733 -8.412422e-16 -0.8815868 -0.4720219 0 0 0 0.8790983 0.4072419 0.2476697 -0.8790983 -0.4072419 -0.2476697 0 0 0 -2.67293e-18 0.01600725 0.9998719 -5.345174e-18 0.0320104 0.9994875 -2.67293e-18 0.01600725 0.9998719 -5.345174e-18 0.0320104 0.9994875 5.345174e-18 -0.0320104 -0.9994875 2.67293e-18 -0.01600725 -0.9998719 5.345174e-18 -0.0320104 -0.9994875 2.67293e-18 -0.01600725 -0.9998719 0 0 0 -6.373839e-16 0.8495764 0.5274656 -3.172426e-16 0.8579108 0.5137986 -3.172426e-16 0.8579108 0.5137986 -6.373839e-16 0.8495764 0.5274656 6.373839e-16 -0.8495764 -0.5274656 6.373839e-16 -0.8495764 -0.5274656 3.172426e-16 -0.8579108 -0.5137986 3.172426e-16 -0.8579108 -0.5137986 0.8790983 -0.01086728 0.4765167 -0.8790983 0.01086728 -0.4765167 0 0 0 1.889587e-17 -0.0320104 0.9994875 9.449143e-18 -0.01600725 0.9998719 1.889587e-17 -0.0320104 0.9994875 9.449143e-18 -0.01600725 0.9998719 -9.449143e-18 0.01600725 -0.9998719 -1.889587e-17 0.0320104 -0.9994875 -9.449143e-18 0.01600725 -0.9998719 -1.889587e-17 0.0320104 -0.9994875 -1.880214e-15 -0.8495764 0.5274656 -1.880214e-15 -0.8495764 0.5274656 1.880214e-15 0.8495764 -0.5274656 1.880214e-15 0.8495764 -0.5274656 -3.526928e-16 -0.8815868 0.4720219 -3.526928e-16 -0.8815868 0.4720219 3.526928e-16 0.8815868 -0.4720219 3.526928e-16 0.8815868 -0.4720219 3.529122e-16 -0.8815868 -0.4720219 3.529122e-16 -0.8815868 -0.4720219 -3.529122e-16 0.8815868 0.4720219 -3.529122e-16 0.8815868 0.4720219 -0.8733843 0.005145869 0.4870046 0.8733843 -0.005145869 -0.4870046 -0.8733843 0.4243313 0.2390458 0.8733843 -0.4243313 -0.2390458</float_array>
                    <technique_common>
                        <accessor count="938" source="#ID52" stride="3">
                            <param name="X" type="float" />
                            <param name="Y" type="float" />
                            <param name="Z" type="float" />
                        </accessor>
                    </technique_common>
                </source>
                <vertices id="ID50">
                    <input semantic="POSITION" source="#ID48" />
                    <input semantic="NORMAL" source="#ID49" />
                </vertices>
                <triangles count="628" material="Material2">
                    <input offset="0" semantic="VERTEX" source="#ID50" />
                    <p>0 1 2 1 0 3 4 5 6 7 6 5 12 13 14 13 12 15 15 12 16 15 16 17 17 16 18 17 18 19 17 19 20 20 19 21 22 23 24 24 23 25 23 26 25 26 27 25 25 27 28 27 29 28 28 29 30 31 30 29 40 41 42 43 44 45 3 47 1 47 3 48 49 4 50 6 50 4 53 54 55 56 57 58 60 61 62 63 64 65 62 67 40 45 68 63 70 71 54 57 72 73 75 71 70 73 72 76 77 78 79 80 81 82 84 85 86 87 88 89 91 92 93 92 91 94 95 96 97 98 97 96 101 102 103 104 105 106 103 108 109 110 111 104 42 41 113 114 44 43 67 41 40 45 44 68 47 115 116 115 47 48 49 50 117 118 117 50 53 55 121 122 56 58 70 54 53 58 57 73 61 67 62 63 68 64 123 124 125 124 123 126 126 123 127 127 123 128 127 128 129 129 128 130 130 128 131 130 131 132 132 131 133 132 133 134 134 133 135 134 135 136 136 135 137 136 137 138 138 137 139 138 139 140 140 139 141 141 139 142 141 142 143 143 142 144 143 144 145 145 144 146 147 148 149 148 147 150 150 147 151 150 151 125 150 125 152 152 125 153 153 125 124 153 124 154 153 154 155 153 155 156 156 155 157 156 157 158 156 158 159 159 158 160 159 160 161 161 160 162 161 162 163 163 162 164 163 164 165 165 164 166 165 166 167 167 166 168 167 168 169 167 169 170 170 169 171 170 171 172 172 171 146 172 146 144 172 144 173 172 173 174 174 173 175 174 175 176 176 175 177 178 179 180 180 179 181 179 182 181 181 182 183 182 184 183 184 185 183 185 186 183 183 186 187 186 188 187 187 188 189 188 190 189 190 191 189 189 191 192 191 193 192 192 193 194 193 195 194 194 195 196 195 197 196 196 197 198 197 199 198 198 199 200 199 201 200 201 202 200 200 202 203 202 204 203 204 205 203 205 206 203 203 206 207 207 206 208 206 209 208 209 210 208 208 210 211 212 211 210 185 184 213 213 184 214 184 215 214 214 215 216 215 217 216 216 217 218 218 217 219 217 220 219 219 220 221 220 222 221 221 222 223 222 224 223 223 224 225 224 226 225 225 226 227 226 228 227 227 228 229 229 228 230 228 231 230 230 231 232 232 231 205 206 205 231 282 283 284 283 282 285 285 282 286 286 282 287 286 287 288 288 287 289 289 287 290 289 290 291 291 290 292 291 292 293 293 292 294 293 294 295 295 294 296 295 296 297 297 296 298 297 298 299 299 298 300 300 298 301 300 301 302 302 301 303 302 303 304 304 303 305 306 307 308 307 306 309 309 306 310 309 310 284 309 284 311 311 284 312 312 284 283 312 283 313 312 313 314 312 314 315 315 314 316 315 316 317 315 317 318 318 317 319 318 319 320 320 319 321 320 321 322 322 321 323 322 323 324 324 323 325 324 325 326 326 325 327 326 327 328 326 328 329 329 328 330 329 330 331 331 330 305 331 305 303 331 303 332 331 332 333 333 332 334 333 334 335 335 334 336 337 338 339 339 338 340 338 341 340 340 341 342 341 343 342 343 344 342 344 345 342 342 345 346 345 347 346 346 347 348 347 349 348 349 350 348 348 350 351 350 352 351 351 352 353 352 354 353 353 354 355 354 356 355 355 356 357 356 358 357 357 358 359 358 360 359 360 361 359 359 361 362 361 363 362 363 364 362 364 365 362 362 365 366 366 365 367 365 368 367 368 369 367 367 369 370 371 370 369 344 343 372 372 343 373 343 374 373 373 374 375 374 376 375 375 376 377 377 376 378 376 379 378 378 379 380 379 381 380 380 381 382 381 383 382 382 383 384 383 385 384 384 385 386 385 387 386 386 387 388 388 387 389 387 390 389 389 390 391 391 390 364 365 364 390 442 77 79 80 82 443 444 84 86 87 89 445 446 447 448 449 450 451 452 94 91 94 452 453 454 455 95 96 95 455 458 102 101 106 105 459 102 108 103 104 111 105 113 41 460 461 44 114 462 463 464 463 462 465 463 465 466 466 465 467 466 467 468 468 467 469 468 469 470 470 469 471 472 473 474 474 473 475 473 476 475 475 476 477 476 478 477 477 478 479 478 480 479 481 479 480 53 121 488 489 122 58 490 491 492 493 494 495 496 490 492 493 495 497 498 499 500 501 502 503 460 41 499 502 44 461 504 505 102 105 506 507 509 510 505 506 511 512 514 510 509 512 511 515 516 517 518 519 520 521 523 524 517 520 525 526 528 529 530 531 532 533 535 536 537 538 539 540 536 541 537 538 542 539 543 544 545 546 547 548 545 550 551 552 553 546 555 556 557 558 559 560 562 563 564 565 566 567 563 568 564 565 569 566 570 571 572 573 574 575 572 577 578 579 580 573 578 582 583 584 585 579 583 587 588 589 590 584 588 587 592 593 590 589 594 595 596 597 598 599 601 594 602 603 599 604 491 601 606 607 604 494 608 609 610 611 612 613 615 608 616 608 615 617 618 619 613 620 613 619 623 617 624 625 618 626 628 623 624 625 626 629 630 631 632 633 634 635 637 638 631 634 639 640 642 638 637 640 639 643 644 642 645 646 643 647 649 644 645 646 647 650 651 652 653 654 655 656 658 652 651 656 655 659 660 661 658 659 662 663 665 666 661 662 667 668 670 666 665 668 667 671 672 673 674 675 676 677 679 86 673 676 87 680 682 683 684 685 686 687 688 689 690 691 692 693 689 694 690 691 695 692 696 697 698 699 700 701 698 702 703 704 705 699 703 706 707 708 709 704 707 711 712 713 714 708 712 711 716 717 714 713 609 718 719 720 721 612 723 444 86 87 445 724 725 453 452 453 725 726 727 728 454 455 454 728 729 102 458 459 105 730 53 488 731 732 489 58 460 499 498 503 502 461 492 491 606 607 494 493 733 734 735 734 733 736 737 738 739 740 739 738 698 697 702 705 700 699 504 102 729 730 105 507 504 509 505 506 512 507 743 744 745 744 743 746 746 743 747 746 747 748 748 747 749 748 749 750 750 749 751 751 749 752 753 754 755 755 754 756 756 754 757 754 758 757 757 758 759 758 760 759 759 760 761 762 761 760 516 523 517 520 526 521 523 764 524 525 765 526 767 768 524 525 769 770 772 773 774 773 772 775 773 775 776 776 775 777 776 777 778 778 777 779 778 779 780 780 779 781 782 783 784 784 783 785 783 786 785 785 786 787 786 788 787 787 788 789 788 790 789 791 789 790 545 544 550 553 547 546 551 550 793 794 553 552 551 796 797 798 799 552 801 802 803 802 801 804 802 804 805 805 804 806 806 804 807 806 807 808 806 808 809 809 808 810 811 812 813 813 812 814 812 815 814 815 816 814 814 816 817 817 816 818 816 819 818 820 818 819 572 571 577 580 574 573 578 577 822 823 580 579 578 825 582 585 826 579 583 582 587 590 585 584 828 829 830 829 828 831 829 831 832 829 832 833 833 832 834 833 834 835 835 834 836 836 834 837 838 839 840 840 839 841 841 839 842 839 843 842 842 843 844 843 845 844 845 846 844 847 844 846 594 596 602 603 597 599 601 602 848 849 603 604 601 851 606 607 852 604 608 610 616 620 611 613 609 719 610 611 720 612 853 854 855 854 853 856 857 858 859 860 859 858 617 615 861 862 619 618 624 617 861 862 618 625 637 631 630 635 634 640 642 637 863 864 640 643 645 642 866 867 643 646 660 658 651 656 659 663 868 661 660 663 662 869 665 661 871 872 662 668 672 679 673 676 680 677 679 723 86 87 724 680 703 702 873 874 705 704 703 875 706 709 876 704 707 706 711 714 709 708 878 736 733 736 878 879 880 881 737 738 737 881 882 883 884 883 882 885 886 887 888 889 888 887 764 891 524 525 892 765 891 767 524 525 770 892 894 895 896 895 894 897 898 899 900 901 900 899 903 904 905 904 903 906 907 908 909 910 909 908 551 793 911 912 794 552 551 911 796 799 912 552 914 915 916 915 914 917 918 919 920 921 920 919 853 922 856 922 853 923 924 858 925 857 925 858 578 822 825 826 823 579 926 854 927 854 926 855 860 928 859 929 859 928 930 879 878 879 930 931 932 933 880 881 880 933 601 848 851 852 849 604 642 863 934 935 864 643 642 934 866 867 935 643 936 661 868 869 662 937 871 661 936 937 662 872 703 873 875 876 874 704 905 883 885 883 905 904 909 910 888 886 888 910 917 896 915 896 917 894 899 918 901 920 901 918</p>
                </triangles>
                <lines count="325" material="Material3">
                    <input offset="0" semantic="VERTEX" source="#ID50" />
                    <p />
                </lines>
            </mesh>
        </geometry>
        <geometry id="ID53">
            <mesh>
                <source id="ID54">
                    <float_array id="ID57" count="1170">30.37904 -3.210194 0.8601689 31.0556 -4 0 30.37904 -3.323437 0 30.37904 -3.323437 0 31.0556 -4 0 30.37904 -3.210194 0.8601689 30.37904 -3.210194 0.8601689 31.0556 -4 0 30.37904 -3.323437 0 31.0556 -3.874333 0.9947595 31.0556 -3.874333 0.9947595 31.0556 -3.874333 0.9947595 31.0556 -3.874333 -0.9947595 31.0556 -3.874333 -0.9947595 31.0556 -3.874333 -0.9947595 30.35436 -3.210194 0.8601689 30.37904 -3.323437 0 30.35436 -3.323437 0 30.37904 -3.210194 0.8601689 30.37904 -3.210194 0.8601689 30.35436 -3.210194 0.8601689 30.37904 -3.323437 0 30.35436 -3.323437 0 30.35436 -3.210194 0.8601689 30.35436 -3.323437 0 30.37904 -2.878181 1.661719 30.37904 -2.878181 1.661719 30.37904 -2.878181 1.661719 30.37904 -3.210194 -0.8601689 30.37904 -3.210194 -0.8601689 30.37904 -3.210194 -0.8601689 30.35436 -2.878181 1.661719 30.37904 -2.878181 1.661719 30.37904 -2.878181 1.661719 30.35436 -2.878181 1.661719 30.35436 -2.878181 1.661719 30.37904 -3.210194 -0.8601689 30.35436 -3.210194 -0.8601689 30.37904 -3.210194 -0.8601689 30.35436 -3.210194 -0.8601689 30.35436 -3.210194 -0.8601689 30.35436 -3.210194 0.8601689 30.35436 -3.323437 0 29.6778 -3.874333 0.9947595 29.6778 -3.874333 0.9947595 30.35436 -3.323437 0 30.35436 -3.210194 0.8601689 29.6778 -3.874333 0.9947595 31.0556 -3.505227 1.927015 31.0556 -3.505227 1.927015 31.0556 -3.505227 1.927015 31.0556 -3.505227 -1.927015 31.0556 -3.505227 -1.927015 31.0556 -3.505227 -1.927015 30.35436 -2.350025 2.350025 30.37904 -2.350025 2.350025 30.37904 -2.350025 2.350025 30.35436 -2.350025 2.350025 30.37904 -2.350025 2.350025 30.35436 -2.350025 2.350025 30.35436 -2.878181 1.661719 29.6778 -3.505227 1.927015 29.6778 -3.505227 1.927015 30.35436 -2.878181 1.661719 29.6778 -3.505227 1.927015 30.37904 -2.878181 -1.661719 30.35436 -2.878181 -1.661719 30.37904 -2.878181 -1.661719 30.35436 -2.878181 -1.661719 30.37904 -2.878181 -1.661719 30.35436 -2.878181 -1.661719 30.35436 -3.210194 -0.8601689 29.6778 -4 0 29.6778 -4 0 30.35436 -3.210194 -0.8601689 29.6778 -4 0 30.37904 -2.350025 2.350025 30.37904 -2.350025 2.350025 30.37904 -2.878181 -1.661719 30.37904 -2.878181 -1.661719 30.37904 -1.661719 2.878181 30.35436 -1.661719 2.878181 30.37904 -1.661719 2.878181 30.35436 -1.661719 2.878181 30.37904 -1.661719 2.878181 30.35436 -1.661719 2.878181 30.35436 -2.350025 2.350025 29.6778 -2.915875 2.738188 29.6778 -2.915875 2.738188 30.35436 -2.350025 2.350025 29.6778 -2.915875 2.738188 30.37904 -2.350025 -2.350025 30.35436 -2.350025 -2.350025 30.37904 -2.350025 -2.350025 30.35436 -2.350025 -2.350025 30.37904 -2.350025 -2.350025 30.35436 -2.350025 -2.350025 30.35436 -2.878181 -1.661719 29.6778 -3.874333 -0.9947595 29.6778 -3.874333 -0.9947595 30.35436 -2.878181 -1.661719 29.6778 -3.874333 -0.9947595 31.0556 -2.915875 2.738188 31.0556 -2.915875 2.738188 31.0556 -2.915875 2.738188 31.0556 -2.915875 -2.738188 31.0556 -2.915875 -2.738188 31.0556 -2.915875 -2.738188 30.37904 -0.8601689 3.210194 30.35436 -0.8601689 3.210194 30.37904 -0.8601689 3.210194 30.35436 -0.8601689 3.210194 30.37904 -0.8601689 3.210194 30.35436 -0.8601689 3.210194 30.37904 -1.661719 2.878181 30.37904 -1.661719 2.878181 30.35436 -1.661719 2.878181 29.6778 -2.143307 3.377312 29.6778 -2.143307 3.377312 30.35436 -1.661719 2.878181 29.6778 -2.143307 3.377312 30.37904 -2.350025 -2.350025 30.37904 -2.350025 -2.350025 30.35436 -1.661719 -2.878181 30.37904 -1.661719 -2.878181 30.37904 -1.661719 -2.878181 30.35436 -1.661719 -2.878181 30.37904 -1.661719 -2.878181 30.35436 -1.661719 -2.878181 30.35436 -2.350025 -2.350025 29.6778 -3.505227 -1.927015 29.6778 -3.505227 -1.927015 30.35436 -2.350025 -2.350025 29.6778 -3.505227 -1.927015 30.37904 6.534224e-16 3.323437 30.35436 6.519115e-16 3.323437 30.37904 6.534224e-16 3.323437 30.35436 6.519115e-16 3.323437 30.37904 6.534224e-16 3.323437 30.35436 6.519115e-16 3.323437 30.37904 -0.8601689 3.210194 31.0556 -2.143307 3.377312 31.0556 -2.143307 3.377312 30.37904 -0.8601689 3.210194 31.0556 -2.143307 3.377312 30.35436 -0.8601689 3.210194 29.6778 -1.236068 3.804226 29.6778 -1.236068 3.804226 30.35436 -0.8601689 3.210194 29.6778 -1.236068 3.804226 31.0556 -2.143307 -3.377312 31.0556 -2.143307 -3.377312 31.0556 -2.143307 -3.377312 30.37904 -1.661719 -2.878181 30.37904 -1.661719 -2.878181 30.35436 -0.8601689 -3.210194 30.37904 -0.8601689 -3.210194 30.37904 -0.8601689 -3.210194 30.35436 -0.8601689 -3.210194 30.37904 -0.8601689 -3.210194 30.35436 -0.8601689 -3.210194 30.35436 -1.661719 -2.878181 29.6778 -2.915875 -2.738188 29.6778 -2.915875 -2.738188 30.35436 -1.661719 -2.878181 29.6778 -2.915875 -2.738188 30.37904 0.8601689 3.210194 30.35436 0.8601689 3.210194 30.37904 0.8601689 3.210194 30.35436 0.8601689 3.210194 30.37904 0.8601689 3.210194 30.35436 0.8601689 3.210194 31.0556 -1.236068 3.804226 30.37904 6.534224e-16 3.323437 30.37904 6.534224e-16 3.323437 31.0556 -1.236068 3.804226 31.0556 -1.236068 3.804226 30.35436 6.519115e-16 3.323437 29.6778 -0.2511621 3.992107 29.6778 -0.2511621 3.992107 30.35436 6.519115e-16 3.323437 29.6778 -0.2511621 3.992107 31.0556 -1.236068 -3.804226 31.0556 -1.236068 -3.804226 31.0556 -1.236068 -3.804226 30.37904 -0.8601689 -3.210194 30.37904 -0.8601689 -3.210194 30.35436 -1.62069e-16 -3.323437 30.37904 -1.605581e-16 -3.323437 30.37904 -1.605581e-16 -3.323437 30.35436 -1.62069e-16 -3.323437 30.37904 -1.605581e-16 -3.323437 30.35436 -1.62069e-16 -3.323437 30.35436 -0.8601689 -3.210194 29.6778 -2.143307 -3.377312 29.6778 -2.143307 -3.377312 30.35436 -0.8601689 -3.210194 29.6778 -2.143307 -3.377312 30.37904 1.661719 2.878181 30.35436 1.661719 2.878181 30.37904 1.661719 2.878181 30.35436 1.661719 2.878181 30.37904 1.661719 2.878181 30.35436 1.661719 2.878181 31.0556 -0.2511621 3.992107 30.37904 0.8601689 3.210194 30.37904 0.8601689 3.210194 31.0556 -0.2511621 3.992107 31.0556 -0.2511621 3.992107 30.35436 0.8601689 3.210194 29.6778 0.7495253 3.929149 29.6778 0.7495253 3.929149 30.35436 0.8601689 3.210194 29.6778 0.7495253 3.929149 31.0556 -0.2511621 -3.992107 31.0556 -0.2511621 -3.992107 31.0556 -0.2511621 -3.992107 30.37904 -1.605581e-16 -3.323437 30.37904 -1.605581e-16 -3.323437 30.35436 0.8601689 -3.210194 30.37904 0.8601689 -3.210194 30.37904 0.8601689 -3.210194 30.35436 0.8601689 -3.210194 30.37904 0.8601689 -3.210194 30.35436 0.8601689 -3.210194 30.35436 -1.62069e-16 -3.323437 29.6778 -1.236068 -3.804226 29.6778 -1.236068 -3.804226 30.35436 -1.62069e-16 -3.323437 29.6778 -1.236068 -3.804226 30.37904 2.350025 2.350025 30.35436 2.350025 2.350025 30.37904 2.350025 2.350025 30.35436 2.350025 2.350025 30.37904 2.350025 2.350025 30.35436 2.350025 2.350025 31.0556 0.7495253 3.929149 30.37904 1.661719 2.878181 30.37904 1.661719 2.878181 31.0556 0.7495253 3.929149 31.0556 0.7495253 3.929149 29.6778 1.703117 3.619308 30.35436 1.661719 2.878181 30.35436 1.661719 2.878181 29.6778 1.703117 3.619308 29.6778 1.703117 3.619308 31.0556 0.7495253 -3.929149 31.0556 0.7495253 -3.929149 31.0556 0.7495253 -3.929149 30.37904 0.8601689 -3.210194 30.37904 0.8601689 -3.210194 30.35436 1.661719 -2.878181 30.37904 1.661719 -2.878181 30.37904 1.661719 -2.878181 30.35436 1.661719 -2.878181 30.37904 1.661719 -2.878181 30.35436 1.661719 -2.878181 30.35436 0.8601689 -3.210194 29.6778 -0.2511621 -3.992107 29.6778 -0.2511621 -3.992107 30.35436 0.8601689 -3.210194 29.6778 -0.2511621 -3.992107 30.35436 2.878181 1.661719 30.37904 2.878181 1.661719 30.35436 2.878181 1.661719 30.37904 2.878181 1.661719 30.37904 2.878181 1.661719 30.35436 2.878181 1.661719 30.37904 2.350025 2.350025 31.0556 1.703117 3.619308 31.0556 1.703117 3.619308 30.37904 2.350025 2.350025 31.0556 1.703117 3.619308 29.6778 2.549696 3.082053 30.35436 2.350025 2.350025 30.35436 2.350025 2.350025 29.6778 2.549696 3.082053 29.6778 2.549696 3.082053 31.0556 1.703117 -3.619308 31.0556 1.703117 -3.619308 31.0556 1.703117 -3.619308 30.37904 1.661719 -2.878181 30.37904 1.661719 -2.878181 30.35436 2.350025 -2.350025 30.37904 2.350025 -2.350025 30.37904 2.350025 -2.350025 30.35436 2.350025 -2.350025 30.37904 2.350025 -2.350025 30.35436 2.350025 -2.350025 30.35436 1.661719 -2.878181 29.6778 0.7495253 -3.929149 29.6778 0.7495253 -3.929149 30.35436 1.661719 -2.878181 29.6778 0.7495253 -3.929149 30.35436 3.210194 0.8601689 30.37904 3.210194 0.8601689 30.35436 3.210194 0.8601689 30.37904 3.210194 0.8601689 30.37904 3.210194 0.8601689 30.35436 3.210194 0.8601689 30.37904 2.878181 1.661719 31.0556 2.549696 3.082053 31.0556 2.549696 3.082053 30.37904 2.878181 1.661719 31.0556 2.549696 3.082053 29.6778 3.236068 2.351141 30.35436 2.878181 1.661719 30.35436 2.878181 1.661719 29.6778 3.236068 2.351141 29.6778 3.236068 2.351141 31.0556 2.549696 -3.082053 31.0556 2.549696 -3.082053 31.0556 2.549696 -3.082053 30.37904 2.350025 -2.350025 30.37904 2.350025 -2.350025 30.37904 2.878181 -1.661719 30.35436 2.878181 -1.661719 30.35436 2.878181 -1.661719 30.37904 2.878181 -1.661719 30.37904 2.878181 -1.661719 30.35436 2.878181 -1.661719 30.35436 2.350025 -2.350025 29.6778 1.703117 -3.619308 29.6778 1.703117 -3.619308 30.35436 2.350025 -2.350025 29.6778 1.703117 -3.619308 30.35436 3.323437 -4.069903e-16 30.37904 3.323437 -4.069903e-16 30.35436 3.323437 -4.069903e-16 30.37904 3.323437 -4.069903e-16 30.37904 3.323437 -4.069903e-16 30.35436 3.323437 -4.069903e-16 31.0556 3.236068 2.351141 30.37904 3.210194 0.8601689 30.37904 3.210194 0.8601689 31.0556 3.236068 2.351141 31.0556 3.236068 2.351141 29.6778 3.719106 1.472498 30.35436 3.210194 0.8601689 30.35436 3.210194 0.8601689 29.6778 3.719106 1.472498 29.6778 3.719106 1.472498 31.0556 3.236068 -2.351141 31.0556 3.236068 -2.351141 31.0556 3.236068 -2.351141 30.37904 2.878181 -1.661719 30.37904 2.878181 -1.661719 30.37904 3.210194 -0.8601689 30.35436 3.210194 -0.8601689 30.35436 3.210194 -0.8601689 30.37904 3.210194 -0.8601689 30.37904 3.210194 -0.8601689 30.35436 3.210194 -0.8601689 30.35436 2.878181 -1.661719 29.6778 2.549696 -3.082053 29.6778 2.549696 -3.082053 30.35436 2.878181 -1.661719 29.6778 2.549696 -3.082053 31.0556 3.719106 1.472498 30.37904 3.323437 -4.069903e-16 30.37904 3.323437 -4.069903e-16 31.0556 3.719106 1.472498 31.0556 3.719106 1.472498 29.6778 3.968459 0.5013329 30.35436 3.323437 -4.069903e-16 30.35436 3.323437 -4.069903e-16 29.6778 3.968459 0.5013329 29.6778 3.968459 0.5013329 31.0556 3.719106 -1.472498 31.0556 3.719106 -1.472498 31.0556 3.719106 -1.472498 30.37904 3.210194 -0.8601689 30.37904 3.210194 -0.8601689 30.35436 3.210194 -0.8601689 29.6778 3.236068 -2.351141 29.6778 3.236068 -2.351141 30.35436 3.210194 -0.8601689 29.6778 3.236068 -2.351141 31.0556 3.968459 -0.5013329 31.0556 3.968459 -0.5013329 31.0556 3.968459 -0.5013329 29.6778 3.719106 -1.472498 29.6778 3.719106 -1.472498 29.6778 3.719106 -1.472498 31.0556 3.968459 0.5013329 31.0556 3.968459 0.5013329 31.0556 3.968459 0.5013329 29.6778 3.968459 -0.5013329 29.6778 3.968459 -0.5013329 29.6778 3.968459 -0.5013329</float_array>
                    <technique_common>
                        <accessor count="390" source="#ID57" stride="3">
                            <param name="X" type="float" />
                            <param name="Y" type="float" />
                            <param name="Z" type="float" />
                        </accessor>
                    </technique_common>
                </source>
                <source id="ID55">
                    <float_array id="ID58" count="1170">0.7062827 0.6833399 -0.1849631 0.7077398 0.7064727 -0.00079538 0.7077755 0.7064367 -0.001047279 -0.7077755 -0.7064367 0.001047279 -0.7077398 -0.7064727 0.00079538 -0.7062827 -0.6833399 0.1849631 0 0 0 0 0 0 0 0 0 0.7090433 0.6829014 -0.175793 -0.7090433 -0.6829014 0.175793 0 0 0 0.7065802 0.6856698 0.1749325 -0.7065802 -0.6856698 -0.1749325 0 0 0 1.211364e-16 0.9659258 -0.258819 7.823573e-17 1 -3.118888e-16 7.823573e-17 1 -3.118888e-16 1.211364e-16 0.9659258 -0.258819 -1.211364e-16 -0.9659258 0.258819 -1.211364e-16 -0.9659258 0.258819 -7.823573e-17 -1 3.118888e-16 -7.823573e-17 -1 3.118888e-16 0 0 0 0 0 0 0.7045679 0.6132221 -0.3571311 -0.7045679 -0.6132221 0.3571311 0 0 0 0.7090651 0.681224 0.1821003 -0.7090651 -0.681224 -0.1821003 0 0 0 5.097787e-17 0.8660254 -0.5 5.097787e-17 0.8660254 -0.5 -5.097787e-17 -0.8660254 0.5 -5.097787e-17 -0.8660254 0.5 0 0 0 -9.234704e-17 0.9659258 0.258819 -9.234704e-17 0.9659258 0.258819 9.234704e-17 -0.9659258 -0.258819 9.234704e-17 -0.9659258 -0.258819 0 0 0 -0.7090651 0.681224 -0.1821003 -0.7077755 0.7064367 0.001047279 -0.7065802 0.6856698 -0.1749325 0.7065802 -0.6856698 0.1749325 0.7077755 -0.7064367 -0.001047279 0.7090651 -0.681224 0.1821003 0 0 0 0.7104971 0.6166484 -0.339026 -0.7104971 -0.6166484 0.339026 0 0 0 0.7055571 0.621622 0.3402575 -0.7055571 -0.621622 -0.3402575 0 0 0 -1.353092e-17 0.7071068 -0.7071068 -1.353092e-17 0.7071068 -0.7071068 1.353092e-17 -0.7071068 0.7071068 1.353092e-17 -0.7071068 0.7071068 0 0 0 0 0 0 -0.7101702 0.6096636 -0.3520919 -0.7055571 0.621622 -0.3402575 0.7055571 -0.621622 0.3402575 0.7101702 -0.6096636 0.3520919 0 0 0 -1.696152e-16 0.8660254 0.5 -1.696152e-16 0.8660254 0.5 1.696152e-16 -0.8660254 -0.5 1.696152e-16 -0.8660254 -0.5 0 0 0 0 0 0 -0.7062827 0.6833399 0.1849631 -0.7077398 0.7064727 0.00079538 0.7077398 -0.7064727 -0.00079538 0.7062827 -0.6833399 -0.1849631 0 0 0 0.7026121 0.5005577 -0.5057452 -0.7026121 -0.5005577 0.5057452 0.7101702 0.6096636 0.3520919 -0.7101702 -0.6096636 -0.3520919 7.580604e-18 0.5 -0.8660254 7.580604e-18 0.5 -0.8660254 -7.580604e-18 -0.5 0.8660254 -7.580604e-18 -0.5 0.8660254 0 0 0 0 0 0 -0.7111083 0.4968171 -0.4974914 -0.7046629 0.5182213 -0.4846617 0.7046629 -0.5182213 0.4846617 0.7111083 -0.4968171 0.4974914 0 0 0 1.582931e-32 0.7071068 0.7071068 1.582931e-32 0.7071068 0.7071068 -1.582931e-32 -0.7071068 -0.7071068 -1.582931e-32 -0.7071068 -0.7071068 0 0 0 0 0 0 -0.7045679 0.6132221 0.3571311 -0.7090433 0.6829014 0.175793 0.7090433 -0.6829014 -0.175793 0.7045679 -0.6132221 -0.3571311 0 0 0 0.7121065 0.5121059 -0.4802623 -0.7121065 -0.5121059 0.4802623 0 0 0 0.7046629 0.5182213 0.4846617 -0.7046629 -0.5182213 -0.4846617 0 0 0 -1.513442e-17 0.258819 -0.9659258 -1.513442e-17 0.258819 -0.9659258 1.513442e-17 -0.258819 0.9659258 1.513442e-17 -0.258819 0.9659258 0 0 0 0 0 0 0.7003957 0.3527303 -0.6205056 -0.7003957 -0.3527303 0.6205056 -0.7118966 0.3504919 -0.608571 -0.7038891 0.381884 -0.5989197 0.7038891 -0.381884 0.5989197 0.7118966 -0.3504919 0.608571 0 0 0 0.7111083 0.4968171 0.4974914 -0.7111083 -0.4968171 -0.4974914 1.696152e-16 0.5 0.8660254 1.696152e-16 0.5 0.8660254 -1.696152e-16 -0.5 -0.8660254 -1.696152e-16 -0.5 -0.8660254 0 0 0 0 0 0 -0.7026121 0.5005577 0.5057452 -0.7104971 0.6166484 0.339026 0.7104971 -0.6166484 -0.339026 0.7026121 -0.5005577 -0.5057452 0 0 0 5.850094e-17 -8.376443e-16 -1 5.850094e-17 -8.198221e-16 -1 -5.850094e-17 8.376443e-16 1 -5.850094e-17 8.198221e-16 1 0 0 0 0 0 0 0.6978993 0.1795605 -0.6933214 0.7138758 0.3760709 -0.5907216 -0.7138758 -0.3760709 0.5907216 -0.6978993 -0.1795605 0.6933214 0 0 0 -0.712551 0.1807067 -0.67795 -0.7032276 0.2211495 -0.6756951 0.7032276 -0.2211495 0.6756951 0.712551 -0.1807067 0.67795 0 0 0 0.7038891 0.381884 0.5989197 -0.7038891 -0.381884 -0.5989197 0 0 0 0.7118966 0.3504919 0.608571 -0.7118966 -0.3504919 -0.608571 6.77129e-17 0.258819 0.9659258 6.77129e-17 0.258819 0.9659258 -6.77129e-17 -0.258819 -0.9659258 -6.77129e-17 -0.258819 -0.9659258 0 0 0 0 0 0 -0.7003957 0.3527303 0.6205056 -0.7121065 0.5121059 0.4802623 0.7121065 -0.5121059 -0.4802623 0.7003957 -0.3527303 -0.6205056 0 0 0 1.457248e-16 -0.258819 -0.9659258 1.457248e-16 -0.258819 -0.9659258 -1.457248e-16 0.258819 0.9659258 -1.457248e-16 0.258819 0.9659258 0 0 0 0 0 0 0.7158078 0.217298 -0.663627 0.6951035 -0.007332413 -0.7188723 -0.6951035 0.007332413 0.7188723 -0.7158078 -0.217298 0.663627 0 0 0 -0.7130861 -0.000984766 -0.7010758 -0.70267 0.04613983 -0.7100183 0.70267 -0.04613983 0.7100183 0.7130861 0.000984766 0.7010758 0 0 0 0.7032276 0.2211495 0.6756951 -0.7032276 -0.2211495 -0.6756951 0 0 0 0.712551 0.1807067 0.67795 -0.712551 -0.1807067 -0.67795 -4.436892e-17 -6.237777e-17 1 -4.436892e-17 -8.019999e-17 1 4.436892e-17 8.019999e-17 -1 4.436892e-17 6.237777e-17 -1 0 0 0 0 0 0 -0.6978993 0.1795605 0.6933214 -0.7138758 0.3760709 0.5907216 0.7138758 -0.3760709 -0.5907216 0.6978993 -0.1795605 -0.6933214 0 0 0 2.938641e-16 -0.5 -0.8660254 2.938641e-16 -0.5 -0.8660254 -2.938641e-16 0.5 0.8660254 -2.938641e-16 0.5 0.8660254 0 0 0 0 0 0 0.7179043 0.04592808 -0.6946251 0.6919886 -0.1952938 -0.6949907 -0.6919886 0.1952938 0.6949907 -0.7179043 -0.04592808 0.6946251 0 0 0 -0.7135152 -0.1822699 -0.6765159 -0.7022086 -0.1320844 -0.6996119 0.7022086 0.1320844 0.6996119 0.7135152 0.1822699 0.6765159 0 0 0 0.70267 0.04613983 0.7100183 -0.70267 -0.04613983 -0.7100183 0 0 0 0.7130861 -0.000984766 0.7010758 -0.7130861 0.000984766 -0.7010758 1.628513e-16 -0.258819 0.9659258 1.628513e-16 -0.258819 0.9659258 -1.628513e-16 0.258819 -0.9659258 -1.628513e-16 0.258819 -0.9659258 0 0 0 0 0 0 -0.6951035 -0.007332413 0.7188723 -0.7158078 0.217298 0.663627 0.7158078 -0.217298 -0.663627 0.6951035 0.007332413 -0.7188723 0 0 0 2.780604e-16 -0.7071068 -0.7071068 2.780604e-16 -0.7071068 -0.7071068 -2.780604e-16 0.7071068 0.7071068 -2.780604e-16 0.7071068 0.7071068 0 0 0 0 0 0 0.7201654 -0.1271671 -0.6820486 0.6885349 -0.3714731 -0.6228382 -0.6885349 0.3714731 0.6228382 -0.7201654 0.1271671 0.6820486 0 0 0 -0.7018361 -0.3022309 -0.6450446 -0.7138498 -0.3508999 -0.6060427 0.7138498 0.3508999 0.6060427 0.7018361 0.3022309 0.6450446 0 0 0 0.7022086 -0.1320844 0.6996119 -0.7022086 0.1320844 -0.6996119 0 0 0 0.7135152 -0.1822699 0.6765159 -0.7135152 0.1822699 -0.6765159 -3.327765e-17 -0.5 0.8660254 -3.327765e-17 -0.5 0.8660254 3.327765e-17 0.5 -0.8660254 3.327765e-17 0.5 -0.8660254 0 0 0 0 0 0 -0.6919886 -0.1952938 0.6949907 -0.7179043 0.04592808 0.6946251 0.7179043 -0.04592808 -0.6946251 0.6919886 0.1952938 -0.6949907 0 0 0 1.225582e-16 -0.8660254 -0.5 1.225582e-16 -0.8660254 -0.5 -1.225582e-16 0.8660254 0.5 -1.225582e-16 0.8660254 0.5 0 0 0 0 0 0 0.6847226 -0.5236855 -0.5068614 0.72259 -0.2910843 -0.6270037 -0.72259 0.2910843 0.6270037 -0.6847226 0.5236855 0.5068614 0 0 0 -0.7015463 -0.4534988 -0.5497014 -0.7140997 -0.4955055 -0.4945058 0.7140997 0.4955055 0.4945058 0.7015463 0.4534988 0.5497014 0 0 0 0.7018361 -0.3022309 0.6450446 -0.7018361 0.3022309 -0.6450446 0 0 0 0.7138498 -0.3508999 0.6060427 -0.7138498 0.3508999 -0.6060427 -3.121516e-16 -0.7071068 0.7071068 -3.121516e-16 -0.7071068 0.7071068 3.121516e-16 0.7071068 -0.7071068 3.121516e-16 0.7071068 -0.7071068 0 0 0 0 0 0 -0.6885349 -0.3714731 0.6228382 -0.7201654 -0.1271671 0.6820486 0.7201654 0.1271671 -0.6820486 0.6885349 0.3714731 -0.6228382 0 0 0 1.054431e-16 -0.9659258 -0.258819 1.054431e-16 -0.9659258 -0.258819 -1.054431e-16 0.9659258 0.258819 -1.054431e-16 0.9659258 0.258819 0 0 0 0 0 0 0.6805315 -0.6412373 -0.3545301 0.7251757 -0.435584 -0.5332792 -0.7251757 0.435584 0.5332792 -0.6805315 0.6412373 0.3545301 0 0 0 -0.7013338 -0.5762727 -0.419572 -0.7142726 -0.6063523 -0.349502 0.7142726 0.6063523 0.349502 0.7013338 0.5762727 0.419572 0 0 0 0.7015463 -0.4534988 0.5497014 -0.7015463 0.4534988 -0.5497014 0 0 0 0.7140997 -0.4955055 0.4945058 -0.7140997 0.4955055 -0.4945058 -1.136809e-16 -0.8660254 0.5 -1.136809e-16 -0.8660254 0.5 1.136809e-16 0.8660254 -0.5 1.136809e-16 0.8660254 -0.5 0 0 0 0 0 0 -0.6847226 -0.5236855 0.5068614 -0.72259 -0.2910843 0.6270037 0.72259 0.2910843 -0.6270037 0.6847226 0.5236855 -0.5068614 0 0 0 2.481729e-17 -1 4.277333e-16 2.481729e-17 -1 4.277333e-16 -2.481729e-17 1 -4.277333e-16 -2.481729e-17 1 -4.277333e-16 0 0 0 0 0 0 0.7279188 -0.5517395 -0.4070844 0.675941 -0.7156629 -0.1758701 -0.675941 0.7156629 0.1758701 -0.7279188 0.5517395 0.4070844 0 0 0 -0.7011945 -0.6627405 -0.2628712 -0.714374 -0.6759868 -0.1808635 0.714374 0.6759868 0.1808635 0.7011945 0.6627405 0.2628712 0 0 0 0.7013338 -0.5762727 0.419572 -0.7013338 0.5762727 -0.419572 0 0 0 0.7142726 -0.6063523 0.349502 -0.7142726 0.6063523 -0.349502 -2.557564e-18 -0.9659258 0.258819 -2.557564e-18 -0.9659258 0.258819 2.557564e-18 0.9659258 -0.258819 2.557564e-18 0.9659258 -0.258819 0 0 0 0 0 0 -0.6805315 -0.6412373 0.3545301 -0.7251757 -0.435584 0.5332792 0.7251757 0.435584 -0.5332792 0.6805315 0.6412373 -0.3545301 0 0 0 0.7308146 -0.6324948 -0.2566326 0.7085168 -0.7055223 -0.01556523 -0.7085168 0.7055223 0.01556523 -0.7308146 0.6324948 0.2566326 0 0 0 -0.7011256 -0.7073967 -0.08951474 -0.7085168 -0.7055223 0.01556523 0.7085168 0.7055223 -0.01556523 0.7011256 0.7073967 0.08951474 0 0 0 0.7011945 -0.6627405 0.2628712 -0.7011945 0.6627405 -0.2628712 0 0 0 0.714374 -0.6759868 0.1808635 -0.714374 0.6759868 -0.1808635 -0.675941 -0.7156629 0.1758701 -0.7279188 -0.5517395 0.4070844 0.7279188 0.5517395 -0.4070844 0.675941 0.7156629 -0.1758701 0 0 0 0.7011256 -0.7073967 0.08951474 -0.7011256 0.7073967 -0.08951474 0 0 0 -0.7308146 -0.6324948 0.2566326 0.7308146 0.6324948 -0.2566326 0 0 0 0.7262854 -0.6791102 -0.1063903 -0.7262854 0.6791102 0.1063903 0 0 0 -0.7262854 -0.6791102 0.1063903 0.7262854 0.6791102 -0.1063903 0 0 0</float_array>
                    <technique_common>
                        <accessor count="390" source="#ID58" stride="3">
                            <param name="X" type="float" />
                            <param name="Y" type="float" />
                            <param name="Z" type="float" />
                        </accessor>
                    </technique_common>
                </source>
                <vertices id="ID56">
                    <input semantic="POSITION" source="#ID54" />
                    <input semantic="NORMAL" source="#ID55" />
                </vertices>
                <triangles count="292" material="Material2">
                    <input offset="0" semantic="VERTEX" source="#ID56" />
                    <p>0 1 2 3 4 5 0 9 1 4 10 5 2 1 12 13 4 3 15 16 17 16 15 18 19 20 21 22 21 20 25 9 0 5 10 26 28 2 12 13 3 29 31 18 15 18 31 32 33 34 19 20 19 34 17 36 37 36 17 16 21 22 38 39 38 22 41 42 43 44 45 46 25 48 9 10 49 26 28 12 51 52 13 29 54 32 31 32 54 55 56 57 33 34 33 57 60 41 61 62 46 63 37 65 66 65 37 36 38 39 67 68 67 39 71 72 42 45 73 74 41 43 61 62 44 46 42 72 43 44 73 45 76 48 25 26 49 77 78 28 51 52 29 79 80 54 81 54 80 55 56 82 57 83 57 82 86 60 87 88 63 89 60 61 87 88 62 63 66 91 92 91 66 65 67 68 93 94 93 68 97 98 71 74 99 100 71 98 72 73 99 74 76 102 48 49 103 77 78 51 105 106 52 79 108 81 109 81 108 80 82 110 83 111 83 110 114 102 76 77 103 115 116 86 117 118 89 119 117 86 87 88 89 118 121 78 105 106 79 122 91 123 92 123 91 124 125 93 126 94 126 93 129 130 97 100 131 132 97 130 98 99 131 100 134 109 135 109 134 108 110 136 111 137 111 136 140 141 114 115 142 143 145 116 146 147 119 148 114 141 102 103 142 115 146 116 117 118 119 147 150 121 105 106 122 151 153 121 150 151 122 154 124 155 123 155 124 156 157 125 158 126 158 125 161 162 129 132 163 164 129 162 130 131 163 132 166 135 167 135 166 134 136 168 137 169 137 168 172 140 173 174 143 175 177 145 178 179 148 180 140 172 141 142 175 143 145 146 178 179 147 148 182 153 150 151 154 183 185 153 182 183 154 186 156 187 155 187 156 188 189 157 190 158 190 157 193 194 161 164 195 196 161 194 162 163 195 164 198 167 199 167 198 166 168 200 169 201 169 200 204 173 205 206 174 207 209 177 210 211 180 212 173 204 172 175 207 174 177 178 210 211 179 180 214 185 182 183 186 215 217 185 214 215 186 218 188 219 187 219 188 220 221 189 222 190 222 189 225 226 193 196 227 228 193 226 194 195 227 196 230 199 231 199 230 198 200 232 201 233 201 232 236 205 237 238 206 239 241 242 209 212 243 244 205 236 204 207 239 206 241 209 210 211 212 244 246 217 214 215 218 247 249 217 246 247 218 250 220 251 219 251 220 252 253 221 254 222 254 221 257 258 225 228 259 260 225 258 226 227 259 228 230 262 263 262 230 231 233 232 264 265 264 232 268 269 237 238 270 271 273 274 242 243 275 276 269 236 237 238 239 270 273 242 241 244 243 276 278 249 246 247 250 279 278 281 249 250 282 279 252 283 251 283 252 284 285 253 286 254 286 253 289 290 257 260 291 292 257 290 258 259 291 260 263 294 295 294 263 262 264 265 296 297 296 265 300 301 268 271 302 303 305 306 274 275 307 308 301 269 268 271 270 302 305 274 273 276 275 308 310 281 278 279 282 311 310 313 281 282 314 311 315 283 284 283 315 316 317 318 286 285 286 318 321 322 289 292 323 324 322 290 289 292 291 323 295 326 327 326 295 294 296 297 328 329 328 297 332 300 333 334 303 335 337 338 306 307 339 340 332 301 300 303 302 335 337 306 305 308 307 340 342 313 310 311 314 343 342 345 313 314 346 343 347 316 315 316 347 348 349 350 317 318 317 350 353 354 321 324 355 356 354 322 321 324 323 355 327 348 347 348 327 326 328 329 349 350 349 329 358 333 359 360 334 361 363 364 338 339 365 366 358 332 333 334 335 361 337 363 338 339 366 340 368 345 342 343 346 369 368 371 345 346 372 369 373 374 353 356 375 376 374 354 353 356 355 375 378 359 371 372 360 379 364 381 373 376 382 365 384 358 359 360 361 385 363 387 364 365 388 366 378 371 368 369 372 379 381 374 373 376 375 382 384 359 378 379 360 385 387 381 364 365 382 388</p>
                </triangles>
                <lines count="220" material="Material3">
                    <input offset="0" semantic="VERTEX" source="#ID56" />
                    <p />
                </lines>
            </mesh>
        </geometry>
        <geometry id="ID59">
            <mesh>
                <source id="ID62">
                    <float_array id="ID69" count="540">49.604 -4.017868 0.422295 49.604 -4.017868 -0.422295 49.604 -4.04 7.105427e-15 49.604 -3.951716 0.8399632 49.604 -3.951716 -0.8399632 49.604 -3.842268 1.248429 49.604 -3.842268 -1.248429 49.604 -3.690724 1.643216 49.604 -3.690724 -1.643216 49.604 -3.498743 2.02 49.604 -3.498743 -2.02 49.604 -3.268429 2.374652 49.604 -3.268429 -2.374652 49.604 -3.002305 2.703288 49.604 -3.002305 -2.703288 49.604 -2.703288 3.002305 49.604 -2.703288 -3.002305 49.604 -2.374652 3.268429 49.604 -2.374652 -3.268429 49.604 -2.02 3.498743 49.604 -2.02 -3.498743 49.604 -1.643216 3.690724 49.604 -1.643216 -3.690724 49.604 -1.248429 3.842268 49.604 -1.248429 -3.842268 49.604 -0.8399632 3.951716 49.604 -0.8399632 -3.951716 49.604 -0.422295 4.017868 49.604 -0.422295 -4.017868 49.604 -4.440892e-15 4.04 49.604 -4.440892e-15 -4.04 49.604 0.422295 4.017868 49.604 0.422295 -4.017868 49.604 0.8399632 3.951716 49.604 0.8399632 -3.951716 49.604 1.248429 3.842268 49.604 1.248429 -3.842268 49.604 1.643216 3.690724 49.604 1.643216 -3.690724 49.604 2.02 3.498743 49.604 2.02 -3.498743 49.604 2.374652 3.268429 49.604 2.374652 -3.268429 49.604 2.703288 3.002305 49.604 2.703288 -3.002305 49.604 3.002305 2.703288 49.604 3.002305 -2.703288 49.604 3.268429 2.374652 49.604 3.268429 -2.374652 49.604 3.498743 2.02 49.604 3.498743 -2.02 49.604 3.690724 1.643216 49.604 3.690724 -1.643216 49.604 3.842268 1.248429 49.604 3.842268 -1.248429 49.604 3.951716 0.8399632 49.604 3.951716 -0.8399632 49.604 4.017868 0.422295 49.604 4.017868 -0.422295 49.604 4.04 7.105427e-15 49.604 4.04 7.105427e-15 49.604 4.017868 0.422295 49.604 4.017868 -0.422295 49.604 3.951716 -0.8399632 49.604 3.951716 0.8399632 49.604 3.842268 -1.248429 49.604 3.842268 1.248429 49.604 3.690724 -1.643216 49.604 3.690724 1.643216 49.604 3.498743 -2.02 49.604 3.498743 2.02 49.604 3.268429 -2.374652 49.604 3.268429 2.374652 49.604 3.002305 -2.703288 49.604 3.002305 2.703288 49.604 2.703288 -3.002305 49.604 2.703288 3.002305 49.604 2.374652 -3.268429 49.604 2.374652 3.268429 49.604 2.02 -3.498743 49.604 2.02 3.498743 49.604 1.643216 -3.690724 49.604 1.643216 3.690724 49.604 1.248429 -3.842268 49.604 1.248429 3.842268 49.604 0.8399632 -3.951716 49.604 0.8399632 3.951716 49.604 0.422295 -4.017868 49.604 0.422295 4.017868 49.604 -4.440892e-15 -4.04 49.604 -4.440892e-15 4.04 49.604 -0.422295 -4.017868 49.604 -0.422295 4.017868 49.604 -0.8399632 -3.951716 49.604 -0.8399632 3.951716 49.604 -1.248429 -3.842268 49.604 -1.248429 3.842268 49.604 -1.643216 -3.690724 49.604 -1.643216 3.690724 49.604 -2.02 -3.498743 49.604 -2.02 3.498743 49.604 -2.374652 -3.268429 49.604 -2.374652 3.268429 49.604 -2.703288 -3.002305 49.604 -2.703288 3.002305 49.604 -3.002305 -2.703288 49.604 -3.002305 2.703288 49.604 -3.268429 -2.374652 49.604 -3.268429 2.374652 49.604 -3.498743 -2.02 49.604 -3.498743 2.02 49.604 -3.690724 -1.643216 49.604 -3.690724 1.643216 49.604 -3.842268 -1.248429 49.604 -3.842268 1.248429 49.604 -3.951716 -0.8399632 49.604 -3.951716 0.8399632 49.604 -4.017868 -0.422295 49.604 -4.017868 0.422295 49.604 -4.04 7.105427e-15 49.604 3.498743 2.02 49.604 3.690724 1.643216 49.604 3.842268 1.248429 49.604 3.951716 0.8399632 49.604 4.017868 0.422295 49.604 4.04 7.105427e-15 49.604 4.017868 -0.422295 49.604 3.951716 -0.8399632 49.604 3.842268 -1.248429 49.604 3.690724 -1.643216 49.604 3.498743 -2.02 49.604 3.268429 -2.374652 49.604 3.002305 -2.703288 49.604 2.703288 -3.002305 49.604 2.374652 -3.268429 49.604 2.02 -3.498743 49.604 1.643216 -3.690724 49.604 1.248429 -3.842268 49.604 0.8399632 -3.951716 49.604 0.422295 -4.017868 49.604 -4.440892e-15 -4.04 49.604 -0.422295 -4.017868 49.604 -0.8399632 -3.951716 49.604 -1.248429 -3.842268 49.604 -1.643216 -3.690724 49.604 -2.02 -3.498743 49.604 -2.374652 -3.268429 49.604 -2.703288 -3.002305 49.604 -3.002305 -2.703288 49.604 -3.268429 -2.374652 49.604 -3.498743 -2.02 49.604 -3.690724 -1.643216 49.604 -3.842268 -1.248429 49.604 -3.951716 -0.8399632 49.604 -4.017868 -0.422295 49.604 -4.04 7.105427e-15 49.604 -4.017868 0.422295 49.604 -3.951716 0.8399632 49.604 -3.842268 1.248429 49.604 -3.690724 1.643216 49.604 -3.498743 2.02 49.604 -3.268429 2.374652 49.604 -3.002305 2.703288 49.604 -2.703288 3.002305 49.604 -2.374652 3.268429 49.604 -2.02 3.498743 49.604 -1.643216 3.690724 49.604 -1.248429 3.842268 49.604 -0.8399632 3.951716 49.604 -0.422295 4.017868 49.604 -4.440892e-15 4.04 49.604 0.422295 4.017868 49.604 0.8399632 3.951716 49.604 1.248429 3.842268 49.604 1.643216 3.690724 49.604 2.02 3.498743 49.604 2.374652 3.268429 49.604 2.703288 3.002305 49.604 3.002305 2.703288 49.604 3.268429 2.374652</float_array>
                    <technique_common>
                        <accessor count="180" source="#ID69" stride="3">
                            <param name="X" type="float" />
                            <param name="Y" type="float" />
                            <param name="Z" type="float" />
                        </accessor>
                    </technique_common>
                </source>
                <source id="ID63">
                    <float_array id="ID70" count="540">-1 3.28692e-31 -4.108651e-32 -1 3.28692e-31 -4.108651e-32 -1 3.28692e-31 -4.108651e-32 -1 3.28692e-31 -4.108651e-32 -1 3.28692e-31 -4.108651e-32 -1 3.28692e-31 -4.108651e-32 -1 3.28692e-31 -4.108651e-32 -1 3.28692e-31 -4.108651e-32 -1 3.28692e-31 -4.108651e-32 -1 3.28692e-31 -4.108651e-32 -1 3.28692e-31 -4.108651e-32 -1 3.28692e-31 -4.108651e-32 -1 3.28692e-31 -4.108651e-32 -1 3.28692e-31 -4.108651e-32 -1 3.28692e-31 -4.108651e-32 -1 3.28692e-31 -4.108651e-32 -1 3.28692e-31 -4.108651e-32 -1 3.28692e-31 -4.108651e-32 -1 3.28692e-31 -4.108651e-32 -1 3.28692e-31 -4.108651e-32 -1 3.28692e-31 -4.108651e-32 -1 3.28692e-31 -4.108651e-32 -1 3.28692e-31 -4.108651e-32 -1 3.28692e-31 -4.108651e-32 -1 3.28692e-31 -4.108651e-32 -1 3.28692e-31 -4.108651e-32 -1 3.28692e-31 -4.108651e-32 -1 3.28692e-31 -4.108651e-32 -1 3.28692e-31 -4.108651e-32 -1 3.28692e-31 -4.108651e-32 -1 3.28692e-31 -4.108651e-32 -1 3.28692e-31 -4.108651e-32 -1 3.28692e-31 -4.108651e-32 -1 3.28692e-31 -4.108651e-32 -1 3.28692e-31 -4.108651e-32 -1 3.28692e-31 -4.108651e-32 -1 3.28692e-31 -4.108651e-32 -1 3.28692e-31 -4.108651e-32 -1 3.28692e-31 -4.108651e-32 -1 3.28692e-31 -4.108651e-32 -1 3.28692e-31 -4.108651e-32 -1 3.28692e-31 -4.108651e-32 -1 3.28692e-31 -4.108651e-32 -1 3.28692e-31 -4.108651e-32 -1 3.28692e-31 -4.108651e-32 -1 3.28692e-31 -4.108651e-32 -1 3.28692e-31 -4.108651e-32 -1 3.28692e-31 -4.108651e-32 -1 3.28692e-31 -4.108651e-32 -1 3.28692e-31 -4.108651e-32 -1 3.28692e-31 -4.108651e-32 -1 3.28692e-31 -4.108651e-32 -1 3.28692e-31 -4.108651e-32 -1 3.28692e-31 -4.108651e-32 -1 3.28692e-31 -4.108651e-32 -1 3.28692e-31 -4.108651e-32 -1 3.28692e-31 -4.108651e-32 -1 3.28692e-31 -4.108651e-32 -1 3.28692e-31 -4.108651e-32 -1 3.28692e-31 -4.108651e-32 1 -3.28692e-31 4.108651e-32 1 -3.28692e-31 4.108651e-32 1 -3.28692e-31 4.108651e-32 1 -3.28692e-31 4.108651e-32 1 -3.28692e-31 4.108651e-32 1 -3.28692e-31 4.108651e-32 1 -3.28692e-31 4.108651e-32 1 -3.28692e-31 4.108651e-32 1 -3.28692e-31 4.108651e-32 1 -3.28692e-31 4.108651e-32 1 -3.28692e-31 4.108651e-32 1 -3.28692e-31 4.108651e-32 1 -3.28692e-31 4.108651e-32 1 -3.28692e-31 4.108651e-32 1 -3.28692e-31 4.108651e-32 1 -3.28692e-31 4.108651e-32 1 -3.28692e-31 4.108651e-32 1 -3.28692e-31 4.108651e-32 1 -3.28692e-31 4.108651e-32 1 -3.28692e-31 4.108651e-32 1 -3.28692e-31 4.108651e-32 1 -3.28692e-31 4.108651e-32 1 -3.28692e-31 4.108651e-32 1 -3.28692e-31 4.108651e-32 1 -3.28692e-31 4.108651e-32 1 -3.28692e-31 4.108651e-32 1 -3.28692e-31 4.108651e-32 1 -3.28692e-31 4.108651e-32 1 -3.28692e-31 4.108651e-32 1 -3.28692e-31 4.108651e-32 1 -3.28692e-31 4.108651e-32 1 -3.28692e-31 4.108651e-32 1 -3.28692e-31 4.108651e-32 1 -3.28692e-31 4.108651e-32 1 -3.28692e-31 4.108651e-32 1 -3.28692e-31 4.108651e-32 1 -3.28692e-31 4.108651e-32 1 -3.28692e-31 4.108651e-32 1 -3.28692e-31 4.108651e-32 1 -3.28692e-31 4.108651e-32 1 -3.28692e-31 4.108651e-32 1 -3.28692e-31 4.108651e-32 1 -3.28692e-31 4.108651e-32 1 -3.28692e-31 4.108651e-32 1 -3.28692e-31 4.108651e-32 1 -3.28692e-31 4.108651e-32 1 -3.28692e-31 4.108651e-32 1 -3.28692e-31 4.108651e-32 1 -3.28692e-31 4.108651e-32 1 -3.28692e-31 4.108651e-32 1 -3.28692e-31 4.108651e-32 1 -3.28692e-31 4.108651e-32 1 -3.28692e-31 4.108651e-32 1 -3.28692e-31 4.108651e-32 1 -3.28692e-31 4.108651e-32 1 -3.28692e-31 4.108651e-32 1 -3.28692e-31 4.108651e-32 1 -3.28692e-31 4.108651e-32 1 -3.28692e-31 4.108651e-32 1 -3.28692e-31 4.108651e-32 0 0 0 0 0 0 0 0 0 0 0 0 0 0 0 0 0 0 0 0 0 0 0 0 0 0 0 0 0 0 0 0 0 0 0 0 0 0 0 0 0 0 0 0 0 0 0 0 0 0 0 0 0 0 0 0 0 0 0 0 0 0 0 0 0 0 0 0 0 0 0 0 0 0 0 0 0 0 0 0 0 0 0 0 0 0 0 0 0 0 0 0 0 0 0 0 0 0 0 0 0 0 0 0 0 0 0 0 0 0 0 0 0 0 0 0 0 0 0 0 0 0 0 0 0 0 0 0 0 0 0 0 0 0 0 0 0 0 0 0 0 0 0 0 0 0 0 0 0 0 0 0 0 0 0 0 0 0 0 0 0 0 0 0 0 0 0 0 0 0 0 0 0 0 0 0 0 0 0 0</float_array>
                    <technique_common>
                        <accessor count="180" source="#ID70" stride="3">
                            <param name="X" type="float" />
                            <param name="Y" type="float" />
                            <param name="Z" type="float" />
                        </accessor>
                    </technique_common>
                </source>
                <vertices id="ID64">
                    <input semantic="POSITION" source="#ID62" />
                    <input semantic="NORMAL" source="#ID63" />
                </vertices>
                <triangles count="58" material="Material2">
                    <input offset="0" semantic="VERTEX" source="#ID64" />
                    <p>0 1 2 1 0 3 1 3 4 4 3 5 4 5 6 6 5 7 6 7 8 8 7 9 8 9 10 10 9 11 10 11 12 12 11 13 12 13 14 14 13 15 14 15 16 16 15 17 16 17 18 18 17 19 18 19 20 20 19 21 20 21 22 22 21 23 22 23 24 24 23 25 24 25 26 26 25 27 26 27 28 28 27 29 28 29 30 30 29 31 30 31 32 32 31 33 32 33 34 34 33 35 34 35 36 36 35 37 36 37 38 38 37 39 38 39 40 40 39 41 40 41 42 42 41 43 42 43 44 44 43 45 44 45 46 46 45 47 46 47 48 48 47 49 48 49 50 50 49 51 50 51 52 52 51 53 52 53 54 54 53 55 54 55 56 56 55 57 56 57 58 58 57 59</p>
                </triangles>
                <triangles count="58" material="Material3">
                    <input offset="0" semantic="VERTEX" source="#ID64" />
                    <p>60 61 62 62 61 63 61 64 63 63 64 65 64 66 65 65 66 67 66 68 67 67 68 69 68 70 69 69 70 71 70 72 71 71 72 73 72 74 73 73 74 75 74 76 75 75 76 77 76 78 77 77 78 79 78 80 79 79 80 81 80 82 81 81 82 83 82 84 83 83 84 85 84 86 85 85 86 87 86 88 87 87 88 89 88 90 89 89 90 91 90 92 91 91 92 93 92 94 93 93 94 95 94 96 95 95 96 97 96 98 97 97 98 99 98 100 99 99 100 101 100 102 101 101 102 103 102 104 103 103 104 105 104 106 105 105 106 107 106 108 107 107 108 109 108 110 109 109 110 111 110 112 111 111 112 113 112 114 113 113 114 115 114 116 115 115 116 117 116 118 117 119 117 118</p>
                </triangles>
                <lines count="60" material="Material4">
                    <input offset="0" semantic="VERTEX" source="#ID64" />
                    <p>120 121 121 122 122 123 123 124 124 125 125 126 126 127 127 128 128 129 129 130 130 131 131 132 132 133 133 134 134 135 135 136 136 137 137 138 138 139 139 140 140 141 141 142 142 143 143 144 144 145 145 146 146 147 147 148 148 149 149 150 150 151 151 152 152 153 153 154 154 155 155 156 156 157 157 158 158 159 159 160 160 161 161 162 162 163 163 164 164 165 165 166 166 167 167 168 168 169 169 170 170 171 171 172 172 173 173 174 174 175 175 176 176 177 177 178 178 179 179 120</p>
                </lines>
            </mesh>
        </geometry>
        <geometry id="ID71">
            <mesh>
                <source id="ID72">
                    <float_array id="ID75" count="540">44.24543 -4.017868 -0.422295 44.24543 -4.017868 0.422295 44.24543 -4.04 7.105427e-15 44.24543 -3.951716 -0.8399632 44.24543 -3.951716 0.8399632 44.24543 -3.842268 -1.248429 44.24543 -3.842268 1.248429 44.24543 -3.690724 -1.643216 44.24543 -3.690724 1.643216 44.24543 -3.498743 2.02 44.24543 -3.498743 -2.02 44.24543 -3.268429 2.374652 44.24543 -3.268429 -2.374652 44.24543 -3.002305 2.703288 44.24543 -3.002305 -2.703288 44.24543 -2.703288 3.002305 44.24543 -2.703288 -3.002305 44.24543 -2.374652 3.268429 44.24543 -2.374652 -3.268429 44.24543 -2.02 3.498743 44.24543 -2.02 -3.498743 44.24543 -1.643216 3.690724 44.24543 -1.643216 -3.690724 44.24543 -1.248429 3.842268 44.24543 -1.248429 -3.842268 44.24543 -0.8399632 3.951716 44.24543 -0.8399632 -3.951716 44.24543 -0.422295 4.017868 44.24543 -0.422295 -4.017868 44.24543 -4.440892e-15 4.04 44.24543 -4.440892e-15 -4.04 44.24543 0.422295 -4.017868 44.24543 0.422295 4.017868 44.24543 0.8399632 3.951716 44.24543 0.8399632 -3.951716 44.24543 1.248429 3.842268 44.24543 1.248429 -3.842268 44.24543 1.643216 3.690724 44.24543 1.643216 -3.690724 44.24543 2.02 3.498743 44.24543 2.02 -3.498743 44.24543 2.374652 3.268429 44.24543 2.374652 -3.268429 44.24543 2.703288 -3.002305 44.24543 2.703288 3.002305 44.24543 3.002305 2.703288 44.24543 3.002305 -2.703288 44.24543 3.268429 -2.374652 44.24543 3.268429 2.374652 44.24543 3.498743 -2.02 44.24543 3.498743 2.02 44.24543 3.690724 -1.643216 44.24543 3.690724 1.643216 44.24543 3.842268 -1.248429 44.24543 3.842268 1.248429 44.24543 3.951716 -0.8399632 44.24543 3.951716 0.8399632 44.24543 4.017868 -0.422295 44.24543 4.017868 0.422295 44.24543 4.04 7.105427e-15 44.24543 4.04 7.105427e-15 44.24543 4.017868 -0.422295 44.24543 4.017868 0.422295 44.24543 3.951716 0.8399632 44.24543 3.951716 -0.8399632 44.24543 3.842268 1.248429 44.24543 3.842268 -1.248429 44.24543 3.690724 1.643216 44.24543 3.690724 -1.643216 44.24543 3.498743 2.02 44.24543 3.498743 -2.02 44.24543 3.268429 2.374652 44.24543 3.268429 -2.374652 44.24543 3.002305 2.703288 44.24543 3.002305 -2.703288 44.24543 2.703288 -3.002305 44.24543 2.703288 3.002305 44.24543 2.374652 3.268429 44.24543 2.374652 -3.268429 44.24543 2.02 -3.498743 44.24543 2.02 3.498743 44.24543 1.643216 -3.690724 44.24543 1.643216 3.690724 44.24543 1.248429 -3.842268 44.24543 1.248429 3.842268 44.24543 0.8399632 -3.951716 44.24543 0.8399632 3.951716 44.24543 0.422295 -4.017868 44.24543 0.422295 4.017868 44.24543 -4.440892e-15 4.04 44.24543 -4.440892e-15 -4.04 44.24543 -0.422295 -4.017868 44.24543 -0.422295 4.017868 44.24543 -0.8399632 -3.951716 44.24543 -0.8399632 3.951716 44.24543 -1.248429 -3.842268 44.24543 -1.248429 3.842268 44.24543 -1.643216 -3.690724 44.24543 -1.643216 3.690724 44.24543 -2.02 -3.498743 44.24543 -2.02 3.498743 44.24543 -2.374652 -3.268429 44.24543 -2.374652 3.268429 44.24543 -2.703288 -3.002305 44.24543 -2.703288 3.002305 44.24543 -3.002305 -2.703288 44.24543 -3.002305 2.703288 44.24543 -3.268429 -2.374652 44.24543 -3.268429 2.374652 44.24543 -3.498743 -2.02 44.24543 -3.498743 2.02 44.24543 -3.690724 -1.643216 44.24543 -3.690724 1.643216 44.24543 -3.842268 1.248429 44.24543 -3.842268 -1.248429 44.24543 -3.951716 0.8399632 44.24543 -3.951716 -0.8399632 44.24543 -4.017868 0.422295 44.24543 -4.017868 -0.422295 44.24543 -4.04 7.105427e-15 44.24543 3.498743 2.02 44.24543 3.690724 1.643216 44.24543 3.268429 2.374652 44.24543 3.002305 2.703288 44.24543 2.703288 3.002305 44.24543 2.374652 3.268429 44.24543 2.02 3.498743 44.24543 1.643216 3.690724 44.24543 1.248429 3.842268 44.24543 0.8399632 3.951716 44.24543 0.422295 4.017868 44.24543 -4.440892e-15 4.04 44.24543 -0.422295 4.017868 44.24543 -0.8399632 3.951716 44.24543 -1.248429 3.842268 44.24543 -1.643216 3.690724 44.24543 -2.02 3.498743 44.24543 -2.374652 3.268429 44.24543 -2.703288 3.002305 44.24543 -3.002305 2.703288 44.24543 -3.268429 2.374652 44.24543 -3.498743 2.02 44.24543 -3.690724 1.643216 44.24543 -3.842268 1.248429 44.24543 -3.951716 0.8399632 44.24543 -4.017868 0.422295 44.24543 -4.04 7.105427e-15 44.24543 -4.017868 -0.422295 44.24543 -3.951716 -0.8399632 44.24543 -3.842268 -1.248429 44.24543 -3.690724 -1.643216 44.24543 -3.498743 -2.02 44.24543 -3.268429 -2.374652 44.24543 -3.002305 -2.703288 44.24543 -2.703288 -3.002305 44.24543 -2.374652 -3.268429 44.24543 -2.02 -3.498743 44.24543 -1.643216 -3.690724 44.24543 -1.248429 -3.842268 44.24543 -0.8399632 -3.951716 44.24543 -0.422295 -4.017868 44.24543 -4.440892e-15 -4.04 44.24543 0.422295 -4.017868 44.24543 0.8399632 -3.951716 44.24543 1.248429 -3.842268 44.24543 1.643216 -3.690724 44.24543 2.02 -3.498743 44.24543 2.374652 -3.268429 44.24543 2.703288 -3.002305 44.24543 3.002305 -2.703288 44.24543 3.268429 -2.374652 44.24543 3.498743 -2.02 44.24543 3.690724 -1.643216 44.24543 3.842268 -1.248429 44.24543 3.951716 -0.8399632 44.24543 4.017868 -0.422295 44.24543 4.04 7.105427e-15 44.24543 4.017868 0.422295 44.24543 3.951716 0.8399632 44.24543 3.842268 1.248429</float_array>
                    <technique_common>
                        <accessor count="180" source="#ID75" stride="3">
                            <param name="X" type="float" />
                            <param name="Y" type="float" />
                            <param name="Z" type="float" />
                        </accessor>
                    </technique_common>
                </source>
                <source id="ID73">
                    <float_array id="ID76" count="540">1 -3.28692e-31 4.108651e-32 1 -3.28692e-31 4.108651e-32 1 -3.28692e-31 4.108651e-32 1 -3.28692e-31 4.108651e-32 1 -3.28692e-31 4.108651e-32 1 -3.28692e-31 4.108651e-32 1 -3.28692e-31 4.108651e-32 1 -3.28692e-31 4.108651e-32 1 -3.28692e-31 4.108651e-32 1 -3.28692e-31 4.108651e-32 1 -3.28692e-31 4.108651e-32 1 -3.28692e-31 4.108651e-32 1 -3.28692e-31 4.108651e-32 1 -3.28692e-31 4.108651e-32 1 -3.28692e-31 4.108651e-32 1 -3.28692e-31 4.108651e-32 1 -3.28692e-31 4.108651e-32 1 -3.28692e-31 4.108651e-32 1 -3.28692e-31 4.108651e-32 1 -3.28692e-31 4.108651e-32 1 -3.28692e-31 4.108651e-32 1 -3.28692e-31 4.108651e-32 1 -3.28692e-31 4.108651e-32 1 -3.28692e-31 4.108651e-32 1 -3.28692e-31 4.108651e-32 1 -3.28692e-31 4.108651e-32 1 -3.28692e-31 4.108651e-32 1 -3.28692e-31 4.108651e-32 1 -3.28692e-31 4.108651e-32 1 -3.28692e-31 4.108651e-32 1 -3.28692e-31 4.108651e-32 1 -3.28692e-31 4.108651e-32 1 -3.28692e-31 4.108651e-32 1 -3.28692e-31 4.108651e-32 1 -3.28692e-31 4.108651e-32 1 -3.28692e-31 4.108651e-32 1 -3.28692e-31 4.108651e-32 1 -3.28692e-31 4.108651e-32 1 -3.28692e-31 4.108651e-32 1 -3.28692e-31 4.108651e-32 1 -3.28692e-31 4.108651e-32 1 -3.28692e-31 4.108651e-32 1 -3.28692e-31 4.108651e-32 1 -3.28692e-31 4.108651e-32 1 -3.28692e-31 4.108651e-32 1 -3.28692e-31 4.108651e-32 1 -3.28692e-31 4.108651e-32 1 -3.28692e-31 4.108651e-32 1 -3.28692e-31 4.108651e-32 1 -3.28692e-31 4.108651e-32 1 -3.28692e-31 4.108651e-32 1 -3.28692e-31 4.108651e-32 1 -3.28692e-31 4.108651e-32 1 -3.28692e-31 4.108651e-32 1 -3.28692e-31 4.108651e-32 1 -3.28692e-31 4.108651e-32 1 -3.28692e-31 4.108651e-32 1 -3.28692e-31 4.108651e-32 1 -3.28692e-31 4.108651e-32 1 -3.28692e-31 4.108651e-32 -1 3.28692e-31 -4.108651e-32 -1 3.28692e-31 -4.108651e-32 -1 3.28692e-31 -4.108651e-32 -1 3.28692e-31 -4.108651e-32 -1 3.28692e-31 -4.108651e-32 -1 3.28692e-31 -4.108651e-32 -1 3.28692e-31 -4.108651e-32 -1 3.28692e-31 -4.108651e-32 -1 3.28692e-31 -4.108651e-32 -1 3.28692e-31 -4.108651e-32 -1 3.28692e-31 -4.108651e-32 -1 3.28692e-31 -4.108651e-32 -1 3.28692e-31 -4.108651e-32 -1 3.28692e-31 -4.108651e-32 -1 3.28692e-31 -4.108651e-32 -1 3.28692e-31 -4.108651e-32 -1 3.28692e-31 -4.108651e-32 -1 3.28692e-31 -4.108651e-32 -1 3.28692e-31 -4.108651e-32 -1 3.28692e-31 -4.108651e-32 -1 3.28692e-31 -4.108651e-32 -1 3.28692e-31 -4.108651e-32 -1 3.28692e-31 -4.108651e-32 -1 3.28692e-31 -4.108651e-32 -1 3.28692e-31 -4.108651e-32 -1 3.28692e-31 -4.108651e-32 -1 3.28692e-31 -4.108651e-32 -1 3.28692e-31 -4.108651e-32 -1 3.28692e-31 -4.108651e-32 -1 3.28692e-31 -4.108651e-32 -1 3.28692e-31 -4.108651e-32 -1 3.28692e-31 -4.108651e-32 -1 3.28692e-31 -4.108651e-32 -1 3.28692e-31 -4.108651e-32 -1 3.28692e-31 -4.108651e-32 -1 3.28692e-31 -4.108651e-32 -1 3.28692e-31 -4.108651e-32 -1 3.28692e-31 -4.108651e-32 -1 3.28692e-31 -4.108651e-32 -1 3.28692e-31 -4.108651e-32 -1 3.28692e-31 -4.108651e-32 -1 3.28692e-31 -4.108651e-32 -1 3.28692e-31 -4.108651e-32 -1 3.28692e-31 -4.108651e-32 -1 3.28692e-31 -4.108651e-32 -1 3.28692e-31 -4.108651e-32 -1 3.28692e-31 -4.108651e-32 -1 3.28692e-31 -4.108651e-32 -1 3.28692e-31 -4.108651e-32 -1 3.28692e-31 -4.108651e-32 -1 3.28692e-31 -4.108651e-32 -1 3.28692e-31 -4.108651e-32 -1 3.28692e-31 -4.108651e-32 -1 3.28692e-31 -4.108651e-32 -1 3.28692e-31 -4.108651e-32 -1 3.28692e-31 -4.108651e-32 -1 3.28692e-31 -4.108651e-32 -1 3.28692e-31 -4.108651e-32 -1 3.28692e-31 -4.108651e-32 -1 3.28692e-31 -4.108651e-32 0 0 0 0 0 0 0 0 0 0 0 0 0 0 0 0 0 0 0 0 0 0 0 0 0 0 0 0 0 0 0 0 0 0 0 0 0 0 0 0 0 0 0 0 0 0 0 0 0 0 0 0 0 0 0 0 0 0 0 0 0 0 0 0 0 0 0 0 0 0 0 0 0 0 0 0 0 0 0 0 0 0 0 0 0 0 0 0 0 0 0 0 0 0 0 0 0 0 0 0 0 0 0 0 0 0 0 0 0 0 0 0 0 0 0 0 0 0 0 0 0 0 0 0 0 0 0 0 0 0 0 0 0 0 0 0 0 0 0 0 0 0 0 0 0 0 0 0 0 0 0 0 0 0 0 0 0 0 0 0 0 0 0 0 0 0 0 0 0 0 0 0 0 0 0 0 0 0 0 0</float_array>
                    <technique_common>
                        <accessor count="180" source="#ID76" stride="3">
                            <param name="X" type="float" />
                            <param name="Y" type="float" />
                            <param name="Z" type="float" />
                        </accessor>
                    </technique_common>
                </source>
                <vertices id="ID74">
                    <input semantic="POSITION" source="#ID72" />
                    <input semantic="NORMAL" source="#ID73" />
                </vertices>
                <triangles count="58" material="Material2">
                    <input offset="0" semantic="VERTEX" source="#ID74" />
                    <p>0 1 2 1 0 3 1 3 4 4 3 5 4 5 6 6 5 7 6 7 8 8 7 9 9 7 10 9 10 11 11 10 12 11 12 13 13 12 14 13 14 15 15 14 16 15 16 17 17 16 18 17 18 19 19 18 20 19 20 21 21 20 22 21 22 23 23 22 24 23 24 25 25 24 26 25 26 27 27 26 28 27 28 29 29 28 30 29 30 31 29 31 32 32 31 33 33 31 34 33 34 35 35 34 36 35 36 37 37 36 38 37 38 39 39 38 40 39 40 41 41 40 42 41 42 43 41 43 44 44 43 45 45 43 46 45 46 47 45 47 48 48 47 49 48 49 50 50 49 51 50 51 52 52 51 53 52 53 54 54 53 55 54 55 56 56 55 57 56 57 58 58 57 59</p>
                </triangles>
                <triangles count="58" material="Material3">
                    <input offset="0" semantic="VERTEX" source="#ID74" />
                    <p>60 61 62 62 61 63 61 64 63 63 64 65 64 66 65 65 66 67 66 68 67 67 68 69 68 70 69 69 70 71 70 72 71 71 72 73 72 74 73 74 75 73 73 75 76 76 75 77 75 78 77 78 79 77 77 79 80 79 81 80 80 81 82 81 83 82 82 83 84 83 85 84 84 85 86 85 87 86 86 87 88 88 87 89 87 90 89 90 91 89 89 91 92 91 93 92 92 93 94 93 95 94 94 95 96 95 97 96 96 97 98 97 99 98 98 99 100 99 101 100 100 101 102 101 103 102 102 103 104 103 105 104 104 105 106 105 107 106 106 107 108 107 109 108 108 109 110 109 111 110 110 111 112 112 111 113 111 114 113 113 114 115 114 116 115 115 116 117 116 118 117 119 117 118</p>
                </triangles>
                <lines count="60" material="Material4">
                    <input offset="0" semantic="VERTEX" source="#ID74" />
                    <p>120 121 122 120 123 122 124 123 125 124 126 125 127 126 128 127 129 128 130 129 131 130 132 131 133 132 134 133 135 134 136 135 137 136 138 137 139 138 140 139 141 140 142 141 143 142 144 143 145 144 146 145 147 146 148 147 149 148 150 149 151 150 152 151 153 152 154 153 155 154 156 155 157 156 158 157 159 158 160 159 161 160 162 161 163 162 164 163 165 164 166 165 167 166 168 167 169 168 170 169 171 170 172 171 173 172 174 173 175 174 176 175 177 176 178 177 179 178 121 179</p>
                </lines>
            </mesh>
        </geometry>
        <geometry id="ID77">
            <mesh>
                <source id="ID80">
                    <float_array id="ID83" count="2340">44.24543 3.498743 2.02 49.604 3.690724 1.643216 44.24543 3.690724 1.643216 49.604 3.498743 2.02 49.604 3.498743 2.02 44.24543 3.498743 2.02 49.604 3.690724 1.643216 44.24543 3.690724 1.643216 49.604 3.498743 2.02 49.604 3.690724 1.643216 44.24543 3.690724 1.643216 44.24543 3.498743 2.02 50.21 3.137115 1.396734 49.604 3.498743 2.02 50.21 2.973931 1.717 49.604 3.690724 1.643216 49.604 3.690724 1.643216 50.21 3.137115 1.396734 49.604 3.498743 2.02 50.21 2.973931 1.717 50.21 2.973931 1.717 50.21 3.137115 1.396734 49.604 3.842268 1.248429 44.24543 3.842268 1.248429 49.604 3.842268 1.248429 44.24543 3.842268 1.248429 49.604 3.842268 1.248429 44.24543 3.842268 1.248429 44.24543 3.268429 2.374652 49.604 3.268429 2.374652 49.604 3.268429 2.374652 44.24543 3.268429 2.374652 49.604 3.268429 2.374652 44.24543 3.268429 2.374652 49.604 3.268429 2.374652 50.21 2.778164 2.018455 49.604 3.268429 2.374652 50.21 2.778164 2.018455 50.21 2.778164 2.018455 50.21 -3.415188 -0.3589507 50.21 -3.415188 0.3589507 50.21 -3.434 2.664535e-15 50.21 -3.358959 -0.7139687 50.21 -3.358959 0.7139687 50.21 -3.265928 -1.061164 50.21 -3.265928 1.061164 50.21 -3.137115 -1.396734 50.21 -3.137115 1.396734 50.21 -2.973931 1.717 50.21 -2.973931 -1.717 50.21 -2.778164 2.018455 50.21 -2.778164 -2.018455 50.21 -2.551959 -2.297795 50.21 -2.551959 2.297795 50.21 -2.297795 2.551959 50.21 -2.297795 -2.551959 50.21 -2.018455 2.778164 50.21 -2.018455 -2.778164 50.21 -1.717 -2.973931 50.21 -1.717 2.973931 50.21 -1.396734 3.137115 50.21 -1.396734 -3.137115 50.21 -1.061164 3.265928 50.21 -1.061164 -3.265928 50.21 -0.7139687 -3.358959 50.21 -0.7139687 3.358959 50.21 -0.3589507 3.415188 50.21 -0.3589507 -3.415188 50.21 -2.664535e-15 3.434 50.21 -4.440892e-15 -3.434 50.21 0.3589507 -3.415188 50.21 0.3589507 3.415188 50.21 0.7139687 3.358959 50.21 0.7139687 -3.358959 50.21 1.061164 -3.265928 50.21 1.061164 3.265928 50.21 1.396734 -3.137115 50.21 1.396734 3.137115 50.21 1.717 -2.973931 50.21 1.717 2.973931 50.21 2.018455 -2.778164 50.21 2.018455 2.778164 50.21 2.297795 -2.551959 50.21 2.297795 2.551959 50.21 2.551959 2.297795 50.21 2.551959 -2.297795 50.21 2.778164 -2.018455 50.21 2.778164 2.018455 50.21 2.973931 -1.717 50.21 2.973931 1.717 50.21 3.137115 -1.396734 50.21 3.137115 1.396734 50.21 3.265928 -1.061164 50.21 3.265928 1.061164 50.21 3.358959 -0.7139687 50.21 3.358959 0.7139687 50.21 3.415188 -0.3589507 50.21 3.415188 0.3589507 50.21 3.434 2.664535e-15 50.21 3.434 2.664535e-15 50.21 3.415188 -0.3589507 50.21 3.415188 0.3589507 50.21 3.358959 0.7139687 50.21 3.358959 -0.7139687 50.21 3.265928 1.061164 50.21 3.265928 -1.061164 50.21 3.137115 1.396734 50.21 3.137115 -1.396734 50.21 2.973931 1.717 50.21 2.973931 -1.717 50.21 2.778164 2.018455 50.21 2.778164 -2.018455 50.21 2.551959 2.297795 50.21 2.551959 -2.297795 50.21 2.297795 -2.551959 50.21 2.297795 2.551959 50.21 2.018455 2.778164 50.21 2.018455 -2.778164 50.21 1.717 2.973931 50.21 1.717 -2.973931 50.21 1.396734 3.137115 50.21 1.396734 -3.137115 50.21 1.061164 3.265928 50.21 1.061164 -3.265928 50.21 0.7139687 3.358959 50.21 0.7139687 -3.358959 50.21 0.3589507 -3.415188 50.21 0.3589507 3.415188 50.21 -2.664535e-15 3.434 50.21 -4.440892e-15 -3.434 50.21 -0.3589507 -3.415188 50.21 -0.3589507 3.415188 50.21 -0.7139687 -3.358959 50.21 -0.7139687 3.358959 50.21 -1.061164 3.265928 50.21 -1.061164 -3.265928 50.21 -1.396734 -3.137115 50.21 -1.396734 3.137115 50.21 -1.717 -2.973931 50.21 -1.717 2.973931 50.21 -2.018455 2.778164 50.21 -2.018455 -2.778164 50.21 -2.297795 -2.551959 50.21 -2.297795 2.551959 50.21 -2.551959 -2.297795 50.21 -2.551959 2.297795 50.21 -2.778164 2.018455 50.21 -2.778164 -2.018455 50.21 -2.973931 -1.717 50.21 -2.973931 1.717 50.21 -3.137115 -1.396734 50.21 -3.137115 1.396734 50.21 -3.265928 1.061164 50.21 -3.265928 -1.061164 50.21 -3.358959 0.7139687 50.21 -3.358959 -0.7139687 50.21 -3.415188 0.3589507 50.21 -3.415188 -0.3589507 50.21 -3.434 2.664535e-15 50.21 -2.664535e-15 3.434 50.21 0.3589507 3.415188 50.21 -0.3589507 3.415188 50.21 -0.7139687 3.358959 50.21 -1.061164 3.265928 50.21 -1.396734 3.137115 50.21 -1.717 2.973931 50.21 -2.018455 2.778164 50.21 -2.297795 2.551959 50.21 -2.551959 2.297795 50.21 -2.778164 2.018455 50.21 -2.973931 1.717 50.21 -3.137115 1.396734 50.21 -3.265928 1.061164 50.21 -3.358959 0.7139687 50.21 -3.415188 0.3589507 50.21 -3.434 2.664535e-15 50.21 -3.415188 -0.3589507 50.21 -3.358959 -0.7139687 50.21 -3.265928 -1.061164 50.21 -3.137115 -1.396734 50.21 -2.973931 -1.717 50.21 -2.778164 -2.018455 50.21 -2.551959 -2.297795 50.21 -2.297795 -2.551959 50.21 -2.018455 -2.778164 50.21 -1.717 -2.973931 50.21 -1.396734 -3.137115 50.21 -1.061164 -3.265928 50.21 -0.7139687 -3.358959 50.21 -0.3589507 -3.415188 50.21 -4.440892e-15 -3.434 50.21 0.3589507 -3.415188 50.21 0.7139687 -3.358959 50.21 1.061164 -3.265928 50.21 1.396734 -3.137115 50.21 1.717 -2.973931 50.21 2.018455 -2.778164 50.21 2.297795 -2.551959 50.21 2.551959 -2.297795 50.21 2.778164 -2.018455 50.21 2.973931 -1.717 50.21 3.137115 -1.396734 50.21 3.265928 -1.061164 50.21 3.358959 -0.7139687 50.21 3.415188 -0.3589507 50.21 3.434 2.664535e-15 50.21 3.415188 0.3589507 50.21 3.358959 0.7139687 50.21 3.265928 1.061164 50.21 2.551959 2.297795 50.21 2.297795 2.551959 50.21 2.018455 2.778164 50.21 1.717 2.973931 50.21 1.396734 3.137115 50.21 1.061164 3.265928 50.21 0.7139687 3.358959 50.21 3.265928 1.061164 49.604 3.842268 1.248429 49.604 3.842268 1.248429 50.21 3.265928 1.061164 49.604 3.951716 0.8399632 44.24543 3.951716 0.8399632 49.604 3.951716 0.8399632 44.24543 3.951716 0.8399632 49.604 3.951716 0.8399632 44.24543 3.951716 0.8399632 44.24543 3.002305 2.703288 49.604 3.002305 2.703288 49.604 3.002305 2.703288 44.24543 3.002305 2.703288 49.604 3.002305 2.703288 44.24543 3.002305 2.703288 49.604 3.002305 2.703288 50.21 2.551959 2.297795 49.604 3.002305 2.703288 50.21 2.551959 2.297795 50.21 -2.664535e-15 3.434 49.604 0.422295 4.017868 49.604 -4.440892e-15 4.04 50.21 0.3589507 3.415188 50.21 0.3589507 3.415188 50.21 -2.664535e-15 3.434 49.604 0.422295 4.017868 49.604 -4.440892e-15 4.04 49.604 -4.440892e-15 4.04 49.604 0.422295 4.017868 50.21 -0.3589507 3.415188 49.604 -0.422295 4.017868 50.21 -0.3589507 3.415188 49.604 -0.422295 4.017868 49.604 -0.422295 4.017868 50.21 -0.7139687 3.358959 49.604 -0.8399632 3.951716 50.21 -0.7139687 3.358959 49.604 -0.8399632 3.951716 49.604 -0.8399632 3.951716 50.21 -1.061164 3.265928 49.604 -1.248429 3.842268 50.21 -1.061164 3.265928 49.604 -1.248429 3.842268 49.604 -1.248429 3.842268 50.21 -1.396734 3.137115 49.604 -1.643216 3.690724 50.21 -1.396734 3.137115 49.604 -1.643216 3.690724 49.604 -1.643216 3.690724 50.21 -1.717 2.973931 49.604 -2.02 3.498743 50.21 -1.717 2.973931 49.604 -2.02 3.498743 49.604 -2.02 3.498743 50.21 -2.018455 2.778164 49.604 -2.374652 3.268429 50.21 -2.018455 2.778164 49.604 -2.374652 3.268429 49.604 -2.374652 3.268429 50.21 -2.297795 2.551959 49.604 -2.703288 3.002305 50.21 -2.297795 2.551959 49.604 -2.703288 3.002305 49.604 -2.703288 3.002305 50.21 -2.551959 2.297795 49.604 -3.002305 2.703288 50.21 -2.551959 2.297795 49.604 -3.002305 2.703288 49.604 -3.002305 2.703288 50.21 -2.778164 2.018455 49.604 -3.268429 2.374652 50.21 -2.778164 2.018455 49.604 -3.268429 2.374652 49.604 -3.268429 2.374652 50.21 -2.973931 1.717 49.604 -3.498743 2.02 50.21 -2.973931 1.717 49.604 -3.498743 2.02 49.604 -3.498743 2.02 50.21 -3.137115 1.396734 49.604 -3.690724 1.643216 50.21 -3.137115 1.396734 49.604 -3.690724 1.643216 49.604 -3.690724 1.643216 50.21 -3.265928 1.061164 49.604 -3.842268 1.248429 50.21 -3.265928 1.061164 49.604 -3.842268 1.248429 49.604 -3.842268 1.248429 50.21 -3.358959 0.7139687 49.604 -3.951716 0.8399632 50.21 -3.358959 0.7139687 49.604 -3.951716 0.8399632 49.604 -3.951716 0.8399632 50.21 -3.415188 0.3589507 49.604 -4.017868 0.422295 50.21 -3.415188 0.3589507 49.604 -4.017868 0.422295 49.604 -4.017868 0.422295 50.21 -3.434 2.664535e-15 49.604 -4.04 7.105427e-15 50.21 -3.434 2.664535e-15 49.604 -4.04 7.105427e-15 49.604 -4.04 7.105427e-15 49.604 -4.017868 -0.422295 50.21 -3.415188 -0.3589507 50.21 -3.415188 -0.3589507 49.604 -4.017868 -0.422295 49.604 -4.017868 -0.422295 49.604 -3.951716 -0.8399632 50.21 -3.358959 -0.7139687 50.21 -3.358959 -0.7139687 49.604 -3.951716 -0.8399632 49.604 -3.951716 -0.8399632 49.604 -3.842268 -1.248429 50.21 -3.265928 -1.061164 50.21 -3.265928 -1.061164 49.604 -3.842268 -1.248429 49.604 -3.842268 -1.248429 49.604 -3.690724 -1.643216 50.21 -3.137115 -1.396734 50.21 -3.137115 -1.396734 49.604 -3.690724 -1.643216 49.604 -3.690724 -1.643216 49.604 -3.498743 -2.02 50.21 -2.973931 -1.717 50.21 -2.973931 -1.717 49.604 -3.498743 -2.02 49.604 -3.498743 -2.02 49.604 -3.268429 -2.374652 50.21 -2.778164 -2.018455 50.21 -2.778164 -2.018455 49.604 -3.268429 -2.374652 49.604 -3.268429 -2.374652 49.604 -3.002305 -2.703288 50.21 -2.551959 -2.297795 50.21 -2.551959 -2.297795 49.604 -3.002305 -2.703288 49.604 -3.002305 -2.703288 49.604 -2.703288 -3.002305 50.21 -2.297795 -2.551959 50.21 -2.297795 -2.551959 49.604 -2.703288 -3.002305 49.604 -2.703288 -3.002305 49.604 -2.374652 -3.268429 50.21 -2.018455 -2.778164 50.21 -2.018455 -2.778164 49.604 -2.374652 -3.268429 49.604 -2.374652 -3.268429 49.604 -2.02 -3.498743 50.21 -1.717 -2.973931 50.21 -1.717 -2.973931 49.604 -2.02 -3.498743 49.604 -2.02 -3.498743 49.604 -1.643216 -3.690724 50.21 -1.396734 -3.137115 50.21 -1.396734 -3.137115 49.604 -1.643216 -3.690724 49.604 -1.643216 -3.690724 49.604 -1.248429 -3.842268 50.21 -1.061164 -3.265928 50.21 -1.061164 -3.265928 49.604 -1.248429 -3.842268 49.604 -1.248429 -3.842268 49.604 -0.8399632 -3.951716 50.21 -0.7139687 -3.358959 50.21 -0.7139687 -3.358959 49.604 -0.8399632 -3.951716 49.604 -0.8399632 -3.951716 49.604 -0.422295 -4.017868 50.21 -0.3589507 -3.415188 50.21 -0.3589507 -3.415188 49.604 -0.422295 -4.017868 49.604 -0.422295 -4.017868 49.604 -4.440892e-15 -4.04 50.21 -4.440892e-15 -3.434 50.21 -4.440892e-15 -3.434 49.604 -4.440892e-15 -4.04 49.604 -4.440892e-15 -4.04 49.604 0.422295 -4.017868 50.21 0.3589507 -3.415188 50.21 0.3589507 -3.415188 49.604 0.422295 -4.017868 49.604 0.422295 -4.017868 50.21 0.7139687 -3.358959 49.604 0.8399632 -3.951716 49.604 0.8399632 -3.951716 50.21 0.7139687 -3.358959 49.604 0.8399632 -3.951716 50.21 1.061164 -3.265928 49.604 1.248429 -3.842268 49.604 1.248429 -3.842268 50.21 1.061164 -3.265928 49.604 1.248429 -3.842268 50.21 1.396734 -3.137115 49.604 1.643216 -3.690724 49.604 1.643216 -3.690724 50.21 1.396734 -3.137115 49.604 1.643216 -3.690724 50.21 1.717 -2.973931 49.604 2.02 -3.498743 49.604 2.02 -3.498743 50.21 1.717 -2.973931 49.604 2.02 -3.498743 50.21 2.018455 -2.778164 49.604 2.374652 -3.268429 49.604 2.374652 -3.268429 50.21 2.018455 -2.778164 49.604 2.374652 -3.268429 50.21 2.297795 -2.551959 49.604 2.703288 -3.002305 49.604 2.703288 -3.002305 50.21 2.297795 -2.551959 49.604 2.703288 -3.002305 50.21 2.551959 -2.297795 49.604 3.002305 -2.703288 49.604 3.002305 -2.703288 50.21 2.551959 -2.297795 49.604 3.002305 -2.703288 50.21 2.778164 -2.018455 49.604 3.268429 -2.374652 49.604 3.268429 -2.374652 50.21 2.778164 -2.018455 49.604 3.268429 -2.374652 50.21 2.973931 -1.717 49.604 3.498743 -2.02 49.604 3.498743 -2.02 50.21 2.973931 -1.717 49.604 3.498743 -2.02 50.21 3.137115 -1.396734 49.604 3.690724 -1.643216 49.604 3.690724 -1.643216 50.21 3.137115 -1.396734 49.604 3.690724 -1.643216 50.21 3.265928 -1.061164 49.604 3.842268 -1.248429 49.604 3.842268 -1.248429 50.21 3.265928 -1.061164 49.604 3.842268 -1.248429 50.21 3.358959 -0.7139687 49.604 3.951716 -0.8399632 49.604 3.951716 -0.8399632 50.21 3.358959 -0.7139687 49.604 3.951716 -0.8399632 50.21 3.415188 -0.3589507 49.604 4.017868 -0.422295 49.604 4.017868 -0.422295 50.21 3.415188 -0.3589507 49.604 4.017868 -0.422295 50.21 3.434 2.664535e-15 49.604 4.04 7.105427e-15 49.604 4.04 7.105427e-15 50.21 3.434 2.664535e-15 49.604 4.04 7.105427e-15 49.604 4.017868 0.422295 50.21 3.415188 0.3589507 49.604 4.017868 0.422295 50.21 3.415188 0.3589507 49.604 4.017868 0.422295 49.604 3.951716 0.8399632 50.21 3.358959 0.7139687 49.604 3.951716 0.8399632 50.21 3.358959 0.7139687 49.604 2.703288 3.002305 50.21 2.297795 2.551959 49.604 2.703288 3.002305 50.21 2.297795 2.551959 49.604 2.703288 3.002305 49.604 2.374652 3.268429 50.21 2.018455 2.778164 49.604 2.374652 3.268429 50.21 2.018455 2.778164 49.604 2.374652 3.268429 49.604 2.02 3.498743 50.21 1.717 2.973931 49.604 2.02 3.498743 50.21 1.717 2.973931 49.604 2.02 3.498743 49.604 1.643216 3.690724 50.21 1.396734 3.137115 49.604 1.643216 3.690724 50.21 1.396734 3.137115 49.604 1.643216 3.690724 49.604 1.248429 3.842268 50.21 1.061164 3.265928 49.604 1.248429 3.842268 50.21 1.061164 3.265928 49.604 1.248429 3.842268 49.604 0.8399632 3.951716 50.21 0.7139687 3.358959 49.604 0.8399632 3.951716 50.21 0.7139687 3.358959 49.604 0.8399632 3.951716 49.604 4.017868 0.422295 44.24543 4.017868 0.422295 49.604 4.017868 0.422295 44.24543 4.017868 0.422295 44.24543 4.017868 0.422295 44.24543 2.703288 3.002305 49.604 2.703288 3.002305 49.604 2.703288 3.002305 44.24543 2.703288 3.002305 44.24543 2.703288 3.002305 49.604 -4.440892e-15 4.04 44.24543 0.422295 4.017868 44.24543 -4.440892e-15 4.04 49.604 0.422295 4.017868 49.604 0.422295 4.017868 49.604 -4.440892e-15 4.04 44.24543 0.422295 4.017868 44.24543 -4.440892e-15 4.04 44.24543 0.422295 4.017868 44.24543 -4.440892e-15 4.04 49.604 -0.422295 4.017868 44.24543 -0.422295 4.017868 49.604 -0.422295 4.017868 44.24543 -0.422295 4.017868 44.24543 -0.422295 4.017868 49.604 -0.8399632 3.951716 44.24543 -0.8399632 3.951716 49.604 -0.8399632 3.951716 44.24543 -0.8399632 3.951716 44.24543 -0.8399632 3.951716 49.604 -1.248429 3.842268 44.24543 -1.248429 3.842268 49.604 -1.248429 3.842268 44.24543 -1.248429 3.842268 44.24543 -1.248429 3.842268 49.604 -1.643216 3.690724 44.24543 -1.643216 3.690724 49.604 -1.643216 3.690724 44.24543 -1.643216 3.690724 44.24543 -1.643216 3.690724 49.604 -2.02 3.498743 44.24543 -2.02 3.498743 49.604 -2.02 3.498743 44.24543 -2.02 3.498743 44.24543 -2.02 3.498743 49.604 -2.374652 3.268429 44.24543 -2.374652 3.268429 49.604 -2.374652 3.268429 44.24543 -2.374652 3.268429 44.24543 -2.374652 3.268429 49.604 -2.703288 3.002305 44.24543 -2.703288 3.002305 49.604 -2.703288 3.002305 44.24543 -2.703288 3.002305 44.24543 -2.703288 3.002305 44.24543 -3.002305 2.703288 49.604 -3.002305 2.703288 44.24543 -3.002305 2.703288 49.604 -3.002305 2.703288 44.24543 -3.002305 2.703288 44.24543 -3.268429 2.374652 49.604 -3.268429 2.374652 44.24543 -3.268429 2.374652 49.604 -3.268429 2.374652 44.24543 -3.268429 2.374652 44.24543 -3.498743 2.02 49.604 -3.498743 2.02 44.24543 -3.498743 2.02 49.604 -3.498743 2.02 44.24543 -3.498743 2.02 44.24543 -3.690724 1.643216 49.604 -3.690724 1.643216 44.24543 -3.690724 1.643216 49.604 -3.690724 1.643216 44.24543 -3.690724 1.643216 44.24543 -3.842268 1.248429 49.604 -3.842268 1.248429 44.24543 -3.842268 1.248429 49.604 -3.842268 1.248429 44.24543 -3.842268 1.248429 44.24543 -3.951716 0.8399632 49.604 -3.951716 0.8399632 44.24543 -3.951716 0.8399632 49.604 -3.951716 0.8399632 44.24543 -3.951716 0.8399632 44.24543 -4.017868 0.422295 49.604 -4.017868 0.422295 44.24543 -4.017868 0.422295 49.604 -4.017868 0.422295 44.24543 -4.017868 0.422295 44.24543 -4.04 7.105427e-15 49.604 -4.04 7.105427e-15 44.24543 -4.04 7.105427e-15 49.604 -4.04 7.105427e-15 44.24543 -4.04 7.105427e-15 44.24543 -4.017868 -0.422295 49.604 -4.017868 -0.422295 44.24543 -4.017868 -0.422295 49.604 -4.017868 -0.422295 44.24543 -4.017868 -0.422295 44.24543 -3.951716 -0.8399632 49.604 -3.951716 -0.8399632 44.24543 -3.951716 -0.8399632 49.604 -3.951716 -0.8399632 44.24543 -3.951716 -0.8399632 44.24543 -3.842268 -1.248429 49.604 -3.842268 -1.248429 44.24543 -3.842268 -1.248429 49.604 -3.842268 -1.248429 44.24543 -3.842268 -1.248429 44.24543 -3.690724 -1.643216 49.604 -3.690724 -1.643216 44.24543 -3.690724 -1.643216 49.604 -3.690724 -1.643216 44.24543 -3.690724 -1.643216 44.24543 -3.498743 -2.02 49.604 -3.498743 -2.02 44.24543 -3.498743 -2.02 49.604 -3.498743 -2.02 44.24543 -3.498743 -2.02 44.24543 -3.268429 -2.374652 49.604 -3.268429 -2.374652 44.24543 -3.268429 -2.374652 49.604 -3.268429 -2.374652 44.24543 -3.268429 -2.374652 44.24543 -3.002305 -2.703288 49.604 -3.002305 -2.703288 44.24543 -3.002305 -2.703288 49.604 -3.002305 -2.703288 44.24543 -3.002305 -2.703288 49.604 -2.703288 -3.002305 44.24543 -2.703288 -3.002305 49.604 -2.703288 -3.002305 44.24543 -2.703288 -3.002305 44.24543 -2.703288 -3.002305 49.604 -2.374652 -3.268429 44.24543 -2.374652 -3.268429 49.604 -2.374652 -3.268429 44.24543 -2.374652 -3.268429 44.24543 -2.374652 -3.268429 49.604 -2.02 -3.498743 44.24543 -2.02 -3.498743 49.604 -2.02 -3.498743 44.24543 -2.02 -3.498743 44.24543 -2.02 -3.498743 49.604 -1.643216 -3.690724 44.24543 -1.643216 -3.690724 49.604 -1.643216 -3.690724 44.24543 -1.643216 -3.690724 44.24543 -1.643216 -3.690724 49.604 -1.248429 -3.842268 44.24543 -1.248429 -3.842268 49.604 -1.248429 -3.842268 44.24543 -1.248429 -3.842268 44.24543 -1.248429 -3.842268 49.604 -0.8399632 -3.951716 44.24543 -0.8399632 -3.951716 49.604 -0.8399632 -3.951716 44.24543 -0.8399632 -3.951716 44.24543 -0.8399632 -3.951716 49.604 -0.422295 -4.017868 44.24543 -0.422295 -4.017868 49.604 -0.422295 -4.017868 44.24543 -0.422295 -4.017868 44.24543 -0.422295 -4.017868 49.604 -4.440892e-15 -4.04 44.24543 -4.440892e-15 -4.04 49.604 -4.440892e-15 -4.04 44.24543 -4.440892e-15 -4.04 44.24543 -4.440892e-15 -4.04 49.604 0.422295 -4.017868 44.24543 0.422295 -4.017868 49.604 0.422295 -4.017868 44.24543 0.422295 -4.017868 44.24543 0.422295 -4.017868 49.604 0.8399632 -3.951716 44.24543 0.8399632 -3.951716 49.604 0.8399632 -3.951716 44.24543 0.8399632 -3.951716 44.24543 0.8399632 -3.951716 49.604 1.248429 -3.842268 44.24543 1.248429 -3.842268 49.604 1.248429 -3.842268 44.24543 1.248429 -3.842268 44.24543 1.248429 -3.842268 49.604 1.643216 -3.690724 44.24543 1.643216 -3.690724 49.604 1.643216 -3.690724 44.24543 1.643216 -3.690724 44.24543 1.643216 -3.690724 49.604 2.02 -3.498743 44.24543 2.02 -3.498743 49.604 2.02 -3.498743 44.24543 2.02 -3.498743 44.24543 2.02 -3.498743 49.604 2.374652 -3.268429 44.24543 2.374652 -3.268429 49.604 2.374652 -3.268429 44.24543 2.374652 -3.268429 44.24543 2.374652 -3.268429 49.604 2.703288 -3.002305 44.24543 2.703288 -3.002305 49.604 2.703288 -3.002305 44.24543 2.703288 -3.002305 44.24543 2.703288 -3.002305 44.24543 3.002305 -2.703288 49.604 3.002305 -2.703288 49.604 3.002305 -2.703288 44.24543 3.002305 -2.703288 44.24543 3.002305 -2.703288 44.24543 3.268429 -2.374652 49.604 3.268429 -2.374652 49.604 3.268429 -2.374652 44.24543 3.268429 -2.374652 44.24543 3.268429 -2.374652 44.24543 3.498743 -2.02 49.604 3.498743 -2.02 49.604 3.498743 -2.02 44.24543 3.498743 -2.02 44.24543 3.498743 -2.02 44.24543 3.690724 -1.643216 49.604 3.690724 -1.643216 49.604 3.690724 -1.643216 44.24543 3.690724 -1.643216 44.24543 3.690724 -1.643216 44.24543 3.842268 -1.248429 49.604 3.842268 -1.248429 49.604 3.842268 -1.248429 44.24543 3.842268 -1.248429 44.24543 3.842268 -1.248429 44.24543 3.951716 -0.8399632 49.604 3.951716 -0.8399632 49.604 3.951716 -0.8399632 44.24543 3.951716 -0.8399632 44.24543 3.951716 -0.8399632 44.24543 4.017868 -0.422295 49.604 4.017868 -0.422295 49.604 4.017868 -0.422295 44.24543 4.017868 -0.422295 44.24543 4.017868 -0.422295 44.24543 4.04 7.105427e-15 49.604 4.04 7.105427e-15 49.604 4.04 7.105427e-15 44.24543 4.04 7.105427e-15 44.24543 4.04 7.105427e-15 49.604 2.374652 3.268429 44.24543 2.374652 3.268429 49.604 2.374652 3.268429 44.24543 2.374652 3.268429 44.24543 2.374652 3.268429 49.604 2.02 3.498743 44.24543 2.02 3.498743 49.604 2.02 3.498743 44.24543 2.02 3.498743 44.24543 2.02 3.498743 49.604 1.643216 3.690724 44.24543 1.643216 3.690724 49.604 1.643216 3.690724 44.24543 1.643216 3.690724 44.24543 1.643216 3.690724 49.604 1.248429 3.842268 44.24543 1.248429 3.842268 49.604 1.248429 3.842268 44.24543 1.248429 3.842268 44.24543 1.248429 3.842268 49.604 0.8399632 3.951716 44.24543 0.8399632 3.951716 49.604 0.8399632 3.951716 44.24543 0.8399632 3.951716 44.24543 0.8399632 3.951716</float_array>
                    <technique_common>
                        <accessor count="780" source="#ID83" stride="3">
                            <param name="X" type="float" />
                            <param name="Y" type="float" />
                            <param name="Z" type="float" />
                        </accessor>
                    </technique_common>
                </source>
                <source id="ID81">
                    <float_array id="ID84" count="2340">2.641124e-31 0.8660254 0.5 2.835637e-31 0.9135455 0.4067366 2.835637e-31 0.9135455 0.4067366 2.641124e-31 0.8660254 0.5 -2.641124e-31 -0.8660254 -0.5 -2.641124e-31 -0.8660254 -0.5 -2.835637e-31 -0.9135455 -0.4067366 -2.835637e-31 -0.9135455 -0.4067366 0 0 0 0 0 0 0 0 0 0 0 0 0.7071068 0.6459742 0.2876062 0.7071068 0.6123724 0.3535534 0.7071068 0.6123724 0.3535534 0.7071068 0.6459742 0.2876062 -0.7071068 -0.6459742 -0.2876062 -0.7071068 -0.6459742 -0.2876062 -0.7071068 -0.6123724 -0.3535534 -0.7071068 -0.6123724 -0.3535534 0 0 0 0 0 0 2.999083e-31 0.9510565 0.309017 2.999083e-31 0.9510565 0.309017 -2.999083e-31 -0.9510565 -0.309017 -2.999083e-31 -0.9510565 -0.309017 0 0 0 0 0 0 2.417674e-31 0.809017 0.5877853 2.417674e-31 0.809017 0.5877853 -2.417674e-31 -0.809017 -0.5877853 -2.417674e-31 -0.809017 -0.5877853 0 0 0 0 0 0 0.7071068 0.5720614 0.4156269 0.7071068 0.5720614 0.4156269 -0.7071068 -0.5720614 -0.4156269 -0.7071068 -0.5720614 -0.4156269 0 0 0 1 7.961399e-31 -3.412028e-31 1 7.961399e-31 -3.412028e-31 1 7.961399e-31 -3.412028e-31 1 7.961399e-31 -3.412028e-31 1 7.961399e-31 -3.412028e-31 1 7.961399e-31 -3.412028e-31 1 7.961399e-31 -3.412028e-31 1 7.961399e-31 -3.412028e-31 1 7.961399e-31 -3.412028e-31 1 7.961399e-31 -3.412028e-31 1 7.961399e-31 -3.412028e-31 1 7.961399e-31 -3.412028e-31 1 7.961399e-31 -3.412028e-31 1 7.961399e-31 -3.412028e-31 1 7.961399e-31 -3.412028e-31 1 7.961399e-31 -3.412028e-31 1 7.961399e-31 -3.412028e-31 1 7.961399e-31 -3.412028e-31 1 7.961399e-31 -3.412028e-31 1 7.961399e-31 -3.412028e-31 1 7.961399e-31 -3.412028e-31 1 7.961399e-31 -3.412028e-31 1 7.961399e-31 -3.412028e-31 1 7.961399e-31 -3.412028e-31 1 7.961399e-31 -3.412028e-31 1 7.961399e-31 -3.412028e-31 1 7.961399e-31 -3.412028e-31 1 7.961399e-31 -3.412028e-31 1 7.961399e-31 -3.412028e-31 1 7.961399e-31 -3.412028e-31 1 7.961399e-31 -3.412028e-31 1 7.961399e-31 -3.412028e-31 1 7.961399e-31 -3.412028e-31 1 7.961399e-31 -3.412028e-31 1 7.961399e-31 -3.412028e-31 1 7.961399e-31 -3.412028e-31 1 7.961399e-31 -3.412028e-31 1 7.961399e-31 -3.412028e-31 1 7.961399e-31 -3.412028e-31 1 7.961399e-31 -3.412028e-31 1 7.961399e-31 -3.412028e-31 1 7.961399e-31 -3.412028e-31 1 7.961399e-31 -3.412028e-31 1 7.961399e-31 -3.412028e-31 1 7.961399e-31 -3.412028e-31 1 7.961399e-31 -3.412028e-31 1 7.961399e-31 -3.412028e-31 1 7.961399e-31 -3.412028e-31 1 7.961399e-31 -3.412028e-31 1 7.961399e-31 -3.412028e-31 1 7.961399e-31 -3.412028e-31 1 7.961399e-31 -3.412028e-31 1 7.961399e-31 -3.412028e-31 1 7.961399e-31 -3.412028e-31 1 7.961399e-31 -3.412028e-31 1 7.961399e-31 -3.412028e-31 1 7.961399e-31 -3.412028e-31 1 7.961399e-31 -3.412028e-31 1 7.961399e-31 -3.412028e-31 1 7.961399e-31 -3.412028e-31 -1 -7.961399e-31 3.412028e-31 -1 -7.961399e-31 3.412028e-31 -1 -7.961399e-31 3.412028e-31 -1 -7.961399e-31 3.412028e-31 -1 -7.961399e-31 3.412028e-31 -1 -7.961399e-31 3.412028e-31 -1 -7.961399e-31 3.412028e-31 -1 -7.961399e-31 3.412028e-31 -1 -7.961399e-31 3.412028e-31 -1 -7.961399e-31 3.412028e-31 -1 -7.961399e-31 3.412028e-31 -1 -7.961399e-31 3.412028e-31 -1 -7.961399e-31 3.412028e-31 -1 -7.961399e-31 3.412028e-31 -1 -7.961399e-31 3.412028e-31 -1 -7.961399e-31 3.412028e-31 -1 -7.961399e-31 3.412028e-31 -1 -7.961399e-31 3.412028e-31 -1 -7.961399e-31 3.412028e-31 -1 -7.961399e-31 3.412028e-31 -1 -7.961399e-31 3.412028e-31 -1 -7.961399e-31 3.412028e-31 -1 -7.961399e-31 3.412028e-31 -1 -7.961399e-31 3.412028e-31 -1 -7.961399e-31 3.412028e-31 -1 -7.961399e-31 3.412028e-31 -1 -7.961399e-31 3.412028e-31 -1 -7.961399e-31 3.412028e-31 -1 -7.961399e-31 3.412028e-31 -1 -7.961399e-31 3.412028e-31 -1 -7.961399e-31 3.412028e-31 -1 -7.961399e-31 3.412028e-31 -1 -7.961399e-31 3.412028e-31 -1 -7.961399e-31 3.412028e-31 -1 -7.961399e-31 3.412028e-31 -1 -7.961399e-31 3.412028e-31 -1 -7.961399e-31 3.412028e-31 -1 -7.961399e-31 3.412028e-31 -1 -7.961399e-31 3.412028e-31 -1 -7.961399e-31 3.412028e-31 -1 -7.961399e-31 3.412028e-31 -1 -7.961399e-31 3.412028e-31 -1 -7.961399e-31 3.412028e-31 -1 -7.961399e-31 3.412028e-31 -1 -7.961399e-31 3.412028e-31 -1 -7.961399e-31 3.412028e-31 -1 -7.961399e-31 3.412028e-31 -1 -7.961399e-31 3.412028e-31 -1 -7.961399e-31 3.412028e-31 -1 -7.961399e-31 3.412028e-31 -1 -7.961399e-31 3.412028e-31 -1 -7.961399e-31 3.412028e-31 -1 -7.961399e-31 3.412028e-31 -1 -7.961399e-31 3.412028e-31 -1 -7.961399e-31 3.412028e-31 -1 -7.961399e-31 3.412028e-31 -1 -7.961399e-31 3.412028e-31 -1 -7.961399e-31 3.412028e-31 -1 -7.961399e-31 3.412028e-31 -1 -7.961399e-31 3.412028e-31 0 0 0 0 0 0 0 0 0 0 0 0 0 0 0 0 0 0 0 0 0 0 0 0 0 0 0 0 0 0 0 0 0 0 0 0 0 0 0 0 0 0 0 0 0 0 0 0 0 0 0 0 0 0 0 0 0 0 0 0 0 0 0 0 0 0 0 0 0 0 0 0 0 0 0 0 0 0 0 0 0 0 0 0 0 0 0 0 0 0 0 0 0 0 0 0 0 0 0 0 0 0 0 0 0 0 0 0 0 0 0 0 0 0 0 0 0 0 0 0 0 0 0 0 0 0 0 0 0 0 0 0 0 0 0 0 0 0 0 0 0 0 0 0 0 0 0 0 0 0 0 0 0 0 0 0 0 0 0 0 0 0 0 0 0 0 0 0 0 0 0 0.7071068 0.6724985 0.218508 0.7071068 0.6724985 0.218508 -0.7071068 -0.6724985 -0.218508 -0.7071068 -0.6724985 -0.218508 3.12967e-31 0.9781476 0.2079117 3.12967e-31 0.9781476 0.2079117 -3.12967e-31 -0.9781476 -0.2079117 -3.12967e-31 -0.9781476 -0.2079117 0 0 0 0 0 0 2.167736e-31 0.7431448 0.6691306 2.167736e-31 0.7431448 0.6691306 -2.167736e-31 -0.7431448 -0.6691306 -2.167736e-31 -0.7431448 -0.6691306 0 0 0 0 0 0 0.7071068 0.5254827 0.4731468 0.7071068 0.5254827 0.4731468 -0.7071068 -0.5254827 -0.4731468 -0.7071068 -0.5254827 -0.4731468 0.7071068 8.335091e-16 0.7071068 0.7071068 0.07391279 0.7032332 0.7071068 6.926541e-16 0.7071068 0.7071068 0.07391279 0.7032332 -0.7071068 -0.07391279 -0.7032332 -0.7071068 -8.335091e-16 -0.7071068 -0.7071068 -0.07391279 -0.7032332 -0.7071068 -6.926541e-16 -0.7071068 0 0 0 0 0 0 0.7071068 -0.07391279 0.7032332 0.7071068 -0.07391279 0.7032332 -0.7071068 0.07391279 -0.7032332 -0.7071068 0.07391279 -0.7032332 0 0 0 0.7071068 -0.1470158 0.6916548 0.7071068 -0.1470158 0.6916548 -0.7071068 0.1470158 -0.6916548 -0.7071068 0.1470158 -0.6916548 0 0 0 0.7071068 -0.218508 0.6724985 0.7071068 -0.218508 0.6724985 -0.7071068 0.218508 -0.6724985 -0.7071068 0.218508 -0.6724985 0 0 0 0.7071068 -0.2876062 0.6459742 0.7071068 -0.2876062 0.6459742 -0.7071068 0.2876062 -0.6459742 -0.7071068 0.2876062 -0.6459742 0 0 0 0.7071068 -0.3535534 0.6123724 0.7071068 -0.3535534 0.6123724 -0.7071068 0.3535534 -0.6123724 -0.7071068 0.3535534 -0.6123724 0 0 0 0.7071068 -0.4156269 0.5720614 0.7071068 -0.4156269 0.5720614 -0.7071068 0.4156269 -0.5720614 -0.7071068 0.4156269 -0.5720614 0 0 0 0.7071068 -0.4731468 0.5254827 0.7071068 -0.4731468 0.5254827 -0.7071068 0.4731468 -0.5254827 -0.7071068 0.4731468 -0.5254827 0 0 0 0.7071068 -0.5254827 0.4731468 0.7071068 -0.5254827 0.4731468 -0.7071068 0.5254827 -0.4731468 -0.7071068 0.5254827 -0.4731468 0 0 0 0.7071068 -0.5720614 0.4156269 0.7071068 -0.5720614 0.4156269 -0.7071068 0.5720614 -0.4156269 -0.7071068 0.5720614 -0.4156269 0 0 0 0.7071068 -0.6123724 0.3535534 0.7071068 -0.6123724 0.3535534 -0.7071068 0.6123724 -0.3535534 -0.7071068 0.6123724 -0.3535534 0 0 0 0.7071068 -0.6459742 0.2876062 0.7071068 -0.6459742 0.2876062 -0.7071068 0.6459742 -0.2876062 -0.7071068 0.6459742 -0.2876062 0 0 0 0.7071068 -0.6724985 0.218508 0.7071068 -0.6724985 0.218508 -0.7071068 0.6724985 -0.218508 -0.7071068 0.6724985 -0.218508 0 0 0 0.7071068 -0.6916548 0.1470158 0.7071068 -0.6916548 0.1470158 -0.7071068 0.6916548 -0.1470158 -0.7071068 0.6916548 -0.1470158 0 0 0 0.7071068 -0.7032332 0.07391279 0.7071068 -0.7032332 0.07391279 -0.7071068 0.7032332 -0.07391279 -0.7071068 0.7032332 -0.07391279 0 0 0 0.7071068 -0.7071068 -3.109464e-16 0.7071068 -0.7071068 -4.979866e-17 -0.7071068 0.7071068 3.109464e-16 -0.7071068 0.7071068 4.979866e-17 0 0 0 0.7071068 -0.7032332 -0.07391279 0.7071068 -0.7032332 -0.07391279 -0.7071068 0.7032332 0.07391279 -0.7071068 0.7032332 0.07391279 0 0 0 0.7071068 -0.6916548 -0.1470158 0.7071068 -0.6916548 -0.1470158 -0.7071068 0.6916548 0.1470158 -0.7071068 0.6916548 0.1470158 0 0 0 0.7071068 -0.6724985 -0.218508 0.7071068 -0.6724985 -0.218508 -0.7071068 0.6724985 0.218508 -0.7071068 0.6724985 0.218508 0 0 0 0.7071068 -0.6459742 -0.2876062 0.7071068 -0.6459742 -0.2876062 -0.7071068 0.6459742 0.2876062 -0.7071068 0.6459742 0.2876062 0 0 0 0.7071068 -0.6123724 -0.3535534 0.7071068 -0.6123724 -0.3535534 -0.7071068 0.6123724 0.3535534 -0.7071068 0.6123724 0.3535534 0 0 0 0.7071068 -0.5720614 -0.4156269 0.7071068 -0.5720614 -0.4156269 -0.7071068 0.5720614 0.4156269 -0.7071068 0.5720614 0.4156269 0 0 0 0.7071068 -0.5254827 -0.4731468 0.7071068 -0.5254827 -0.4731468 -0.7071068 0.5254827 0.4731468 -0.7071068 0.5254827 0.4731468 0 0 0 0.7071068 -0.4731468 -0.5254827 0.7071068 -0.4731468 -0.5254827 -0.7071068 0.4731468 0.5254827 -0.7071068 0.4731468 0.5254827 0 0 0 0.7071068 -0.4156269 -0.5720614 0.7071068 -0.4156269 -0.5720614 -0.7071068 0.4156269 0.5720614 -0.7071068 0.4156269 0.5720614 0 0 0 0.7071068 -0.3535534 -0.6123724 0.7071068 -0.3535534 -0.6123724 -0.7071068 0.3535534 0.6123724 -0.7071068 0.3535534 0.6123724 0 0 0 0.7071068 -0.2876062 -0.6459742 0.7071068 -0.2876062 -0.6459742 -0.7071068 0.2876062 0.6459742 -0.7071068 0.2876062 0.6459742 0 0 0 0.7071068 -0.218508 -0.6724985 0.7071068 -0.218508 -0.6724985 -0.7071068 0.218508 0.6724985 -0.7071068 0.218508 0.6724985 0 0 0 0.7071068 -0.1470158 -0.6916548 0.7071068 -0.1470158 -0.6916548 -0.7071068 0.1470158 0.6916548 -0.7071068 0.1470158 0.6916548 0 0 0 0.7071068 -0.07391279 -0.7032332 0.7071068 -0.07391279 -0.7032332 -0.7071068 0.07391279 0.7032332 -0.7071068 0.07391279 0.7032332 0 0 0 0.7071068 4.074436e-16 -0.7071068 0.7071068 4.253919e-16 -0.7071068 -0.7071068 -4.253919e-16 0.7071068 -0.7071068 -4.074436e-16 0.7071068 0 0 0 0.7071068 0.07391279 -0.7032332 0.7071068 0.07391279 -0.7032332 -0.7071068 -0.07391279 0.7032332 -0.7071068 -0.07391279 0.7032332 0 0 0 0.7071068 0.1470158 -0.6916548 0.7071068 0.1470158 -0.6916548 -0.7071068 -0.1470158 0.6916548 -0.7071068 -0.1470158 0.6916548 0 0 0 0.7071068 0.218508 -0.6724985 0.7071068 0.218508 -0.6724985 -0.7071068 -0.218508 0.6724985 -0.7071068 -0.218508 0.6724985 0 0 0 0.7071068 0.2876062 -0.6459742 0.7071068 0.2876062 -0.6459742 -0.7071068 -0.2876062 0.6459742 -0.7071068 -0.2876062 0.6459742 0 0 0 0.7071068 0.3535534 -0.6123724 0.7071068 0.3535534 -0.6123724 -0.7071068 -0.3535534 0.6123724 -0.7071068 -0.3535534 0.6123724 0 0 0 0.7071068 0.4156269 -0.5720614 0.7071068 0.4156269 -0.5720614 -0.7071068 -0.4156269 0.5720614 -0.7071068 -0.4156269 0.5720614 0 0 0 0.7071068 0.4731468 -0.5254827 0.7071068 0.4731468 -0.5254827 -0.7071068 -0.4731468 0.5254827 -0.7071068 -0.4731468 0.5254827 0 0 0 0.7071068 0.5254827 -0.4731468 0.7071068 0.5254827 -0.4731468 -0.7071068 -0.5254827 0.4731468 -0.7071068 -0.5254827 0.4731468 0 0 0 0.7071068 0.5720614 -0.4156269 0.7071068 0.5720614 -0.4156269 -0.7071068 -0.5720614 0.4156269 -0.7071068 -0.5720614 0.4156269 0 0 0 0.7071068 0.6123724 -0.3535534 0.7071068 0.6123724 -0.3535534 -0.7071068 -0.6123724 0.3535534 -0.7071068 -0.6123724 0.3535534 0 0 0 0.7071068 0.6459742 -0.2876062 0.7071068 0.6459742 -0.2876062 -0.7071068 -0.6459742 0.2876062 -0.7071068 -0.6459742 0.2876062 0 0 0 0.7071068 0.6724985 -0.218508 0.7071068 0.6724985 -0.218508 -0.7071068 -0.6724985 0.218508 -0.7071068 -0.6724985 0.218508 0 0 0 0.7071068 0.6916548 -0.1470158 0.7071068 0.6916548 -0.1470158 -0.7071068 -0.6916548 0.1470158 -0.7071068 -0.6916548 0.1470158 0 0 0 0.7071068 0.7032332 -0.07391279 0.7071068 0.7032332 -0.07391279 -0.7071068 -0.7032332 0.07391279 -0.7071068 -0.7032332 0.07391279 0 0 0 0.7071068 0.7071068 -3.325399e-16 0.7071068 0.7071068 -7.017084e-17 -0.7071068 -0.7071068 7.017084e-17 -0.7071068 -0.7071068 3.325399e-16 0 0 0 0.7071068 0.7032332 0.07391279 0.7071068 0.7032332 0.07391279 -0.7071068 -0.7032332 -0.07391279 -0.7071068 -0.7032332 -0.07391279 0 0 0 0.7071068 0.6916548 0.1470158 0.7071068 0.6916548 0.1470158 -0.7071068 -0.6916548 -0.1470158 -0.7071068 -0.6916548 -0.1470158 0.7071068 0.4731468 0.5254827 0.7071068 0.4731468 0.5254827 -0.7071068 -0.4731468 -0.5254827 -0.7071068 -0.4731468 -0.5254827 0 0 0 0.7071068 0.4156269 0.5720614 0.7071068 0.4156269 0.5720614 -0.7071068 -0.4156269 -0.5720614 -0.7071068 -0.4156269 -0.5720614 0 0 0 0.7071068 0.3535534 0.6123724 0.7071068 0.3535534 0.6123724 -0.7071068 -0.3535534 -0.6123724 -0.7071068 -0.3535534 -0.6123724 0 0 0 0.7071068 0.2876062 0.6459742 0.7071068 0.2876062 0.6459742 -0.7071068 -0.2876062 -0.6459742 -0.7071068 -0.2876062 -0.6459742 0 0 0 0.7071068 0.218508 0.6724985 0.7071068 0.218508 0.6724985 -0.7071068 -0.218508 -0.6724985 -0.7071068 -0.218508 -0.6724985 0 0 0 0.7071068 0.1470158 0.6916548 0.7071068 0.1470158 0.6916548 -0.7071068 -0.1470158 -0.6916548 -0.7071068 -0.1470158 -0.6916548 0 0 0 3.225967e-31 0.9945219 0.1045285 3.225967e-31 0.9945219 0.1045285 -3.225967e-31 -0.9945219 -0.1045285 -3.225967e-31 -0.9945219 -0.1045285 0 0 0 1.894047e-31 0.6691306 0.7431448 1.894047e-31 0.6691306 0.7431448 -1.894047e-31 -0.6691306 -0.7431448 -1.894047e-31 -0.6691306 -0.7431448 0 0 0 -4.108651e-32 2.91951e-16 1 -6.503755e-33 0.1045285 0.9945219 -4.108651e-32 2.91951e-16 1 -6.503755e-33 0.1045285 0.9945219 6.503755e-33 -0.1045285 -0.9945219 4.108651e-32 -2.91951e-16 -1 6.503755e-33 -0.1045285 -0.9945219 4.108651e-32 -2.91951e-16 -1 0 0 0 0 0 0 -7.52191e-32 -0.1045285 0.9945219 -7.52191e-32 -0.1045285 0.9945219 7.52191e-32 0.1045285 -0.9945219 7.52191e-32 0.1045285 -0.9945219 0 0 0 -1.085276e-31 -0.2079117 0.9781476 -1.085276e-31 -0.2079117 0.9781476 1.085276e-31 0.2079117 -0.9781476 1.085276e-31 0.2079117 -0.9781476 0 0 0 -1.40647e-31 -0.309017 0.9510565 -1.40647e-31 -0.309017 0.9510565 1.40647e-31 0.309017 -0.9510565 1.40647e-31 0.309017 -0.9510565 0 0 0 -1.712255e-31 -0.4067366 0.9135455 -1.712255e-31 -0.4067366 0.9135455 1.712255e-31 0.4067366 -0.9135455 1.712255e-31 0.4067366 -0.9135455 0 0 0 -1.99928e-31 -0.5 0.8660254 -1.99928e-31 -0.5 0.8660254 1.99928e-31 0.5 -0.8660254 1.99928e-31 0.5 -0.8660254 0 0 0 -2.2644e-31 -0.5877853 0.809017 -2.2644e-31 -0.5877853 0.809017 2.2644e-31 0.5877853 -0.809017 2.2644e-31 0.5877853 -0.809017 0 0 0 -2.504711e-31 -0.6691306 0.7431448 -2.504711e-31 -0.6691306 0.7431448 2.504711e-31 0.6691306 -0.7431448 2.504711e-31 0.6691306 -0.7431448 0 0 0 -2.71758e-31 -0.7431448 0.6691306 -2.71758e-31 -0.7431448 0.6691306 2.71758e-31 0.7431448 -0.6691306 2.71758e-31 0.7431448 -0.6691306 0 0 0 -2.900675e-31 -0.809017 0.5877853 -2.900675e-31 -0.809017 0.5877853 2.900675e-31 0.809017 -0.5877853 2.900675e-31 0.809017 -0.5877853 0 0 0 -3.051989e-31 -0.8660254 0.5 -3.051989e-31 -0.8660254 0.5 3.051989e-31 0.8660254 -0.5 3.051989e-31 0.8660254 -0.5 0 0 0 -3.169865e-31 -0.9135455 0.4067366 -3.169865e-31 -0.9135455 0.4067366 3.169865e-31 0.9135455 -0.4067366 3.169865e-31 0.9135455 -0.4067366 0 0 0 -3.253011e-31 -0.9510565 0.309017 -3.253011e-31 -0.9510565 0.309017 3.253011e-31 0.9510565 -0.309017 3.253011e-31 0.9510565 -0.309017 0 0 0 -3.300517e-31 -0.9781476 0.2079117 -3.300517e-31 -0.9781476 0.2079117 3.300517e-31 0.9781476 -0.2079117 3.300517e-31 0.9781476 -0.2079117 0 0 0 -3.311861e-31 -0.9945219 0.1045285 -3.311861e-31 -0.9945219 0.1045285 3.311861e-31 0.9945219 -0.1045285 3.311861e-31 0.9945219 -0.1045285 0 0 0 -3.28692e-31 -1 1.548225e-16 -3.28692e-31 -1 1.548225e-16 3.28692e-31 1 -1.548225e-16 3.28692e-31 1 -1.548225e-16 0 0 0 -3.225967e-31 -0.9945219 -0.1045285 -3.225967e-31 -0.9945219 -0.1045285 3.225967e-31 0.9945219 0.1045285 3.225967e-31 0.9945219 0.1045285 0 0 0 -3.12967e-31 -0.9781476 -0.2079117 -3.12967e-31 -0.9781476 -0.2079117 3.12967e-31 0.9781476 0.2079117 3.12967e-31 0.9781476 0.2079117 0 0 0 -2.999083e-31 -0.9510565 -0.309017 -2.999083e-31 -0.9510565 -0.309017 2.999083e-31 0.9510565 0.309017 2.999083e-31 0.9510565 0.309017 0 0 0 -2.835637e-31 -0.9135455 -0.4067366 -2.835637e-31 -0.9135455 -0.4067366 2.835637e-31 0.9135455 0.4067366 2.835637e-31 0.9135455 0.4067366 0 0 0 -2.641124e-31 -0.8660254 -0.5 -2.641124e-31 -0.8660254 -0.5 2.641124e-31 0.8660254 0.5 2.641124e-31 0.8660254 0.5 0 0 0 -2.417674e-31 -0.809017 -0.5877853 -2.417674e-31 -0.809017 -0.5877853 2.417674e-31 0.809017 0.5877853 2.417674e-31 0.809017 0.5877853 0 0 0 -2.167736e-31 -0.7431448 -0.6691306 -2.167736e-31 -0.7431448 -0.6691306 2.167736e-31 0.7431448 0.6691306 2.167736e-31 0.7431448 0.6691306 0 0 0 -1.894047e-31 -0.6691306 -0.7431448 -1.894047e-31 -0.6691306 -0.7431448 1.894047e-31 0.6691306 0.7431448 1.894047e-31 0.6691306 0.7431448 0 0 0 -1.599607e-31 -0.5877853 -0.809017 -1.599607e-31 -0.5877853 -0.809017 1.599607e-31 0.5877853 0.809017 1.599607e-31 0.5877853 0.809017 0 0 0 -1.287641e-31 -0.5 -0.8660254 -1.287641e-31 -0.5 -0.8660254 1.287641e-31 0.5 0.8660254 1.287641e-31 0.5 0.8660254 0 0 0 -9.615671e-32 -0.4067366 -0.9135455 -9.615671e-32 -0.4067366 -0.9135455 9.615671e-32 0.4067366 0.9135455 9.615671e-32 0.4067366 0.9135455 0 0 0 -6.249584e-32 -0.309017 -0.9510565 -6.249584e-32 -0.309017 -0.9510565 6.249584e-32 0.309017 0.9510565 6.249584e-32 0.309017 0.9510565 0 0 0 -2.815025e-32 -0.2079117 -0.9781476 -2.815025e-32 -0.2079117 -0.9781476 2.815025e-32 0.2079117 0.9781476 2.815025e-32 0.2079117 0.9781476 0 0 0 6.503755e-33 -0.1045285 -0.9945219 6.503755e-33 -0.1045285 -0.9945219 -6.503755e-33 0.1045285 0.9945219 -6.503755e-33 0.1045285 0.9945219 0 0 0 4.108651e-32 -2.12328e-16 -1 4.108651e-32 -2.12328e-16 -1 -4.108651e-32 2.12328e-16 1 -4.108651e-32 2.12328e-16 1 0 0 0 7.52191e-32 0.1045285 -0.9945219 7.52191e-32 0.1045285 -0.9945219 -7.52191e-32 -0.1045285 0.9945219 -7.52191e-32 -0.1045285 0.9945219 0 0 0 1.085276e-31 0.2079117 -0.9781476 1.085276e-31 0.2079117 -0.9781476 -1.085276e-31 -0.2079117 0.9781476 -1.085276e-31 -0.2079117 0.9781476 0 0 0 1.40647e-31 0.309017 -0.9510565 1.40647e-31 0.309017 -0.9510565 -1.40647e-31 -0.309017 0.9510565 -1.40647e-31 -0.309017 0.9510565 0 0 0 1.712255e-31 0.4067366 -0.9135455 1.712255e-31 0.4067366 -0.9135455 -1.712255e-31 -0.4067366 0.9135455 -1.712255e-31 -0.4067366 0.9135455 0 0 0 1.99928e-31 0.5 -0.8660254 1.99928e-31 0.5 -0.8660254 -1.99928e-31 -0.5 0.8660254 -1.99928e-31 -0.5 0.8660254 0 0 0 2.2644e-31 0.5877853 -0.809017 2.2644e-31 0.5877853 -0.809017 -2.2644e-31 -0.5877853 0.809017 -2.2644e-31 -0.5877853 0.809017 0 0 0 2.504711e-31 0.6691306 -0.7431448 2.504711e-31 0.6691306 -0.7431448 -2.504711e-31 -0.6691306 0.7431448 -2.504711e-31 -0.6691306 0.7431448 0 0 0 2.71758e-31 0.7431448 -0.6691306 2.71758e-31 0.7431448 -0.6691306 -2.71758e-31 -0.7431448 0.6691306 -2.71758e-31 -0.7431448 0.6691306 0 0 0 2.900675e-31 0.809017 -0.5877853 2.900675e-31 0.809017 -0.5877853 -2.900675e-31 -0.809017 0.5877853 -2.900675e-31 -0.809017 0.5877853 0 0 0 3.051989e-31 0.8660254 -0.5 3.051989e-31 0.8660254 -0.5 -3.051989e-31 -0.8660254 0.5 -3.051989e-31 -0.8660254 0.5 0 0 0 3.169865e-31 0.9135455 -0.4067366 3.169865e-31 0.9135455 -0.4067366 -3.169865e-31 -0.9135455 0.4067366 -3.169865e-31 -0.9135455 0.4067366 0 0 0 3.253011e-31 0.9510565 -0.309017 3.253011e-31 0.9510565 -0.309017 -3.253011e-31 -0.9510565 0.309017 -3.253011e-31 -0.9510565 0.309017 0 0 0 3.300517e-31 0.9781476 -0.2079117 3.300517e-31 0.9781476 -0.2079117 -3.300517e-31 -0.9781476 0.2079117 -3.300517e-31 -0.9781476 0.2079117 0 0 0 3.311861e-31 0.9945219 -0.1045285 3.311861e-31 0.9945219 -0.1045285 -3.311861e-31 -0.9945219 0.1045285 -3.311861e-31 -0.9945219 0.1045285 0 0 0 3.28692e-31 1 -5.750549e-17 3.28692e-31 1 -5.750549e-17 -3.28692e-31 -1 5.750549e-17 -3.28692e-31 -1 5.750549e-17 0 0 0 1.599607e-31 0.5877853 0.809017 1.599607e-31 0.5877853 0.809017 -1.599607e-31 -0.5877853 -0.809017 -1.599607e-31 -0.5877853 -0.809017 0 0 0 1.287641e-31 0.5 0.8660254 1.287641e-31 0.5 0.8660254 -1.287641e-31 -0.5 -0.8660254 -1.287641e-31 -0.5 -0.8660254 0 0 0 9.615671e-32 0.4067366 0.9135455 9.615671e-32 0.4067366 0.9135455 -9.615671e-32 -0.4067366 -0.9135455 -9.615671e-32 -0.4067366 -0.9135455 0 0 0 6.249584e-32 0.309017 0.9510565 6.249584e-32 0.309017 0.9510565 -6.249584e-32 -0.309017 -0.9510565 -6.249584e-32 -0.309017 -0.9510565 0 0 0 2.815025e-32 0.2079117 0.9781476 2.815025e-32 0.2079117 0.9781476 -2.815025e-32 -0.2079117 -0.9781476 -2.815025e-32 -0.2079117 -0.9781476 0 0 0</float_array>
                    <technique_common>
                        <accessor count="780" source="#ID84" stride="3">
                            <param name="X" type="float" />
                            <param name="Y" type="float" />
                            <param name="Z" type="float" />
                        </accessor>
                    </technique_common>
                </source>
                <vertices id="ID82">
                    <input semantic="POSITION" source="#ID80" />
                    <input semantic="NORMAL" source="#ID81" />
                </vertices>
                <triangles count="298" material="Material3">
                    <input offset="0" semantic="VERTEX" source="#ID82" />
                    <p>0 1 2 1 0 3 12 13 14 13 12 15 2 22 23 22 2 1 28 3 0 3 28 29 14 34 35 34 14 13 39 40 41 40 39 42 40 42 43 43 42 44 43 44 45 45 44 46 45 46 47 47 46 48 48 46 49 48 49 50 50 49 51 50 51 52 50 52 53 53 52 54 54 52 55 54 55 56 56 55 57 56 57 58 56 58 59 59 58 60 60 58 61 60 61 62 62 61 63 62 63 64 62 64 65 65 64 66 66 64 67 66 67 68 68 67 69 68 69 70 68 70 71 71 70 72 72 70 73 72 73 74 72 74 75 75 74 76 75 76 77 77 76 78 77 78 79 79 78 80 79 80 81 81 80 82 81 82 83 83 82 84 84 82 85 84 85 86 84 86 87 87 86 88 87 88 89 89 88 90 89 90 91 91 90 92 91 92 93 93 92 94 93 94 95 95 94 96 95 96 97 97 96 98 216 15 12 15 216 217 23 220 221 220 23 22 226 29 28 29 226 227 35 232 233 232 35 34 236 237 238 237 236 239 246 238 247 238 246 236 251 247 252 247 251 246 256 252 257 252 256 251 261 257 262 257 261 256 266 262 267 262 266 261 271 267 272 267 271 266 276 272 277 272 276 271 281 277 282 277 281 276 286 282 287 282 286 281 291 287 292 287 291 286 296 292 297 292 296 291 301 297 302 297 301 296 306 302 307 302 306 301 311 307 312 307 311 306 316 312 317 312 316 311 321 316 317 316 321 322 326 322 321 322 326 327 331 327 326 327 331 332 336 332 331 332 336 337 341 337 336 337 341 342 346 342 341 342 346 347 351 347 346 347 351 352 356 352 351 352 356 357 361 357 356 357 361 362 366 362 361 362 366 367 371 367 366 367 371 372 376 372 371 372 376 377 381 377 376 377 381 382 386 382 381 382 386 387 391 387 386 387 391 392 396 392 391 392 396 397 396 401 397 401 396 402 402 406 401 406 402 407 407 411 406 411 407 412 412 416 411 416 412 417 417 421 416 421 417 422 422 426 421 426 422 427 427 431 426 431 427 432 432 436 431 436 432 437 437 441 436 441 437 442 442 446 441 446 442 447 447 451 446 451 447 452 452 456 451 456 452 457 457 461 456 461 457 462 462 466 461 466 462 467 466 471 472 471 466 467 472 476 477 476 472 471 477 217 216 217 477 476 233 480 481 480 233 232 481 485 486 485 481 480 486 490 491 490 486 485 491 495 496 495 491 490 496 500 501 500 496 495 501 505 506 505 501 500 506 237 239 237 506 505 221 510 511 510 221 220 515 227 226 227 515 516 520 521 522 521 520 523 530 522 531 522 530 520 535 531 536 531 535 530 540 536 541 536 540 535 545 541 546 541 545 540 550 546 551 546 550 545 555 551 556 551 555 550 560 556 561 556 560 555 560 565 566 565 560 561 566 570 571 570 566 565 571 575 576 575 571 570 576 580 581 580 576 575 581 585 586 585 581 580 586 590 591 590 586 585 591 595 596 595 591 590 596 600 601 600 596 595 601 605 606 605 601 600 606 610 611 610 606 605 611 615 616 615 611 610 616 620 621 620 616 615 621 625 626 625 621 620 626 630 631 630 626 625 631 635 636 635 631 630 640 635 641 635 640 636 645 641 646 641 645 640 650 646 651 646 650 645 655 651 656 651 655 650 660 656 661 656 660 655 665 661 666 661 665 660 670 666 671 666 670 665 675 671 676 671 675 670 680 676 681 676 680 675 685 681 686 681 685 680 690 686 691 686 690 685 695 691 696 691 695 690 700 696 701 696 700 695 705 701 706 701 705 700 710 706 711 706 710 705 715 710 711 710 715 716 720 716 715 716 720 721 725 721 720 721 725 726 730 726 725 726 730 731 735 731 730 731 735 736 740 736 735 736 740 741 745 741 740 741 745 746 750 746 745 746 750 751 511 751 750 751 511 510 755 515 756 515 755 516 760 756 761 756 760 755 765 761 766 761 765 760 770 766 771 766 770 765 775 771 776 771 775 770 523 776 521 776 523 775</p>
                </triangles>
                <triangles count="298" material="Material2">
                    <input offset="0" semantic="VERTEX" source="#ID82" />
                    <p>4 5 6 7 6 5 16 17 18 19 18 17 6 7 24 25 24 7 30 31 4 5 4 31 18 19 36 37 36 19 99 100 101 101 100 102 100 103 102 102 103 104 103 105 104 104 105 106 105 107 106 106 107 108 107 109 108 108 109 110 109 111 110 110 111 112 111 113 112 113 114 112 112 114 115 115 114 116 114 117 116 116 117 118 117 119 118 118 119 120 119 121 120 120 121 122 121 123 122 122 123 124 123 125 124 125 126 124 124 126 127 127 126 128 126 129 128 129 130 128 128 130 131 130 132 131 131 132 133 133 132 134 132 135 134 135 136 134 134 136 137 136 138 137 137 138 139 139 138 140 138 141 140 141 142 140 140 142 143 142 144 143 143 144 145 145 144 146 144 147 146 147 148 146 146 148 149 148 150 149 149 150 151 151 150 152 150 153 152 152 153 154 153 155 154 154 155 156 155 157 156 158 156 157 218 219 16 17 16 219 24 25 222 223 222 25 228 229 30 31 30 229 36 37 234 235 234 37 240 241 242 243 242 241 241 248 243 249 243 248 248 253 249 254 249 253 253 258 254 259 254 258 258 263 259 264 259 263 263 268 264 269 264 268 268 273 269 274 269 273 273 278 274 279 274 278 278 283 279 284 279 283 283 288 284 289 284 288 288 293 289 294 289 293 293 298 294 299 294 298 298 303 299 304 299 303 303 308 304 309 304 308 308 313 309 314 309 313 313 318 314 319 314 318 323 324 318 319 318 324 328 329 323 324 323 329 333 334 328 329 328 334 338 339 333 334 333 339 343 344 338 339 338 344 348 349 343 344 343 349 353 354 348 349 348 354 358 359 353 354 353 359 363 364 358 359 358 364 368 369 363 364 363 369 373 374 368 369 368 374 378 379 373 374 373 379 383 384 378 379 378 384 388 389 383 384 383 389 393 394 388 389 388 394 398 399 393 394 393 399 403 399 404 398 404 399 408 403 409 404 409 403 413 408 414 409 414 408 418 413 419 414 419 413 423 418 424 419 424 418 428 423 429 424 429 423 433 428 434 429 434 428 438 433 439 434 439 433 443 438 444 439 444 438 448 443 449 444 449 443 453 448 454 449 454 448 458 453 459 454 459 453 463 458 464 459 464 458 468 463 469 464 469 463 468 469 473 474 473 469 473 474 478 479 478 474 478 479 218 219 218 479 234 235 482 483 482 235 482 483 487 488 487 483 487 488 492 493 492 488 492 493 497 498 497 493 497 498 502 503 502 498 502 503 507 508 507 503 507 508 242 240 242 508 222 223 512 513 512 223 517 518 228 229 228 518 524 525 526 527 526 525 525 532 527 533 527 532 532 537 533 538 533 537 537 542 538 543 538 542 542 547 543 548 543 547 547 552 548 553 548 552 552 557 553 558 553 557 557 562 558 563 558 562 563 562 567 568 567 562 567 568 572 573 572 568 572 573 577 578 577 573 577 578 582 583 582 578 582 583 587 588 587 583 587 588 592 593 592 588 592 593 597 598 597 593 597 598 602 603 602 598 602 603 607 608 607 603 607 608 612 613 612 608 612 613 617 618 617 613 617 618 622 623 622 618 622 623 627 628 627 623 627 628 632 633 632 628 632 633 637 638 637 633 638 642 637 643 637 642 642 647 643 648 643 647 647 652 648 653 648 652 652 657 653 658 653 657 657 662 658 663 658 662 662 667 663 668 663 667 667 672 668 673 668 672 672 677 673 678 673 677 677 682 678 683 678 682 682 687 683 688 683 687 687 692 688 693 688 692 692 697 693 698 693 697 697 702 698 703 698 702 702 707 703 708 703 707 707 712 708 713 708 712 717 718 712 713 712 718 722 723 717 718 717 723 727 728 722 723 722 728 732 733 727 728 727 733 737 738 732 733 732 738 742 743 737 738 737 743 747 748 742 743 742 748 752 753 747 748 747 753 512 513 752 753 752 513 517 757 518 758 518 757 757 762 758 763 758 762 762 767 763 768 763 767 767 772 768 773 768 772 772 777 773 778 773 777 777 524 778 526 778 524</p>
                </triangles>
                <lines count="120" material="Material5">
                    <input offset="0" semantic="VERTEX" source="#ID82" />
                    <p>8 9 20 21 9 26 32 8 38 20 159 160 161 159 162 161 163 162 164 163 165 164 166 165 167 166 168 167 169 168 170 169 171 170 172 171 173 172 174 173 175 174 176 175 177 176 178 177 179 178 180 179 181 180 182 181 183 182 184 183 185 184 186 185 187 186 188 187 189 188 190 189 191 190 192 191 193 192 194 193 195 194 196 195 197 196 198 197 199 198 200 199 201 200 202 201 203 202 204 203 205 204 206 205 207 206 208 207 21 208 209 38 210 209 211 210 212 211 213 212 214 213 215 214 160 215 26 224 230 32 244 245 250 244 255 250 260 255 265 260 270 265 275 270 280 275 285 280 290 285 295 290 300 295 305 300 310 305 315 310 320 315 325 320 330 325 335 330 340 335 345 340 350 345 355 350 360 355 365 360 370 365 375 370 380 375 385 380 390 385 395 390 400 395 405 400 410 405 415 410 420 415 425 420 430 425 435 430 440 435 445 440 450 445 455 450 460 455 465 460 470 465 475 470 224 475 484 230 489 484 494 489 499 494 504 499 509 504 245 509</p>
                </lines>
                <lines count="180" material="Material4">
                    <input offset="0" semantic="VERTEX" source="#ID82" />
                    <p>11 10 10 27 33 11 27 225 231 33 225 514 519 231 529 528 534 529 539 534 544 539 549 544 554 549 559 554 564 559 569 564 574 569 579 574 584 579 589 584 594 589 599 594 604 599 609 604 614 609 619 614 624 619 629 624 634 629 639 634 644 639 649 644 654 649 659 654 664 659 669 664 674 669 679 674 684 679 689 684 694 689 699 694 704 699 709 704 714 709 719 714 724 719 729 724 734 729 739 734 744 739 749 744 754 749 514 754 759 519 764 759 769 764 774 769 779 774 528 779</p>
                </lines>
            </mesh>
        </geometry>
        <geometry id="ID85">
            <mesh>
                <source id="ID86">
                    <float_array id="ID89" count="540">8.396 -4.017868 -0.422295 8.396 -4.017868 0.422295 8.396 -4.04 7.105427e-15 8.396 -3.951716 -0.8399632 8.396 -3.951716 0.8399632 8.396 -3.842268 -1.248429 8.396 -3.842268 1.248429 8.396 -3.690724 -1.643216 8.396 -3.690724 1.643216 8.396 -3.498743 2.02 8.396 -3.498743 -2.02 8.396 -3.268429 2.374652 8.396 -3.268429 -2.374652 8.396 -3.002305 2.703288 8.396 -3.002305 -2.703288 8.396 -2.703288 3.002305 8.396 -2.703288 -3.002305 8.396 -2.374652 3.268429 8.396 -2.374652 -3.268429 8.396 -2.02 3.498743 8.396 -2.02 -3.498743 8.396 -1.643216 3.690724 8.396 -1.643216 -3.690724 8.396 -1.248429 3.842268 8.396 -1.248429 -3.842268 8.396 -0.8399632 3.951716 8.396 -0.8399632 -3.951716 8.396 -0.422295 4.017868 8.396 -0.422295 -4.017868 8.396 -4.440892e-15 4.04 8.396 -4.440892e-15 -4.04 8.396 0.422295 -4.017868 8.396 0.422295 4.017868 8.396 0.8399632 3.951716 8.396 0.8399632 -3.951716 8.396 1.248429 3.842268 8.396 1.248429 -3.842268 8.396 1.643216 3.690724 8.396 1.643216 -3.690724 8.396 2.02 3.498743 8.396 2.02 -3.498743 8.396 2.374652 3.268429 8.396 2.374652 -3.268429 8.396 2.703288 -3.002305 8.396 2.703288 3.002305 8.396 3.002305 2.703288 8.396 3.002305 -2.703288 8.396 3.268429 -2.374652 8.396 3.268429 2.374652 8.396 3.498743 -2.02 8.396 3.498743 2.02 8.396 3.690724 -1.643216 8.396 3.690724 1.643216 8.396 3.842268 -1.248429 8.396 3.842268 1.248429 8.396 3.951716 -0.8399632 8.396 3.951716 0.8399632 8.396 4.017868 -0.422295 8.396 4.017868 0.422295 8.396 4.04 7.105427e-15 8.396 4.04 7.105427e-15 8.396 4.017868 -0.422295 8.396 4.017868 0.422295 8.396 3.951716 0.8399632 8.396 3.951716 -0.8399632 8.396 3.842268 1.248429 8.396 3.842268 -1.248429 8.396 3.690724 1.643216 8.396 3.690724 -1.643216 8.396 3.498743 2.02 8.396 3.498743 -2.02 8.396 3.268429 2.374652 8.396 3.268429 -2.374652 8.396 3.002305 2.703288 8.396 3.002305 -2.703288 8.396 2.703288 -3.002305 8.396 2.703288 3.002305 8.396 2.374652 3.268429 8.396 2.374652 -3.268429 8.396 2.02 -3.498743 8.396 2.02 3.498743 8.396 1.643216 -3.690724 8.396 1.643216 3.690724 8.396 1.248429 -3.842268 8.396 1.248429 3.842268 8.396 0.8399632 -3.951716 8.396 0.8399632 3.951716 8.396 0.422295 -4.017868 8.396 0.422295 4.017868 8.396 -4.440892e-15 4.04 8.396 -4.440892e-15 -4.04 8.396 -0.422295 -4.017868 8.396 -0.422295 4.017868 8.396 -0.8399632 -3.951716 8.396 -0.8399632 3.951716 8.396 -1.248429 -3.842268 8.396 -1.248429 3.842268 8.396 -1.643216 -3.690724 8.396 -1.643216 3.690724 8.396 -2.02 -3.498743 8.396 -2.02 3.498743 8.396 -2.374652 -3.268429 8.396 -2.374652 3.268429 8.396 -2.703288 -3.002305 8.396 -2.703288 3.002305 8.396 -3.002305 -2.703288 8.396 -3.002305 2.703288 8.396 -3.268429 -2.374652 8.396 -3.268429 2.374652 8.396 -3.498743 -2.02 8.396 -3.498743 2.02 8.396 -3.690724 -1.643216 8.396 -3.690724 1.643216 8.396 -3.842268 1.248429 8.396 -3.842268 -1.248429 8.396 -3.951716 0.8399632 8.396 -3.951716 -0.8399632 8.396 -4.017868 0.422295 8.396 -4.017868 -0.422295 8.396 -4.04 7.105427e-15 8.396 3.498743 2.02 8.396 3.690724 1.643216 8.396 3.268429 2.374652 8.396 3.002305 2.703288 8.396 2.703288 3.002305 8.396 2.374652 3.268429 8.396 2.02 3.498743 8.396 1.643216 3.690724 8.396 1.248429 3.842268 8.396 0.8399632 3.951716 8.396 0.422295 4.017868 8.396 -4.440892e-15 4.04 8.396 -0.422295 4.017868 8.396 -0.8399632 3.951716 8.396 -1.248429 3.842268 8.396 -1.643216 3.690724 8.396 -2.02 3.498743 8.396 -2.374652 3.268429 8.396 -2.703288 3.002305 8.396 -3.002305 2.703288 8.396 -3.268429 2.374652 8.396 -3.498743 2.02 8.396 -3.690724 1.643216 8.396 -3.842268 1.248429 8.396 -3.951716 0.8399632 8.396 -4.017868 0.422295 8.396 -4.04 7.105427e-15 8.396 -4.017868 -0.422295 8.396 -3.951716 -0.8399632 8.396 -3.842268 -1.248429 8.396 -3.690724 -1.643216 8.396 -3.498743 -2.02 8.396 -3.268429 -2.374652 8.396 -3.002305 -2.703288 8.396 -2.703288 -3.002305 8.396 -2.374652 -3.268429 8.396 -2.02 -3.498743 8.396 -1.643216 -3.690724 8.396 -1.248429 -3.842268 8.396 -0.8399632 -3.951716 8.396 -0.422295 -4.017868 8.396 -4.440892e-15 -4.04 8.396 0.422295 -4.017868 8.396 0.8399632 -3.951716 8.396 1.248429 -3.842268 8.396 1.643216 -3.690724 8.396 2.02 -3.498743 8.396 2.374652 -3.268429 8.396 2.703288 -3.002305 8.396 3.002305 -2.703288 8.396 3.268429 -2.374652 8.396 3.498743 -2.02 8.396 3.690724 -1.643216 8.396 3.842268 -1.248429 8.396 3.951716 -0.8399632 8.396 4.017868 -0.422295 8.396 4.04 7.105427e-15 8.396 4.017868 0.422295 8.396 3.951716 0.8399632 8.396 3.842268 1.248429</float_array>
                    <technique_common>
                        <accessor count="180" source="#ID89" stride="3">
                            <param name="X" type="float" />
                            <param name="Y" type="float" />
                            <param name="Z" type="float" />
                        </accessor>
                    </technique_common>
                </source>
                <source id="ID87">
                    <float_array id="ID90" count="540">1 -3.28692e-31 4.108651e-32 1 -3.28692e-31 4.108651e-32 1 -3.28692e-31 4.108651e-32 1 -3.28692e-31 4.108651e-32 1 -3.28692e-31 4.108651e-32 1 -3.28692e-31 4.108651e-32 1 -3.28692e-31 4.108651e-32 1 -3.28692e-31 4.108651e-32 1 -3.28692e-31 4.108651e-32 1 -3.28692e-31 4.108651e-32 1 -3.28692e-31 4.108651e-32 1 -3.28692e-31 4.108651e-32 1 -3.28692e-31 4.108651e-32 1 -3.28692e-31 4.108651e-32 1 -3.28692e-31 4.108651e-32 1 -3.28692e-31 4.108651e-32 1 -3.28692e-31 4.108651e-32 1 -3.28692e-31 4.108651e-32 1 -3.28692e-31 4.108651e-32 1 -3.28692e-31 4.108651e-32 1 -3.28692e-31 4.108651e-32 1 -3.28692e-31 4.108651e-32 1 -3.28692e-31 4.108651e-32 1 -3.28692e-31 4.108651e-32 1 -3.28692e-31 4.108651e-32 1 -3.28692e-31 4.108651e-32 1 -3.28692e-31 4.108651e-32 1 -3.28692e-31 4.108651e-32 1 -3.28692e-31 4.108651e-32 1 -3.28692e-31 4.108651e-32 1 -3.28692e-31 4.108651e-32 1 -3.28692e-31 4.108651e-32 1 -3.28692e-31 4.108651e-32 1 -3.28692e-31 4.108651e-32 1 -3.28692e-31 4.108651e-32 1 -3.28692e-31 4.108651e-32 1 -3.28692e-31 4.108651e-32 1 -3.28692e-31 4.108651e-32 1 -3.28692e-31 4.108651e-32 1 -3.28692e-31 4.108651e-32 1 -3.28692e-31 4.108651e-32 1 -3.28692e-31 4.108651e-32 1 -3.28692e-31 4.108651e-32 1 -3.28692e-31 4.108651e-32 1 -3.28692e-31 4.108651e-32 1 -3.28692e-31 4.108651e-32 1 -3.28692e-31 4.108651e-32 1 -3.28692e-31 4.108651e-32 1 -3.28692e-31 4.108651e-32 1 -3.28692e-31 4.108651e-32 1 -3.28692e-31 4.108651e-32 1 -3.28692e-31 4.108651e-32 1 -3.28692e-31 4.108651e-32 1 -3.28692e-31 4.108651e-32 1 -3.28692e-31 4.108651e-32 1 -3.28692e-31 4.108651e-32 1 -3.28692e-31 4.108651e-32 1 -3.28692e-31 4.108651e-32 1 -3.28692e-31 4.108651e-32 1 -3.28692e-31 4.108651e-32 -1 3.28692e-31 -4.108651e-32 -1 3.28692e-31 -4.108651e-32 -1 3.28692e-31 -4.108651e-32 -1 3.28692e-31 -4.108651e-32 -1 3.28692e-31 -4.108651e-32 -1 3.28692e-31 -4.108651e-32 -1 3.28692e-31 -4.108651e-32 -1 3.28692e-31 -4.108651e-32 -1 3.28692e-31 -4.108651e-32 -1 3.28692e-31 -4.108651e-32 -1 3.28692e-31 -4.108651e-32 -1 3.28692e-31 -4.108651e-32 -1 3.28692e-31 -4.108651e-32 -1 3.28692e-31 -4.108651e-32 -1 3.28692e-31 -4.108651e-32 -1 3.28692e-31 -4.108651e-32 -1 3.28692e-31 -4.108651e-32 -1 3.28692e-31 -4.108651e-32 -1 3.28692e-31 -4.108651e-32 -1 3.28692e-31 -4.108651e-32 -1 3.28692e-31 -4.108651e-32 -1 3.28692e-31 -4.108651e-32 -1 3.28692e-31 -4.108651e-32 -1 3.28692e-31 -4.108651e-32 -1 3.28692e-31 -4.108651e-32 -1 3.28692e-31 -4.108651e-32 -1 3.28692e-31 -4.108651e-32 -1 3.28692e-31 -4.108651e-32 -1 3.28692e-31 -4.108651e-32 -1 3.28692e-31 -4.108651e-32 -1 3.28692e-31 -4.108651e-32 -1 3.28692e-31 -4.108651e-32 -1 3.28692e-31 -4.108651e-32 -1 3.28692e-31 -4.108651e-32 -1 3.28692e-31 -4.108651e-32 -1 3.28692e-31 -4.108651e-32 -1 3.28692e-31 -4.108651e-32 -1 3.28692e-31 -4.108651e-32 -1 3.28692e-31 -4.108651e-32 -1 3.28692e-31 -4.108651e-32 -1 3.28692e-31 -4.108651e-32 -1 3.28692e-31 -4.108651e-32 -1 3.28692e-31 -4.108651e-32 -1 3.28692e-31 -4.108651e-32 -1 3.28692e-31 -4.108651e-32 -1 3.28692e-31 -4.108651e-32 -1 3.28692e-31 -4.108651e-32 -1 3.28692e-31 -4.108651e-32 -1 3.28692e-31 -4.108651e-32 -1 3.28692e-31 -4.108651e-32 -1 3.28692e-31 -4.108651e-32 -1 3.28692e-31 -4.108651e-32 -1 3.28692e-31 -4.108651e-32 -1 3.28692e-31 -4.108651e-32 -1 3.28692e-31 -4.108651e-32 -1 3.28692e-31 -4.108651e-32 -1 3.28692e-31 -4.108651e-32 -1 3.28692e-31 -4.108651e-32 -1 3.28692e-31 -4.108651e-32 -1 3.28692e-31 -4.108651e-32 0 0 0 0 0 0 0 0 0 0 0 0 0 0 0 0 0 0 0 0 0 0 0 0 0 0 0 0 0 0 0 0 0 0 0 0 0 0 0 0 0 0 0 0 0 0 0 0 0 0 0 0 0 0 0 0 0 0 0 0 0 0 0 0 0 0 0 0 0 0 0 0 0 0 0 0 0 0 0 0 0 0 0 0 0 0 0 0 0 0 0 0 0 0 0 0 0 0 0 0 0 0 0 0 0 0 0 0 0 0 0 0 0 0 0 0 0 0 0 0 0 0 0 0 0 0 0 0 0 0 0 0 0 0 0 0 0 0 0 0 0 0 0 0 0 0 0 0 0 0 0 0 0 0 0 0 0 0 0 0 0 0 0 0 0 0 0 0 0 0 0 0 0 0 0 0 0 0 0 0</float_array>
                    <technique_common>
                        <accessor count="180" source="#ID90" stride="3">
                            <param name="X" type="float" />
                            <param name="Y" type="float" />
                            <param name="Z" type="float" />
                        </accessor>
                    </technique_common>
                </source>
                <vertices id="ID88">
                    <input semantic="POSITION" source="#ID86" />
                    <input semantic="NORMAL" source="#ID87" />
                </vertices>
                <triangles count="58" material="Material2">
                    <input offset="0" semantic="VERTEX" source="#ID88" />
                    <p>0 1 2 1 0 3 1 3 4 4 3 5 4 5 6 6 5 7 6 7 8 8 7 9 9 7 10 9 10 11 11 10 12 11 12 13 13 12 14 13 14 15 15 14 16 15 16 17 17 16 18 17 18 19 19 18 20 19 20 21 21 20 22 21 22 23 23 22 24 23 24 25 25 24 26 25 26 27 27 26 28 27 28 29 29 28 30 29 30 31 29 31 32 32 31 33 33 31 34 33 34 35 35 34 36 35 36 37 37 36 38 37 38 39 39 38 40 39 40 41 41 40 42 41 42 43 41 43 44 44 43 45 45 43 46 45 46 47 45 47 48 48 47 49 48 49 50 50 49 51 50 51 52 52 51 53 52 53 54 54 53 55 54 55 56 56 55 57 56 57 58 58 57 59</p>
                </triangles>
                <triangles count="58" material="Material3">
                    <input offset="0" semantic="VERTEX" source="#ID88" />
                    <p>60 61 62 62 61 63 61 64 63 63 64 65 64 66 65 65 66 67 66 68 67 67 68 69 68 70 69 69 70 71 70 72 71 71 72 73 72 74 73 74 75 73 73 75 76 76 75 77 75 78 77 78 79 77 77 79 80 79 81 80 80 81 82 81 83 82 82 83 84 83 85 84 84 85 86 85 87 86 86 87 88 88 87 89 87 90 89 90 91 89 89 91 92 91 93 92 92 93 94 93 95 94 94 95 96 95 97 96 96 97 98 97 99 98 98 99 100 99 101 100 100 101 102 101 103 102 102 103 104 103 105 104 104 105 106 105 107 106 106 107 108 107 109 108 108 109 110 109 111 110 110 111 112 112 111 113 111 114 113 113 114 115 114 116 115 115 116 117 116 118 117 119 117 118</p>
                </triangles>
                <lines count="60" material="Material4">
                    <input offset="0" semantic="VERTEX" source="#ID88" />
                    <p>120 121 122 120 123 122 124 123 125 124 126 125 127 126 128 127 129 128 130 129 131 130 132 131 133 132 134 133 135 134 136 135 137 136 138 137 139 138 140 139 141 140 142 141 143 142 144 143 145 144 146 145 147 146 148 147 149 148 150 149 151 150 152 151 153 152 154 153 155 154 156 155 157 156 158 157 159 158 160 159 161 160 162 161 163 162 164 163 165 164 166 165 167 166 168 167 169 168 170 169 171 170 172 171 173 172 174 173 175 174 176 175 177 176 178 177 179 178 121 179</p>
                </lines>
            </mesh>
        </geometry>
        <geometry id="ID91">
            <mesh>
                <source id="ID94">
                    <float_array id="ID97" count="2340">8.396 3.498743 2.02 44.24543 3.690724 1.643216 8.396 3.690724 1.643216 44.24543 3.498743 2.02 44.24543 3.498743 2.02 8.396 3.498743 2.02 44.24543 3.690724 1.643216 8.396 3.690724 1.643216 44.24543 3.498743 2.02 44.24543 3.690724 1.643216 8.396 3.690724 1.643216 8.396 3.498743 2.02 44.24543 3.842268 1.248429 8.396 3.842268 1.248429 44.24543 3.842268 1.248429 8.396 3.842268 1.248429 44.24543 3.842268 1.248429 8.396 3.842268 1.248429 8.396 3.498743 2.02 7.79 3.137115 1.396734 7.79 2.973931 1.717 8.396 3.690724 1.643216 8.396 3.690724 1.643216 8.396 3.498743 2.02 7.79 3.137115 1.396734 7.79 2.973931 1.717 7.79 2.973931 1.717 7.79 3.137115 1.396734 8.396 3.268429 2.374652 44.24543 3.268429 2.374652 44.24543 3.268429 2.374652 8.396 3.268429 2.374652 44.24543 3.268429 2.374652 8.396 3.268429 2.374652 44.24543 3.951716 0.8399632 8.396 3.951716 0.8399632 44.24543 3.951716 0.8399632 8.396 3.951716 0.8399632 44.24543 3.951716 0.8399632 8.396 3.951716 0.8399632 7.79 3.265928 1.061164 8.396 3.842268 1.248429 8.396 3.842268 1.248429 7.79 3.265928 1.061164 7.79 3.265928 1.061164 7.79 -3.415188 0.3589507 7.79 -3.415188 -0.3589507 7.79 -3.434 0 7.79 -3.358959 0.7139687 7.79 -3.358959 -0.7139687 7.79 -3.265928 1.061164 7.79 -3.265928 -1.061164 7.79 -3.137115 1.396734 7.79 -3.137115 -1.396734 7.79 -2.973931 1.717 7.79 -2.973931 -1.717 7.79 -2.778164 2.018455 7.79 -2.778164 -2.018455 7.79 -2.551959 2.297795 7.79 -2.551959 -2.297795 7.79 -2.297795 2.551959 7.79 -2.297795 -2.551959 7.79 -2.018455 2.778164 7.79 -2.018455 -2.778164 7.79 -1.717 2.973931 7.79 -1.717 -2.973931 7.79 -1.396734 3.137115 7.79 -1.396734 -3.137115 7.79 -1.061164 3.265928 7.79 -1.061164 -3.265928 7.79 -0.7139687 3.358959 7.79 -0.7139687 -3.358959 7.79 -0.3589507 3.415188 7.79 -0.3589507 -3.415188 7.79 -7.105427e-15 3.434 7.79 -7.105427e-15 -3.434 7.79 0.3589507 3.415188 7.79 0.3589507 -3.415188 7.79 0.7139687 3.358959 7.79 0.7139687 -3.358959 7.79 1.061164 3.265928 7.79 1.061164 -3.265928 7.79 1.396734 3.137115 7.79 1.396734 -3.137115 7.79 1.717 2.973931 7.79 1.717 -2.973931 7.79 2.018455 2.778164 7.79 2.018455 -2.778164 7.79 2.297795 2.551959 7.79 2.297795 -2.551959 7.79 2.551959 2.297795 7.79 2.551959 -2.297795 7.79 2.778164 2.018455 7.79 2.778164 -2.018455 7.79 2.973931 1.717 7.79 2.973931 -1.717 7.79 3.137115 1.396734 7.79 3.137115 -1.396734 7.79 3.265928 1.061164 7.79 3.265928 -1.061164 7.79 3.358959 0.7139687 7.79 3.358959 -0.7139687 7.79 3.415188 0.3589507 7.79 3.415188 -0.3589507 7.79 3.434 0 7.79 3.434 0 7.79 3.415188 0.3589507 7.79 3.415188 -0.3589507 7.79 3.358959 -0.7139687 7.79 3.358959 0.7139687 7.79 3.265928 -1.061164 7.79 3.265928 1.061164 7.79 3.137115 -1.396734 7.79 3.137115 1.396734 7.79 2.973931 -1.717 7.79 2.973931 1.717 7.79 2.778164 -2.018455 7.79 2.778164 2.018455 7.79 2.551959 -2.297795 7.79 2.551959 2.297795 7.79 2.297795 -2.551959 7.79 2.297795 2.551959 7.79 2.018455 -2.778164 7.79 2.018455 2.778164 7.79 1.717 -2.973931 7.79 1.717 2.973931 7.79 1.396734 -3.137115 7.79 1.396734 3.137115 7.79 1.061164 -3.265928 7.79 1.061164 3.265928 7.79 0.7139687 -3.358959 7.79 0.7139687 3.358959 7.79 0.3589507 -3.415188 7.79 0.3589507 3.415188 7.79 -7.105427e-15 -3.434 7.79 -7.105427e-15 3.434 7.79 -0.3589507 -3.415188 7.79 -0.3589507 3.415188 7.79 -0.7139687 -3.358959 7.79 -0.7139687 3.358959 7.79 -1.061164 -3.265928 7.79 -1.061164 3.265928 7.79 -1.396734 -3.137115 7.79 -1.396734 3.137115 7.79 -1.717 -2.973931 7.79 -1.717 2.973931 7.79 -2.018455 -2.778164 7.79 -2.018455 2.778164 7.79 -2.297795 -2.551959 7.79 -2.297795 2.551959 7.79 -2.551959 -2.297795 7.79 -2.551959 2.297795 7.79 -2.778164 -2.018455 7.79 -2.778164 2.018455 7.79 -2.973931 -1.717 7.79 -2.973931 1.717 7.79 -3.137115 -1.396734 7.79 -3.137115 1.396734 7.79 -3.265928 -1.061164 7.79 -3.265928 1.061164 7.79 -3.358959 -0.7139687 7.79 -3.358959 0.7139687 7.79 -3.415188 -0.3589507 7.79 -3.415188 0.3589507 7.79 -3.434 0 7.79 3.358959 0.7139687 7.79 3.415188 0.3589507 7.79 3.434 0 7.79 3.415188 -0.3589507 7.79 3.358959 -0.7139687 7.79 3.265928 -1.061164 7.79 3.137115 -1.396734 7.79 2.973931 -1.717 7.79 2.778164 -2.018455 7.79 2.551959 -2.297795 7.79 2.297795 -2.551959 7.79 2.018455 -2.778164 7.79 1.717 -2.973931 7.79 1.396734 -3.137115 7.79 1.061164 -3.265928 7.79 0.7139687 -3.358959 7.79 0.3589507 -3.415188 7.79 -7.105427e-15 -3.434 7.79 -0.3589507 -3.415188 7.79 -0.7139687 -3.358959 7.79 -1.061164 -3.265928 7.79 -1.396734 -3.137115 7.79 -1.717 -2.973931 7.79 -2.018455 -2.778164 7.79 -2.297795 -2.551959 7.79 -2.551959 -2.297795 7.79 -2.778164 -2.018455 7.79 -2.973931 -1.717 7.79 -3.137115 -1.396734 7.79 -3.265928 -1.061164 7.79 -3.358959 -0.7139687 7.79 -3.415188 -0.3589507 7.79 -3.434 0 7.79 -3.415188 0.3589507 7.79 -3.358959 0.7139687 7.79 -3.265928 1.061164 7.79 -3.137115 1.396734 7.79 -2.973931 1.717 7.79 -2.778164 2.018455 7.79 -2.551959 2.297795 7.79 -2.297795 2.551959 7.79 -2.018455 2.778164 7.79 -1.717 2.973931 7.79 -1.396734 3.137115 7.79 -1.061164 3.265928 7.79 -0.7139687 3.358959 7.79 -0.3589507 3.415188 7.79 -7.105427e-15 3.434 7.79 0.3589507 3.415188 7.79 0.7139687 3.358959 7.79 1.061164 3.265928 7.79 1.396734 3.137115 7.79 1.717 2.973931 7.79 2.018455 2.778164 7.79 2.297795 2.551959 7.79 2.551959 2.297795 7.79 2.778164 2.018455 8.396 3.268429 2.374652 7.79 2.778164 2.018455 8.396 3.268429 2.374652 7.79 2.778164 2.018455 8.396 3.002305 2.703288 44.24543 3.002305 2.703288 44.24543 3.002305 2.703288 8.396 3.002305 2.703288 44.24543 3.002305 2.703288 8.396 3.002305 2.703288 44.24543 4.017868 0.422295 8.396 4.017868 0.422295 44.24543 4.017868 0.422295 8.396 4.017868 0.422295 44.24543 4.017868 0.422295 8.396 4.017868 0.422295 7.79 3.358959 0.7139687 8.396 3.951716 0.8399632 8.396 3.951716 0.8399632 7.79 3.358959 0.7139687 7.79 3.415188 0.3589507 8.396 4.017868 0.422295 8.396 4.017868 0.422295 7.79 3.415188 0.3589507 7.79 3.434 0 8.396 4.04 7.105427e-15 8.396 4.04 7.105427e-15 7.79 3.434 0 8.396 4.04 7.105427e-15 8.396 4.017868 -0.422295 7.79 3.415188 -0.3589507 8.396 4.017868 -0.422295 7.79 3.415188 -0.3589507 8.396 4.017868 -0.422295 8.396 3.951716 -0.8399632 7.79 3.358959 -0.7139687 8.396 3.951716 -0.8399632 7.79 3.358959 -0.7139687 8.396 3.951716 -0.8399632 8.396 3.842268 -1.248429 7.79 3.265928 -1.061164 8.396 3.842268 -1.248429 7.79 3.265928 -1.061164 8.396 3.842268 -1.248429 8.396 3.690724 -1.643216 7.79 3.137115 -1.396734 8.396 3.690724 -1.643216 7.79 3.137115 -1.396734 8.396 3.690724 -1.643216 8.396 3.498743 -2.02 7.79 2.973931 -1.717 8.396 3.498743 -2.02 7.79 2.973931 -1.717 8.396 3.498743 -2.02 8.396 3.268429 -2.374652 7.79 2.778164 -2.018455 8.396 3.268429 -2.374652 7.79 2.778164 -2.018455 8.396 3.268429 -2.374652 8.396 3.002305 -2.703288 7.79 2.551959 -2.297795 8.396 3.002305 -2.703288 7.79 2.551959 -2.297795 8.396 3.002305 -2.703288 8.396 2.703288 -3.002305 7.79 2.297795 -2.551959 8.396 2.703288 -3.002305 7.79 2.297795 -2.551959 8.396 2.703288 -3.002305 8.396 2.374652 -3.268429 7.79 2.018455 -2.778164 8.396 2.374652 -3.268429 7.79 2.018455 -2.778164 8.396 2.374652 -3.268429 8.396 2.02 -3.498743 7.79 1.717 -2.973931 8.396 2.02 -3.498743 7.79 1.717 -2.973931 8.396 2.02 -3.498743 8.396 1.643216 -3.690724 7.79 1.396734 -3.137115 8.396 1.643216 -3.690724 7.79 1.396734 -3.137115 8.396 1.643216 -3.690724 8.396 1.248429 -3.842268 7.79 1.061164 -3.265928 8.396 1.248429 -3.842268 7.79 1.061164 -3.265928 8.396 1.248429 -3.842268 8.396 0.8399632 -3.951716 7.79 0.7139687 -3.358959 8.396 0.8399632 -3.951716 7.79 0.7139687 -3.358959 8.396 0.8399632 -3.951716 8.396 0.422295 -4.017868 7.79 0.3589507 -3.415188 8.396 0.422295 -4.017868 7.79 0.3589507 -3.415188 8.396 0.422295 -4.017868 8.396 -4.440892e-15 -4.04 7.79 -7.105427e-15 -3.434 8.396 -4.440892e-15 -4.04 7.79 -7.105427e-15 -3.434 8.396 -4.440892e-15 -4.04 7.79 -0.3589507 -3.415188 8.396 -0.422295 -4.017868 7.79 -0.3589507 -3.415188 8.396 -0.422295 -4.017868 8.396 -0.422295 -4.017868 7.79 -0.7139687 -3.358959 8.396 -0.8399632 -3.951716 7.79 -0.7139687 -3.358959 8.396 -0.8399632 -3.951716 8.396 -0.8399632 -3.951716 7.79 -1.061164 -3.265928 8.396 -1.248429 -3.842268 7.79 -1.061164 -3.265928 8.396 -1.248429 -3.842268 8.396 -1.248429 -3.842268 7.79 -1.396734 -3.137115 8.396 -1.643216 -3.690724 7.79 -1.396734 -3.137115 8.396 -1.643216 -3.690724 8.396 -1.643216 -3.690724 7.79 -1.717 -2.973931 8.396 -2.02 -3.498743 7.79 -1.717 -2.973931 8.396 -2.02 -3.498743 8.396 -2.02 -3.498743 7.79 -2.018455 -2.778164 8.396 -2.374652 -3.268429 7.79 -2.018455 -2.778164 8.396 -2.374652 -3.268429 8.396 -2.374652 -3.268429 7.79 -2.297795 -2.551959 8.396 -2.703288 -3.002305 7.79 -2.297795 -2.551959 8.396 -2.703288 -3.002305 8.396 -2.703288 -3.002305 7.79 -2.551959 -2.297795 8.396 -3.002305 -2.703288 7.79 -2.551959 -2.297795 8.396 -3.002305 -2.703288 8.396 -3.002305 -2.703288 7.79 -2.778164 -2.018455 8.396 -3.268429 -2.374652 7.79 -2.778164 -2.018455 8.396 -3.268429 -2.374652 8.396 -3.268429 -2.374652 7.79 -2.973931 -1.717 8.396 -3.498743 -2.02 7.79 -2.973931 -1.717 8.396 -3.498743 -2.02 8.396 -3.498743 -2.02 7.79 -3.137115 -1.396734 8.396 -3.690724 -1.643216 7.79 -3.137115 -1.396734 8.396 -3.690724 -1.643216 8.396 -3.690724 -1.643216 7.79 -3.265928 -1.061164 8.396 -3.842268 -1.248429 7.79 -3.265928 -1.061164 8.396 -3.842268 -1.248429 8.396 -3.842268 -1.248429 7.79 -3.358959 -0.7139687 8.396 -3.951716 -0.8399632 7.79 -3.358959 -0.7139687 8.396 -3.951716 -0.8399632 8.396 -3.951716 -0.8399632 7.79 -3.415188 -0.3589507 8.396 -4.017868 -0.422295 7.79 -3.415188 -0.3589507 8.396 -4.017868 -0.422295 8.396 -4.017868 -0.422295 7.79 -3.434 0 8.396 -4.04 7.105427e-15 7.79 -3.434 0 8.396 -4.04 7.105427e-15 8.396 -4.04 7.105427e-15 8.396 -4.017868 0.422295 7.79 -3.415188 0.3589507 7.79 -3.415188 0.3589507 8.396 -4.017868 0.422295 8.396 -4.017868 0.422295 8.396 -3.951716 0.8399632 7.79 -3.358959 0.7139687 7.79 -3.358959 0.7139687 8.396 -3.951716 0.8399632 8.396 -3.951716 0.8399632 8.396 -3.842268 1.248429 7.79 -3.265928 1.061164 7.79 -3.265928 1.061164 8.396 -3.842268 1.248429 8.396 -3.842268 1.248429 8.396 -3.690724 1.643216 7.79 -3.137115 1.396734 7.79 -3.137115 1.396734 8.396 -3.690724 1.643216 8.396 -3.690724 1.643216 8.396 -3.498743 2.02 7.79 -2.973931 1.717 7.79 -2.973931 1.717 8.396 -3.498743 2.02 8.396 -3.498743 2.02 8.396 -3.268429 2.374652 7.79 -2.778164 2.018455 7.79 -2.778164 2.018455 8.396 -3.268429 2.374652 8.396 -3.268429 2.374652 8.396 -3.002305 2.703288 7.79 -2.551959 2.297795 7.79 -2.551959 2.297795 8.396 -3.002305 2.703288 8.396 -3.002305 2.703288 8.396 -2.703288 3.002305 7.79 -2.297795 2.551959 7.79 -2.297795 2.551959 8.396 -2.703288 3.002305 8.396 -2.703288 3.002305 8.396 -2.374652 3.268429 7.79 -2.018455 2.778164 7.79 -2.018455 2.778164 8.396 -2.374652 3.268429 8.396 -2.374652 3.268429 8.396 -2.02 3.498743 7.79 -1.717 2.973931 7.79 -1.717 2.973931 8.396 -2.02 3.498743 8.396 -2.02 3.498743 8.396 -1.643216 3.690724 7.79 -1.396734 3.137115 7.79 -1.396734 3.137115 8.396 -1.643216 3.690724 8.396 -1.643216 3.690724 8.396 -1.248429 3.842268 7.79 -1.061164 3.265928 7.79 -1.061164 3.265928 8.396 -1.248429 3.842268 8.396 -1.248429 3.842268 8.396 -0.8399632 3.951716 7.79 -0.7139687 3.358959 7.79 -0.7139687 3.358959 8.396 -0.8399632 3.951716 8.396 -0.8399632 3.951716 8.396 -0.422295 4.017868 7.79 -0.3589507 3.415188 7.79 -0.3589507 3.415188 8.396 -0.422295 4.017868 8.396 -0.422295 4.017868 8.396 -4.440892e-15 4.04 7.79 -7.105427e-15 3.434 7.79 -7.105427e-15 3.434 8.396 -4.440892e-15 4.04 8.396 -4.440892e-15 4.04 7.79 0.3589507 3.415188 8.396 0.422295 4.017868 8.396 0.422295 4.017868 7.79 0.3589507 3.415188 8.396 0.422295 4.017868 7.79 0.7139687 3.358959 8.396 0.8399632 3.951716 8.396 0.8399632 3.951716 7.79 0.7139687 3.358959 8.396 0.8399632 3.951716 7.79 1.061164 3.265928 8.396 1.248429 3.842268 8.396 1.248429 3.842268 7.79 1.061164 3.265928 8.396 1.248429 3.842268 7.79 1.396734 3.137115 8.396 1.643216 3.690724 8.396 1.643216 3.690724 7.79 1.396734 3.137115 8.396 1.643216 3.690724 7.79 1.717 2.973931 8.396 2.02 3.498743 8.396 2.02 3.498743 7.79 1.717 2.973931 8.396 2.02 3.498743 7.79 2.018455 2.778164 8.396 2.374652 3.268429 8.396 2.374652 3.268429 7.79 2.018455 2.778164 8.396 2.374652 3.268429 7.79 2.297795 2.551959 8.396 2.703288 3.002305 8.396 2.703288 3.002305 7.79 2.297795 2.551959 8.396 2.703288 3.002305 7.79 2.551959 2.297795 8.396 3.002305 2.703288 8.396 3.002305 2.703288 7.79 2.551959 2.297795 8.396 2.703288 3.002305 44.24543 2.703288 3.002305 44.24543 2.703288 3.002305 8.396 2.703288 3.002305 44.24543 2.703288 3.002305 44.24543 4.04 7.105427e-15 8.396 4.04 7.105427e-15 44.24543 4.04 7.105427e-15 8.396 4.04 7.105427e-15 44.24543 4.04 7.105427e-15 44.24543 4.017868 -0.422295 8.396 4.017868 -0.422295 44.24543 4.017868 -0.422295 8.396 4.017868 -0.422295 44.24543 4.017868 -0.422295 44.24543 3.951716 -0.8399632 8.396 3.951716 -0.8399632 44.24543 3.951716 -0.8399632 8.396 3.951716 -0.8399632 44.24543 3.951716 -0.8399632 44.24543 3.842268 -1.248429 8.396 3.842268 -1.248429 44.24543 3.842268 -1.248429 8.396 3.842268 -1.248429 44.24543 3.842268 -1.248429 44.24543 3.690724 -1.643216 8.396 3.690724 -1.643216 44.24543 3.690724 -1.643216 8.396 3.690724 -1.643216 44.24543 3.690724 -1.643216 44.24543 3.498743 -2.02 8.396 3.498743 -2.02 44.24543 3.498743 -2.02 8.396 3.498743 -2.02 44.24543 3.498743 -2.02 44.24543 3.268429 -2.374652 8.396 3.268429 -2.374652 44.24543 3.268429 -2.374652 8.396 3.268429 -2.374652 44.24543 3.268429 -2.374652 44.24543 3.002305 -2.703288 8.396 3.002305 -2.703288 44.24543 3.002305 -2.703288 8.396 3.002305 -2.703288 44.24543 3.002305 -2.703288 44.24543 2.703288 -3.002305 8.396 2.703288 -3.002305 44.24543 2.703288 -3.002305 8.396 2.703288 -3.002305 44.24543 2.703288 -3.002305 8.396 2.374652 -3.268429 44.24543 2.374652 -3.268429 44.24543 2.374652 -3.268429 8.396 2.374652 -3.268429 44.24543 2.374652 -3.268429 8.396 2.02 -3.498743 44.24543 2.02 -3.498743 44.24543 2.02 -3.498743 8.396 2.02 -3.498743 44.24543 2.02 -3.498743 8.396 1.643216 -3.690724 44.24543 1.643216 -3.690724 44.24543 1.643216 -3.690724 8.396 1.643216 -3.690724 44.24543 1.643216 -3.690724 8.396 1.248429 -3.842268 44.24543 1.248429 -3.842268 44.24543 1.248429 -3.842268 8.396 1.248429 -3.842268 44.24543 1.248429 -3.842268 8.396 0.8399632 -3.951716 44.24543 0.8399632 -3.951716 44.24543 0.8399632 -3.951716 8.396 0.8399632 -3.951716 44.24543 0.8399632 -3.951716 8.396 0.422295 -4.017868 44.24543 0.422295 -4.017868 44.24543 0.422295 -4.017868 8.396 0.422295 -4.017868 44.24543 0.422295 -4.017868 8.396 -4.440892e-15 -4.04 44.24543 -4.440892e-15 -4.04 44.24543 -4.440892e-15 -4.04 8.396 -4.440892e-15 -4.04 44.24543 -4.440892e-15 -4.04 8.396 -0.422295 -4.017868 44.24543 -0.422295 -4.017868 44.24543 -0.422295 -4.017868 8.396 -0.422295 -4.017868 44.24543 -0.422295 -4.017868 8.396 -0.8399632 -3.951716 44.24543 -0.8399632 -3.951716 44.24543 -0.8399632 -3.951716 8.396 -0.8399632 -3.951716 44.24543 -0.8399632 -3.951716 8.396 -1.248429 -3.842268 44.24543 -1.248429 -3.842268 44.24543 -1.248429 -3.842268 8.396 -1.248429 -3.842268 44.24543 -1.248429 -3.842268 8.396 -1.643216 -3.690724 44.24543 -1.643216 -3.690724 44.24543 -1.643216 -3.690724 8.396 -1.643216 -3.690724 44.24543 -1.643216 -3.690724 8.396 -2.02 -3.498743 44.24543 -2.02 -3.498743 44.24543 -2.02 -3.498743 8.396 -2.02 -3.498743 44.24543 -2.02 -3.498743 8.396 -2.374652 -3.268429 44.24543 -2.374652 -3.268429 44.24543 -2.374652 -3.268429 8.396 -2.374652 -3.268429 44.24543 -2.374652 -3.268429 8.396 -2.703288 -3.002305 44.24543 -2.703288 -3.002305 44.24543 -2.703288 -3.002305 8.396 -2.703288 -3.002305 44.24543 -2.703288 -3.002305 8.396 -3.002305 -2.703288 44.24543 -3.002305 -2.703288 44.24543 -3.002305 -2.703288 8.396 -3.002305 -2.703288 44.24543 -3.002305 -2.703288 44.24543 -3.268429 -2.374652 8.396 -3.268429 -2.374652 8.396 -3.268429 -2.374652 44.24543 -3.268429 -2.374652 44.24543 -3.268429 -2.374652 44.24543 -3.498743 -2.02 8.396 -3.498743 -2.02 8.396 -3.498743 -2.02 44.24543 -3.498743 -2.02 44.24543 -3.498743 -2.02 44.24543 -3.690724 -1.643216 8.396 -3.690724 -1.643216 8.396 -3.690724 -1.643216 44.24543 -3.690724 -1.643216 44.24543 -3.690724 -1.643216 44.24543 -3.842268 -1.248429 8.396 -3.842268 -1.248429 8.396 -3.842268 -1.248429 44.24543 -3.842268 -1.248429 44.24543 -3.842268 -1.248429 44.24543 -3.951716 -0.8399632 8.396 -3.951716 -0.8399632 8.396 -3.951716 -0.8399632 44.24543 -3.951716 -0.8399632 44.24543 -3.951716 -0.8399632 44.24543 -4.017868 -0.422295 8.396 -4.017868 -0.422295 8.396 -4.017868 -0.422295 44.24543 -4.017868 -0.422295 44.24543 -4.017868 -0.422295 44.24543 -4.04 7.105427e-15 8.396 -4.04 7.105427e-15 8.396 -4.04 7.105427e-15 44.24543 -4.04 7.105427e-15 44.24543 -4.04 7.105427e-15 44.24543 -4.017868 0.422295 8.396 -4.017868 0.422295 8.396 -4.017868 0.422295 44.24543 -4.017868 0.422295 44.24543 -4.017868 0.422295 44.24543 -3.951716 0.8399632 8.396 -3.951716 0.8399632 8.396 -3.951716 0.8399632 44.24543 -3.951716 0.8399632 44.24543 -3.951716 0.8399632 44.24543 -3.842268 1.248429 8.396 -3.842268 1.248429 8.396 -3.842268 1.248429 44.24543 -3.842268 1.248429 44.24543 -3.842268 1.248429 44.24543 -3.690724 1.643216 8.396 -3.690724 1.643216 8.396 -3.690724 1.643216 44.24543 -3.690724 1.643216 44.24543 -3.690724 1.643216 44.24543 -3.498743 2.02 8.396 -3.498743 2.02 8.396 -3.498743 2.02 44.24543 -3.498743 2.02 44.24543 -3.498743 2.02 44.24543 -3.268429 2.374652 8.396 -3.268429 2.374652 8.396 -3.268429 2.374652 44.24543 -3.268429 2.374652 44.24543 -3.268429 2.374652 44.24543 -3.002305 2.703288 8.396 -3.002305 2.703288 8.396 -3.002305 2.703288 44.24543 -3.002305 2.703288 44.24543 -3.002305 2.703288 44.24543 -2.703288 3.002305 8.396 -2.703288 3.002305 8.396 -2.703288 3.002305 44.24543 -2.703288 3.002305 44.24543 -2.703288 3.002305 8.396 -2.374652 3.268429 44.24543 -2.374652 3.268429 44.24543 -2.374652 3.268429 8.396 -2.374652 3.268429 44.24543 -2.374652 3.268429 8.396 -2.02 3.498743 44.24543 -2.02 3.498743 44.24543 -2.02 3.498743 8.396 -2.02 3.498743 44.24543 -2.02 3.498743 8.396 -1.643216 3.690724 44.24543 -1.643216 3.690724 44.24543 -1.643216 3.690724 8.396 -1.643216 3.690724 44.24543 -1.643216 3.690724 8.396 -1.248429 3.842268 44.24543 -1.248429 3.842268 44.24543 -1.248429 3.842268 8.396 -1.248429 3.842268 44.24543 -1.248429 3.842268 8.396 -0.8399632 3.951716 44.24543 -0.8399632 3.951716 44.24543 -0.8399632 3.951716 8.396 -0.8399632 3.951716 44.24543 -0.8399632 3.951716 8.396 -0.422295 4.017868 44.24543 -0.422295 4.017868 44.24543 -0.422295 4.017868 8.396 -0.422295 4.017868 44.24543 -0.422295 4.017868 8.396 -4.440892e-15 4.04 44.24543 -4.440892e-15 4.04 44.24543 -4.440892e-15 4.04 8.396 -4.440892e-15 4.04 44.24543 -4.440892e-15 4.04 8.396 0.422295 4.017868 44.24543 0.422295 4.017868 44.24543 0.422295 4.017868 8.396 0.422295 4.017868 44.24543 0.422295 4.017868 8.396 0.8399632 3.951716 44.24543 0.8399632 3.951716 44.24543 0.8399632 3.951716 8.396 0.8399632 3.951716 44.24543 0.8399632 3.951716 8.396 1.248429 3.842268 44.24543 1.248429 3.842268 44.24543 1.248429 3.842268 8.396 1.248429 3.842268 44.24543 1.248429 3.842268 8.396 1.643216 3.690724 44.24543 1.643216 3.690724 44.24543 1.643216 3.690724 8.396 1.643216 3.690724 44.24543 1.643216 3.690724 8.396 2.02 3.498743 44.24543 2.02 3.498743 44.24543 2.02 3.498743 8.396 2.02 3.498743 44.24543 2.02 3.498743 8.396 2.374652 3.268429 44.24543 2.374652 3.268429 44.24543 2.374652 3.268429 8.396 2.374652 3.268429 44.24543 2.374652 3.268429</float_array>
                    <technique_common>
                        <accessor count="780" source="#ID97" stride="3">
                            <param name="X" type="float" />
                            <param name="Y" type="float" />
                            <param name="Z" type="float" />
                        </accessor>
                    </technique_common>
                </source>
                <source id="ID95">
                    <float_array id="ID98" count="2340">2.641124e-31 0.8660254 0.5 2.835637e-31 0.9135455 0.4067366 2.835637e-31 0.9135455 0.4067366 2.641124e-31 0.8660254 0.5 -2.641124e-31 -0.8660254 -0.5 -2.641124e-31 -0.8660254 -0.5 -2.835637e-31 -0.9135455 -0.4067366 -2.835637e-31 -0.9135455 -0.4067366 0 0 0 0 0 0 0 0 0 0 0 0 2.999083e-31 0.9510565 0.309017 2.999083e-31 0.9510565 0.309017 -2.999083e-31 -0.9510565 -0.309017 -2.999083e-31 -0.9510565 -0.309017 0 0 0 0 0 0 -0.7071068 0.6123724 0.3535534 -0.7071068 0.6459742 0.2876062 -0.7071068 0.6123724 0.3535534 -0.7071068 0.6459742 0.2876062 0.7071068 -0.6459742 -0.2876062 0.7071068 -0.6123724 -0.3535534 0.7071068 -0.6459742 -0.2876062 0.7071068 -0.6123724 -0.3535534 0 0 0 0 0 0 2.417674e-31 0.809017 0.5877853 2.417674e-31 0.809017 0.5877853 -2.417674e-31 -0.809017 -0.5877853 -2.417674e-31 -0.809017 -0.5877853 0 0 0 0 0 0 3.12967e-31 0.9781476 0.2079117 3.12967e-31 0.9781476 0.2079117 -3.12967e-31 -0.9781476 -0.2079117 -3.12967e-31 -0.9781476 -0.2079117 0 0 0 0 0 0 -0.7071068 0.6724985 0.218508 -0.7071068 0.6724985 0.218508 0.7071068 -0.6724985 -0.218508 0.7071068 -0.6724985 -0.218508 0 0 0 -1 3.866965e-31 -1.283587e-16 -1 3.866965e-31 -1.283587e-16 -1 3.866965e-31 -1.283587e-16 -1 3.866965e-31 -1.283587e-16 -1 3.866965e-31 -1.283587e-16 -1 3.866965e-31 -1.283587e-16 -1 3.866965e-31 -1.283587e-16 -1 3.866965e-31 -1.283587e-16 -1 3.866965e-31 -1.283587e-16 -1 3.866965e-31 -1.283587e-16 -1 3.866965e-31 -1.283587e-16 -1 3.866965e-31 -1.283587e-16 -1 3.866965e-31 -1.283587e-16 -1 3.866965e-31 -1.283587e-16 -1 3.866965e-31 -1.283587e-16 -1 3.866965e-31 -1.283587e-16 -1 3.866965e-31 -1.283587e-16 -1 3.866965e-31 -1.283587e-16 -1 3.866965e-31 -1.283587e-16 -1 3.866965e-31 -1.283587e-16 -1 3.866965e-31 -1.283587e-16 -1 3.866965e-31 -1.283587e-16 -1 3.866965e-31 -1.283587e-16 -1 3.866965e-31 -1.283587e-16 -1 3.866965e-31 -1.283587e-16 -1 3.866965e-31 -1.283587e-16 -1 3.866965e-31 -1.283587e-16 -1 3.866965e-31 -1.283587e-16 -1 3.866965e-31 -1.283587e-16 -1 3.866965e-31 -1.283587e-16 -1 3.866965e-31 -1.283587e-16 -1 3.866965e-31 -1.283587e-16 -1 3.866965e-31 -1.283587e-16 -1 3.866965e-31 -1.283587e-16 -1 3.866965e-31 -1.283587e-16 -1 3.866965e-31 -1.283587e-16 -1 3.866965e-31 -1.283587e-16 -1 3.866965e-31 -1.283587e-16 -1 3.866965e-31 -1.283587e-16 -1 3.866965e-31 -1.283587e-16 -1 3.866965e-31 -1.283587e-16 -1 3.866965e-31 -1.283587e-16 -1 3.866965e-31 -1.283587e-16 -1 3.866965e-31 -1.283587e-16 -1 3.866965e-31 -1.283587e-16 -1 3.866965e-31 -1.283587e-16 -1 3.866965e-31 -1.283587e-16 -1 3.866965e-31 -1.283587e-16 -1 3.866965e-31 -1.283587e-16 -1 3.866965e-31 -1.283587e-16 -1 3.866965e-31 -1.283587e-16 -1 3.866965e-31 -1.283587e-16 -1 3.866965e-31 -1.283587e-16 -1 3.866965e-31 -1.283587e-16 -1 3.866965e-31 -1.283587e-16 -1 3.866965e-31 -1.283587e-16 -1 3.866965e-31 -1.283587e-16 -1 3.866965e-31 -1.283587e-16 -1 3.866965e-31 -1.283587e-16 -1 3.866965e-31 -1.283587e-16 1 -3.866965e-31 1.283587e-16 1 -3.866965e-31 1.283587e-16 1 -3.866965e-31 1.283587e-16 1 -3.866965e-31 1.283587e-16 1 -3.866965e-31 1.283587e-16 1 -3.866965e-31 1.283587e-16 1 -3.866965e-31 1.283587e-16 1 -3.866965e-31 1.283587e-16 1 -3.866965e-31 1.283587e-16 1 -3.866965e-31 1.283587e-16 1 -3.866965e-31 1.283587e-16 1 -3.866965e-31 1.283587e-16 1 -3.866965e-31 1.283587e-16 1 -3.866965e-31 1.283587e-16 1 -3.866965e-31 1.283587e-16 1 -3.866965e-31 1.283587e-16 1 -3.866965e-31 1.283587e-16 1 -3.866965e-31 1.283587e-16 1 -3.866965e-31 1.283587e-16 1 -3.866965e-31 1.283587e-16 1 -3.866965e-31 1.283587e-16 1 -3.866965e-31 1.283587e-16 1 -3.866965e-31 1.283587e-16 1 -3.866965e-31 1.283587e-16 1 -3.866965e-31 1.283587e-16 1 -3.866965e-31 1.283587e-16 1 -3.866965e-31 1.283587e-16 1 -3.866965e-31 1.283587e-16 1 -3.866965e-31 1.283587e-16 1 -3.866965e-31 1.283587e-16 1 -3.866965e-31 1.283587e-16 1 -3.866965e-31 1.283587e-16 1 -3.866965e-31 1.283587e-16 1 -3.866965e-31 1.283587e-16 1 -3.866965e-31 1.283587e-16 1 -3.866965e-31 1.283587e-16 1 -3.866965e-31 1.283587e-16 1 -3.866965e-31 1.283587e-16 1 -3.866965e-31 1.283587e-16 1 -3.866965e-31 1.283587e-16 1 -3.866965e-31 1.283587e-16 1 -3.866965e-31 1.283587e-16 1 -3.866965e-31 1.283587e-16 1 -3.866965e-31 1.283587e-16 1 -3.866965e-31 1.283587e-16 1 -3.866965e-31 1.283587e-16 1 -3.866965e-31 1.283587e-16 1 -3.866965e-31 1.283587e-16 1 -3.866965e-31 1.283587e-16 1 -3.866965e-31 1.283587e-16 1 -3.866965e-31 1.283587e-16 1 -3.866965e-31 1.283587e-16 1 -3.866965e-31 1.283587e-16 1 -3.866965e-31 1.283587e-16 1 -3.866965e-31 1.283587e-16 1 -3.866965e-31 1.283587e-16 1 -3.866965e-31 1.283587e-16 1 -3.866965e-31 1.283587e-16 1 -3.866965e-31 1.283587e-16 1 -3.866965e-31 1.283587e-16 0 0 0 0 0 0 0 0 0 0 0 0 0 0 0 0 0 0 0 0 0 0 0 0 0 0 0 0 0 0 0 0 0 0 0 0 0 0 0 0 0 0 0 0 0 0 0 0 0 0 0 0 0 0 0 0 0 0 0 0 0 0 0 0 0 0 0 0 0 0 0 0 0 0 0 0 0 0 0 0 0 0 0 0 0 0 0 0 0 0 0 0 0 0 0 0 0 0 0 0 0 0 0 0 0 0 0 0 0 0 0 0 0 0 0 0 0 0 0 0 0 0 0 0 0 0 0 0 0 0 0 0 0 0 0 0 0 0 0 0 0 0 0 0 0 0 0 0 0 0 0 0 0 0 0 0 0 0 0 0 0 0 0 0 0 0 0 0 0 0 0 -0.7071068 0.5720614 0.4156269 -0.7071068 0.5720614 0.4156269 0.7071068 -0.5720614 -0.4156269 0.7071068 -0.5720614 -0.4156269 2.167736e-31 0.7431448 0.6691306 2.167736e-31 0.7431448 0.6691306 -2.167736e-31 -0.7431448 -0.6691306 -2.167736e-31 -0.7431448 -0.6691306 0 0 0 0 0 0 3.225967e-31 0.9945219 0.1045285 3.225967e-31 0.9945219 0.1045285 -3.225967e-31 -0.9945219 -0.1045285 -3.225967e-31 -0.9945219 -0.1045285 0 0 0 0 0 0 -0.7071068 0.6916548 0.1470158 -0.7071068 0.6916548 0.1470158 0.7071068 -0.6916548 -0.1470158 0.7071068 -0.6916548 -0.1470158 -0.7071068 0.7032332 0.07391279 -0.7071068 0.7032332 0.07391279 0.7071068 -0.7032332 -0.07391279 0.7071068 -0.7032332 -0.07391279 -0.7071068 0.7071068 -4.016391e-16 -0.7071068 0.7071068 4.527151e-18 0.7071068 -0.7071068 -4.527151e-18 0.7071068 -0.7071068 4.016391e-16 0 0 0 -0.7071068 0.7032332 -0.07391279 -0.7071068 0.7032332 -0.07391279 0.7071068 -0.7032332 0.07391279 0.7071068 -0.7032332 0.07391279 0 0 0 -0.7071068 0.6916548 -0.1470158 -0.7071068 0.6916548 -0.1470158 0.7071068 -0.6916548 0.1470158 0.7071068 -0.6916548 0.1470158 0 0 0 -0.7071068 0.6724985 -0.218508 -0.7071068 0.6724985 -0.218508 0.7071068 -0.6724985 0.218508 0.7071068 -0.6724985 0.218508 0 0 0 -0.7071068 0.6459742 -0.2876062 -0.7071068 0.6459742 -0.2876062 0.7071068 -0.6459742 0.2876062 0.7071068 -0.6459742 0.2876062 0 0 0 -0.7071068 0.6123724 -0.3535534 -0.7071068 0.6123724 -0.3535534 0.7071068 -0.6123724 0.3535534 0.7071068 -0.6123724 0.3535534 0 0 0 -0.7071068 0.5720614 -0.4156269 -0.7071068 0.5720614 -0.4156269 0.7071068 -0.5720614 0.4156269 0.7071068 -0.5720614 0.4156269 0 0 0 -0.7071068 0.5254827 -0.4731468 -0.7071068 0.5254827 -0.4731468 0.7071068 -0.5254827 0.4731468 0.7071068 -0.5254827 0.4731468 0 0 0 -0.7071068 0.4731468 -0.5254827 -0.7071068 0.4731468 -0.5254827 0.7071068 -0.4731468 0.5254827 0.7071068 -0.4731468 0.5254827 0 0 0 -0.7071068 0.4156269 -0.5720614 -0.7071068 0.4156269 -0.5720614 0.7071068 -0.4156269 0.5720614 0.7071068 -0.4156269 0.5720614 0 0 0 -0.7071068 0.3535534 -0.6123724 -0.7071068 0.3535534 -0.6123724 0.7071068 -0.3535534 0.6123724 0.7071068 -0.3535534 0.6123724 0 0 0 -0.7071068 0.2876062 -0.6459742 -0.7071068 0.2876062 -0.6459742 0.7071068 -0.2876062 0.6459742 0.7071068 -0.2876062 0.6459742 0 0 0 -0.7071068 0.218508 -0.6724985 -0.7071068 0.218508 -0.6724985 0.7071068 -0.218508 0.6724985 0.7071068 -0.218508 0.6724985 0 0 0 -0.7071068 0.1470158 -0.6916548 -0.7071068 0.1470158 -0.6916548 0.7071068 -0.1470158 0.6916548 0.7071068 -0.1470158 0.6916548 0 0 0 -0.7071068 0.07391279 -0.7032332 -0.7071068 0.07391279 -0.7032332 0.7071068 -0.07391279 0.7032332 0.7071068 -0.07391279 0.7032332 0 0 0 -0.7071068 -1.109152e-16 -0.7071068 -0.7071068 -2.785561e-16 -0.7071068 0.7071068 1.109152e-16 0.7071068 0.7071068 2.785561e-16 0.7071068 0 0 0 -0.7071068 -0.07391279 -0.7032332 -0.7071068 -0.07391279 -0.7032332 0.7071068 0.07391279 0.7032332 0.7071068 0.07391279 0.7032332 0 0 0 -0.7071068 -0.1470158 -0.6916548 -0.7071068 -0.1470158 -0.6916548 0.7071068 0.1470158 0.6916548 0.7071068 0.1470158 0.6916548 0 0 0 -0.7071068 -0.218508 -0.6724985 -0.7071068 -0.218508 -0.6724985 0.7071068 0.218508 0.6724985 0.7071068 0.218508 0.6724985 0 0 0 -0.7071068 -0.2876062 -0.6459742 -0.7071068 -0.2876062 -0.6459742 0.7071068 0.2876062 0.6459742 0.7071068 0.2876062 0.6459742 0 0 0 -0.7071068 -0.3535534 -0.6123724 -0.7071068 -0.3535534 -0.6123724 0.7071068 0.3535534 0.6123724 0.7071068 0.3535534 0.6123724 0 0 0 -0.7071068 -0.4156269 -0.5720614 -0.7071068 -0.4156269 -0.5720614 0.7071068 0.4156269 0.5720614 0.7071068 0.4156269 0.5720614 0 0 0 -0.7071068 -0.4731468 -0.5254827 -0.7071068 -0.4731468 -0.5254827 0.7071068 0.4731468 0.5254827 0.7071068 0.4731468 0.5254827 0 0 0 -0.7071068 -0.5254827 -0.4731468 -0.7071068 -0.5254827 -0.4731468 0.7071068 0.5254827 0.4731468 0.7071068 0.5254827 0.4731468 0 0 0 -0.7071068 -0.5720614 -0.4156269 -0.7071068 -0.5720614 -0.4156269 0.7071068 0.5720614 0.4156269 0.7071068 0.5720614 0.4156269 0 0 0 -0.7071068 -0.6123724 -0.3535534 -0.7071068 -0.6123724 -0.3535534 0.7071068 0.6123724 0.3535534 0.7071068 0.6123724 0.3535534 0 0 0 -0.7071068 -0.6459742 -0.2876062 -0.7071068 -0.6459742 -0.2876062 0.7071068 0.6459742 0.2876062 0.7071068 0.6459742 0.2876062 0 0 0 -0.7071068 -0.6724985 -0.218508 -0.7071068 -0.6724985 -0.218508 0.7071068 0.6724985 0.218508 0.7071068 0.6724985 0.218508 0 0 0 -0.7071068 -0.6916548 -0.1470158 -0.7071068 -0.6916548 -0.1470158 0.7071068 0.6916548 0.1470158 0.7071068 0.6916548 0.1470158 0 0 0 -0.7071068 -0.7032332 -0.07391279 -0.7071068 -0.7032332 -0.07391279 0.7071068 0.7032332 0.07391279 0.7071068 0.7032332 0.07391279 0 0 0 -0.7071068 -0.7071068 -3.562927e-16 -0.7071068 -0.7071068 4.527151e-17 0.7071068 0.7071068 3.562927e-16 0.7071068 0.7071068 -4.527151e-17 0 0 0 -0.7071068 -0.7032332 0.07391279 -0.7071068 -0.7032332 0.07391279 0.7071068 0.7032332 -0.07391279 0.7071068 0.7032332 -0.07391279 0 0 0 -0.7071068 -0.6916548 0.1470158 -0.7071068 -0.6916548 0.1470158 0.7071068 0.6916548 -0.1470158 0.7071068 0.6916548 -0.1470158 0 0 0 -0.7071068 -0.6724985 0.218508 -0.7071068 -0.6724985 0.218508 0.7071068 0.6724985 -0.218508 0.7071068 0.6724985 -0.218508 0 0 0 -0.7071068 -0.6459742 0.2876062 -0.7071068 -0.6459742 0.2876062 0.7071068 0.6459742 -0.2876062 0.7071068 0.6459742 -0.2876062 0 0 0 -0.7071068 -0.6123724 0.3535534 -0.7071068 -0.6123724 0.3535534 0.7071068 0.6123724 -0.3535534 0.7071068 0.6123724 -0.3535534 0 0 0 -0.7071068 -0.5720614 0.4156269 -0.7071068 -0.5720614 0.4156269 0.7071068 0.5720614 -0.4156269 0.7071068 0.5720614 -0.4156269 0 0 0 -0.7071068 -0.5254827 0.4731468 -0.7071068 -0.5254827 0.4731468 0.7071068 0.5254827 -0.4731468 0.7071068 0.5254827 -0.4731468 0 0 0 -0.7071068 -0.4731468 0.5254827 -0.7071068 -0.4731468 0.5254827 0.7071068 0.4731468 -0.5254827 0.7071068 0.4731468 -0.5254827 0 0 0 -0.7071068 -0.4156269 0.5720614 -0.7071068 -0.4156269 0.5720614 0.7071068 0.4156269 -0.5720614 0.7071068 0.4156269 -0.5720614 0 0 0 -0.7071068 -0.3535534 0.6123724 -0.7071068 -0.3535534 0.6123724 0.7071068 0.3535534 -0.6123724 0.7071068 0.3535534 -0.6123724 0 0 0 -0.7071068 -0.2876062 0.6459742 -0.7071068 -0.2876062 0.6459742 0.7071068 0.2876062 -0.6459742 0.7071068 0.2876062 -0.6459742 0 0 0 -0.7071068 -0.218508 0.6724985 -0.7071068 -0.218508 0.6724985 0.7071068 0.218508 -0.6724985 0.7071068 0.218508 -0.6724985 0 0 0 -0.7071068 -0.1470158 0.6916548 -0.7071068 -0.1470158 0.6916548 0.7071068 0.1470158 -0.6916548 0.7071068 0.1470158 -0.6916548 0 0 0 -0.7071068 -0.07391279 0.7032332 -0.7071068 -0.07391279 0.7032332 0.7071068 0.07391279 -0.7032332 0.7071068 0.07391279 -0.7032332 0 0 0 -0.7071068 1.177059e-16 0.7071068 -0.7071068 -2.807155e-17 0.7071068 0.7071068 2.807155e-17 -0.7071068 0.7071068 -1.177059e-16 -0.7071068 0 0 0 -0.7071068 0.07391279 0.7032332 -0.7071068 0.07391279 0.7032332 0.7071068 -0.07391279 -0.7032332 0.7071068 -0.07391279 -0.7032332 0 0 0 -0.7071068 0.1470158 0.6916548 -0.7071068 0.1470158 0.6916548 0.7071068 -0.1470158 -0.6916548 0.7071068 -0.1470158 -0.6916548 0 0 0 -0.7071068 0.218508 0.6724985 -0.7071068 0.218508 0.6724985 0.7071068 -0.218508 -0.6724985 0.7071068 -0.218508 -0.6724985 0 0 0 -0.7071068 0.2876062 0.6459742 -0.7071068 0.2876062 0.6459742 0.7071068 -0.2876062 -0.6459742 0.7071068 -0.2876062 -0.6459742 0 0 0 -0.7071068 0.3535534 0.6123724 -0.7071068 0.3535534 0.6123724 0.7071068 -0.3535534 -0.6123724 0.7071068 -0.3535534 -0.6123724 0 0 0 -0.7071068 0.4156269 0.5720614 -0.7071068 0.4156269 0.5720614 0.7071068 -0.4156269 -0.5720614 0.7071068 -0.4156269 -0.5720614 0 0 0 -0.7071068 0.4731468 0.5254827 -0.7071068 0.4731468 0.5254827 0.7071068 -0.4731468 -0.5254827 0.7071068 -0.4731468 -0.5254827 0 0 0 -0.7071068 0.5254827 0.4731468 -0.7071068 0.5254827 0.4731468 0.7071068 -0.5254827 -0.4731468 0.7071068 -0.5254827 -0.4731468 1.894047e-31 0.6691306 0.7431448 1.894047e-31 0.6691306 0.7431448 -1.894047e-31 -0.6691306 -0.7431448 -1.894047e-31 -0.6691306 -0.7431448 0 0 0 3.28692e-31 1 -5.750549e-17 3.28692e-31 1 -5.750549e-17 -3.28692e-31 -1 5.750549e-17 -3.28692e-31 -1 5.750549e-17 0 0 0 3.311861e-31 0.9945219 -0.1045285 3.311861e-31 0.9945219 -0.1045285 -3.311861e-31 -0.9945219 0.1045285 -3.311861e-31 -0.9945219 0.1045285 0 0 0 3.300517e-31 0.9781476 -0.2079117 3.300517e-31 0.9781476 -0.2079117 -3.300517e-31 -0.9781476 0.2079117 -3.300517e-31 -0.9781476 0.2079117 0 0 0 3.253011e-31 0.9510565 -0.309017 3.253011e-31 0.9510565 -0.309017 -3.253011e-31 -0.9510565 0.309017 -3.253011e-31 -0.9510565 0.309017 0 0 0 3.169865e-31 0.9135455 -0.4067366 3.169865e-31 0.9135455 -0.4067366 -3.169865e-31 -0.9135455 0.4067366 -3.169865e-31 -0.9135455 0.4067366 0 0 0 3.051989e-31 0.8660254 -0.5 3.051989e-31 0.8660254 -0.5 -3.051989e-31 -0.8660254 0.5 -3.051989e-31 -0.8660254 0.5 0 0 0 2.900675e-31 0.809017 -0.5877853 2.900675e-31 0.809017 -0.5877853 -2.900675e-31 -0.809017 0.5877853 -2.900675e-31 -0.809017 0.5877853 0 0 0 2.71758e-31 0.7431448 -0.6691306 2.71758e-31 0.7431448 -0.6691306 -2.71758e-31 -0.7431448 0.6691306 -2.71758e-31 -0.7431448 0.6691306 0 0 0 2.504711e-31 0.6691306 -0.7431448 2.504711e-31 0.6691306 -0.7431448 -2.504711e-31 -0.6691306 0.7431448 -2.504711e-31 -0.6691306 0.7431448 0 0 0 2.2644e-31 0.5877853 -0.809017 2.2644e-31 0.5877853 -0.809017 -2.2644e-31 -0.5877853 0.809017 -2.2644e-31 -0.5877853 0.809017 0 0 0 1.99928e-31 0.5 -0.8660254 1.99928e-31 0.5 -0.8660254 -1.99928e-31 -0.5 0.8660254 -1.99928e-31 -0.5 0.8660254 0 0 0 1.712255e-31 0.4067366 -0.9135455 1.712255e-31 0.4067366 -0.9135455 -1.712255e-31 -0.4067366 0.9135455 -1.712255e-31 -0.4067366 0.9135455 0 0 0 1.40647e-31 0.309017 -0.9510565 1.40647e-31 0.309017 -0.9510565 -1.40647e-31 -0.309017 0.9510565 -1.40647e-31 -0.309017 0.9510565 0 0 0 1.085276e-31 0.2079117 -0.9781476 1.085276e-31 0.2079117 -0.9781476 -1.085276e-31 -0.2079117 0.9781476 -1.085276e-31 -0.2079117 0.9781476 0 0 0 7.52191e-32 0.1045285 -0.9945219 7.52191e-32 0.1045285 -0.9945219 -7.52191e-32 -0.1045285 0.9945219 -7.52191e-32 -0.1045285 0.9945219 0 0 0 4.108651e-32 -2.12328e-16 -1 4.108651e-32 -2.12328e-16 -1 -4.108651e-32 2.12328e-16 1 -4.108651e-32 2.12328e-16 1 0 0 0 6.503755e-33 -0.1045285 -0.9945219 6.503755e-33 -0.1045285 -0.9945219 -6.503755e-33 0.1045285 0.9945219 -6.503755e-33 0.1045285 0.9945219 0 0 0 -2.815025e-32 -0.2079117 -0.9781476 -2.815025e-32 -0.2079117 -0.9781476 2.815025e-32 0.2079117 0.9781476 2.815025e-32 0.2079117 0.9781476 0 0 0 -6.249584e-32 -0.309017 -0.9510565 -6.249584e-32 -0.309017 -0.9510565 6.249584e-32 0.309017 0.9510565 6.249584e-32 0.309017 0.9510565 0 0 0 -9.615671e-32 -0.4067366 -0.9135455 -9.615671e-32 -0.4067366 -0.9135455 9.615671e-32 0.4067366 0.9135455 9.615671e-32 0.4067366 0.9135455 0 0 0 -1.287641e-31 -0.5 -0.8660254 -1.287641e-31 -0.5 -0.8660254 1.287641e-31 0.5 0.8660254 1.287641e-31 0.5 0.8660254 0 0 0 -1.599607e-31 -0.5877853 -0.809017 -1.599607e-31 -0.5877853 -0.809017 1.599607e-31 0.5877853 0.809017 1.599607e-31 0.5877853 0.809017 0 0 0 -1.894047e-31 -0.6691306 -0.7431448 -1.894047e-31 -0.6691306 -0.7431448 1.894047e-31 0.6691306 0.7431448 1.894047e-31 0.6691306 0.7431448 0 0 0 -2.167736e-31 -0.7431448 -0.6691306 -2.167736e-31 -0.7431448 -0.6691306 2.167736e-31 0.7431448 0.6691306 2.167736e-31 0.7431448 0.6691306 0 0 0 -2.417674e-31 -0.809017 -0.5877853 -2.417674e-31 -0.809017 -0.5877853 2.417674e-31 0.809017 0.5877853 2.417674e-31 0.809017 0.5877853 0 0 0 -2.641124e-31 -0.8660254 -0.5 -2.641124e-31 -0.8660254 -0.5 2.641124e-31 0.8660254 0.5 2.641124e-31 0.8660254 0.5 0 0 0 -2.835637e-31 -0.9135455 -0.4067366 -2.835637e-31 -0.9135455 -0.4067366 2.835637e-31 0.9135455 0.4067366 2.835637e-31 0.9135455 0.4067366 0 0 0 -2.999083e-31 -0.9510565 -0.309017 -2.999083e-31 -0.9510565 -0.309017 2.999083e-31 0.9510565 0.309017 2.999083e-31 0.9510565 0.309017 0 0 0 -3.12967e-31 -0.9781476 -0.2079117 -3.12967e-31 -0.9781476 -0.2079117 3.12967e-31 0.9781476 0.2079117 3.12967e-31 0.9781476 0.2079117 0 0 0 -3.225967e-31 -0.9945219 -0.1045285 -3.225967e-31 -0.9945219 -0.1045285 3.225967e-31 0.9945219 0.1045285 3.225967e-31 0.9945219 0.1045285 0 0 0 -3.28692e-31 -1 1.548225e-16 -3.28692e-31 -1 1.548225e-16 3.28692e-31 1 -1.548225e-16 3.28692e-31 1 -1.548225e-16 0 0 0 -3.311861e-31 -0.9945219 0.1045285 -3.311861e-31 -0.9945219 0.1045285 3.311861e-31 0.9945219 -0.1045285 3.311861e-31 0.9945219 -0.1045285 0 0 0 -3.300517e-31 -0.9781476 0.2079117 -3.300517e-31 -0.9781476 0.2079117 3.300517e-31 0.9781476 -0.2079117 3.300517e-31 0.9781476 -0.2079117 0 0 0 -3.253011e-31 -0.9510565 0.309017 -3.253011e-31 -0.9510565 0.309017 3.253011e-31 0.9510565 -0.309017 3.253011e-31 0.9510565 -0.309017 0 0 0 -3.169865e-31 -0.9135455 0.4067366 -3.169865e-31 -0.9135455 0.4067366 3.169865e-31 0.9135455 -0.4067366 3.169865e-31 0.9135455 -0.4067366 0 0 0 -3.051989e-31 -0.8660254 0.5 -3.051989e-31 -0.8660254 0.5 3.051989e-31 0.8660254 -0.5 3.051989e-31 0.8660254 -0.5 0 0 0 -2.900675e-31 -0.809017 0.5877853 -2.900675e-31 -0.809017 0.5877853 2.900675e-31 0.809017 -0.5877853 2.900675e-31 0.809017 -0.5877853 0 0 0 -2.71758e-31 -0.7431448 0.6691306 -2.71758e-31 -0.7431448 0.6691306 2.71758e-31 0.7431448 -0.6691306 2.71758e-31 0.7431448 -0.6691306 0 0 0 -2.504711e-31 -0.6691306 0.7431448 -2.504711e-31 -0.6691306 0.7431448 2.504711e-31 0.6691306 -0.7431448 2.504711e-31 0.6691306 -0.7431448 0 0 0 -2.2644e-31 -0.5877853 0.809017 -2.2644e-31 -0.5877853 0.809017 2.2644e-31 0.5877853 -0.809017 2.2644e-31 0.5877853 -0.809017 0 0 0 -1.99928e-31 -0.5 0.8660254 -1.99928e-31 -0.5 0.8660254 1.99928e-31 0.5 -0.8660254 1.99928e-31 0.5 -0.8660254 0 0 0 -1.712255e-31 -0.4067366 0.9135455 -1.712255e-31 -0.4067366 0.9135455 1.712255e-31 0.4067366 -0.9135455 1.712255e-31 0.4067366 -0.9135455 0 0 0 -1.40647e-31 -0.309017 0.9510565 -1.40647e-31 -0.309017 0.9510565 1.40647e-31 0.309017 -0.9510565 1.40647e-31 0.309017 -0.9510565 0 0 0 -1.085276e-31 -0.2079117 0.9781476 -1.085276e-31 -0.2079117 0.9781476 1.085276e-31 0.2079117 -0.9781476 1.085276e-31 0.2079117 -0.9781476 0 0 0 -7.52191e-32 -0.1045285 0.9945219 -7.52191e-32 -0.1045285 0.9945219 7.52191e-32 0.1045285 -0.9945219 7.52191e-32 0.1045285 -0.9945219 0 0 0 -4.108651e-32 2.91951e-16 1 -4.108651e-32 2.91951e-16 1 4.108651e-32 -2.91951e-16 -1 4.108651e-32 -2.91951e-16 -1 0 0 0 -6.503755e-33 0.1045285 0.9945219 -6.503755e-33 0.1045285 0.9945219 6.503755e-33 -0.1045285 -0.9945219 6.503755e-33 -0.1045285 -0.9945219 0 0 0 2.815025e-32 0.2079117 0.9781476 2.815025e-32 0.2079117 0.9781476 -2.815025e-32 -0.2079117 -0.9781476 -2.815025e-32 -0.2079117 -0.9781476 0 0 0 6.249584e-32 0.309017 0.9510565 6.249584e-32 0.309017 0.9510565 -6.249584e-32 -0.309017 -0.9510565 -6.249584e-32 -0.309017 -0.9510565 0 0 0 9.615671e-32 0.4067366 0.9135455 9.615671e-32 0.4067366 0.9135455 -9.615671e-32 -0.4067366 -0.9135455 -9.615671e-32 -0.4067366 -0.9135455 0 0 0 1.287641e-31 0.5 0.8660254 1.287641e-31 0.5 0.8660254 -1.287641e-31 -0.5 -0.8660254 -1.287641e-31 -0.5 -0.8660254 0 0 0 1.599607e-31 0.5877853 0.809017 1.599607e-31 0.5877853 0.809017 -1.599607e-31 -0.5877853 -0.809017 -1.599607e-31 -0.5877853 -0.809017 0 0 0</float_array>
                    <technique_common>
                        <accessor count="780" source="#ID98" stride="3">
                            <param name="X" type="float" />
                            <param name="Y" type="float" />
                            <param name="Z" type="float" />
                        </accessor>
                    </technique_common>
                </source>
                <vertices id="ID96">
                    <input semantic="POSITION" source="#ID94" />
                    <input semantic="NORMAL" source="#ID95" />
                </vertices>
                <triangles count="298" material="Material3">
                    <input offset="0" semantic="VERTEX" source="#ID96" />
                    <p>0 1 2 1 0 3 2 12 13 12 2 1 18 19 20 19 18 21 28 3 0 3 28 29 13 34 35 34 13 12 21 40 19 40 21 41 45 46 47 46 45 48 46 48 49 49 48 50 49 50 51 51 50 52 51 52 53 53 52 54 53 54 55 55 54 56 55 56 57 57 56 58 57 58 59 59 58 60 59 60 61 61 60 62 61 62 63 63 62 64 63 64 65 65 64 66 65 66 67 67 66 68 67 68 69 69 68 70 69 70 71 71 70 72 71 72 73 73 72 74 73 74 75 75 74 76 75 76 77 77 76 78 77 78 79 79 78 80 79 80 81 81 80 82 81 82 83 83 82 84 83 84 85 85 84 86 85 86 87 87 86 88 87 88 89 89 88 90 89 90 91 91 90 92 91 92 93 93 92 94 93 94 95 95 94 96 95 96 97 97 96 98 97 98 99 99 98 100 99 100 101 101 100 102 101 102 103 103 102 104 222 20 223 20 222 18 226 29 28 29 226 227 35 232 233 232 35 34 41 238 40 238 41 239 239 242 238 242 239 243 243 246 242 246 243 247 246 251 252 251 246 247 252 256 257 256 252 251 257 261 262 261 257 256 262 266 267 266 262 261 267 271 272 271 267 266 272 276 277 276 272 271 277 281 282 281 277 276 282 286 287 286 282 281 287 291 292 291 287 286 292 296 297 296 292 291 297 301 302 301 297 296 302 306 307 306 302 301 307 311 312 311 307 306 312 316 317 316 312 311 317 321 322 321 317 316 326 321 327 321 326 322 331 327 332 327 331 326 336 332 337 332 336 331 341 337 342 337 341 336 346 342 347 342 346 341 351 347 352 347 351 346 356 352 357 352 356 351 361 357 362 357 361 356 366 362 367 362 366 361 371 367 372 367 371 366 376 372 377 372 376 371 381 377 382 377 381 376 386 382 387 382 386 381 391 387 392 387 391 386 396 392 397 392 396 391 401 396 397 396 401 402 406 402 401 402 406 407 411 407 406 407 411 412 416 412 411 412 416 417 421 417 416 417 421 422 426 422 421 422 426 427 431 427 426 427 431 432 436 432 431 432 436 437 441 437 436 437 441 442 446 442 441 442 446 447 451 447 446 447 451 452 456 452 451 452 456 457 461 457 456 457 461 462 466 462 461 462 466 467 471 467 466 467 471 472 471 476 472 476 471 477 477 481 476 481 477 482 482 486 481 486 482 487 487 491 486 491 487 492 492 496 491 496 492 497 497 501 496 501 497 502 502 506 501 506 502 507 507 511 506 511 507 512 512 223 511 223 512 222 515 227 226 227 515 516 233 520 521 520 233 232 521 525 526 525 521 520 526 530 531 530 526 525 531 535 536 535 531 530 536 540 541 540 536 535 541 545 546 545 541 540 546 550 551 550 546 545 551 555 556 555 551 550 556 560 561 560 556 555 560 565 561 565 560 566 566 570 565 570 566 571 571 575 570 575 571 576 576 580 575 580 576 581 581 585 580 585 581 586 586 590 585 590 586 591 591 595 590 595 591 596 596 600 595 600 596 601 601 605 600 605 601 606 606 610 605 610 606 611 611 615 610 615 611 616 616 620 615 620 616 621 621 625 620 625 621 626 626 630 625 630 626 631 631 635 630 635 631 636 640 635 636 635 640 641 645 641 640 641 645 646 650 646 645 646 650 651 655 651 650 651 655 656 660 656 655 656 660 661 665 661 660 661 665 666 670 666 665 666 670 671 675 671 670 671 675 676 680 676 675 676 680 681 685 681 680 681 685 686 690 686 685 686 690 691 695 691 690 691 695 696 700 696 695 696 700 701 705 701 700 701 705 706 710 706 705 706 710 711 710 715 711 715 710 716 716 720 715 720 716 721 721 725 720 725 721 726 726 730 725 730 726 731 731 735 730 735 731 736 736 740 735 740 736 741 741 745 740 745 741 746 746 750 745 750 746 751 751 755 750 755 751 756 756 760 755 760 756 761 761 765 760 765 761 766 766 770 765 770 766 771 771 775 770 775 771 776 776 515 775 515 776 516</p>
                </triangles>
                <triangles count="298" material="Material2">
                    <input offset="0" semantic="VERTEX" source="#ID96" />
                    <p>4 5 6 7 6 5 6 7 14 15 14 7 22 23 24 25 24 23 30 31 4 5 4 31 14 15 36 37 36 15 42 22 43 24 43 22 105 106 107 107 106 108 106 109 108 108 109 110 109 111 110 110 111 112 111 113 112 112 113 114 113 115 114 114 115 116 115 117 116 116 117 118 117 119 118 118 119 120 119 121 120 120 121 122 121 123 122 122 123 124 123 125 124 124 125 126 125 127 126 126 127 128 127 129 128 128 129 130 129 131 130 130 131 132 131 133 132 132 133 134 133 135 134 134 135 136 135 137 136 136 137 138 137 139 138 138 139 140 139 141 140 140 141 142 141 143 142 142 143 144 143 145 144 144 145 146 145 147 146 146 147 148 147 149 148 148 149 150 149 151 150 150 151 152 151 153 152 152 153 154 153 155 154 154 155 156 155 157 156 156 157 158 157 159 158 158 159 160 159 161 160 160 161 162 161 163 162 164 162 163 23 224 25 225 25 224 228 229 30 31 30 229 36 37 234 235 234 37 240 42 241 43 241 42 244 240 245 241 245 240 248 244 249 245 249 244 248 249 253 254 253 249 253 254 258 259 258 254 258 259 263 264 263 259 263 264 268 269 268 264 268 269 273 274 273 269 273 274 278 279 278 274 278 279 283 284 283 279 283 284 288 289 288 284 288 289 293 294 293 289 293 294 298 299 298 294 298 299 303 304 303 299 303 304 308 309 308 304 308 309 313 314 313 309 313 314 318 319 318 314 318 319 323 324 323 319 324 328 323 329 323 328 328 333 329 334 329 333 333 338 334 339 334 338 338 343 339 344 339 343 343 348 344 349 344 348 348 353 349 354 349 353 353 358 354 359 354 358 358 363 359 364 359 363 363 368 364 369 364 368 368 373 369 374 369 373 373 378 374 379 374 378 378 383 379 384 379 383 383 388 384 389 384 388 388 393 389 394 389 393 393 398 394 399 394 398 403 404 398 399 398 404 408 409 403 404 403 409 413 414 408 409 408 414 418 419 413 414 413 419 423 424 418 419 418 424 428 429 423 424 423 429 433 434 428 429 428 434 438 439 433 434 433 439 443 444 438 439 438 444 448 449 443 444 443 449 453 454 448 449 448 454 458 459 453 454 453 459 463 464 458 459 458 464 468 469 463 464 463 469 473 474 468 469 468 474 478 474 479 473 479 474 483 478 484 479 484 478 488 483 489 484 489 483 493 488 494 489 494 488 498 493 499 494 499 493 503 498 504 499 504 498 508 503 509 504 509 503 513 508 514 509 514 508 224 513 225 514 225 513 517 518 228 229 228 518 234 235 522 523 522 235 522 523 527 528 527 523 527 528 532 533 532 528 532 533 537 538 537 533 537 538 542 543 542 538 542 543 547 548 547 543 547 548 552 553 552 548 552 553 557 558 557 553 557 558 562 563 562 558 567 562 568 563 568 562 572 567 573 568 573 567 577 572 578 573 578 572 582 577 583 578 583 577 587 582 588 583 588 582 592 587 593 588 593 587 597 592 598 593 598 592 602 597 603 598 603 597 607 602 608 603 608 602 612 607 613 608 613 607 617 612 618 613 618 612 622 617 623 618 623 617 627 622 628 623 628 622 632 627 633 628 633 627 637 632 638 633 638 632 642 643 638 637 638 643 647 648 642 643 642 648 652 653 647 648 647 653 657 658 652 653 652 658 662 663 657 658 657 663 667 668 662 663 662 668 672 673 667 668 667 673 677 678 672 673 672 678 682 683 677 678 677 683 687 688 682 683 682 688 692 693 687 688 687 693 697 698 692 693 692 698 702 703 697 698 697 703 707 708 702 703 702 708 712 713 707 708 707 713 717 713 718 712 718 713 722 717 723 718 723 717 727 722 728 723 728 722 732 727 733 728 733 727 737 732 738 733 738 732 742 737 743 738 743 737 747 742 748 743 748 742 752 747 753 748 753 747 757 752 758 753 758 752 762 757 763 758 763 757 767 762 768 763 768 762 772 767 773 768 773 767 777 772 778 773 778 772 517 777 518 778 518 777</p>
                </triangles>
                <lines count="300" material="Material4">
                    <input offset="0" semantic="VERTEX" source="#ID96" />
                    <p>8 9 11 10 9 16 10 17 26 27 32 8 33 11 16 38 17 39 27 44 44 165 165 166 166 167 167 168 168 169 169 170 170 171 171 172 172 173 173 174 174 175 175 176 176 177 177 178 178 179 179 180 180 181 181 182 182 183 183 184 184 185 185 186 186 187 187 188 188 189 189 190 190 191 191 192 192 193 193 194 194 195 195 196 196 197 197 198 198 199 199 200 200 201 201 202 202 203 203 204 204 205 205 206 206 207 207 208 208 209 209 210 210 211 211 212 212 213 213 214 214 215 215 216 216 217 217 218 218 219 219 220 220 221 221 26 230 32 231 33 38 236 39 237 237 250 250 255 255 260 260 265 265 270 270 275 275 280 280 285 285 290 290 295 295 300 300 305 305 310 310 315 315 320 320 325 325 330 330 335 335 340 340 345 345 350 350 355 355 360 360 365 365 370 370 375 375 380 380 385 385 390 390 395 395 400 400 405 405 410 410 415 415 420 420 425 425 430 430 435 435 440 440 445 445 450 450 455 455 460 460 465 465 470 470 475 475 480 480 485 485 490 490 495 495 500 500 505 505 510 510 231 519 230 236 524 524 529 529 534 534 539 539 544 544 549 549 554 554 559 559 564 564 569 569 574 574 579 579 584 584 589 589 594 594 599 599 604 604 609 609 614 614 619 619 624 624 629 629 634 634 639 639 644 644 649 649 654 654 659 659 664 664 669 669 674 674 679 679 684 684 689 689 694 694 699 699 704 704 709 709 714 714 719 719 724 724 729 729 734 734 739 739 744 744 749 749 754 754 759 759 764 764 769 769 774 774 779 779 519</p>
                </lines>
            </mesh>
        </geometry>
        <geometry id="ID99">
            <mesh>
                <source id="ID100">
                    <float_array id="ID105" count="336">5.178343 1.411586 0 3.011811 0 0 3.011811 1.411586 0 5.178343 0 0 5.178343 0 0 5.178343 1.411586 0 3.011811 0 0 3.011811 1.411586 0 5.178343 0 0 3.011811 0 0 3.011811 1.411586 0 5.178343 1.411586 0 5.178343 0 0.07874016 3.011811 0 0 5.178343 0 0 3.011811 0 0.07874016 5.158658 0 0.07874016 5.158658 0 0.07874016 5.178343 0 0.07874016 3.011811 0 0.07874016 3.011811 0 0 5.178343 0 0 5.178343 0 0.07874016 5.158658 0 0.07874016 3.011811 0 0.07874016 3.011811 1.411586 0.07874016 3.011811 0 0 3.011811 0 0.07874016 3.011811 1.411586 0 3.011811 1.411586 0 3.011811 1.411586 0.07874016 3.011811 0 0 3.011811 0 0.07874016 3.011811 1.411586 0.07874016 3.011811 1.411586 0.07874016 5.178343 1.411586 0 3.011811 1.411586 0 5.178343 1.411586 0.07874016 5.158658 1.411586 0.07874016 5.158658 1.411586 0.07874016 3.011811 1.411586 0.07874016 5.178343 1.411586 0.07874016 5.178343 1.411586 0 3.011811 1.411586 0 5.158658 1.411586 0.07874016 5.178343 1.411586 0.07874016 5.296453 1.411586 0 5.296453 0 0 5.296453 0 0 5.296453 1.411586 0 5.296453 1.411586 0 5.296453 0 0 5.296453 0 1.456693 5.296453 0 0 5.158658 0 1.456693 5.158658 0 1.456693 5.296453 0 1.456693 5.296453 0 0 5.296453 0 1.456693 5.158658 0 1.456693 5.178343 0 0.07874016 5.158658 1.411586 0.07874016 5.158658 0 0.07874016 5.178343 1.411586 0.07874016 5.178343 1.411586 0.07874016 5.178343 0 0.07874016 5.158658 1.411586 0.07874016 5.158658 0 0.07874016 3.011811 1.411586 0.07874016 3.011811 0 0.07874016 3.011811 1.411586 0.07874016 3.011811 0 0.07874016 5.158658 1.411586 1.456693 5.296453 1.411586 0 5.296453 1.411586 1.456693 5.158658 1.411586 1.456693 5.296453 1.411586 1.456693 5.296453 1.411586 0 5.158658 1.411586 1.456693 5.296453 1.411586 1.456693 5.178343 1.411586 0.07874016 5.178343 0 0 5.178343 0 0.07874016 5.178343 1.411586 0 5.178343 1.411586 0 5.178343 1.411586 0.07874016 5.178343 0 0 5.178343 0 0.07874016 5.296453 1.411586 0 5.296453 0 1.456693 5.296453 0 0 5.296453 1.411586 1.456693 5.296453 1.411586 1.456693 5.296453 1.411586 0 5.296453 0 1.456693 5.296453 0 0 5.296453 0 1.456693 5.158658 1.411586 1.456693 5.158658 0 1.456693 5.296453 1.411586 1.456693 5.296453 1.411586 1.456693 5.296453 0 1.456693 5.158658 1.411586 1.456693 5.158658 0 1.456693 5.158658 1.411586 1.456693 5.158658 0 0.07874016 5.158658 0 1.456693 5.158658 1.411586 0.07874016 5.158658 1.411586 0.07874016 5.158658 1.411586 1.456693 5.158658 0 0.07874016 5.158658 0 1.456693</float_array>
                    <technique_common>
                        <accessor count="112" source="#ID105" stride="3">
                            <param name="X" type="float" />
                            <param name="Y" type="float" />
                            <param name="Z" type="float" />
                        </accessor>
                    </technique_common>
                </source>
                <source id="ID101">
                    <float_array id="ID106" count="336">0 0 -1 0 0 -1 0 0 -1 0 0 -1 -0 -0 1 -0 -0 1 -0 -0 1 -0 -0 1 0 0 0 0 0 0 0 0 0 0 0 0 0 -1 0 0 -1 0 0 -1 0 0 -1 0 0 -1 0 -0 1 -0 -0 1 -0 -0 1 -0 -0 1 -0 -0 1 -0 0 0 0 0 0 0 0 0 0 -1 0 0 -1 0 0 -1 0 0 -1 0 0 1 -0 -0 1 -0 -0 1 -0 -0 1 -0 -0 0 0 0 0 1 0 0 1 0 0 1 0 0 1 0 0 1 0 -0 -1 -0 -0 -1 -0 -0 -1 -0 -0 -1 -0 -0 -1 -0 0 0 0 0 0 0 0 0 -1 0 0 -1 -0 -0 1 -0 -0 1 0 0 0 0 0 0 0 -1 0 0 -1 0 0 -1 0 -0 1 -0 -0 1 -0 -0 1 -0 0 0 0 0 0 0 0 0 1 0 0 1 0 0 1 0 0 1 -0 -0 -1 -0 -0 -1 -0 -0 -1 -0 -0 -1 0 0 1 0 0 1 -0 -0 -1 -0 -0 -1 0 1 0 0 1 0 0 1 0 -0 -1 -0 -0 -1 -0 -0 -1 -0 0 0 0 0 0 0 -1 0 0 -1 0 0 -1 0 0 -1 0 0 1 -0 -0 1 -0 -0 1 -0 -0 1 -0 -0 1 0 0 1 0 0 1 0 0 1 0 0 -1 -0 -0 -1 -0 -0 -1 -0 -0 -1 -0 -0 0 0 1 0 0 1 0 0 1 0 0 1 -0 -0 -1 -0 -0 -1 -0 -0 -1 -0 -0 -1 -1 0 0 -1 0 0 -1 0 0 -1 0 0 1 -0 -0 1 -0 -0 1 -0 -0 1 -0 -0</float_array>
                    <technique_common>
                        <accessor count="112" source="#ID106" stride="3">
                            <param name="X" type="float" />
                            <param name="Y" type="float" />
                            <param name="Z" type="float" />
                        </accessor>
                    </technique_common>
                </source>
                <vertices id="ID102">
                    <input semantic="POSITION" source="#ID100" />
                    <input semantic="NORMAL" source="#ID101" />
                </vertices>
                <triangles count="32" material="Material2">
                    <input offset="0" semantic="VERTEX" source="#ID102" />
                    <p>0 1 2 1 0 3 12 13 14 13 12 15 15 12 16 25 26 27 26 25 28 34 35 36 35 34 37 37 34 38 46 3 0 3 46 47 52 14 53 14 52 12 12 52 16 16 52 54 60 61 62 61 60 63 62 68 69 68 62 61 72 37 38 37 73 35 73 37 74 74 37 72 80 81 82 81 80 83 88 89 90 89 88 91 96 97 98 97 96 99 104 105 106 105 104 107</p>
                </triangles>
                <triangles count="32" material="Material3">
                    <input offset="0" semantic="VERTEX" source="#ID102" />
                    <p>4 5 6 7 6 5 17 18 19 19 18 20 21 20 18 29 30 31 32 31 30 39 40 41 41 40 42 43 42 40 48 49 4 5 4 49 55 56 17 17 56 18 18 56 21 57 21 56 64 65 66 67 66 65 66 67 70 71 70 67 75 41 76 76 41 77 42 77 41 39 41 75 84 85 86 87 86 85 92 93 94 95 94 93 100 101 102 103 102 101 108 109 110 111 110 109</p>
                </triangles>
                <lines count="26" material="Material4">
                    <input offset="0" semantic="VERTEX" source="#ID102" />
                    <p>8 9 9 10 10 11 11 8 8 22 22 23 23 24 9 24 24 33 10 33 33 44 44 45 11 45 11 50 50 51 8 51 51 58 59 58 23 59 45 22 44 23 44 78 78 79 50 79 79 58 78 59</p>
                </lines>
            </mesh>
        </geometry>
    </library_geometries>
    <library_materials>
        <material id="ID8" name="_0136_Charcoal">
            <instance_effect url="#ID9" />
        </material>
        <material id="ID13" name="material_1">
            <instance_effect url="#ID14" />
        </material>
        <material id="ID15" name="edge_color353535255">
            <instance_effect url="#ID16" />
        </material>
        <material id="ID36" name="edge_color000255">
            <instance_effect url="#ID37" />
        </material>
        <material id="ID61" name="material">
            <instance_effect url="#ID60" />
        </material>
        <material id="ID66" name="material_0">
            <instance_effect url="#ID65" />
        </material>
        <material id="ID67" name="edge_color0255127255">
            <instance_effect url="#ID68" />
        </material>
        <material id="ID78" name="_0070_SpringGreen">
            <instance_effect url="#ID79" />
        </material>
        <material id="ID92" name="_0130_Gainsboro">
            <instance_effect url="#ID93" />
        </material>
        <material id="ID103" name="edge_color130130150255">
            <instance_effect url="#ID104" />
        </material>
    </library_materials>
    <library_effects>
        <effect id="ID9">
            <profile_COMMON>
                <technique sid="COMMON">
                    <lambert>
                        <diffuse>
                            <color>0.1372549 0.1372549 0.1372549 1</color>
                        </diffuse>
                    </lambert>
                </technique>
            </profile_COMMON>
        </effect>
        <effect id="ID14">
            <profile_COMMON>
                <technique sid="COMMON">
                    <lambert>
                        <diffuse>
                            <color>0.5098039 0.5098039 0.5882353 1</color>
                        </diffuse>
                    </lambert>
                </technique>
            </profile_COMMON>
        </effect>
        <effect id="ID16">
            <profile_COMMON>
                <technique sid="COMMON">
                    <constant>
                        <transparent opaque="A_ONE">
                            <color>0.1372549 0.1372549 0.1372549 1</color>
                        </transparent>
                        <transparency>
                            <float>1</float>
                        </transparency>
                    </constant>
                </technique>
            </profile_COMMON>
        </effect>
        <effect id="ID37">
            <profile_COMMON>
                <technique sid="COMMON">
                    <constant>
                        <transparent opaque="A_ONE">
                            <color>0 0 0 1</color>
                        </transparent>
                        <transparency>
                            <float>1</float>
                        </transparency>
                    </constant>
                </technique>
            </profile_COMMON>
        </effect>
        <effect id="ID60">
            <profile_COMMON>
                <technique sid="COMMON">
                    <lambert>
                        <diffuse>
                            <color>1 1 1 1</color>
                        </diffuse>
                    </lambert>
                </technique>
            </profile_COMMON>
        </effect>
        <effect id="ID65">
            <profile_COMMON>
                <technique sid="COMMON">
                    <lambert>
                        <diffuse>
                            <color>0.6431373 0.6980392 0.7333333 1</color>
                        </diffuse>
                    </lambert>
                </technique>
            </profile_COMMON>
        </effect>
        <effect id="ID68">
            <profile_COMMON>
                <technique sid="COMMON">
                    <constant>
                        <transparent opaque="A_ONE">
                            <color>0 1 0.4980392 1</color>
                        </transparent>
                        <transparency>
                            <float>1</float>
                        </transparency>
                    </constant>
                </technique>
            </profile_COMMON>
        </effect>
        <effect id="ID79">
            <profile_COMMON>
                <technique sid="COMMON">
                    <lambert>
                        <diffuse>
                            <color>0 1 0.4980392 1</color>
                        </diffuse>
                    </lambert>
                </technique>
            </profile_COMMON>
        </effect>
        <effect id="ID93">
            <profile_COMMON>
                <technique sid="COMMON">
                    <lambert>
                        <diffuse>
                            <color>0.8627451 0.8627451 0.8627451 1</color>
                        </diffuse>
                    </lambert>
                </technique>
            </profile_COMMON>
        </effect>
        <effect id="ID104">
            <profile_COMMON>
                <technique sid="COMMON">
                    <constant>
                        <transparent opaque="A_ONE">
                            <color>0.509804 0.509804 0.5882353 1</color>
                        </transparent>
                        <transparency>
                            <float>1</float>
                        </transparency>
                    </constant>
                </technique>
            </profile_COMMON>
        </effect>
    </library_effects>
    <scene>
        <instance_visual_scene url="#ID2" />
    </scene>
</COLLADA>
